Copyright 1986-2022 Xilinx, Inc. All Rights Reserved.
-------------------------------------------------------------------------------------------------------------------------------------------------------------------------------------------------------------------------------
| Tool Version      : Vivado v.2022.1 (lin64) Build 3526262 Mon Apr 18 15:47:01 MDT 2022
| Date              : Thu Sep 24 18:50:19 2026
| Host              : vivado running 64-bit Ubuntu 22.04.5 LTS
| Command           : report_timing_summary -max_paths 10 -file kr260_min_wrapper_timing_summary_routed.rpt -pb kr260_min_wrapper_timing_summary_routed.pb -rpx kr260_min_wrapper_timing_summary_routed.rpx -warn_on_violation
| Design            : kr260_min_wrapper
| Device            : xck26-sfvc784
| Speed File        : -2LV  PRODUCTION 1.29 08-03-2020
| Temperature Grade : C
-------------------------------------------------------------------------------------------------------------------------------------------------------------------------------------------------------------------------------

Timing Summary Report

------------------------------------------------------------------------------------------------
| Timer Settings
| --------------
------------------------------------------------------------------------------------------------

  Enable Multi Corner Analysis               :  Yes
  Enable Pessimism Removal                   :  Yes
  Pessimism Removal Resolution               :  Nearest Common Node
  Enable Input Delay Default Clock           :  No
  Enable Preset / Clear Arcs                 :  No
  Disable Flight Delays                      :  No
  Ignore I/O Paths                           :  No
  Timing Early Launch at Borrowing Latches   :  No
  Borrow Time for Max Delay Exceptions       :  Yes
  Merge Timing Exceptions                    :  Yes

  Corner  Analyze    Analyze    
  Name    Max Paths  Min Paths  
  ------  ---------  ---------  
  Slow    Yes        Yes        
  Fast    Yes        Yes        


------------------------------------------------------------------------------------------------
| Report Methodology
| ------------------
------------------------------------------------------------------------------------------------

No report available as report_methodology has not been run prior. Run report_methodology on the current design for the summary of methodology violations.



check_timing report

Table of Contents
-----------------
1. checking no_clock (0)
2. checking constant_clock (0)
3. checking pulse_width_clock (0)
4. checking unconstrained_internal_endpoints (0)
5. checking no_input_delay (0)
6. checking no_output_delay (0)
7. checking multiple_clock (0)
8. checking generated_clocks (0)
9. checking loops (0)
10. checking partial_input_delay (0)
11. checking partial_output_delay (0)
12. checking latch_loops (0)

1. checking no_clock (0)
------------------------
 There are 0 register/latch pins with no clock.


2. checking constant_clock (0)
------------------------------
 There are 0 register/latch pins with constant_clock.


3. checking pulse_width_clock (0)
---------------------------------
 There are 0 register/latch pins which need pulse_width check


4. checking unconstrained_internal_endpoints (0)
------------------------------------------------
 There are 0 pins that are not constrained for maximum delay.

 There are 0 pins that are not constrained for maximum delay due to constant clock.


5. checking no_input_delay (0)
------------------------------
 There are 0 input ports with no input delay specified.

 There are 0 input ports with no input delay but user has a false path constraint.


6. checking no_output_delay (0)
-------------------------------
 There are 0 ports with no output delay specified.

 There are 0 ports with no output delay but user has a false path constraint

 There are 0 ports with no output delay but with a timing clock defined on it or propagating through it


7. checking multiple_clock (0)
------------------------------
 There are 0 register/latch pins with multiple clocks.


8. checking generated_clocks (0)
--------------------------------
 There are 0 generated clocks that are not connected to a clock source.


9. checking loops (0)
---------------------
 There are 0 combinational loops in the design.


10. checking partial_input_delay (0)
------------------------------------
 There are 0 input ports with partial input delay specified.


11. checking partial_output_delay (0)
-------------------------------------
 There are 0 ports with partial output delay specified.


12. checking latch_loops (0)
----------------------------
 There are 0 combinational latch loops in the design through latch input



------------------------------------------------------------------------------------------------
| Design Timing Summary
| ---------------------
------------------------------------------------------------------------------------------------

    WNS(ns)      TNS(ns)  TNS Failing Endpoints  TNS Total Endpoints      WHS(ns)      THS(ns)  THS Failing Endpoints  THS Total Endpoints     WPWS(ns)     TPWS(ns)  TPWS Failing Endpoints  TPWS Total Endpoints  
    -------      -------  ---------------------  -------------------      -------      -------  ---------------------  -------------------     --------     --------  ----------------------  --------------------  
      0.083        0.000                      0               206335        0.010        0.000                      0               206199        0.500        0.000                       0                 78633  


All user specified timing constraints are met.


------------------------------------------------------------------------------------------------
| Clock Summary
| -------------
------------------------------------------------------------------------------------------------

Clock                             Waveform(ns)         Period(ns)      Frequency(MHz)
-----                             ------------         ----------      --------------
clk_pl_0                          {0.000 2.000}        4.000           250.000         
clk_pl_1                          {0.000 5.000}        10.000          100.000         
kr260_min_i/clk_wiz/inst/clk_in1  {0.000 2.000}        4.000           250.000         
  clk_out1_kr260_min_clk_wiz_0    {0.000 2.500}        5.000           200.000         


------------------------------------------------------------------------------------------------
| Intra Clock Table
| -----------------
------------------------------------------------------------------------------------------------

Clock                                 WNS(ns)      TNS(ns)  TNS Failing Endpoints  TNS Total Endpoints      WHS(ns)      THS(ns)  THS Failing Endpoints  THS Total Endpoints     WPWS(ns)     TPWS(ns)  TPWS Failing Endpoints  TPWS Total Endpoints  
-----                                 -------      -------  ---------------------  -------------------      -------      -------  ---------------------  -------------------     --------     --------  ----------------------  --------------------  
clk_pl_0                                0.206        0.000                      0                16675        0.010        0.000                      0                16675        0.500        0.000                       0                  5668  
kr260_min_i/clk_wiz/inst/clk_in1                                                                                                                                                    0.600        0.000                       0                     1  
  clk_out1_kr260_min_clk_wiz_0          0.083        0.000                      0               188680        0.010        0.000                      0               188680        1.700        0.000                       0                 72964  


------------------------------------------------------------------------------------------------
| Inter Clock Table
| -----------------
------------------------------------------------------------------------------------------------

From Clock                    To Clock                          WNS(ns)      TNS(ns)  TNS Failing Endpoints  TNS Total Endpoints      WHS(ns)      THS(ns)  THS Failing Endpoints  THS Total Endpoints  
----------                    --------                          -------      -------  ---------------------  -------------------      -------      -------  ---------------------  -------------------  
clk_out1_kr260_min_clk_wiz_0  clk_pl_0                            4.378        0.000                      0                   68                                                                        
clk_pl_0                      clk_out1_kr260_min_clk_wiz_0        2.393        0.000                      0                   68                                                                        


------------------------------------------------------------------------------------------------
| Other Path Groups Table
| -----------------------
------------------------------------------------------------------------------------------------

Path Group                    From Clock                    To Clock                          WNS(ns)      TNS(ns)  TNS Failing Endpoints  TNS Total Endpoints      WHS(ns)      THS(ns)  THS Failing Endpoints  THS Total Endpoints  
----------                    ----------                    --------                          -------      -------  ---------------------  -------------------      -------      -------  ---------------------  -------------------  
**async_default**             clk_out1_kr260_min_clk_wiz_0  clk_out1_kr260_min_clk_wiz_0        3.305        0.000                      0                  375        0.136        0.000                      0                  375  
**async_default**             clk_pl_0                      clk_pl_0                            2.069        0.000                      0                  469        0.141        0.000                      0                  469  


------------------------------------------------------------------------------------------------
| Timing Details
| --------------
------------------------------------------------------------------------------------------------


---------------------------------------------------------------------------------------------------
From Clock:  clk_pl_0
  To Clock:  clk_pl_0

Setup :            0  Failing Endpoints,  Worst Slack        0.206ns,  Total Violation        0.000ns
Hold  :            0  Failing Endpoints,  Worst Slack        0.010ns,  Total Violation        0.000ns
PW    :            0  Failing Endpoints,  Worst Slack        0.500ns,  Total Violation        0.000ns
---------------------------------------------------------------------------------------------------


Max Delay Paths
--------------------------------------------------------------------------------------
Slack (MET) :             0.206ns  (required time - arrival time)
  Source:                 kr260_min_i/axi_ic_PS_0_S_AXI_HPC0_FPD/s00_couplers/auto_ds/inst/gen_downsizer.gen_simple_downsizer.axi_downsizer_inst/USE_WRITE.write_addr_inst/pushed_commands_reg[0]/C
                            (rising edge-triggered cell FDRE clocked by clk_pl_0  {rise@0.000ns fall@2.000ns period=4.000ns})
  Destination:            kr260_min_i/PS_0/inst/PS8_i/SAXIGP0AWLEN[4]
                            (rising edge-triggered cell PS8 clocked by clk_pl_0  {rise@0.000ns fall@2.000ns period=4.000ns})
  Path Group:             clk_pl_0
  Path Type:              Setup (Max at Slow Process Corner)
  Requirement:            4.000ns  (clk_pl_0 rise@4.000ns - clk_pl_0 rise@0.000ns)
  Data Path Delay:        2.779ns  (logic 1.074ns (38.642%)  route 1.705ns (61.358%))
  Logic Levels:           7  (LUT5=3 LUT6=4)
  Clock Path Skew:        -0.149ns (DCD - SCD + CPR)
    Destination Clock Delay (DCD):    3.026ns = ( 7.026 - 4.000 ) 
    Source Clock Delay      (SCD):    3.415ns
    Clock Pessimism Removal (CPR):    0.240ns
  Clock Uncertainty:      0.122ns  ((TSJ^2 + DJ^2)^1/2) / 2 + PE
    Total System Jitter     (TSJ):    0.071ns
    Discrete Jitter          (DJ):    0.233ns
    Phase Error              (PE):    0.000ns
  Clock Net Delay (Source):      3.148ns (routing 1.584ns, distribution 1.564ns)
  Clock Net Delay (Destination): 2.810ns (routing 1.450ns, distribution 1.360ns)

    Location             Delay type                Incr(ns)  Path(ns)    Netlist Resource(s)
  -------------------------------------------------------------------    -------------------
                         (clock clk_pl_0 rise edge)
                                                      0.000     0.000 r  
    PS8_X0Y0             PS8                          0.000     0.000 r  kr260_min_i/PS_0/inst/PS8_i/PLCLK[0]
                         net (fo=1, routed)           0.229     0.229    kr260_min_i/PS_0/inst/pl_clk_unbuffered[0]
    BUFG_PS_X0Y80        BUFG_PS (Prop_BUFG_PS_I_O)
                                                      0.038     0.267 r  kr260_min_i/PS_0/inst/buffer_pl_clk_0.PL_CLK_0_BUFG/O
    X1Y1 (CLOCK_ROOT)    net (fo=5669, routed)        3.148     3.415    kr260_min_i/axi_ic_PS_0_S_AXI_HPC0_FPD/s00_couplers/auto_ds/inst/gen_downsizer.gen_simple_downsizer.axi_downsizer_inst/USE_WRITE.write_addr_inst/CLK
    SLICE_X3Y70          FDRE                                         r  kr260_min_i/axi_ic_PS_0_S_AXI_HPC0_FPD/s00_couplers/auto_ds/inst/gen_downsizer.gen_simple_downsizer.axi_downsizer_inst/USE_WRITE.write_addr_inst/pushed_commands_reg[0]/C
  -------------------------------------------------------------------    -------------------
    SLICE_X3Y70          FDRE (Prop_DFF2_SLICEL_C_Q)
                                                      0.115     3.530 r  kr260_min_i/axi_ic_PS_0_S_AXI_HPC0_FPD/s00_couplers/auto_ds/inst/gen_downsizer.gen_simple_downsizer.axi_downsizer_inst/USE_WRITE.write_addr_inst/pushed_commands_reg[0]/Q
                         net (fo=9, routed)           0.216     3.746    kr260_min_i/axi_ic_PS_0_S_AXI_HPC0_FPD/s00_couplers/auto_ds/inst/gen_downsizer.gen_simple_downsizer.axi_downsizer_inst/USE_WRITE.write_addr_inst/USE_B_CHANNEL.cmd_b_queue/inst/Q[0]
    SLICE_X3Y71          LUT6 (Prop_G6LUT_SLICEL_I1_O)
                                                      0.226     3.972 f  kr260_min_i/axi_ic_PS_0_S_AXI_HPC0_FPD/s00_couplers/auto_ds/inst/gen_downsizer.gen_simple_downsizer.axi_downsizer_inst/USE_WRITE.write_addr_inst/USE_B_CHANNEL.cmd_b_queue/inst/m_axi_awlen[7]_INST_0_i_17/O
                         net (fo=1, routed)           0.150     4.122    kr260_min_i/axi_ic_PS_0_S_AXI_HPC0_FPD/s00_couplers/auto_ds/inst/gen_downsizer.gen_simple_downsizer.axi_downsizer_inst/USE_WRITE.write_addr_inst/USE_B_CHANNEL.cmd_b_queue/inst/m_axi_awlen[7]_INST_0_i_17_n_0
    SLICE_X3Y70          LUT6 (Prop_E6LUT_SLICEL_I2_O)
                                                      0.057     4.179 f  kr260_min_i/axi_ic_PS_0_S_AXI_HPC0_FPD/s00_couplers/auto_ds/inst/gen_downsizer.gen_simple_downsizer.axi_downsizer_inst/USE_WRITE.write_addr_inst/USE_B_CHANNEL.cmd_b_queue/inst/m_axi_awlen[7]_INST_0_i_13/O
                         net (fo=2, routed)           0.296     4.475    kr260_min_i/axi_ic_PS_0_S_AXI_HPC0_FPD/s00_couplers/auto_ds/inst/gen_downsizer.gen_simple_downsizer.axi_downsizer_inst/USE_WRITE.write_addr_inst/cmd_queue/inst/m_axi_awlen[7]_INST_0_i_7_1
    SLICE_X2Y71          LUT6 (Prop_G6LUT_SLICEM_I4_O)
                                                      0.082     4.557 r  kr260_min_i/axi_ic_PS_0_S_AXI_HPC0_FPD/s00_couplers/auto_ds/inst/gen_downsizer.gen_simple_downsizer.axi_downsizer_inst/USE_WRITE.write_addr_inst/cmd_queue/inst/m_axi_awlen[7]_INST_0_i_8/O
                         net (fo=9, routed)           0.189     4.745    kr260_min_i/axi_ic_PS_0_S_AXI_HPC0_FPD/s00_couplers/auto_ds/inst/gen_downsizer.gen_simple_downsizer.axi_downsizer_inst/USE_WRITE.write_addr_inst/cmd_queue/inst/m_axi_awlen[7]_INST_0_i_8_n_0
    SLICE_X3Y72          LUT6 (Prop_G6LUT_SLICEL_I1_O)
                                                      0.137     4.882 r  kr260_min_i/axi_ic_PS_0_S_AXI_HPC0_FPD/s00_couplers/auto_ds/inst/gen_downsizer.gen_simple_downsizer.axi_downsizer_inst/USE_WRITE.write_addr_inst/cmd_queue/inst/m_axi_awlen[1]_INST_0_i_1/O
                         net (fo=3, routed)           0.167     5.049    kr260_min_i/axi_ic_PS_0_S_AXI_HPC0_FPD/s00_couplers/auto_ds/inst/gen_downsizer.gen_simple_downsizer.axi_downsizer_inst/USE_WRITE.write_addr_inst/cmd_queue/inst/m_axi_awlen[1]_INST_0_i_1_n_0
    SLICE_X3Y69          LUT5 (Prop_D6LUT_SLICEL_I3_O)
                                                      0.136     5.185 r  kr260_min_i/axi_ic_PS_0_S_AXI_HPC0_FPD/s00_couplers/auto_ds/inst/gen_downsizer.gen_simple_downsizer.axi_downsizer_inst/USE_WRITE.write_addr_inst/cmd_queue/inst/m_axi_awlen[3]_INST_0_i_1/O
                         net (fo=3, routed)           0.220     5.405    kr260_min_i/axi_ic_PS_0_S_AXI_HPC0_FPD/s00_couplers/auto_ds/inst/gen_downsizer.gen_simple_downsizer.axi_downsizer_inst/USE_WRITE.write_addr_inst/cmd_queue/inst/m_axi_awlen[3]_INST_0_i_1_n_0
    SLICE_X1Y70          LUT5 (Prop_D5LUT_SLICEM_I3_O)
                                                      0.135     5.540 r  kr260_min_i/axi_ic_PS_0_S_AXI_HPC0_FPD/s00_couplers/auto_ds/inst/gen_downsizer.gen_simple_downsizer.axi_downsizer_inst/USE_WRITE.write_addr_inst/cmd_queue/inst/m_axi_awlen[4]_INST_0_i_1/O
                         net (fo=1, routed)           0.179     5.719    kr260_min_i/axi_ic_PS_0_S_AXI_HPC0_FPD/s00_couplers/auto_ds/inst/gen_downsizer.gen_simple_downsizer.axi_downsizer_inst/USE_WRITE.write_addr_inst/cmd_queue/inst/m_axi_awlen[4]_INST_0_i_1_n_0
    SLICE_X2Y70          LUT5 (Prop_F6LUT_SLICEM_I0_O)
                                                      0.186     5.905 r  kr260_min_i/axi_ic_PS_0_S_AXI_HPC0_FPD/s00_couplers/auto_ds/inst/gen_downsizer.gen_simple_downsizer.axi_downsizer_inst/USE_WRITE.write_addr_inst/cmd_queue/inst/m_axi_awlen[4]_INST_0/O
                         net (fo=2, routed)           0.289     6.194    kr260_min_i/PS_0/inst/saxigp0_awlen[4]
    PS8_X0Y0             PS8                                          r  kr260_min_i/PS_0/inst/PS8_i/SAXIGP0AWLEN[4]
  -------------------------------------------------------------------    -------------------

                         (clock clk_pl_0 rise edge)
                                                      4.000     4.000 r  
    PS8_X0Y0             PS8                          0.000     4.000 r  kr260_min_i/PS_0/inst/PS8_i/PLCLK[0]
                         net (fo=1, routed)           0.181     4.181    kr260_min_i/PS_0/inst/pl_clk_unbuffered[0]
    BUFG_PS_X0Y80        BUFG_PS (Prop_BUFG_PS_I_O)
                                                      0.035     4.216 r  kr260_min_i/PS_0/inst/buffer_pl_clk_0.PL_CLK_0_BUFG/O
    X1Y1 (CLOCK_ROOT)    net (fo=5669, routed)        2.810     7.026    kr260_min_i/PS_0/inst/saxihpc0_fpd_aclk
    PS8_X0Y0             PS8                                          r  kr260_min_i/PS_0/inst/PS8_i/SAXIGP0WCLK
                         clock pessimism              0.240     7.266    
                         clock uncertainty           -0.122     7.144    
    PS8_X0Y0             PS8 (Setup_PS8_SAXIGP0WCLK_SAXIGP0AWLEN[4])
                                                     -0.744     6.400    kr260_min_i/PS_0/inst/PS8_i
  -------------------------------------------------------------------
                         required time                          6.400    
                         arrival time                          -6.194    
  -------------------------------------------------------------------
                         slack                                  0.206    

Slack (MET) :             0.224ns  (required time - arrival time)
  Source:                 kr260_min_i/axi_ic_PS_0_S_AXI_HPC0_FPD/s00_couplers/auto_ds/inst/gen_downsizer.gen_simple_downsizer.axi_downsizer_inst/USE_READ.read_data_inst/current_word_1_reg[1]/C
                            (rising edge-triggered cell FDRE clocked by clk_pl_0  {rise@0.000ns fall@2.000ns period=4.000ns})
  Destination:            kr260_min_i/axi_ic_PS_0_S_AXI_HPC0_FPD/s00_couplers/auto_cc/inst/gen_clock_conv.gen_async_conv.asyncfifo_axi/inst_fifo_gen/gaxi_full_lite.gread_ch.grdch2.axi_rdch/grf.rf/gntv_or_sync_fifo.mem/gdm.dm_gen.dm/RAM_reg_0_15_224_237/RAMA/WE
                            (rising edge-triggered cell RAMD32 clocked by clk_pl_0  {rise@0.000ns fall@2.000ns period=4.000ns})
  Path Group:             clk_pl_0
  Path Type:              Setup (Max at Slow Process Corner)
  Requirement:            4.000ns  (clk_pl_0 rise@4.000ns - clk_pl_0 rise@0.000ns)
  Data Path Delay:        3.256ns  (logic 0.966ns (29.668%)  route 2.290ns (70.332%))
  Logic Levels:           8  (LUT2=1 LUT3=1 LUT4=2 LUT5=1 LUT6=3)
  Clock Path Skew:        -0.132ns (DCD - SCD + CPR)
    Destination Clock Delay (DCD):    3.051ns = ( 7.051 - 4.000 ) 
    Source Clock Delay      (SCD):    3.423ns
    Clock Pessimism Removal (CPR):    0.240ns
  Clock Uncertainty:      0.122ns  ((TSJ^2 + DJ^2)^1/2) / 2 + PE
    Total System Jitter     (TSJ):    0.071ns
    Discrete Jitter          (DJ):    0.233ns
    Phase Error              (PE):    0.000ns
  Clock Net Delay (Source):      3.156ns (routing 1.584ns, distribution 1.572ns)
  Clock Net Delay (Destination): 2.835ns (routing 1.450ns, distribution 1.385ns)

    Location             Delay type                Incr(ns)  Path(ns)    Netlist Resource(s)
  -------------------------------------------------------------------    -------------------
                         (clock clk_pl_0 rise edge)
                                                      0.000     0.000 r  
    PS8_X0Y0             PS8                          0.000     0.000 r  kr260_min_i/PS_0/inst/PS8_i/PLCLK[0]
                         net (fo=1, routed)           0.229     0.229    kr260_min_i/PS_0/inst/pl_clk_unbuffered[0]
    BUFG_PS_X0Y80        BUFG_PS (Prop_BUFG_PS_I_O)
                                                      0.038     0.267 r  kr260_min_i/PS_0/inst/buffer_pl_clk_0.PL_CLK_0_BUFG/O
    X1Y1 (CLOCK_ROOT)    net (fo=5669, routed)        3.156     3.423    kr260_min_i/axi_ic_PS_0_S_AXI_HPC0_FPD/s00_couplers/auto_ds/inst/gen_downsizer.gen_simple_downsizer.axi_downsizer_inst/USE_READ.read_data_inst/CLK
    SLICE_X9Y74          FDRE                                         r  kr260_min_i/axi_ic_PS_0_S_AXI_HPC0_FPD/s00_couplers/auto_ds/inst/gen_downsizer.gen_simple_downsizer.axi_downsizer_inst/USE_READ.read_data_inst/current_word_1_reg[1]/C
  -------------------------------------------------------------------    -------------------
    SLICE_X9Y74          FDRE (Prop_AFF2_SLICEL_C_Q)
                                                      0.116     3.539 f  kr260_min_i/axi_ic_PS_0_S_AXI_HPC0_FPD/s00_couplers/auto_ds/inst/gen_downsizer.gen_simple_downsizer.axi_downsizer_inst/USE_READ.read_data_inst/current_word_1_reg[1]/Q
                         net (fo=1, routed)           0.359     3.898    kr260_min_i/axi_ic_PS_0_S_AXI_HPC0_FPD/s00_couplers/auto_ds/inst/gen_downsizer.gen_simple_downsizer.axi_downsizer_inst/USE_READ.read_data_inst/current_word_1[1]
    SLICE_X9Y74          LUT4 (Prop_C6LUT_SLICEL_I0_O)
                                                      0.081     3.979 f  kr260_min_i/axi_ic_PS_0_S_AXI_HPC0_FPD/s00_couplers/auto_ds/inst/gen_downsizer.gen_simple_downsizer.axi_downsizer_inst/USE_READ.read_data_inst/s_axi_rresp[1]_INST_0_i_4/O
                         net (fo=5, routed)           0.207     4.186    kr260_min_i/axi_ic_PS_0_S_AXI_HPC0_FPD/s00_couplers/auto_ds/inst/gen_downsizer.gen_simple_downsizer.axi_downsizer_inst/USE_READ.read_addr_inst/cmd_queue/inst/current_word_1_reg[1]
    SLICE_X10Y74         LUT5 (Prop_E6LUT_SLICEM_I0_O)
                                                      0.138     4.324 r  kr260_min_i/axi_ic_PS_0_S_AXI_HPC0_FPD/s00_couplers/auto_ds/inst/gen_downsizer.gen_simple_downsizer.axi_downsizer_inst/USE_READ.read_addr_inst/cmd_queue/inst/current_word_1[2]_i_3/O
                         net (fo=1, routed)           0.134     4.458    kr260_min_i/axi_ic_PS_0_S_AXI_HPC0_FPD/s00_couplers/auto_ds/inst/gen_downsizer.gen_simple_downsizer.axi_downsizer_inst/USE_READ.read_addr_inst/cmd_queue/inst/current_word_1[2]_i_3_n_0
    SLICE_X10Y74         LUT6 (Prop_G6LUT_SLICEM_I5_O)
                                                      0.226     4.684 f  kr260_min_i/axi_ic_PS_0_S_AXI_HPC0_FPD/s00_couplers/auto_ds/inst/gen_downsizer.gen_simple_downsizer.axi_downsizer_inst/USE_READ.read_addr_inst/cmd_queue/inst/current_word_1[2]_i_1/O
                         net (fo=2, routed)           0.109     4.793    kr260_min_i/axi_ic_PS_0_S_AXI_HPC0_FPD/s00_couplers/auto_ds/inst/gen_downsizer.gen_simple_downsizer.axi_downsizer_inst/USE_READ.read_addr_inst/cmd_queue/inst/D[2]
    SLICE_X9Y74          LUT6 (Prop_H6LUT_SLICEL_I3_O)
                                                      0.153     4.946 f  kr260_min_i/axi_ic_PS_0_S_AXI_HPC0_FPD/s00_couplers/auto_ds/inst/gen_downsizer.gen_simple_downsizer.axi_downsizer_inst/USE_READ.read_addr_inst/cmd_queue/inst/s_axi_rvalid_INST_0_i_4/O
                         net (fo=1, routed)           0.106     5.052    kr260_min_i/axi_ic_PS_0_S_AXI_HPC0_FPD/s00_couplers/auto_ds/inst/gen_downsizer.gen_simple_downsizer.axi_downsizer_inst/USE_READ.read_addr_inst/cmd_queue/inst/s_axi_rvalid_INST_0_i_4_n_0
    SLICE_X9Y73          LUT6 (Prop_C6LUT_SLICEL_I0_O)
                                                      0.056     5.108 f  kr260_min_i/axi_ic_PS_0_S_AXI_HPC0_FPD/s00_couplers/auto_ds/inst/gen_downsizer.gen_simple_downsizer.axi_downsizer_inst/USE_READ.read_addr_inst/cmd_queue/inst/s_axi_rvalid_INST_0_i_2/O
                         net (fo=1, routed)           0.096     5.204    kr260_min_i/axi_ic_PS_0_S_AXI_HPC0_FPD/s00_couplers/auto_ds/inst/gen_downsizer.gen_simple_downsizer.axi_downsizer_inst/USE_READ.read_addr_inst/cmd_queue/inst/s_axi_rvalid_INST_0_i_2_n_0
    SLICE_X9Y71          LUT4 (Prop_H6LUT_SLICEL_I0_O)
                                                      0.058     5.262 f  kr260_min_i/axi_ic_PS_0_S_AXI_HPC0_FPD/s00_couplers/auto_ds/inst/gen_downsizer.gen_simple_downsizer.axi_downsizer_inst/USE_READ.read_addr_inst/cmd_queue/inst/s_axi_rvalid_INST_0_i_1/O
                         net (fo=9, routed)           0.188     5.450    kr260_min_i/axi_ic_PS_0_S_AXI_HPC0_FPD/s00_couplers/auto_ds/inst/gen_downsizer.gen_simple_downsizer.axi_downsizer_inst/USE_READ.read_addr_inst/cmd_queue/inst/goreg_dm.dout_i_reg[34]
    SLICE_X9Y67          LUT3 (Prop_G6LUT_SLICEL_I0_O)
                                                      0.057     5.507 r  kr260_min_i/axi_ic_PS_0_S_AXI_HPC0_FPD/s00_couplers/auto_ds/inst/gen_downsizer.gen_simple_downsizer.axi_downsizer_inst/USE_READ.read_addr_inst/cmd_queue/inst/s_axi_rvalid_INST_0/O
                         net (fo=2, routed)           0.506     6.013    kr260_min_i/axi_ic_PS_0_S_AXI_HPC0_FPD/s00_couplers/auto_cc/inst/gen_clock_conv.gen_async_conv.asyncfifo_axi/inst_fifo_gen/gaxi_full_lite.gread_ch.grdch2.axi_rdch/grf.rf/gntv_or_sync_fifo.gl0.wr/gwas.wsts/m_axi_rvalid
    SLICE_X16Y60         LUT2 (Prop_D6LUT_SLICEL_I0_O)
                                                      0.081     6.094 r  kr260_min_i/axi_ic_PS_0_S_AXI_HPC0_FPD/s00_couplers/auto_cc/inst/gen_clock_conv.gen_async_conv.asyncfifo_axi/inst_fifo_gen/gaxi_full_lite.gread_ch.grdch2.axi_rdch/grf.rf/gntv_or_sync_fifo.gl0.wr/gwas.wsts/gic0.gc0.count_d1[3]_i_1__3/O
                         net (fo=604, routed)         0.585     6.679    kr260_min_i/axi_ic_PS_0_S_AXI_HPC0_FPD/s00_couplers/auto_cc/inst/gen_clock_conv.gen_async_conv.asyncfifo_axi/inst_fifo_gen/gaxi_full_lite.gread_ch.grdch2.axi_rdch/grf.rf/gntv_or_sync_fifo.mem/gdm.dm_gen.dm/RAM_reg_0_15_224_237/WE
    SLICE_X13Y65         RAMD32                                       r  kr260_min_i/axi_ic_PS_0_S_AXI_HPC0_FPD/s00_couplers/auto_cc/inst/gen_clock_conv.gen_async_conv.asyncfifo_axi/inst_fifo_gen/gaxi_full_lite.gread_ch.grdch2.axi_rdch/grf.rf/gntv_or_sync_fifo.mem/gdm.dm_gen.dm/RAM_reg_0_15_224_237/RAMA/WE
  -------------------------------------------------------------------    -------------------

                         (clock clk_pl_0 rise edge)
                                                      4.000     4.000 r  
    PS8_X0Y0             PS8                          0.000     4.000 r  kr260_min_i/PS_0/inst/PS8_i/PLCLK[0]
                         net (fo=1, routed)           0.181     4.181    kr260_min_i/PS_0/inst/pl_clk_unbuffered[0]
    BUFG_PS_X0Y80        BUFG_PS (Prop_BUFG_PS_I_O)
                                                      0.035     4.216 r  kr260_min_i/PS_0/inst/buffer_pl_clk_0.PL_CLK_0_BUFG/O
    X1Y1 (CLOCK_ROOT)    net (fo=5669, routed)        2.835     7.051    kr260_min_i/axi_ic_PS_0_S_AXI_HPC0_FPD/s00_couplers/auto_cc/inst/gen_clock_conv.gen_async_conv.asyncfifo_axi/inst_fifo_gen/gaxi_full_lite.gread_ch.grdch2.axi_rdch/grf.rf/gntv_or_sync_fifo.mem/gdm.dm_gen.dm/RAM_reg_0_15_224_237/WCLK
    SLICE_X13Y65         RAMD32                                       r  kr260_min_i/axi_ic_PS_0_S_AXI_HPC0_FPD/s00_couplers/auto_cc/inst/gen_clock_conv.gen_async_conv.asyncfifo_axi/inst_fifo_gen/gaxi_full_lite.gread_ch.grdch2.axi_rdch/grf.rf/gntv_or_sync_fifo.mem/gdm.dm_gen.dm/RAM_reg_0_15_224_237/RAMA/CLK
                         clock pessimism              0.240     7.291    
                         clock uncertainty           -0.122     7.169    
    SLICE_X13Y65         RAMD32 (Setup_A5LUT_SLICEM_CLK_WE)
                                                     -0.266     6.903    kr260_min_i/axi_ic_PS_0_S_AXI_HPC0_FPD/s00_couplers/auto_cc/inst/gen_clock_conv.gen_async_conv.asyncfifo_axi/inst_fifo_gen/gaxi_full_lite.gread_ch.grdch2.axi_rdch/grf.rf/gntv_or_sync_fifo.mem/gdm.dm_gen.dm/RAM_reg_0_15_224_237/RAMA
  -------------------------------------------------------------------
                         required time                          6.903    
                         arrival time                          -6.679    
  -------------------------------------------------------------------
                         slack                                  0.224    

Slack (MET) :             0.224ns  (required time - arrival time)
  Source:                 kr260_min_i/axi_ic_PS_0_S_AXI_HPC0_FPD/s00_couplers/auto_ds/inst/gen_downsizer.gen_simple_downsizer.axi_downsizer_inst/USE_READ.read_data_inst/current_word_1_reg[1]/C
                            (rising edge-triggered cell FDRE clocked by clk_pl_0  {rise@0.000ns fall@2.000ns period=4.000ns})
  Destination:            kr260_min_i/axi_ic_PS_0_S_AXI_HPC0_FPD/s00_couplers/auto_cc/inst/gen_clock_conv.gen_async_conv.asyncfifo_axi/inst_fifo_gen/gaxi_full_lite.gread_ch.grdch2.axi_rdch/grf.rf/gntv_or_sync_fifo.mem/gdm.dm_gen.dm/RAM_reg_0_15_224_237/RAMA_D1/WE
                            (rising edge-triggered cell RAMD32 clocked by clk_pl_0  {rise@0.000ns fall@2.000ns period=4.000ns})
  Path Group:             clk_pl_0
  Path Type:              Setup (Max at Slow Process Corner)
  Requirement:            4.000ns  (clk_pl_0 rise@4.000ns - clk_pl_0 rise@0.000ns)
  Data Path Delay:        3.256ns  (logic 0.966ns (29.668%)  route 2.290ns (70.332%))
  Logic Levels:           8  (LUT2=1 LUT3=1 LUT4=2 LUT5=1 LUT6=3)
  Clock Path Skew:        -0.132ns (DCD - SCD + CPR)
    Destination Clock Delay (DCD):    3.051ns = ( 7.051 - 4.000 ) 
    Source Clock Delay      (SCD):    3.423ns
    Clock Pessimism Removal (CPR):    0.240ns
  Clock Uncertainty:      0.122ns  ((TSJ^2 + DJ^2)^1/2) / 2 + PE
    Total System Jitter     (TSJ):    0.071ns
    Discrete Jitter          (DJ):    0.233ns
    Phase Error              (PE):    0.000ns
  Clock Net Delay (Source):      3.156ns (routing 1.584ns, distribution 1.572ns)
  Clock Net Delay (Destination): 2.835ns (routing 1.450ns, distribution 1.385ns)

    Location             Delay type                Incr(ns)  Path(ns)    Netlist Resource(s)
  -------------------------------------------------------------------    -------------------
                         (clock clk_pl_0 rise edge)
                                                      0.000     0.000 r  
    PS8_X0Y0             PS8                          0.000     0.000 r  kr260_min_i/PS_0/inst/PS8_i/PLCLK[0]
                         net (fo=1, routed)           0.229     0.229    kr260_min_i/PS_0/inst/pl_clk_unbuffered[0]
    BUFG_PS_X0Y80        BUFG_PS (Prop_BUFG_PS_I_O)
                                                      0.038     0.267 r  kr260_min_i/PS_0/inst/buffer_pl_clk_0.PL_CLK_0_BUFG/O
    X1Y1 (CLOCK_ROOT)    net (fo=5669, routed)        3.156     3.423    kr260_min_i/axi_ic_PS_0_S_AXI_HPC0_FPD/s00_couplers/auto_ds/inst/gen_downsizer.gen_simple_downsizer.axi_downsizer_inst/USE_READ.read_data_inst/CLK
    SLICE_X9Y74          FDRE                                         r  kr260_min_i/axi_ic_PS_0_S_AXI_HPC0_FPD/s00_couplers/auto_ds/inst/gen_downsizer.gen_simple_downsizer.axi_downsizer_inst/USE_READ.read_data_inst/current_word_1_reg[1]/C
  -------------------------------------------------------------------    -------------------
    SLICE_X9Y74          FDRE (Prop_AFF2_SLICEL_C_Q)
                                                      0.116     3.539 f  kr260_min_i/axi_ic_PS_0_S_AXI_HPC0_FPD/s00_couplers/auto_ds/inst/gen_downsizer.gen_simple_downsizer.axi_downsizer_inst/USE_READ.read_data_inst/current_word_1_reg[1]/Q
                         net (fo=1, routed)           0.359     3.898    kr260_min_i/axi_ic_PS_0_S_AXI_HPC0_FPD/s00_couplers/auto_ds/inst/gen_downsizer.gen_simple_downsizer.axi_downsizer_inst/USE_READ.read_data_inst/current_word_1[1]
    SLICE_X9Y74          LUT4 (Prop_C6LUT_SLICEL_I0_O)
                                                      0.081     3.979 f  kr260_min_i/axi_ic_PS_0_S_AXI_HPC0_FPD/s00_couplers/auto_ds/inst/gen_downsizer.gen_simple_downsizer.axi_downsizer_inst/USE_READ.read_data_inst/s_axi_rresp[1]_INST_0_i_4/O
                         net (fo=5, routed)           0.207     4.186    kr260_min_i/axi_ic_PS_0_S_AXI_HPC0_FPD/s00_couplers/auto_ds/inst/gen_downsizer.gen_simple_downsizer.axi_downsizer_inst/USE_READ.read_addr_inst/cmd_queue/inst/current_word_1_reg[1]
    SLICE_X10Y74         LUT5 (Prop_E6LUT_SLICEM_I0_O)
                                                      0.138     4.324 r  kr260_min_i/axi_ic_PS_0_S_AXI_HPC0_FPD/s00_couplers/auto_ds/inst/gen_downsizer.gen_simple_downsizer.axi_downsizer_inst/USE_READ.read_addr_inst/cmd_queue/inst/current_word_1[2]_i_3/O
                         net (fo=1, routed)           0.134     4.458    kr260_min_i/axi_ic_PS_0_S_AXI_HPC0_FPD/s00_couplers/auto_ds/inst/gen_downsizer.gen_simple_downsizer.axi_downsizer_inst/USE_READ.read_addr_inst/cmd_queue/inst/current_word_1[2]_i_3_n_0
    SLICE_X10Y74         LUT6 (Prop_G6LUT_SLICEM_I5_O)
                                                      0.226     4.684 f  kr260_min_i/axi_ic_PS_0_S_AXI_HPC0_FPD/s00_couplers/auto_ds/inst/gen_downsizer.gen_simple_downsizer.axi_downsizer_inst/USE_READ.read_addr_inst/cmd_queue/inst/current_word_1[2]_i_1/O
                         net (fo=2, routed)           0.109     4.793    kr260_min_i/axi_ic_PS_0_S_AXI_HPC0_FPD/s00_couplers/auto_ds/inst/gen_downsizer.gen_simple_downsizer.axi_downsizer_inst/USE_READ.read_addr_inst/cmd_queue/inst/D[2]
    SLICE_X9Y74          LUT6 (Prop_H6LUT_SLICEL_I3_O)
                                                      0.153     4.946 f  kr260_min_i/axi_ic_PS_0_S_AXI_HPC0_FPD/s00_couplers/auto_ds/inst/gen_downsizer.gen_simple_downsizer.axi_downsizer_inst/USE_READ.read_addr_inst/cmd_queue/inst/s_axi_rvalid_INST_0_i_4/O
                         net (fo=1, routed)           0.106     5.052    kr260_min_i/axi_ic_PS_0_S_AXI_HPC0_FPD/s00_couplers/auto_ds/inst/gen_downsizer.gen_simple_downsizer.axi_downsizer_inst/USE_READ.read_addr_inst/cmd_queue/inst/s_axi_rvalid_INST_0_i_4_n_0
    SLICE_X9Y73          LUT6 (Prop_C6LUT_SLICEL_I0_O)
                                                      0.056     5.108 f  kr260_min_i/axi_ic_PS_0_S_AXI_HPC0_FPD/s00_couplers/auto_ds/inst/gen_downsizer.gen_simple_downsizer.axi_downsizer_inst/USE_READ.read_addr_inst/cmd_queue/inst/s_axi_rvalid_INST_0_i_2/O
                         net (fo=1, routed)           0.096     5.204    kr260_min_i/axi_ic_PS_0_S_AXI_HPC0_FPD/s00_couplers/auto_ds/inst/gen_downsizer.gen_simple_downsizer.axi_downsizer_inst/USE_READ.read_addr_inst/cmd_queue/inst/s_axi_rvalid_INST_0_i_2_n_0
    SLICE_X9Y71          LUT4 (Prop_H6LUT_SLICEL_I0_O)
                                                      0.058     5.262 f  kr260_min_i/axi_ic_PS_0_S_AXI_HPC0_FPD/s00_couplers/auto_ds/inst/gen_downsizer.gen_simple_downsizer.axi_downsizer_inst/USE_READ.read_addr_inst/cmd_queue/inst/s_axi_rvalid_INST_0_i_1/O
                         net (fo=9, routed)           0.188     5.450    kr260_min_i/axi_ic_PS_0_S_AXI_HPC0_FPD/s00_couplers/auto_ds/inst/gen_downsizer.gen_simple_downsizer.axi_downsizer_inst/USE_READ.read_addr_inst/cmd_queue/inst/goreg_dm.dout_i_reg[34]
    SLICE_X9Y67          LUT3 (Prop_G6LUT_SLICEL_I0_O)
                                                      0.057     5.507 r  kr260_min_i/axi_ic_PS_0_S_AXI_HPC0_FPD/s00_couplers/auto_ds/inst/gen_downsizer.gen_simple_downsizer.axi_downsizer_inst/USE_READ.read_addr_inst/cmd_queue/inst/s_axi_rvalid_INST_0/O
                         net (fo=2, routed)           0.506     6.013    kr260_min_i/axi_ic_PS_0_S_AXI_HPC0_FPD/s00_couplers/auto_cc/inst/gen_clock_conv.gen_async_conv.asyncfifo_axi/inst_fifo_gen/gaxi_full_lite.gread_ch.grdch2.axi_rdch/grf.rf/gntv_or_sync_fifo.gl0.wr/gwas.wsts/m_axi_rvalid
    SLICE_X16Y60         LUT2 (Prop_D6LUT_SLICEL_I0_O)
                                                      0.081     6.094 r  kr260_min_i/axi_ic_PS_0_S_AXI_HPC0_FPD/s00_couplers/auto_cc/inst/gen_clock_conv.gen_async_conv.asyncfifo_axi/inst_fifo_gen/gaxi_full_lite.gread_ch.grdch2.axi_rdch/grf.rf/gntv_or_sync_fifo.gl0.wr/gwas.wsts/gic0.gc0.count_d1[3]_i_1__3/O
                         net (fo=604, routed)         0.585     6.679    kr260_min_i/axi_ic_PS_0_S_AXI_HPC0_FPD/s00_couplers/auto_cc/inst/gen_clock_conv.gen_async_conv.asyncfifo_axi/inst_fifo_gen/gaxi_full_lite.gread_ch.grdch2.axi_rdch/grf.rf/gntv_or_sync_fifo.mem/gdm.dm_gen.dm/RAM_reg_0_15_224_237/WE
    SLICE_X13Y65         RAMD32                                       r  kr260_min_i/axi_ic_PS_0_S_AXI_HPC0_FPD/s00_couplers/auto_cc/inst/gen_clock_conv.gen_async_conv.asyncfifo_axi/inst_fifo_gen/gaxi_full_lite.gread_ch.grdch2.axi_rdch/grf.rf/gntv_or_sync_fifo.mem/gdm.dm_gen.dm/RAM_reg_0_15_224_237/RAMA_D1/WE
  -------------------------------------------------------------------    -------------------

                         (clock clk_pl_0 rise edge)
                                                      4.000     4.000 r  
    PS8_X0Y0             PS8                          0.000     4.000 r  kr260_min_i/PS_0/inst/PS8_i/PLCLK[0]
                         net (fo=1, routed)           0.181     4.181    kr260_min_i/PS_0/inst/pl_clk_unbuffered[0]
    BUFG_PS_X0Y80        BUFG_PS (Prop_BUFG_PS_I_O)
                                                      0.035     4.216 r  kr260_min_i/PS_0/inst/buffer_pl_clk_0.PL_CLK_0_BUFG/O
    X1Y1 (CLOCK_ROOT)    net (fo=5669, routed)        2.835     7.051    kr260_min_i/axi_ic_PS_0_S_AXI_HPC0_FPD/s00_couplers/auto_cc/inst/gen_clock_conv.gen_async_conv.asyncfifo_axi/inst_fifo_gen/gaxi_full_lite.gread_ch.grdch2.axi_rdch/grf.rf/gntv_or_sync_fifo.mem/gdm.dm_gen.dm/RAM_reg_0_15_224_237/WCLK
    SLICE_X13Y65         RAMD32                                       r  kr260_min_i/axi_ic_PS_0_S_AXI_HPC0_FPD/s00_couplers/auto_cc/inst/gen_clock_conv.gen_async_conv.asyncfifo_axi/inst_fifo_gen/gaxi_full_lite.gread_ch.grdch2.axi_rdch/grf.rf/gntv_or_sync_fifo.mem/gdm.dm_gen.dm/RAM_reg_0_15_224_237/RAMA_D1/CLK
                         clock pessimism              0.240     7.291    
                         clock uncertainty           -0.122     7.169    
    SLICE_X13Y65         RAMD32 (Setup_A6LUT_SLICEM_CLK_WE)
                                                     -0.266     6.903    kr260_min_i/axi_ic_PS_0_S_AXI_HPC0_FPD/s00_couplers/auto_cc/inst/gen_clock_conv.gen_async_conv.asyncfifo_axi/inst_fifo_gen/gaxi_full_lite.gread_ch.grdch2.axi_rdch/grf.rf/gntv_or_sync_fifo.mem/gdm.dm_gen.dm/RAM_reg_0_15_224_237/RAMA_D1
  -------------------------------------------------------------------
                         required time                          6.903    
                         arrival time                          -6.679    
  -------------------------------------------------------------------
                         slack                                  0.224    

Slack (MET) :             0.224ns  (required time - arrival time)
  Source:                 kr260_min_i/axi_ic_PS_0_S_AXI_HPC0_FPD/s00_couplers/auto_ds/inst/gen_downsizer.gen_simple_downsizer.axi_downsizer_inst/USE_READ.read_data_inst/current_word_1_reg[1]/C
                            (rising edge-triggered cell FDRE clocked by clk_pl_0  {rise@0.000ns fall@2.000ns period=4.000ns})
  Destination:            kr260_min_i/axi_ic_PS_0_S_AXI_HPC0_FPD/s00_couplers/auto_cc/inst/gen_clock_conv.gen_async_conv.asyncfifo_axi/inst_fifo_gen/gaxi_full_lite.gread_ch.grdch2.axi_rdch/grf.rf/gntv_or_sync_fifo.mem/gdm.dm_gen.dm/RAM_reg_0_15_224_237/RAMB/WE
                            (rising edge-triggered cell RAMD32 clocked by clk_pl_0  {rise@0.000ns fall@2.000ns period=4.000ns})
  Path Group:             clk_pl_0
  Path Type:              Setup (Max at Slow Process Corner)
  Requirement:            4.000ns  (clk_pl_0 rise@4.000ns - clk_pl_0 rise@0.000ns)
  Data Path Delay:        3.256ns  (logic 0.966ns (29.668%)  route 2.290ns (70.332%))
  Logic Levels:           8  (LUT2=1 LUT3=1 LUT4=2 LUT5=1 LUT6=3)
  Clock Path Skew:        -0.132ns (DCD - SCD + CPR)
    Destination Clock Delay (DCD):    3.051ns = ( 7.051 - 4.000 ) 
    Source Clock Delay      (SCD):    3.423ns
    Clock Pessimism Removal (CPR):    0.240ns
  Clock Uncertainty:      0.122ns  ((TSJ^2 + DJ^2)^1/2) / 2 + PE
    Total System Jitter     (TSJ):    0.071ns
    Discrete Jitter          (DJ):    0.233ns
    Phase Error              (PE):    0.000ns
  Clock Net Delay (Source):      3.156ns (routing 1.584ns, distribution 1.572ns)
  Clock Net Delay (Destination): 2.835ns (routing 1.450ns, distribution 1.385ns)

    Location             Delay type                Incr(ns)  Path(ns)    Netlist Resource(s)
  -------------------------------------------------------------------    -------------------
                         (clock clk_pl_0 rise edge)
                                                      0.000     0.000 r  
    PS8_X0Y0             PS8                          0.000     0.000 r  kr260_min_i/PS_0/inst/PS8_i/PLCLK[0]
                         net (fo=1, routed)           0.229     0.229    kr260_min_i/PS_0/inst/pl_clk_unbuffered[0]
    BUFG_PS_X0Y80        BUFG_PS (Prop_BUFG_PS_I_O)
                                                      0.038     0.267 r  kr260_min_i/PS_0/inst/buffer_pl_clk_0.PL_CLK_0_BUFG/O
    X1Y1 (CLOCK_ROOT)    net (fo=5669, routed)        3.156     3.423    kr260_min_i/axi_ic_PS_0_S_AXI_HPC0_FPD/s00_couplers/auto_ds/inst/gen_downsizer.gen_simple_downsizer.axi_downsizer_inst/USE_READ.read_data_inst/CLK
    SLICE_X9Y74          FDRE                                         r  kr260_min_i/axi_ic_PS_0_S_AXI_HPC0_FPD/s00_couplers/auto_ds/inst/gen_downsizer.gen_simple_downsizer.axi_downsizer_inst/USE_READ.read_data_inst/current_word_1_reg[1]/C
  -------------------------------------------------------------------    -------------------
    SLICE_X9Y74          FDRE (Prop_AFF2_SLICEL_C_Q)
                                                      0.116     3.539 f  kr260_min_i/axi_ic_PS_0_S_AXI_HPC0_FPD/s00_couplers/auto_ds/inst/gen_downsizer.gen_simple_downsizer.axi_downsizer_inst/USE_READ.read_data_inst/current_word_1_reg[1]/Q
                         net (fo=1, routed)           0.359     3.898    kr260_min_i/axi_ic_PS_0_S_AXI_HPC0_FPD/s00_couplers/auto_ds/inst/gen_downsizer.gen_simple_downsizer.axi_downsizer_inst/USE_READ.read_data_inst/current_word_1[1]
    SLICE_X9Y74          LUT4 (Prop_C6LUT_SLICEL_I0_O)
                                                      0.081     3.979 f  kr260_min_i/axi_ic_PS_0_S_AXI_HPC0_FPD/s00_couplers/auto_ds/inst/gen_downsizer.gen_simple_downsizer.axi_downsizer_inst/USE_READ.read_data_inst/s_axi_rresp[1]_INST_0_i_4/O
                         net (fo=5, routed)           0.207     4.186    kr260_min_i/axi_ic_PS_0_S_AXI_HPC0_FPD/s00_couplers/auto_ds/inst/gen_downsizer.gen_simple_downsizer.axi_downsizer_inst/USE_READ.read_addr_inst/cmd_queue/inst/current_word_1_reg[1]
    SLICE_X10Y74         LUT5 (Prop_E6LUT_SLICEM_I0_O)
                                                      0.138     4.324 r  kr260_min_i/axi_ic_PS_0_S_AXI_HPC0_FPD/s00_couplers/auto_ds/inst/gen_downsizer.gen_simple_downsizer.axi_downsizer_inst/USE_READ.read_addr_inst/cmd_queue/inst/current_word_1[2]_i_3/O
                         net (fo=1, routed)           0.134     4.458    kr260_min_i/axi_ic_PS_0_S_AXI_HPC0_FPD/s00_couplers/auto_ds/inst/gen_downsizer.gen_simple_downsizer.axi_downsizer_inst/USE_READ.read_addr_inst/cmd_queue/inst/current_word_1[2]_i_3_n_0
    SLICE_X10Y74         LUT6 (Prop_G6LUT_SLICEM_I5_O)
                                                      0.226     4.684 f  kr260_min_i/axi_ic_PS_0_S_AXI_HPC0_FPD/s00_couplers/auto_ds/inst/gen_downsizer.gen_simple_downsizer.axi_downsizer_inst/USE_READ.read_addr_inst/cmd_queue/inst/current_word_1[2]_i_1/O
                         net (fo=2, routed)           0.109     4.793    kr260_min_i/axi_ic_PS_0_S_AXI_HPC0_FPD/s00_couplers/auto_ds/inst/gen_downsizer.gen_simple_downsizer.axi_downsizer_inst/USE_READ.read_addr_inst/cmd_queue/inst/D[2]
    SLICE_X9Y74          LUT6 (Prop_H6LUT_SLICEL_I3_O)
                                                      0.153     4.946 f  kr260_min_i/axi_ic_PS_0_S_AXI_HPC0_FPD/s00_couplers/auto_ds/inst/gen_downsizer.gen_simple_downsizer.axi_downsizer_inst/USE_READ.read_addr_inst/cmd_queue/inst/s_axi_rvalid_INST_0_i_4/O
                         net (fo=1, routed)           0.106     5.052    kr260_min_i/axi_ic_PS_0_S_AXI_HPC0_FPD/s00_couplers/auto_ds/inst/gen_downsizer.gen_simple_downsizer.axi_downsizer_inst/USE_READ.read_addr_inst/cmd_queue/inst/s_axi_rvalid_INST_0_i_4_n_0
    SLICE_X9Y73          LUT6 (Prop_C6LUT_SLICEL_I0_O)
                                                      0.056     5.108 f  kr260_min_i/axi_ic_PS_0_S_AXI_HPC0_FPD/s00_couplers/auto_ds/inst/gen_downsizer.gen_simple_downsizer.axi_downsizer_inst/USE_READ.read_addr_inst/cmd_queue/inst/s_axi_rvalid_INST_0_i_2/O
                         net (fo=1, routed)           0.096     5.204    kr260_min_i/axi_ic_PS_0_S_AXI_HPC0_FPD/s00_couplers/auto_ds/inst/gen_downsizer.gen_simple_downsizer.axi_downsizer_inst/USE_READ.read_addr_inst/cmd_queue/inst/s_axi_rvalid_INST_0_i_2_n_0
    SLICE_X9Y71          LUT4 (Prop_H6LUT_SLICEL_I0_O)
                                                      0.058     5.262 f  kr260_min_i/axi_ic_PS_0_S_AXI_HPC0_FPD/s00_couplers/auto_ds/inst/gen_downsizer.gen_simple_downsizer.axi_downsizer_inst/USE_READ.read_addr_inst/cmd_queue/inst/s_axi_rvalid_INST_0_i_1/O
                         net (fo=9, routed)           0.188     5.450    kr260_min_i/axi_ic_PS_0_S_AXI_HPC0_FPD/s00_couplers/auto_ds/inst/gen_downsizer.gen_simple_downsizer.axi_downsizer_inst/USE_READ.read_addr_inst/cmd_queue/inst/goreg_dm.dout_i_reg[34]
    SLICE_X9Y67          LUT3 (Prop_G6LUT_SLICEL_I0_O)
                                                      0.057     5.507 r  kr260_min_i/axi_ic_PS_0_S_AXI_HPC0_FPD/s00_couplers/auto_ds/inst/gen_downsizer.gen_simple_downsizer.axi_downsizer_inst/USE_READ.read_addr_inst/cmd_queue/inst/s_axi_rvalid_INST_0/O
                         net (fo=2, routed)           0.506     6.013    kr260_min_i/axi_ic_PS_0_S_AXI_HPC0_FPD/s00_couplers/auto_cc/inst/gen_clock_conv.gen_async_conv.asyncfifo_axi/inst_fifo_gen/gaxi_full_lite.gread_ch.grdch2.axi_rdch/grf.rf/gntv_or_sync_fifo.gl0.wr/gwas.wsts/m_axi_rvalid
    SLICE_X16Y60         LUT2 (Prop_D6LUT_SLICEL_I0_O)
                                                      0.081     6.094 r  kr260_min_i/axi_ic_PS_0_S_AXI_HPC0_FPD/s00_couplers/auto_cc/inst/gen_clock_conv.gen_async_conv.asyncfifo_axi/inst_fifo_gen/gaxi_full_lite.gread_ch.grdch2.axi_rdch/grf.rf/gntv_or_sync_fifo.gl0.wr/gwas.wsts/gic0.gc0.count_d1[3]_i_1__3/O
                         net (fo=604, routed)         0.585     6.679    kr260_min_i/axi_ic_PS_0_S_AXI_HPC0_FPD/s00_couplers/auto_cc/inst/gen_clock_conv.gen_async_conv.asyncfifo_axi/inst_fifo_gen/gaxi_full_lite.gread_ch.grdch2.axi_rdch/grf.rf/gntv_or_sync_fifo.mem/gdm.dm_gen.dm/RAM_reg_0_15_224_237/WE
    SLICE_X13Y65         RAMD32                                       r  kr260_min_i/axi_ic_PS_0_S_AXI_HPC0_FPD/s00_couplers/auto_cc/inst/gen_clock_conv.gen_async_conv.asyncfifo_axi/inst_fifo_gen/gaxi_full_lite.gread_ch.grdch2.axi_rdch/grf.rf/gntv_or_sync_fifo.mem/gdm.dm_gen.dm/RAM_reg_0_15_224_237/RAMB/WE
  -------------------------------------------------------------------    -------------------

                         (clock clk_pl_0 rise edge)
                                                      4.000     4.000 r  
    PS8_X0Y0             PS8                          0.000     4.000 r  kr260_min_i/PS_0/inst/PS8_i/PLCLK[0]
                         net (fo=1, routed)           0.181     4.181    kr260_min_i/PS_0/inst/pl_clk_unbuffered[0]
    BUFG_PS_X0Y80        BUFG_PS (Prop_BUFG_PS_I_O)
                                                      0.035     4.216 r  kr260_min_i/PS_0/inst/buffer_pl_clk_0.PL_CLK_0_BUFG/O
    X1Y1 (CLOCK_ROOT)    net (fo=5669, routed)        2.835     7.051    kr260_min_i/axi_ic_PS_0_S_AXI_HPC0_FPD/s00_couplers/auto_cc/inst/gen_clock_conv.gen_async_conv.asyncfifo_axi/inst_fifo_gen/gaxi_full_lite.gread_ch.grdch2.axi_rdch/grf.rf/gntv_or_sync_fifo.mem/gdm.dm_gen.dm/RAM_reg_0_15_224_237/WCLK
    SLICE_X13Y65         RAMD32                                       r  kr260_min_i/axi_ic_PS_0_S_AXI_HPC0_FPD/s00_couplers/auto_cc/inst/gen_clock_conv.gen_async_conv.asyncfifo_axi/inst_fifo_gen/gaxi_full_lite.gread_ch.grdch2.axi_rdch/grf.rf/gntv_or_sync_fifo.mem/gdm.dm_gen.dm/RAM_reg_0_15_224_237/RAMB/CLK
                         clock pessimism              0.240     7.291    
                         clock uncertainty           -0.122     7.169    
    SLICE_X13Y65         RAMD32 (Setup_B5LUT_SLICEM_CLK_WE)
                                                     -0.266     6.903    kr260_min_i/axi_ic_PS_0_S_AXI_HPC0_FPD/s00_couplers/auto_cc/inst/gen_clock_conv.gen_async_conv.asyncfifo_axi/inst_fifo_gen/gaxi_full_lite.gread_ch.grdch2.axi_rdch/grf.rf/gntv_or_sync_fifo.mem/gdm.dm_gen.dm/RAM_reg_0_15_224_237/RAMB
  -------------------------------------------------------------------
                         required time                          6.903    
                         arrival time                          -6.679    
  -------------------------------------------------------------------
                         slack                                  0.224    

Slack (MET) :             0.224ns  (required time - arrival time)
  Source:                 kr260_min_i/axi_ic_PS_0_S_AXI_HPC0_FPD/s00_couplers/auto_ds/inst/gen_downsizer.gen_simple_downsizer.axi_downsizer_inst/USE_READ.read_data_inst/current_word_1_reg[1]/C
                            (rising edge-triggered cell FDRE clocked by clk_pl_0  {rise@0.000ns fall@2.000ns period=4.000ns})
  Destination:            kr260_min_i/axi_ic_PS_0_S_AXI_HPC0_FPD/s00_couplers/auto_cc/inst/gen_clock_conv.gen_async_conv.asyncfifo_axi/inst_fifo_gen/gaxi_full_lite.gread_ch.grdch2.axi_rdch/grf.rf/gntv_or_sync_fifo.mem/gdm.dm_gen.dm/RAM_reg_0_15_224_237/RAMB_D1/WE
                            (rising edge-triggered cell RAMD32 clocked by clk_pl_0  {rise@0.000ns fall@2.000ns period=4.000ns})
  Path Group:             clk_pl_0
  Path Type:              Setup (Max at Slow Process Corner)
  Requirement:            4.000ns  (clk_pl_0 rise@4.000ns - clk_pl_0 rise@0.000ns)
  Data Path Delay:        3.256ns  (logic 0.966ns (29.668%)  route 2.290ns (70.332%))
  Logic Levels:           8  (LUT2=1 LUT3=1 LUT4=2 LUT5=1 LUT6=3)
  Clock Path Skew:        -0.132ns (DCD - SCD + CPR)
    Destination Clock Delay (DCD):    3.051ns = ( 7.051 - 4.000 ) 
    Source Clock Delay      (SCD):    3.423ns
    Clock Pessimism Removal (CPR):    0.240ns
  Clock Uncertainty:      0.122ns  ((TSJ^2 + DJ^2)^1/2) / 2 + PE
    Total System Jitter     (TSJ):    0.071ns
    Discrete Jitter          (DJ):    0.233ns
    Phase Error              (PE):    0.000ns
  Clock Net Delay (Source):      3.156ns (routing 1.584ns, distribution 1.572ns)
  Clock Net Delay (Destination): 2.835ns (routing 1.450ns, distribution 1.385ns)

    Location             Delay type                Incr(ns)  Path(ns)    Netlist Resource(s)
  -------------------------------------------------------------------    -------------------
                         (clock clk_pl_0 rise edge)
                                                      0.000     0.000 r  
    PS8_X0Y0             PS8                          0.000     0.000 r  kr260_min_i/PS_0/inst/PS8_i/PLCLK[0]
                         net (fo=1, routed)           0.229     0.229    kr260_min_i/PS_0/inst/pl_clk_unbuffered[0]
    BUFG_PS_X0Y80        BUFG_PS (Prop_BUFG_PS_I_O)
                                                      0.038     0.267 r  kr260_min_i/PS_0/inst/buffer_pl_clk_0.PL_CLK_0_BUFG/O
    X1Y1 (CLOCK_ROOT)    net (fo=5669, routed)        3.156     3.423    kr260_min_i/axi_ic_PS_0_S_AXI_HPC0_FPD/s00_couplers/auto_ds/inst/gen_downsizer.gen_simple_downsizer.axi_downsizer_inst/USE_READ.read_data_inst/CLK
    SLICE_X9Y74          FDRE                                         r  kr260_min_i/axi_ic_PS_0_S_AXI_HPC0_FPD/s00_couplers/auto_ds/inst/gen_downsizer.gen_simple_downsizer.axi_downsizer_inst/USE_READ.read_data_inst/current_word_1_reg[1]/C
  -------------------------------------------------------------------    -------------------
    SLICE_X9Y74          FDRE (Prop_AFF2_SLICEL_C_Q)
                                                      0.116     3.539 f  kr260_min_i/axi_ic_PS_0_S_AXI_HPC0_FPD/s00_couplers/auto_ds/inst/gen_downsizer.gen_simple_downsizer.axi_downsizer_inst/USE_READ.read_data_inst/current_word_1_reg[1]/Q
                         net (fo=1, routed)           0.359     3.898    kr260_min_i/axi_ic_PS_0_S_AXI_HPC0_FPD/s00_couplers/auto_ds/inst/gen_downsizer.gen_simple_downsizer.axi_downsizer_inst/USE_READ.read_data_inst/current_word_1[1]
    SLICE_X9Y74          LUT4 (Prop_C6LUT_SLICEL_I0_O)
                                                      0.081     3.979 f  kr260_min_i/axi_ic_PS_0_S_AXI_HPC0_FPD/s00_couplers/auto_ds/inst/gen_downsizer.gen_simple_downsizer.axi_downsizer_inst/USE_READ.read_data_inst/s_axi_rresp[1]_INST_0_i_4/O
                         net (fo=5, routed)           0.207     4.186    kr260_min_i/axi_ic_PS_0_S_AXI_HPC0_FPD/s00_couplers/auto_ds/inst/gen_downsizer.gen_simple_downsizer.axi_downsizer_inst/USE_READ.read_addr_inst/cmd_queue/inst/current_word_1_reg[1]
    SLICE_X10Y74         LUT5 (Prop_E6LUT_SLICEM_I0_O)
                                                      0.138     4.324 r  kr260_min_i/axi_ic_PS_0_S_AXI_HPC0_FPD/s00_couplers/auto_ds/inst/gen_downsizer.gen_simple_downsizer.axi_downsizer_inst/USE_READ.read_addr_inst/cmd_queue/inst/current_word_1[2]_i_3/O
                         net (fo=1, routed)           0.134     4.458    kr260_min_i/axi_ic_PS_0_S_AXI_HPC0_FPD/s00_couplers/auto_ds/inst/gen_downsizer.gen_simple_downsizer.axi_downsizer_inst/USE_READ.read_addr_inst/cmd_queue/inst/current_word_1[2]_i_3_n_0
    SLICE_X10Y74         LUT6 (Prop_G6LUT_SLICEM_I5_O)
                                                      0.226     4.684 f  kr260_min_i/axi_ic_PS_0_S_AXI_HPC0_FPD/s00_couplers/auto_ds/inst/gen_downsizer.gen_simple_downsizer.axi_downsizer_inst/USE_READ.read_addr_inst/cmd_queue/inst/current_word_1[2]_i_1/O
                         net (fo=2, routed)           0.109     4.793    kr260_min_i/axi_ic_PS_0_S_AXI_HPC0_FPD/s00_couplers/auto_ds/inst/gen_downsizer.gen_simple_downsizer.axi_downsizer_inst/USE_READ.read_addr_inst/cmd_queue/inst/D[2]
    SLICE_X9Y74          LUT6 (Prop_H6LUT_SLICEL_I3_O)
                                                      0.153     4.946 f  kr260_min_i/axi_ic_PS_0_S_AXI_HPC0_FPD/s00_couplers/auto_ds/inst/gen_downsizer.gen_simple_downsizer.axi_downsizer_inst/USE_READ.read_addr_inst/cmd_queue/inst/s_axi_rvalid_INST_0_i_4/O
                         net (fo=1, routed)           0.106     5.052    kr260_min_i/axi_ic_PS_0_S_AXI_HPC0_FPD/s00_couplers/auto_ds/inst/gen_downsizer.gen_simple_downsizer.axi_downsizer_inst/USE_READ.read_addr_inst/cmd_queue/inst/s_axi_rvalid_INST_0_i_4_n_0
    SLICE_X9Y73          LUT6 (Prop_C6LUT_SLICEL_I0_O)
                                                      0.056     5.108 f  kr260_min_i/axi_ic_PS_0_S_AXI_HPC0_FPD/s00_couplers/auto_ds/inst/gen_downsizer.gen_simple_downsizer.axi_downsizer_inst/USE_READ.read_addr_inst/cmd_queue/inst/s_axi_rvalid_INST_0_i_2/O
                         net (fo=1, routed)           0.096     5.204    kr260_min_i/axi_ic_PS_0_S_AXI_HPC0_FPD/s00_couplers/auto_ds/inst/gen_downsizer.gen_simple_downsizer.axi_downsizer_inst/USE_READ.read_addr_inst/cmd_queue/inst/s_axi_rvalid_INST_0_i_2_n_0
    SLICE_X9Y71          LUT4 (Prop_H6LUT_SLICEL_I0_O)
                                                      0.058     5.262 f  kr260_min_i/axi_ic_PS_0_S_AXI_HPC0_FPD/s00_couplers/auto_ds/inst/gen_downsizer.gen_simple_downsizer.axi_downsizer_inst/USE_READ.read_addr_inst/cmd_queue/inst/s_axi_rvalid_INST_0_i_1/O
                         net (fo=9, routed)           0.188     5.450    kr260_min_i/axi_ic_PS_0_S_AXI_HPC0_FPD/s00_couplers/auto_ds/inst/gen_downsizer.gen_simple_downsizer.axi_downsizer_inst/USE_READ.read_addr_inst/cmd_queue/inst/goreg_dm.dout_i_reg[34]
    SLICE_X9Y67          LUT3 (Prop_G6LUT_SLICEL_I0_O)
                                                      0.057     5.507 r  kr260_min_i/axi_ic_PS_0_S_AXI_HPC0_FPD/s00_couplers/auto_ds/inst/gen_downsizer.gen_simple_downsizer.axi_downsizer_inst/USE_READ.read_addr_inst/cmd_queue/inst/s_axi_rvalid_INST_0/O
                         net (fo=2, routed)           0.506     6.013    kr260_min_i/axi_ic_PS_0_S_AXI_HPC0_FPD/s00_couplers/auto_cc/inst/gen_clock_conv.gen_async_conv.asyncfifo_axi/inst_fifo_gen/gaxi_full_lite.gread_ch.grdch2.axi_rdch/grf.rf/gntv_or_sync_fifo.gl0.wr/gwas.wsts/m_axi_rvalid
    SLICE_X16Y60         LUT2 (Prop_D6LUT_SLICEL_I0_O)
                                                      0.081     6.094 r  kr260_min_i/axi_ic_PS_0_S_AXI_HPC0_FPD/s00_couplers/auto_cc/inst/gen_clock_conv.gen_async_conv.asyncfifo_axi/inst_fifo_gen/gaxi_full_lite.gread_ch.grdch2.axi_rdch/grf.rf/gntv_or_sync_fifo.gl0.wr/gwas.wsts/gic0.gc0.count_d1[3]_i_1__3/O
                         net (fo=604, routed)         0.585     6.679    kr260_min_i/axi_ic_PS_0_S_AXI_HPC0_FPD/s00_couplers/auto_cc/inst/gen_clock_conv.gen_async_conv.asyncfifo_axi/inst_fifo_gen/gaxi_full_lite.gread_ch.grdch2.axi_rdch/grf.rf/gntv_or_sync_fifo.mem/gdm.dm_gen.dm/RAM_reg_0_15_224_237/WE
    SLICE_X13Y65         RAMD32                                       r  kr260_min_i/axi_ic_PS_0_S_AXI_HPC0_FPD/s00_couplers/auto_cc/inst/gen_clock_conv.gen_async_conv.asyncfifo_axi/inst_fifo_gen/gaxi_full_lite.gread_ch.grdch2.axi_rdch/grf.rf/gntv_or_sync_fifo.mem/gdm.dm_gen.dm/RAM_reg_0_15_224_237/RAMB_D1/WE
  -------------------------------------------------------------------    -------------------

                         (clock clk_pl_0 rise edge)
                                                      4.000     4.000 r  
    PS8_X0Y0             PS8                          0.000     4.000 r  kr260_min_i/PS_0/inst/PS8_i/PLCLK[0]
                         net (fo=1, routed)           0.181     4.181    kr260_min_i/PS_0/inst/pl_clk_unbuffered[0]
    BUFG_PS_X0Y80        BUFG_PS (Prop_BUFG_PS_I_O)
                                                      0.035     4.216 r  kr260_min_i/PS_0/inst/buffer_pl_clk_0.PL_CLK_0_BUFG/O
    X1Y1 (CLOCK_ROOT)    net (fo=5669, routed)        2.835     7.051    kr260_min_i/axi_ic_PS_0_S_AXI_HPC0_FPD/s00_couplers/auto_cc/inst/gen_clock_conv.gen_async_conv.asyncfifo_axi/inst_fifo_gen/gaxi_full_lite.gread_ch.grdch2.axi_rdch/grf.rf/gntv_or_sync_fifo.mem/gdm.dm_gen.dm/RAM_reg_0_15_224_237/WCLK
    SLICE_X13Y65         RAMD32                                       r  kr260_min_i/axi_ic_PS_0_S_AXI_HPC0_FPD/s00_couplers/auto_cc/inst/gen_clock_conv.gen_async_conv.asyncfifo_axi/inst_fifo_gen/gaxi_full_lite.gread_ch.grdch2.axi_rdch/grf.rf/gntv_or_sync_fifo.mem/gdm.dm_gen.dm/RAM_reg_0_15_224_237/RAMB_D1/CLK
                         clock pessimism              0.240     7.291    
                         clock uncertainty           -0.122     7.169    
    SLICE_X13Y65         RAMD32 (Setup_B6LUT_SLICEM_CLK_WE)
                                                     -0.266     6.903    kr260_min_i/axi_ic_PS_0_S_AXI_HPC0_FPD/s00_couplers/auto_cc/inst/gen_clock_conv.gen_async_conv.asyncfifo_axi/inst_fifo_gen/gaxi_full_lite.gread_ch.grdch2.axi_rdch/grf.rf/gntv_or_sync_fifo.mem/gdm.dm_gen.dm/RAM_reg_0_15_224_237/RAMB_D1
  -------------------------------------------------------------------
                         required time                          6.903    
                         arrival time                          -6.679    
  -------------------------------------------------------------------
                         slack                                  0.224    

Slack (MET) :             0.224ns  (required time - arrival time)
  Source:                 kr260_min_i/axi_ic_PS_0_S_AXI_HPC0_FPD/s00_couplers/auto_ds/inst/gen_downsizer.gen_simple_downsizer.axi_downsizer_inst/USE_READ.read_data_inst/current_word_1_reg[1]/C
                            (rising edge-triggered cell FDRE clocked by clk_pl_0  {rise@0.000ns fall@2.000ns period=4.000ns})
  Destination:            kr260_min_i/axi_ic_PS_0_S_AXI_HPC0_FPD/s00_couplers/auto_cc/inst/gen_clock_conv.gen_async_conv.asyncfifo_axi/inst_fifo_gen/gaxi_full_lite.gread_ch.grdch2.axi_rdch/grf.rf/gntv_or_sync_fifo.mem/gdm.dm_gen.dm/RAM_reg_0_15_224_237/RAMC/WE
                            (rising edge-triggered cell RAMD32 clocked by clk_pl_0  {rise@0.000ns fall@2.000ns period=4.000ns})
  Path Group:             clk_pl_0
  Path Type:              Setup (Max at Slow Process Corner)
  Requirement:            4.000ns  (clk_pl_0 rise@4.000ns - clk_pl_0 rise@0.000ns)
  Data Path Delay:        3.256ns  (logic 0.966ns (29.668%)  route 2.290ns (70.332%))
  Logic Levels:           8  (LUT2=1 LUT3=1 LUT4=2 LUT5=1 LUT6=3)
  Clock Path Skew:        -0.132ns (DCD - SCD + CPR)
    Destination Clock Delay (DCD):    3.051ns = ( 7.051 - 4.000 ) 
    Source Clock Delay      (SCD):    3.423ns
    Clock Pessimism Removal (CPR):    0.240ns
  Clock Uncertainty:      0.122ns  ((TSJ^2 + DJ^2)^1/2) / 2 + PE
    Total System Jitter     (TSJ):    0.071ns
    Discrete Jitter          (DJ):    0.233ns
    Phase Error              (PE):    0.000ns
  Clock Net Delay (Source):      3.156ns (routing 1.584ns, distribution 1.572ns)
  Clock Net Delay (Destination): 2.835ns (routing 1.450ns, distribution 1.385ns)

    Location             Delay type                Incr(ns)  Path(ns)    Netlist Resource(s)
  -------------------------------------------------------------------    -------------------
                         (clock clk_pl_0 rise edge)
                                                      0.000     0.000 r  
    PS8_X0Y0             PS8                          0.000     0.000 r  kr260_min_i/PS_0/inst/PS8_i/PLCLK[0]
                         net (fo=1, routed)           0.229     0.229    kr260_min_i/PS_0/inst/pl_clk_unbuffered[0]
    BUFG_PS_X0Y80        BUFG_PS (Prop_BUFG_PS_I_O)
                                                      0.038     0.267 r  kr260_min_i/PS_0/inst/buffer_pl_clk_0.PL_CLK_0_BUFG/O
    X1Y1 (CLOCK_ROOT)    net (fo=5669, routed)        3.156     3.423    kr260_min_i/axi_ic_PS_0_S_AXI_HPC0_FPD/s00_couplers/auto_ds/inst/gen_downsizer.gen_simple_downsizer.axi_downsizer_inst/USE_READ.read_data_inst/CLK
    SLICE_X9Y74          FDRE                                         r  kr260_min_i/axi_ic_PS_0_S_AXI_HPC0_FPD/s00_couplers/auto_ds/inst/gen_downsizer.gen_simple_downsizer.axi_downsizer_inst/USE_READ.read_data_inst/current_word_1_reg[1]/C
  -------------------------------------------------------------------    -------------------
    SLICE_X9Y74          FDRE (Prop_AFF2_SLICEL_C_Q)
                                                      0.116     3.539 f  kr260_min_i/axi_ic_PS_0_S_AXI_HPC0_FPD/s00_couplers/auto_ds/inst/gen_downsizer.gen_simple_downsizer.axi_downsizer_inst/USE_READ.read_data_inst/current_word_1_reg[1]/Q
                         net (fo=1, routed)           0.359     3.898    kr260_min_i/axi_ic_PS_0_S_AXI_HPC0_FPD/s00_couplers/auto_ds/inst/gen_downsizer.gen_simple_downsizer.axi_downsizer_inst/USE_READ.read_data_inst/current_word_1[1]
    SLICE_X9Y74          LUT4 (Prop_C6LUT_SLICEL_I0_O)
                                                      0.081     3.979 f  kr260_min_i/axi_ic_PS_0_S_AXI_HPC0_FPD/s00_couplers/auto_ds/inst/gen_downsizer.gen_simple_downsizer.axi_downsizer_inst/USE_READ.read_data_inst/s_axi_rresp[1]_INST_0_i_4/O
                         net (fo=5, routed)           0.207     4.186    kr260_min_i/axi_ic_PS_0_S_AXI_HPC0_FPD/s00_couplers/auto_ds/inst/gen_downsizer.gen_simple_downsizer.axi_downsizer_inst/USE_READ.read_addr_inst/cmd_queue/inst/current_word_1_reg[1]
    SLICE_X10Y74         LUT5 (Prop_E6LUT_SLICEM_I0_O)
                                                      0.138     4.324 r  kr260_min_i/axi_ic_PS_0_S_AXI_HPC0_FPD/s00_couplers/auto_ds/inst/gen_downsizer.gen_simple_downsizer.axi_downsizer_inst/USE_READ.read_addr_inst/cmd_queue/inst/current_word_1[2]_i_3/O
                         net (fo=1, routed)           0.134     4.458    kr260_min_i/axi_ic_PS_0_S_AXI_HPC0_FPD/s00_couplers/auto_ds/inst/gen_downsizer.gen_simple_downsizer.axi_downsizer_inst/USE_READ.read_addr_inst/cmd_queue/inst/current_word_1[2]_i_3_n_0
    SLICE_X10Y74         LUT6 (Prop_G6LUT_SLICEM_I5_O)
                                                      0.226     4.684 f  kr260_min_i/axi_ic_PS_0_S_AXI_HPC0_FPD/s00_couplers/auto_ds/inst/gen_downsizer.gen_simple_downsizer.axi_downsizer_inst/USE_READ.read_addr_inst/cmd_queue/inst/current_word_1[2]_i_1/O
                         net (fo=2, routed)           0.109     4.793    kr260_min_i/axi_ic_PS_0_S_AXI_HPC0_FPD/s00_couplers/auto_ds/inst/gen_downsizer.gen_simple_downsizer.axi_downsizer_inst/USE_READ.read_addr_inst/cmd_queue/inst/D[2]
    SLICE_X9Y74          LUT6 (Prop_H6LUT_SLICEL_I3_O)
                                                      0.153     4.946 f  kr260_min_i/axi_ic_PS_0_S_AXI_HPC0_FPD/s00_couplers/auto_ds/inst/gen_downsizer.gen_simple_downsizer.axi_downsizer_inst/USE_READ.read_addr_inst/cmd_queue/inst/s_axi_rvalid_INST_0_i_4/O
                         net (fo=1, routed)           0.106     5.052    kr260_min_i/axi_ic_PS_0_S_AXI_HPC0_FPD/s00_couplers/auto_ds/inst/gen_downsizer.gen_simple_downsizer.axi_downsizer_inst/USE_READ.read_addr_inst/cmd_queue/inst/s_axi_rvalid_INST_0_i_4_n_0
    SLICE_X9Y73          LUT6 (Prop_C6LUT_SLICEL_I0_O)
                                                      0.056     5.108 f  kr260_min_i/axi_ic_PS_0_S_AXI_HPC0_FPD/s00_couplers/auto_ds/inst/gen_downsizer.gen_simple_downsizer.axi_downsizer_inst/USE_READ.read_addr_inst/cmd_queue/inst/s_axi_rvalid_INST_0_i_2/O
                         net (fo=1, routed)           0.096     5.204    kr260_min_i/axi_ic_PS_0_S_AXI_HPC0_FPD/s00_couplers/auto_ds/inst/gen_downsizer.gen_simple_downsizer.axi_downsizer_inst/USE_READ.read_addr_inst/cmd_queue/inst/s_axi_rvalid_INST_0_i_2_n_0
    SLICE_X9Y71          LUT4 (Prop_H6LUT_SLICEL_I0_O)
                                                      0.058     5.262 f  kr260_min_i/axi_ic_PS_0_S_AXI_HPC0_FPD/s00_couplers/auto_ds/inst/gen_downsizer.gen_simple_downsizer.axi_downsizer_inst/USE_READ.read_addr_inst/cmd_queue/inst/s_axi_rvalid_INST_0_i_1/O
                         net (fo=9, routed)           0.188     5.450    kr260_min_i/axi_ic_PS_0_S_AXI_HPC0_FPD/s00_couplers/auto_ds/inst/gen_downsizer.gen_simple_downsizer.axi_downsizer_inst/USE_READ.read_addr_inst/cmd_queue/inst/goreg_dm.dout_i_reg[34]
    SLICE_X9Y67          LUT3 (Prop_G6LUT_SLICEL_I0_O)
                                                      0.057     5.507 r  kr260_min_i/axi_ic_PS_0_S_AXI_HPC0_FPD/s00_couplers/auto_ds/inst/gen_downsizer.gen_simple_downsizer.axi_downsizer_inst/USE_READ.read_addr_inst/cmd_queue/inst/s_axi_rvalid_INST_0/O
                         net (fo=2, routed)           0.506     6.013    kr260_min_i/axi_ic_PS_0_S_AXI_HPC0_FPD/s00_couplers/auto_cc/inst/gen_clock_conv.gen_async_conv.asyncfifo_axi/inst_fifo_gen/gaxi_full_lite.gread_ch.grdch2.axi_rdch/grf.rf/gntv_or_sync_fifo.gl0.wr/gwas.wsts/m_axi_rvalid
    SLICE_X16Y60         LUT2 (Prop_D6LUT_SLICEL_I0_O)
                                                      0.081     6.094 r  kr260_min_i/axi_ic_PS_0_S_AXI_HPC0_FPD/s00_couplers/auto_cc/inst/gen_clock_conv.gen_async_conv.asyncfifo_axi/inst_fifo_gen/gaxi_full_lite.gread_ch.grdch2.axi_rdch/grf.rf/gntv_or_sync_fifo.gl0.wr/gwas.wsts/gic0.gc0.count_d1[3]_i_1__3/O
                         net (fo=604, routed)         0.585     6.679    kr260_min_i/axi_ic_PS_0_S_AXI_HPC0_FPD/s00_couplers/auto_cc/inst/gen_clock_conv.gen_async_conv.asyncfifo_axi/inst_fifo_gen/gaxi_full_lite.gread_ch.grdch2.axi_rdch/grf.rf/gntv_or_sync_fifo.mem/gdm.dm_gen.dm/RAM_reg_0_15_224_237/WE
    SLICE_X13Y65         RAMD32                                       r  kr260_min_i/axi_ic_PS_0_S_AXI_HPC0_FPD/s00_couplers/auto_cc/inst/gen_clock_conv.gen_async_conv.asyncfifo_axi/inst_fifo_gen/gaxi_full_lite.gread_ch.grdch2.axi_rdch/grf.rf/gntv_or_sync_fifo.mem/gdm.dm_gen.dm/RAM_reg_0_15_224_237/RAMC/WE
  -------------------------------------------------------------------    -------------------

                         (clock clk_pl_0 rise edge)
                                                      4.000     4.000 r  
    PS8_X0Y0             PS8                          0.000     4.000 r  kr260_min_i/PS_0/inst/PS8_i/PLCLK[0]
                         net (fo=1, routed)           0.181     4.181    kr260_min_i/PS_0/inst/pl_clk_unbuffered[0]
    BUFG_PS_X0Y80        BUFG_PS (Prop_BUFG_PS_I_O)
                                                      0.035     4.216 r  kr260_min_i/PS_0/inst/buffer_pl_clk_0.PL_CLK_0_BUFG/O
    X1Y1 (CLOCK_ROOT)    net (fo=5669, routed)        2.835     7.051    kr260_min_i/axi_ic_PS_0_S_AXI_HPC0_FPD/s00_couplers/auto_cc/inst/gen_clock_conv.gen_async_conv.asyncfifo_axi/inst_fifo_gen/gaxi_full_lite.gread_ch.grdch2.axi_rdch/grf.rf/gntv_or_sync_fifo.mem/gdm.dm_gen.dm/RAM_reg_0_15_224_237/WCLK
    SLICE_X13Y65         RAMD32                                       r  kr260_min_i/axi_ic_PS_0_S_AXI_HPC0_FPD/s00_couplers/auto_cc/inst/gen_clock_conv.gen_async_conv.asyncfifo_axi/inst_fifo_gen/gaxi_full_lite.gread_ch.grdch2.axi_rdch/grf.rf/gntv_or_sync_fifo.mem/gdm.dm_gen.dm/RAM_reg_0_15_224_237/RAMC/CLK
                         clock pessimism              0.240     7.291    
                         clock uncertainty           -0.122     7.169    
    SLICE_X13Y65         RAMD32 (Setup_C5LUT_SLICEM_CLK_WE)
                                                     -0.266     6.903    kr260_min_i/axi_ic_PS_0_S_AXI_HPC0_FPD/s00_couplers/auto_cc/inst/gen_clock_conv.gen_async_conv.asyncfifo_axi/inst_fifo_gen/gaxi_full_lite.gread_ch.grdch2.axi_rdch/grf.rf/gntv_or_sync_fifo.mem/gdm.dm_gen.dm/RAM_reg_0_15_224_237/RAMC
  -------------------------------------------------------------------
                         required time                          6.903    
                         arrival time                          -6.679    
  -------------------------------------------------------------------
                         slack                                  0.224    

Slack (MET) :             0.224ns  (required time - arrival time)
  Source:                 kr260_min_i/axi_ic_PS_0_S_AXI_HPC0_FPD/s00_couplers/auto_ds/inst/gen_downsizer.gen_simple_downsizer.axi_downsizer_inst/USE_READ.read_data_inst/current_word_1_reg[1]/C
                            (rising edge-triggered cell FDRE clocked by clk_pl_0  {rise@0.000ns fall@2.000ns period=4.000ns})
  Destination:            kr260_min_i/axi_ic_PS_0_S_AXI_HPC0_FPD/s00_couplers/auto_cc/inst/gen_clock_conv.gen_async_conv.asyncfifo_axi/inst_fifo_gen/gaxi_full_lite.gread_ch.grdch2.axi_rdch/grf.rf/gntv_or_sync_fifo.mem/gdm.dm_gen.dm/RAM_reg_0_15_224_237/RAMC_D1/WE
                            (rising edge-triggered cell RAMD32 clocked by clk_pl_0  {rise@0.000ns fall@2.000ns period=4.000ns})
  Path Group:             clk_pl_0
  Path Type:              Setup (Max at Slow Process Corner)
  Requirement:            4.000ns  (clk_pl_0 rise@4.000ns - clk_pl_0 rise@0.000ns)
  Data Path Delay:        3.256ns  (logic 0.966ns (29.668%)  route 2.290ns (70.332%))
  Logic Levels:           8  (LUT2=1 LUT3=1 LUT4=2 LUT5=1 LUT6=3)
  Clock Path Skew:        -0.132ns (DCD - SCD + CPR)
    Destination Clock Delay (DCD):    3.051ns = ( 7.051 - 4.000 ) 
    Source Clock Delay      (SCD):    3.423ns
    Clock Pessimism Removal (CPR):    0.240ns
  Clock Uncertainty:      0.122ns  ((TSJ^2 + DJ^2)^1/2) / 2 + PE
    Total System Jitter     (TSJ):    0.071ns
    Discrete Jitter          (DJ):    0.233ns
    Phase Error              (PE):    0.000ns
  Clock Net Delay (Source):      3.156ns (routing 1.584ns, distribution 1.572ns)
  Clock Net Delay (Destination): 2.835ns (routing 1.450ns, distribution 1.385ns)

    Location             Delay type                Incr(ns)  Path(ns)    Netlist Resource(s)
  -------------------------------------------------------------------    -------------------
                         (clock clk_pl_0 rise edge)
                                                      0.000     0.000 r  
    PS8_X0Y0             PS8                          0.000     0.000 r  kr260_min_i/PS_0/inst/PS8_i/PLCLK[0]
                         net (fo=1, routed)           0.229     0.229    kr260_min_i/PS_0/inst/pl_clk_unbuffered[0]
    BUFG_PS_X0Y80        BUFG_PS (Prop_BUFG_PS_I_O)
                                                      0.038     0.267 r  kr260_min_i/PS_0/inst/buffer_pl_clk_0.PL_CLK_0_BUFG/O
    X1Y1 (CLOCK_ROOT)    net (fo=5669, routed)        3.156     3.423    kr260_min_i/axi_ic_PS_0_S_AXI_HPC0_FPD/s00_couplers/auto_ds/inst/gen_downsizer.gen_simple_downsizer.axi_downsizer_inst/USE_READ.read_data_inst/CLK
    SLICE_X9Y74          FDRE                                         r  kr260_min_i/axi_ic_PS_0_S_AXI_HPC0_FPD/s00_couplers/auto_ds/inst/gen_downsizer.gen_simple_downsizer.axi_downsizer_inst/USE_READ.read_data_inst/current_word_1_reg[1]/C
  -------------------------------------------------------------------    -------------------
    SLICE_X9Y74          FDRE (Prop_AFF2_SLICEL_C_Q)
                                                      0.116     3.539 f  kr260_min_i/axi_ic_PS_0_S_AXI_HPC0_FPD/s00_couplers/auto_ds/inst/gen_downsizer.gen_simple_downsizer.axi_downsizer_inst/USE_READ.read_data_inst/current_word_1_reg[1]/Q
                         net (fo=1, routed)           0.359     3.898    kr260_min_i/axi_ic_PS_0_S_AXI_HPC0_FPD/s00_couplers/auto_ds/inst/gen_downsizer.gen_simple_downsizer.axi_downsizer_inst/USE_READ.read_data_inst/current_word_1[1]
    SLICE_X9Y74          LUT4 (Prop_C6LUT_SLICEL_I0_O)
                                                      0.081     3.979 f  kr260_min_i/axi_ic_PS_0_S_AXI_HPC0_FPD/s00_couplers/auto_ds/inst/gen_downsizer.gen_simple_downsizer.axi_downsizer_inst/USE_READ.read_data_inst/s_axi_rresp[1]_INST_0_i_4/O
                         net (fo=5, routed)           0.207     4.186    kr260_min_i/axi_ic_PS_0_S_AXI_HPC0_FPD/s00_couplers/auto_ds/inst/gen_downsizer.gen_simple_downsizer.axi_downsizer_inst/USE_READ.read_addr_inst/cmd_queue/inst/current_word_1_reg[1]
    SLICE_X10Y74         LUT5 (Prop_E6LUT_SLICEM_I0_O)
                                                      0.138     4.324 r  kr260_min_i/axi_ic_PS_0_S_AXI_HPC0_FPD/s00_couplers/auto_ds/inst/gen_downsizer.gen_simple_downsizer.axi_downsizer_inst/USE_READ.read_addr_inst/cmd_queue/inst/current_word_1[2]_i_3/O
                         net (fo=1, routed)           0.134     4.458    kr260_min_i/axi_ic_PS_0_S_AXI_HPC0_FPD/s00_couplers/auto_ds/inst/gen_downsizer.gen_simple_downsizer.axi_downsizer_inst/USE_READ.read_addr_inst/cmd_queue/inst/current_word_1[2]_i_3_n_0
    SLICE_X10Y74         LUT6 (Prop_G6LUT_SLICEM_I5_O)
                                                      0.226     4.684 f  kr260_min_i/axi_ic_PS_0_S_AXI_HPC0_FPD/s00_couplers/auto_ds/inst/gen_downsizer.gen_simple_downsizer.axi_downsizer_inst/USE_READ.read_addr_inst/cmd_queue/inst/current_word_1[2]_i_1/O
                         net (fo=2, routed)           0.109     4.793    kr260_min_i/axi_ic_PS_0_S_AXI_HPC0_FPD/s00_couplers/auto_ds/inst/gen_downsizer.gen_simple_downsizer.axi_downsizer_inst/USE_READ.read_addr_inst/cmd_queue/inst/D[2]
    SLICE_X9Y74          LUT6 (Prop_H6LUT_SLICEL_I3_O)
                                                      0.153     4.946 f  kr260_min_i/axi_ic_PS_0_S_AXI_HPC0_FPD/s00_couplers/auto_ds/inst/gen_downsizer.gen_simple_downsizer.axi_downsizer_inst/USE_READ.read_addr_inst/cmd_queue/inst/s_axi_rvalid_INST_0_i_4/O
                         net (fo=1, routed)           0.106     5.052    kr260_min_i/axi_ic_PS_0_S_AXI_HPC0_FPD/s00_couplers/auto_ds/inst/gen_downsizer.gen_simple_downsizer.axi_downsizer_inst/USE_READ.read_addr_inst/cmd_queue/inst/s_axi_rvalid_INST_0_i_4_n_0
    SLICE_X9Y73          LUT6 (Prop_C6LUT_SLICEL_I0_O)
                                                      0.056     5.108 f  kr260_min_i/axi_ic_PS_0_S_AXI_HPC0_FPD/s00_couplers/auto_ds/inst/gen_downsizer.gen_simple_downsizer.axi_downsizer_inst/USE_READ.read_addr_inst/cmd_queue/inst/s_axi_rvalid_INST_0_i_2/O
                         net (fo=1, routed)           0.096     5.204    kr260_min_i/axi_ic_PS_0_S_AXI_HPC0_FPD/s00_couplers/auto_ds/inst/gen_downsizer.gen_simple_downsizer.axi_downsizer_inst/USE_READ.read_addr_inst/cmd_queue/inst/s_axi_rvalid_INST_0_i_2_n_0
    SLICE_X9Y71          LUT4 (Prop_H6LUT_SLICEL_I0_O)
                                                      0.058     5.262 f  kr260_min_i/axi_ic_PS_0_S_AXI_HPC0_FPD/s00_couplers/auto_ds/inst/gen_downsizer.gen_simple_downsizer.axi_downsizer_inst/USE_READ.read_addr_inst/cmd_queue/inst/s_axi_rvalid_INST_0_i_1/O
                         net (fo=9, routed)           0.188     5.450    kr260_min_i/axi_ic_PS_0_S_AXI_HPC0_FPD/s00_couplers/auto_ds/inst/gen_downsizer.gen_simple_downsizer.axi_downsizer_inst/USE_READ.read_addr_inst/cmd_queue/inst/goreg_dm.dout_i_reg[34]
    SLICE_X9Y67          LUT3 (Prop_G6LUT_SLICEL_I0_O)
                                                      0.057     5.507 r  kr260_min_i/axi_ic_PS_0_S_AXI_HPC0_FPD/s00_couplers/auto_ds/inst/gen_downsizer.gen_simple_downsizer.axi_downsizer_inst/USE_READ.read_addr_inst/cmd_queue/inst/s_axi_rvalid_INST_0/O
                         net (fo=2, routed)           0.506     6.013    kr260_min_i/axi_ic_PS_0_S_AXI_HPC0_FPD/s00_couplers/auto_cc/inst/gen_clock_conv.gen_async_conv.asyncfifo_axi/inst_fifo_gen/gaxi_full_lite.gread_ch.grdch2.axi_rdch/grf.rf/gntv_or_sync_fifo.gl0.wr/gwas.wsts/m_axi_rvalid
    SLICE_X16Y60         LUT2 (Prop_D6LUT_SLICEL_I0_O)
                                                      0.081     6.094 r  kr260_min_i/axi_ic_PS_0_S_AXI_HPC0_FPD/s00_couplers/auto_cc/inst/gen_clock_conv.gen_async_conv.asyncfifo_axi/inst_fifo_gen/gaxi_full_lite.gread_ch.grdch2.axi_rdch/grf.rf/gntv_or_sync_fifo.gl0.wr/gwas.wsts/gic0.gc0.count_d1[3]_i_1__3/O
                         net (fo=604, routed)         0.585     6.679    kr260_min_i/axi_ic_PS_0_S_AXI_HPC0_FPD/s00_couplers/auto_cc/inst/gen_clock_conv.gen_async_conv.asyncfifo_axi/inst_fifo_gen/gaxi_full_lite.gread_ch.grdch2.axi_rdch/grf.rf/gntv_or_sync_fifo.mem/gdm.dm_gen.dm/RAM_reg_0_15_224_237/WE
    SLICE_X13Y65         RAMD32                                       r  kr260_min_i/axi_ic_PS_0_S_AXI_HPC0_FPD/s00_couplers/auto_cc/inst/gen_clock_conv.gen_async_conv.asyncfifo_axi/inst_fifo_gen/gaxi_full_lite.gread_ch.grdch2.axi_rdch/grf.rf/gntv_or_sync_fifo.mem/gdm.dm_gen.dm/RAM_reg_0_15_224_237/RAMC_D1/WE
  -------------------------------------------------------------------    -------------------

                         (clock clk_pl_0 rise edge)
                                                      4.000     4.000 r  
    PS8_X0Y0             PS8                          0.000     4.000 r  kr260_min_i/PS_0/inst/PS8_i/PLCLK[0]
                         net (fo=1, routed)           0.181     4.181    kr260_min_i/PS_0/inst/pl_clk_unbuffered[0]
    BUFG_PS_X0Y80        BUFG_PS (Prop_BUFG_PS_I_O)
                                                      0.035     4.216 r  kr260_min_i/PS_0/inst/buffer_pl_clk_0.PL_CLK_0_BUFG/O
    X1Y1 (CLOCK_ROOT)    net (fo=5669, routed)        2.835     7.051    kr260_min_i/axi_ic_PS_0_S_AXI_HPC0_FPD/s00_couplers/auto_cc/inst/gen_clock_conv.gen_async_conv.asyncfifo_axi/inst_fifo_gen/gaxi_full_lite.gread_ch.grdch2.axi_rdch/grf.rf/gntv_or_sync_fifo.mem/gdm.dm_gen.dm/RAM_reg_0_15_224_237/WCLK
    SLICE_X13Y65         RAMD32                                       r  kr260_min_i/axi_ic_PS_0_S_AXI_HPC0_FPD/s00_couplers/auto_cc/inst/gen_clock_conv.gen_async_conv.asyncfifo_axi/inst_fifo_gen/gaxi_full_lite.gread_ch.grdch2.axi_rdch/grf.rf/gntv_or_sync_fifo.mem/gdm.dm_gen.dm/RAM_reg_0_15_224_237/RAMC_D1/CLK
                         clock pessimism              0.240     7.291    
                         clock uncertainty           -0.122     7.169    
    SLICE_X13Y65         RAMD32 (Setup_C6LUT_SLICEM_CLK_WE)
                                                     -0.266     6.903    kr260_min_i/axi_ic_PS_0_S_AXI_HPC0_FPD/s00_couplers/auto_cc/inst/gen_clock_conv.gen_async_conv.asyncfifo_axi/inst_fifo_gen/gaxi_full_lite.gread_ch.grdch2.axi_rdch/grf.rf/gntv_or_sync_fifo.mem/gdm.dm_gen.dm/RAM_reg_0_15_224_237/RAMC_D1
  -------------------------------------------------------------------
                         required time                          6.903    
                         arrival time                          -6.679    
  -------------------------------------------------------------------
                         slack                                  0.224    

Slack (MET) :             0.224ns  (required time - arrival time)
  Source:                 kr260_min_i/axi_ic_PS_0_S_AXI_HPC0_FPD/s00_couplers/auto_ds/inst/gen_downsizer.gen_simple_downsizer.axi_downsizer_inst/USE_READ.read_data_inst/current_word_1_reg[1]/C
                            (rising edge-triggered cell FDRE clocked by clk_pl_0  {rise@0.000ns fall@2.000ns period=4.000ns})
  Destination:            kr260_min_i/axi_ic_PS_0_S_AXI_HPC0_FPD/s00_couplers/auto_cc/inst/gen_clock_conv.gen_async_conv.asyncfifo_axi/inst_fifo_gen/gaxi_full_lite.gread_ch.grdch2.axi_rdch/grf.rf/gntv_or_sync_fifo.mem/gdm.dm_gen.dm/RAM_reg_0_15_224_237/RAMD/WE
                            (rising edge-triggered cell RAMD32 clocked by clk_pl_0  {rise@0.000ns fall@2.000ns period=4.000ns})
  Path Group:             clk_pl_0
  Path Type:              Setup (Max at Slow Process Corner)
  Requirement:            4.000ns  (clk_pl_0 rise@4.000ns - clk_pl_0 rise@0.000ns)
  Data Path Delay:        3.256ns  (logic 0.966ns (29.668%)  route 2.290ns (70.332%))
  Logic Levels:           8  (LUT2=1 LUT3=1 LUT4=2 LUT5=1 LUT6=3)
  Clock Path Skew:        -0.132ns (DCD - SCD + CPR)
    Destination Clock Delay (DCD):    3.051ns = ( 7.051 - 4.000 ) 
    Source Clock Delay      (SCD):    3.423ns
    Clock Pessimism Removal (CPR):    0.240ns
  Clock Uncertainty:      0.122ns  ((TSJ^2 + DJ^2)^1/2) / 2 + PE
    Total System Jitter     (TSJ):    0.071ns
    Discrete Jitter          (DJ):    0.233ns
    Phase Error              (PE):    0.000ns
  Clock Net Delay (Source):      3.156ns (routing 1.584ns, distribution 1.572ns)
  Clock Net Delay (Destination): 2.835ns (routing 1.450ns, distribution 1.385ns)

    Location             Delay type                Incr(ns)  Path(ns)    Netlist Resource(s)
  -------------------------------------------------------------------    -------------------
                         (clock clk_pl_0 rise edge)
                                                      0.000     0.000 r  
    PS8_X0Y0             PS8                          0.000     0.000 r  kr260_min_i/PS_0/inst/PS8_i/PLCLK[0]
                         net (fo=1, routed)           0.229     0.229    kr260_min_i/PS_0/inst/pl_clk_unbuffered[0]
    BUFG_PS_X0Y80        BUFG_PS (Prop_BUFG_PS_I_O)
                                                      0.038     0.267 r  kr260_min_i/PS_0/inst/buffer_pl_clk_0.PL_CLK_0_BUFG/O
    X1Y1 (CLOCK_ROOT)    net (fo=5669, routed)        3.156     3.423    kr260_min_i/axi_ic_PS_0_S_AXI_HPC0_FPD/s00_couplers/auto_ds/inst/gen_downsizer.gen_simple_downsizer.axi_downsizer_inst/USE_READ.read_data_inst/CLK
    SLICE_X9Y74          FDRE                                         r  kr260_min_i/axi_ic_PS_0_S_AXI_HPC0_FPD/s00_couplers/auto_ds/inst/gen_downsizer.gen_simple_downsizer.axi_downsizer_inst/USE_READ.read_data_inst/current_word_1_reg[1]/C
  -------------------------------------------------------------------    -------------------
    SLICE_X9Y74          FDRE (Prop_AFF2_SLICEL_C_Q)
                                                      0.116     3.539 f  kr260_min_i/axi_ic_PS_0_S_AXI_HPC0_FPD/s00_couplers/auto_ds/inst/gen_downsizer.gen_simple_downsizer.axi_downsizer_inst/USE_READ.read_data_inst/current_word_1_reg[1]/Q
                         net (fo=1, routed)           0.359     3.898    kr260_min_i/axi_ic_PS_0_S_AXI_HPC0_FPD/s00_couplers/auto_ds/inst/gen_downsizer.gen_simple_downsizer.axi_downsizer_inst/USE_READ.read_data_inst/current_word_1[1]
    SLICE_X9Y74          LUT4 (Prop_C6LUT_SLICEL_I0_O)
                                                      0.081     3.979 f  kr260_min_i/axi_ic_PS_0_S_AXI_HPC0_FPD/s00_couplers/auto_ds/inst/gen_downsizer.gen_simple_downsizer.axi_downsizer_inst/USE_READ.read_data_inst/s_axi_rresp[1]_INST_0_i_4/O
                         net (fo=5, routed)           0.207     4.186    kr260_min_i/axi_ic_PS_0_S_AXI_HPC0_FPD/s00_couplers/auto_ds/inst/gen_downsizer.gen_simple_downsizer.axi_downsizer_inst/USE_READ.read_addr_inst/cmd_queue/inst/current_word_1_reg[1]
    SLICE_X10Y74         LUT5 (Prop_E6LUT_SLICEM_I0_O)
                                                      0.138     4.324 r  kr260_min_i/axi_ic_PS_0_S_AXI_HPC0_FPD/s00_couplers/auto_ds/inst/gen_downsizer.gen_simple_downsizer.axi_downsizer_inst/USE_READ.read_addr_inst/cmd_queue/inst/current_word_1[2]_i_3/O
                         net (fo=1, routed)           0.134     4.458    kr260_min_i/axi_ic_PS_0_S_AXI_HPC0_FPD/s00_couplers/auto_ds/inst/gen_downsizer.gen_simple_downsizer.axi_downsizer_inst/USE_READ.read_addr_inst/cmd_queue/inst/current_word_1[2]_i_3_n_0
    SLICE_X10Y74         LUT6 (Prop_G6LUT_SLICEM_I5_O)
                                                      0.226     4.684 f  kr260_min_i/axi_ic_PS_0_S_AXI_HPC0_FPD/s00_couplers/auto_ds/inst/gen_downsizer.gen_simple_downsizer.axi_downsizer_inst/USE_READ.read_addr_inst/cmd_queue/inst/current_word_1[2]_i_1/O
                         net (fo=2, routed)           0.109     4.793    kr260_min_i/axi_ic_PS_0_S_AXI_HPC0_FPD/s00_couplers/auto_ds/inst/gen_downsizer.gen_simple_downsizer.axi_downsizer_inst/USE_READ.read_addr_inst/cmd_queue/inst/D[2]
    SLICE_X9Y74          LUT6 (Prop_H6LUT_SLICEL_I3_O)
                                                      0.153     4.946 f  kr260_min_i/axi_ic_PS_0_S_AXI_HPC0_FPD/s00_couplers/auto_ds/inst/gen_downsizer.gen_simple_downsizer.axi_downsizer_inst/USE_READ.read_addr_inst/cmd_queue/inst/s_axi_rvalid_INST_0_i_4/O
                         net (fo=1, routed)           0.106     5.052    kr260_min_i/axi_ic_PS_0_S_AXI_HPC0_FPD/s00_couplers/auto_ds/inst/gen_downsizer.gen_simple_downsizer.axi_downsizer_inst/USE_READ.read_addr_inst/cmd_queue/inst/s_axi_rvalid_INST_0_i_4_n_0
    SLICE_X9Y73          LUT6 (Prop_C6LUT_SLICEL_I0_O)
                                                      0.056     5.108 f  kr260_min_i/axi_ic_PS_0_S_AXI_HPC0_FPD/s00_couplers/auto_ds/inst/gen_downsizer.gen_simple_downsizer.axi_downsizer_inst/USE_READ.read_addr_inst/cmd_queue/inst/s_axi_rvalid_INST_0_i_2/O
                         net (fo=1, routed)           0.096     5.204    kr260_min_i/axi_ic_PS_0_S_AXI_HPC0_FPD/s00_couplers/auto_ds/inst/gen_downsizer.gen_simple_downsizer.axi_downsizer_inst/USE_READ.read_addr_inst/cmd_queue/inst/s_axi_rvalid_INST_0_i_2_n_0
    SLICE_X9Y71          LUT4 (Prop_H6LUT_SLICEL_I0_O)
                                                      0.058     5.262 f  kr260_min_i/axi_ic_PS_0_S_AXI_HPC0_FPD/s00_couplers/auto_ds/inst/gen_downsizer.gen_simple_downsizer.axi_downsizer_inst/USE_READ.read_addr_inst/cmd_queue/inst/s_axi_rvalid_INST_0_i_1/O
                         net (fo=9, routed)           0.188     5.450    kr260_min_i/axi_ic_PS_0_S_AXI_HPC0_FPD/s00_couplers/auto_ds/inst/gen_downsizer.gen_simple_downsizer.axi_downsizer_inst/USE_READ.read_addr_inst/cmd_queue/inst/goreg_dm.dout_i_reg[34]
    SLICE_X9Y67          LUT3 (Prop_G6LUT_SLICEL_I0_O)
                                                      0.057     5.507 r  kr260_min_i/axi_ic_PS_0_S_AXI_HPC0_FPD/s00_couplers/auto_ds/inst/gen_downsizer.gen_simple_downsizer.axi_downsizer_inst/USE_READ.read_addr_inst/cmd_queue/inst/s_axi_rvalid_INST_0/O
                         net (fo=2, routed)           0.506     6.013    kr260_min_i/axi_ic_PS_0_S_AXI_HPC0_FPD/s00_couplers/auto_cc/inst/gen_clock_conv.gen_async_conv.asyncfifo_axi/inst_fifo_gen/gaxi_full_lite.gread_ch.grdch2.axi_rdch/grf.rf/gntv_or_sync_fifo.gl0.wr/gwas.wsts/m_axi_rvalid
    SLICE_X16Y60         LUT2 (Prop_D6LUT_SLICEL_I0_O)
                                                      0.081     6.094 r  kr260_min_i/axi_ic_PS_0_S_AXI_HPC0_FPD/s00_couplers/auto_cc/inst/gen_clock_conv.gen_async_conv.asyncfifo_axi/inst_fifo_gen/gaxi_full_lite.gread_ch.grdch2.axi_rdch/grf.rf/gntv_or_sync_fifo.gl0.wr/gwas.wsts/gic0.gc0.count_d1[3]_i_1__3/O
                         net (fo=604, routed)         0.585     6.679    kr260_min_i/axi_ic_PS_0_S_AXI_HPC0_FPD/s00_couplers/auto_cc/inst/gen_clock_conv.gen_async_conv.asyncfifo_axi/inst_fifo_gen/gaxi_full_lite.gread_ch.grdch2.axi_rdch/grf.rf/gntv_or_sync_fifo.mem/gdm.dm_gen.dm/RAM_reg_0_15_224_237/WE
    SLICE_X13Y65         RAMD32                                       r  kr260_min_i/axi_ic_PS_0_S_AXI_HPC0_FPD/s00_couplers/auto_cc/inst/gen_clock_conv.gen_async_conv.asyncfifo_axi/inst_fifo_gen/gaxi_full_lite.gread_ch.grdch2.axi_rdch/grf.rf/gntv_or_sync_fifo.mem/gdm.dm_gen.dm/RAM_reg_0_15_224_237/RAMD/WE
  -------------------------------------------------------------------    -------------------

                         (clock clk_pl_0 rise edge)
                                                      4.000     4.000 r  
    PS8_X0Y0             PS8                          0.000     4.000 r  kr260_min_i/PS_0/inst/PS8_i/PLCLK[0]
                         net (fo=1, routed)           0.181     4.181    kr260_min_i/PS_0/inst/pl_clk_unbuffered[0]
    BUFG_PS_X0Y80        BUFG_PS (Prop_BUFG_PS_I_O)
                                                      0.035     4.216 r  kr260_min_i/PS_0/inst/buffer_pl_clk_0.PL_CLK_0_BUFG/O
    X1Y1 (CLOCK_ROOT)    net (fo=5669, routed)        2.835     7.051    kr260_min_i/axi_ic_PS_0_S_AXI_HPC0_FPD/s00_couplers/auto_cc/inst/gen_clock_conv.gen_async_conv.asyncfifo_axi/inst_fifo_gen/gaxi_full_lite.gread_ch.grdch2.axi_rdch/grf.rf/gntv_or_sync_fifo.mem/gdm.dm_gen.dm/RAM_reg_0_15_224_237/WCLK
    SLICE_X13Y65         RAMD32                                       r  kr260_min_i/axi_ic_PS_0_S_AXI_HPC0_FPD/s00_couplers/auto_cc/inst/gen_clock_conv.gen_async_conv.asyncfifo_axi/inst_fifo_gen/gaxi_full_lite.gread_ch.grdch2.axi_rdch/grf.rf/gntv_or_sync_fifo.mem/gdm.dm_gen.dm/RAM_reg_0_15_224_237/RAMD/CLK
                         clock pessimism              0.240     7.291    
                         clock uncertainty           -0.122     7.169    
    SLICE_X13Y65         RAMD32 (Setup_D5LUT_SLICEM_CLK_WE)
                                                     -0.266     6.903    kr260_min_i/axi_ic_PS_0_S_AXI_HPC0_FPD/s00_couplers/auto_cc/inst/gen_clock_conv.gen_async_conv.asyncfifo_axi/inst_fifo_gen/gaxi_full_lite.gread_ch.grdch2.axi_rdch/grf.rf/gntv_or_sync_fifo.mem/gdm.dm_gen.dm/RAM_reg_0_15_224_237/RAMD
  -------------------------------------------------------------------
                         required time                          6.903    
                         arrival time                          -6.679    
  -------------------------------------------------------------------
                         slack                                  0.224    

Slack (MET) :             0.224ns  (required time - arrival time)
  Source:                 kr260_min_i/axi_ic_PS_0_S_AXI_HPC0_FPD/s00_couplers/auto_ds/inst/gen_downsizer.gen_simple_downsizer.axi_downsizer_inst/USE_READ.read_data_inst/current_word_1_reg[1]/C
                            (rising edge-triggered cell FDRE clocked by clk_pl_0  {rise@0.000ns fall@2.000ns period=4.000ns})
  Destination:            kr260_min_i/axi_ic_PS_0_S_AXI_HPC0_FPD/s00_couplers/auto_cc/inst/gen_clock_conv.gen_async_conv.asyncfifo_axi/inst_fifo_gen/gaxi_full_lite.gread_ch.grdch2.axi_rdch/grf.rf/gntv_or_sync_fifo.mem/gdm.dm_gen.dm/RAM_reg_0_15_224_237/RAMD_D1/WE
                            (rising edge-triggered cell RAMD32 clocked by clk_pl_0  {rise@0.000ns fall@2.000ns period=4.000ns})
  Path Group:             clk_pl_0
  Path Type:              Setup (Max at Slow Process Corner)
  Requirement:            4.000ns  (clk_pl_0 rise@4.000ns - clk_pl_0 rise@0.000ns)
  Data Path Delay:        3.256ns  (logic 0.966ns (29.668%)  route 2.290ns (70.332%))
  Logic Levels:           8  (LUT2=1 LUT3=1 LUT4=2 LUT5=1 LUT6=3)
  Clock Path Skew:        -0.132ns (DCD - SCD + CPR)
    Destination Clock Delay (DCD):    3.051ns = ( 7.051 - 4.000 ) 
    Source Clock Delay      (SCD):    3.423ns
    Clock Pessimism Removal (CPR):    0.240ns
  Clock Uncertainty:      0.122ns  ((TSJ^2 + DJ^2)^1/2) / 2 + PE
    Total System Jitter     (TSJ):    0.071ns
    Discrete Jitter          (DJ):    0.233ns
    Phase Error              (PE):    0.000ns
  Clock Net Delay (Source):      3.156ns (routing 1.584ns, distribution 1.572ns)
  Clock Net Delay (Destination): 2.835ns (routing 1.450ns, distribution 1.385ns)

    Location             Delay type                Incr(ns)  Path(ns)    Netlist Resource(s)
  -------------------------------------------------------------------    -------------------
                         (clock clk_pl_0 rise edge)
                                                      0.000     0.000 r  
    PS8_X0Y0             PS8                          0.000     0.000 r  kr260_min_i/PS_0/inst/PS8_i/PLCLK[0]
                         net (fo=1, routed)           0.229     0.229    kr260_min_i/PS_0/inst/pl_clk_unbuffered[0]
    BUFG_PS_X0Y80        BUFG_PS (Prop_BUFG_PS_I_O)
                                                      0.038     0.267 r  kr260_min_i/PS_0/inst/buffer_pl_clk_0.PL_CLK_0_BUFG/O
    X1Y1 (CLOCK_ROOT)    net (fo=5669, routed)        3.156     3.423    kr260_min_i/axi_ic_PS_0_S_AXI_HPC0_FPD/s00_couplers/auto_ds/inst/gen_downsizer.gen_simple_downsizer.axi_downsizer_inst/USE_READ.read_data_inst/CLK
    SLICE_X9Y74          FDRE                                         r  kr260_min_i/axi_ic_PS_0_S_AXI_HPC0_FPD/s00_couplers/auto_ds/inst/gen_downsizer.gen_simple_downsizer.axi_downsizer_inst/USE_READ.read_data_inst/current_word_1_reg[1]/C
  -------------------------------------------------------------------    -------------------
    SLICE_X9Y74          FDRE (Prop_AFF2_SLICEL_C_Q)
                                                      0.116     3.539 f  kr260_min_i/axi_ic_PS_0_S_AXI_HPC0_FPD/s00_couplers/auto_ds/inst/gen_downsizer.gen_simple_downsizer.axi_downsizer_inst/USE_READ.read_data_inst/current_word_1_reg[1]/Q
                         net (fo=1, routed)           0.359     3.898    kr260_min_i/axi_ic_PS_0_S_AXI_HPC0_FPD/s00_couplers/auto_ds/inst/gen_downsizer.gen_simple_downsizer.axi_downsizer_inst/USE_READ.read_data_inst/current_word_1[1]
    SLICE_X9Y74          LUT4 (Prop_C6LUT_SLICEL_I0_O)
                                                      0.081     3.979 f  kr260_min_i/axi_ic_PS_0_S_AXI_HPC0_FPD/s00_couplers/auto_ds/inst/gen_downsizer.gen_simple_downsizer.axi_downsizer_inst/USE_READ.read_data_inst/s_axi_rresp[1]_INST_0_i_4/O
                         net (fo=5, routed)           0.207     4.186    kr260_min_i/axi_ic_PS_0_S_AXI_HPC0_FPD/s00_couplers/auto_ds/inst/gen_downsizer.gen_simple_downsizer.axi_downsizer_inst/USE_READ.read_addr_inst/cmd_queue/inst/current_word_1_reg[1]
    SLICE_X10Y74         LUT5 (Prop_E6LUT_SLICEM_I0_O)
                                                      0.138     4.324 r  kr260_min_i/axi_ic_PS_0_S_AXI_HPC0_FPD/s00_couplers/auto_ds/inst/gen_downsizer.gen_simple_downsizer.axi_downsizer_inst/USE_READ.read_addr_inst/cmd_queue/inst/current_word_1[2]_i_3/O
                         net (fo=1, routed)           0.134     4.458    kr260_min_i/axi_ic_PS_0_S_AXI_HPC0_FPD/s00_couplers/auto_ds/inst/gen_downsizer.gen_simple_downsizer.axi_downsizer_inst/USE_READ.read_addr_inst/cmd_queue/inst/current_word_1[2]_i_3_n_0
    SLICE_X10Y74         LUT6 (Prop_G6LUT_SLICEM_I5_O)
                                                      0.226     4.684 f  kr260_min_i/axi_ic_PS_0_S_AXI_HPC0_FPD/s00_couplers/auto_ds/inst/gen_downsizer.gen_simple_downsizer.axi_downsizer_inst/USE_READ.read_addr_inst/cmd_queue/inst/current_word_1[2]_i_1/O
                         net (fo=2, routed)           0.109     4.793    kr260_min_i/axi_ic_PS_0_S_AXI_HPC0_FPD/s00_couplers/auto_ds/inst/gen_downsizer.gen_simple_downsizer.axi_downsizer_inst/USE_READ.read_addr_inst/cmd_queue/inst/D[2]
    SLICE_X9Y74          LUT6 (Prop_H6LUT_SLICEL_I3_O)
                                                      0.153     4.946 f  kr260_min_i/axi_ic_PS_0_S_AXI_HPC0_FPD/s00_couplers/auto_ds/inst/gen_downsizer.gen_simple_downsizer.axi_downsizer_inst/USE_READ.read_addr_inst/cmd_queue/inst/s_axi_rvalid_INST_0_i_4/O
                         net (fo=1, routed)           0.106     5.052    kr260_min_i/axi_ic_PS_0_S_AXI_HPC0_FPD/s00_couplers/auto_ds/inst/gen_downsizer.gen_simple_downsizer.axi_downsizer_inst/USE_READ.read_addr_inst/cmd_queue/inst/s_axi_rvalid_INST_0_i_4_n_0
    SLICE_X9Y73          LUT6 (Prop_C6LUT_SLICEL_I0_O)
                                                      0.056     5.108 f  kr260_min_i/axi_ic_PS_0_S_AXI_HPC0_FPD/s00_couplers/auto_ds/inst/gen_downsizer.gen_simple_downsizer.axi_downsizer_inst/USE_READ.read_addr_inst/cmd_queue/inst/s_axi_rvalid_INST_0_i_2/O
                         net (fo=1, routed)           0.096     5.204    kr260_min_i/axi_ic_PS_0_S_AXI_HPC0_FPD/s00_couplers/auto_ds/inst/gen_downsizer.gen_simple_downsizer.axi_downsizer_inst/USE_READ.read_addr_inst/cmd_queue/inst/s_axi_rvalid_INST_0_i_2_n_0
    SLICE_X9Y71          LUT4 (Prop_H6LUT_SLICEL_I0_O)
                                                      0.058     5.262 f  kr260_min_i/axi_ic_PS_0_S_AXI_HPC0_FPD/s00_couplers/auto_ds/inst/gen_downsizer.gen_simple_downsizer.axi_downsizer_inst/USE_READ.read_addr_inst/cmd_queue/inst/s_axi_rvalid_INST_0_i_1/O
                         net (fo=9, routed)           0.188     5.450    kr260_min_i/axi_ic_PS_0_S_AXI_HPC0_FPD/s00_couplers/auto_ds/inst/gen_downsizer.gen_simple_downsizer.axi_downsizer_inst/USE_READ.read_addr_inst/cmd_queue/inst/goreg_dm.dout_i_reg[34]
    SLICE_X9Y67          LUT3 (Prop_G6LUT_SLICEL_I0_O)
                                                      0.057     5.507 r  kr260_min_i/axi_ic_PS_0_S_AXI_HPC0_FPD/s00_couplers/auto_ds/inst/gen_downsizer.gen_simple_downsizer.axi_downsizer_inst/USE_READ.read_addr_inst/cmd_queue/inst/s_axi_rvalid_INST_0/O
                         net (fo=2, routed)           0.506     6.013    kr260_min_i/axi_ic_PS_0_S_AXI_HPC0_FPD/s00_couplers/auto_cc/inst/gen_clock_conv.gen_async_conv.asyncfifo_axi/inst_fifo_gen/gaxi_full_lite.gread_ch.grdch2.axi_rdch/grf.rf/gntv_or_sync_fifo.gl0.wr/gwas.wsts/m_axi_rvalid
    SLICE_X16Y60         LUT2 (Prop_D6LUT_SLICEL_I0_O)
                                                      0.081     6.094 r  kr260_min_i/axi_ic_PS_0_S_AXI_HPC0_FPD/s00_couplers/auto_cc/inst/gen_clock_conv.gen_async_conv.asyncfifo_axi/inst_fifo_gen/gaxi_full_lite.gread_ch.grdch2.axi_rdch/grf.rf/gntv_or_sync_fifo.gl0.wr/gwas.wsts/gic0.gc0.count_d1[3]_i_1__3/O
                         net (fo=604, routed)         0.585     6.679    kr260_min_i/axi_ic_PS_0_S_AXI_HPC0_FPD/s00_couplers/auto_cc/inst/gen_clock_conv.gen_async_conv.asyncfifo_axi/inst_fifo_gen/gaxi_full_lite.gread_ch.grdch2.axi_rdch/grf.rf/gntv_or_sync_fifo.mem/gdm.dm_gen.dm/RAM_reg_0_15_224_237/WE
    SLICE_X13Y65         RAMD32                                       r  kr260_min_i/axi_ic_PS_0_S_AXI_HPC0_FPD/s00_couplers/auto_cc/inst/gen_clock_conv.gen_async_conv.asyncfifo_axi/inst_fifo_gen/gaxi_full_lite.gread_ch.grdch2.axi_rdch/grf.rf/gntv_or_sync_fifo.mem/gdm.dm_gen.dm/RAM_reg_0_15_224_237/RAMD_D1/WE
  -------------------------------------------------------------------    -------------------

                         (clock clk_pl_0 rise edge)
                                                      4.000     4.000 r  
    PS8_X0Y0             PS8                          0.000     4.000 r  kr260_min_i/PS_0/inst/PS8_i/PLCLK[0]
                         net (fo=1, routed)           0.181     4.181    kr260_min_i/PS_0/inst/pl_clk_unbuffered[0]
    BUFG_PS_X0Y80        BUFG_PS (Prop_BUFG_PS_I_O)
                                                      0.035     4.216 r  kr260_min_i/PS_0/inst/buffer_pl_clk_0.PL_CLK_0_BUFG/O
    X1Y1 (CLOCK_ROOT)    net (fo=5669, routed)        2.835     7.051    kr260_min_i/axi_ic_PS_0_S_AXI_HPC0_FPD/s00_couplers/auto_cc/inst/gen_clock_conv.gen_async_conv.asyncfifo_axi/inst_fifo_gen/gaxi_full_lite.gread_ch.grdch2.axi_rdch/grf.rf/gntv_or_sync_fifo.mem/gdm.dm_gen.dm/RAM_reg_0_15_224_237/WCLK
    SLICE_X13Y65         RAMD32                                       r  kr260_min_i/axi_ic_PS_0_S_AXI_HPC0_FPD/s00_couplers/auto_cc/inst/gen_clock_conv.gen_async_conv.asyncfifo_axi/inst_fifo_gen/gaxi_full_lite.gread_ch.grdch2.axi_rdch/grf.rf/gntv_or_sync_fifo.mem/gdm.dm_gen.dm/RAM_reg_0_15_224_237/RAMD_D1/CLK
                         clock pessimism              0.240     7.291    
                         clock uncertainty           -0.122     7.169    
    SLICE_X13Y65         RAMD32 (Setup_D6LUT_SLICEM_CLK_WE)
                                                     -0.266     6.903    kr260_min_i/axi_ic_PS_0_S_AXI_HPC0_FPD/s00_couplers/auto_cc/inst/gen_clock_conv.gen_async_conv.asyncfifo_axi/inst_fifo_gen/gaxi_full_lite.gread_ch.grdch2.axi_rdch/grf.rf/gntv_or_sync_fifo.mem/gdm.dm_gen.dm/RAM_reg_0_15_224_237/RAMD_D1
  -------------------------------------------------------------------
                         required time                          6.903    
                         arrival time                          -6.679    
  -------------------------------------------------------------------
                         slack                                  0.224    

Slack (MET) :             0.224ns  (required time - arrival time)
  Source:                 kr260_min_i/axi_ic_PS_0_S_AXI_HPC0_FPD/s00_couplers/auto_ds/inst/gen_downsizer.gen_simple_downsizer.axi_downsizer_inst/USE_READ.read_data_inst/current_word_1_reg[1]/C
                            (rising edge-triggered cell FDRE clocked by clk_pl_0  {rise@0.000ns fall@2.000ns period=4.000ns})
  Destination:            kr260_min_i/axi_ic_PS_0_S_AXI_HPC0_FPD/s00_couplers/auto_cc/inst/gen_clock_conv.gen_async_conv.asyncfifo_axi/inst_fifo_gen/gaxi_full_lite.gread_ch.grdch2.axi_rdch/grf.rf/gntv_or_sync_fifo.mem/gdm.dm_gen.dm/RAM_reg_0_15_224_237/RAME/WE
                            (rising edge-triggered cell RAMD32 clocked by clk_pl_0  {rise@0.000ns fall@2.000ns period=4.000ns})
  Path Group:             clk_pl_0
  Path Type:              Setup (Max at Slow Process Corner)
  Requirement:            4.000ns  (clk_pl_0 rise@4.000ns - clk_pl_0 rise@0.000ns)
  Data Path Delay:        3.256ns  (logic 0.966ns (29.668%)  route 2.290ns (70.332%))
  Logic Levels:           8  (LUT2=1 LUT3=1 LUT4=2 LUT5=1 LUT6=3)
  Clock Path Skew:        -0.132ns (DCD - SCD + CPR)
    Destination Clock Delay (DCD):    3.051ns = ( 7.051 - 4.000 ) 
    Source Clock Delay      (SCD):    3.423ns
    Clock Pessimism Removal (CPR):    0.240ns
  Clock Uncertainty:      0.122ns  ((TSJ^2 + DJ^2)^1/2) / 2 + PE
    Total System Jitter     (TSJ):    0.071ns
    Discrete Jitter          (DJ):    0.233ns
    Phase Error              (PE):    0.000ns
  Clock Net Delay (Source):      3.156ns (routing 1.584ns, distribution 1.572ns)
  Clock Net Delay (Destination): 2.835ns (routing 1.450ns, distribution 1.385ns)

    Location             Delay type                Incr(ns)  Path(ns)    Netlist Resource(s)
  -------------------------------------------------------------------    -------------------
                         (clock clk_pl_0 rise edge)
                                                      0.000     0.000 r  
    PS8_X0Y0             PS8                          0.000     0.000 r  kr260_min_i/PS_0/inst/PS8_i/PLCLK[0]
                         net (fo=1, routed)           0.229     0.229    kr260_min_i/PS_0/inst/pl_clk_unbuffered[0]
    BUFG_PS_X0Y80        BUFG_PS (Prop_BUFG_PS_I_O)
                                                      0.038     0.267 r  kr260_min_i/PS_0/inst/buffer_pl_clk_0.PL_CLK_0_BUFG/O
    X1Y1 (CLOCK_ROOT)    net (fo=5669, routed)        3.156     3.423    kr260_min_i/axi_ic_PS_0_S_AXI_HPC0_FPD/s00_couplers/auto_ds/inst/gen_downsizer.gen_simple_downsizer.axi_downsizer_inst/USE_READ.read_data_inst/CLK
    SLICE_X9Y74          FDRE                                         r  kr260_min_i/axi_ic_PS_0_S_AXI_HPC0_FPD/s00_couplers/auto_ds/inst/gen_downsizer.gen_simple_downsizer.axi_downsizer_inst/USE_READ.read_data_inst/current_word_1_reg[1]/C
  -------------------------------------------------------------------    -------------------
    SLICE_X9Y74          FDRE (Prop_AFF2_SLICEL_C_Q)
                                                      0.116     3.539 f  kr260_min_i/axi_ic_PS_0_S_AXI_HPC0_FPD/s00_couplers/auto_ds/inst/gen_downsizer.gen_simple_downsizer.axi_downsizer_inst/USE_READ.read_data_inst/current_word_1_reg[1]/Q
                         net (fo=1, routed)           0.359     3.898    kr260_min_i/axi_ic_PS_0_S_AXI_HPC0_FPD/s00_couplers/auto_ds/inst/gen_downsizer.gen_simple_downsizer.axi_downsizer_inst/USE_READ.read_data_inst/current_word_1[1]
    SLICE_X9Y74          LUT4 (Prop_C6LUT_SLICEL_I0_O)
                                                      0.081     3.979 f  kr260_min_i/axi_ic_PS_0_S_AXI_HPC0_FPD/s00_couplers/auto_ds/inst/gen_downsizer.gen_simple_downsizer.axi_downsizer_inst/USE_READ.read_data_inst/s_axi_rresp[1]_INST_0_i_4/O
                         net (fo=5, routed)           0.207     4.186    kr260_min_i/axi_ic_PS_0_S_AXI_HPC0_FPD/s00_couplers/auto_ds/inst/gen_downsizer.gen_simple_downsizer.axi_downsizer_inst/USE_READ.read_addr_inst/cmd_queue/inst/current_word_1_reg[1]
    SLICE_X10Y74         LUT5 (Prop_E6LUT_SLICEM_I0_O)
                                                      0.138     4.324 r  kr260_min_i/axi_ic_PS_0_S_AXI_HPC0_FPD/s00_couplers/auto_ds/inst/gen_downsizer.gen_simple_downsizer.axi_downsizer_inst/USE_READ.read_addr_inst/cmd_queue/inst/current_word_1[2]_i_3/O
                         net (fo=1, routed)           0.134     4.458    kr260_min_i/axi_ic_PS_0_S_AXI_HPC0_FPD/s00_couplers/auto_ds/inst/gen_downsizer.gen_simple_downsizer.axi_downsizer_inst/USE_READ.read_addr_inst/cmd_queue/inst/current_word_1[2]_i_3_n_0
    SLICE_X10Y74         LUT6 (Prop_G6LUT_SLICEM_I5_O)
                                                      0.226     4.684 f  kr260_min_i/axi_ic_PS_0_S_AXI_HPC0_FPD/s00_couplers/auto_ds/inst/gen_downsizer.gen_simple_downsizer.axi_downsizer_inst/USE_READ.read_addr_inst/cmd_queue/inst/current_word_1[2]_i_1/O
                         net (fo=2, routed)           0.109     4.793    kr260_min_i/axi_ic_PS_0_S_AXI_HPC0_FPD/s00_couplers/auto_ds/inst/gen_downsizer.gen_simple_downsizer.axi_downsizer_inst/USE_READ.read_addr_inst/cmd_queue/inst/D[2]
    SLICE_X9Y74          LUT6 (Prop_H6LUT_SLICEL_I3_O)
                                                      0.153     4.946 f  kr260_min_i/axi_ic_PS_0_S_AXI_HPC0_FPD/s00_couplers/auto_ds/inst/gen_downsizer.gen_simple_downsizer.axi_downsizer_inst/USE_READ.read_addr_inst/cmd_queue/inst/s_axi_rvalid_INST_0_i_4/O
                         net (fo=1, routed)           0.106     5.052    kr260_min_i/axi_ic_PS_0_S_AXI_HPC0_FPD/s00_couplers/auto_ds/inst/gen_downsizer.gen_simple_downsizer.axi_downsizer_inst/USE_READ.read_addr_inst/cmd_queue/inst/s_axi_rvalid_INST_0_i_4_n_0
    SLICE_X9Y73          LUT6 (Prop_C6LUT_SLICEL_I0_O)
                                                      0.056     5.108 f  kr260_min_i/axi_ic_PS_0_S_AXI_HPC0_FPD/s00_couplers/auto_ds/inst/gen_downsizer.gen_simple_downsizer.axi_downsizer_inst/USE_READ.read_addr_inst/cmd_queue/inst/s_axi_rvalid_INST_0_i_2/O
                         net (fo=1, routed)           0.096     5.204    kr260_min_i/axi_ic_PS_0_S_AXI_HPC0_FPD/s00_couplers/auto_ds/inst/gen_downsizer.gen_simple_downsizer.axi_downsizer_inst/USE_READ.read_addr_inst/cmd_queue/inst/s_axi_rvalid_INST_0_i_2_n_0
    SLICE_X9Y71          LUT4 (Prop_H6LUT_SLICEL_I0_O)
                                                      0.058     5.262 f  kr260_min_i/axi_ic_PS_0_S_AXI_HPC0_FPD/s00_couplers/auto_ds/inst/gen_downsizer.gen_simple_downsizer.axi_downsizer_inst/USE_READ.read_addr_inst/cmd_queue/inst/s_axi_rvalid_INST_0_i_1/O
                         net (fo=9, routed)           0.188     5.450    kr260_min_i/axi_ic_PS_0_S_AXI_HPC0_FPD/s00_couplers/auto_ds/inst/gen_downsizer.gen_simple_downsizer.axi_downsizer_inst/USE_READ.read_addr_inst/cmd_queue/inst/goreg_dm.dout_i_reg[34]
    SLICE_X9Y67          LUT3 (Prop_G6LUT_SLICEL_I0_O)
                                                      0.057     5.507 r  kr260_min_i/axi_ic_PS_0_S_AXI_HPC0_FPD/s00_couplers/auto_ds/inst/gen_downsizer.gen_simple_downsizer.axi_downsizer_inst/USE_READ.read_addr_inst/cmd_queue/inst/s_axi_rvalid_INST_0/O
                         net (fo=2, routed)           0.506     6.013    kr260_min_i/axi_ic_PS_0_S_AXI_HPC0_FPD/s00_couplers/auto_cc/inst/gen_clock_conv.gen_async_conv.asyncfifo_axi/inst_fifo_gen/gaxi_full_lite.gread_ch.grdch2.axi_rdch/grf.rf/gntv_or_sync_fifo.gl0.wr/gwas.wsts/m_axi_rvalid
    SLICE_X16Y60         LUT2 (Prop_D6LUT_SLICEL_I0_O)
                                                      0.081     6.094 r  kr260_min_i/axi_ic_PS_0_S_AXI_HPC0_FPD/s00_couplers/auto_cc/inst/gen_clock_conv.gen_async_conv.asyncfifo_axi/inst_fifo_gen/gaxi_full_lite.gread_ch.grdch2.axi_rdch/grf.rf/gntv_or_sync_fifo.gl0.wr/gwas.wsts/gic0.gc0.count_d1[3]_i_1__3/O
                         net (fo=604, routed)         0.585     6.679    kr260_min_i/axi_ic_PS_0_S_AXI_HPC0_FPD/s00_couplers/auto_cc/inst/gen_clock_conv.gen_async_conv.asyncfifo_axi/inst_fifo_gen/gaxi_full_lite.gread_ch.grdch2.axi_rdch/grf.rf/gntv_or_sync_fifo.mem/gdm.dm_gen.dm/RAM_reg_0_15_224_237/WE
    SLICE_X13Y65         RAMD32                                       r  kr260_min_i/axi_ic_PS_0_S_AXI_HPC0_FPD/s00_couplers/auto_cc/inst/gen_clock_conv.gen_async_conv.asyncfifo_axi/inst_fifo_gen/gaxi_full_lite.gread_ch.grdch2.axi_rdch/grf.rf/gntv_or_sync_fifo.mem/gdm.dm_gen.dm/RAM_reg_0_15_224_237/RAME/WE
  -------------------------------------------------------------------    -------------------

                         (clock clk_pl_0 rise edge)
                                                      4.000     4.000 r  
    PS8_X0Y0             PS8                          0.000     4.000 r  kr260_min_i/PS_0/inst/PS8_i/PLCLK[0]
                         net (fo=1, routed)           0.181     4.181    kr260_min_i/PS_0/inst/pl_clk_unbuffered[0]
    BUFG_PS_X0Y80        BUFG_PS (Prop_BUFG_PS_I_O)
                                                      0.035     4.216 r  kr260_min_i/PS_0/inst/buffer_pl_clk_0.PL_CLK_0_BUFG/O
    X1Y1 (CLOCK_ROOT)    net (fo=5669, routed)        2.835     7.051    kr260_min_i/axi_ic_PS_0_S_AXI_HPC0_FPD/s00_couplers/auto_cc/inst/gen_clock_conv.gen_async_conv.asyncfifo_axi/inst_fifo_gen/gaxi_full_lite.gread_ch.grdch2.axi_rdch/grf.rf/gntv_or_sync_fifo.mem/gdm.dm_gen.dm/RAM_reg_0_15_224_237/WCLK
    SLICE_X13Y65         RAMD32                                       r  kr260_min_i/axi_ic_PS_0_S_AXI_HPC0_FPD/s00_couplers/auto_cc/inst/gen_clock_conv.gen_async_conv.asyncfifo_axi/inst_fifo_gen/gaxi_full_lite.gread_ch.grdch2.axi_rdch/grf.rf/gntv_or_sync_fifo.mem/gdm.dm_gen.dm/RAM_reg_0_15_224_237/RAME/CLK
                         clock pessimism              0.240     7.291    
                         clock uncertainty           -0.122     7.169    
    SLICE_X13Y65         RAMD32 (Setup_E5LUT_SLICEM_CLK_WE)
                                                     -0.266     6.903    kr260_min_i/axi_ic_PS_0_S_AXI_HPC0_FPD/s00_couplers/auto_cc/inst/gen_clock_conv.gen_async_conv.asyncfifo_axi/inst_fifo_gen/gaxi_full_lite.gread_ch.grdch2.axi_rdch/grf.rf/gntv_or_sync_fifo.mem/gdm.dm_gen.dm/RAM_reg_0_15_224_237/RAME
  -------------------------------------------------------------------
                         required time                          6.903    
                         arrival time                          -6.679    
  -------------------------------------------------------------------
                         slack                                  0.224    





Min Delay Paths
--------------------------------------------------------------------------------------
Slack (MET) :             0.010ns  (arrival time - required time)
  Source:                 kr260_min_i/axi_ic_PS_0_S_AXI_HPC0_FPD/s00_couplers/auto_cc/inst/gen_clock_conv.gen_async_conv.asyncfifo_axi/inst_fifo_gen/gaxi_full_lite.gwrite_ch.gwdch2.axi_wdch/grf.rf/gntv_or_sync_fifo.mem/gdm.dm_gen.dm/gpr1.dout_i_reg[495]/C
                            (rising edge-triggered cell FDRE clocked by clk_pl_0  {rise@0.000ns fall@2.000ns period=4.000ns})
  Destination:            kr260_min_i/axi_ic_PS_0_S_AXI_HPC0_FPD/s00_couplers/auto_cc/inst/gen_clock_conv.gen_async_conv.asyncfifo_axi/inst_fifo_gen/gaxi_full_lite.gwrite_ch.gwdch2.axi_wdch/grf.rf/gntv_or_sync_fifo.mem/goreg_dm.dout_i_reg[495]/D
                            (rising edge-triggered cell FDRE clocked by clk_pl_0  {rise@0.000ns fall@2.000ns period=4.000ns})
  Path Group:             clk_pl_0
  Path Type:              Hold (Min at Slow Process Corner)
  Requirement:            0.000ns  (clk_pl_0 rise@0.000ns - clk_pl_0 rise@0.000ns)
  Data Path Delay:        0.251ns  (logic 0.113ns (45.020%)  route 0.138ns (54.980%))
  Logic Levels:           0  
  Clock Path Skew:        0.139ns (DCD - SCD - CPR)
    Destination Clock Delay (DCD):    3.412ns
    Source Clock Delay      (SCD):    3.039ns
    Clock Pessimism Removal (CPR):    0.234ns
  Clock Net Delay (Source):      2.823ns (routing 1.450ns, distribution 1.373ns)
  Clock Net Delay (Destination): 3.145ns (routing 1.584ns, distribution 1.561ns)

    Location             Delay type                Incr(ns)  Path(ns)    Netlist Resource(s)
  -------------------------------------------------------------------    -------------------
                         (clock clk_pl_0 rise edge)
                                                      0.000     0.000 r  
    PS8_X0Y0             PS8                          0.000     0.000 r  kr260_min_i/PS_0/inst/PS8_i/PLCLK[0]
                         net (fo=1, routed)           0.181     0.181    kr260_min_i/PS_0/inst/pl_clk_unbuffered[0]
    BUFG_PS_X0Y80        BUFG_PS (Prop_BUFG_PS_I_O)
                                                      0.035     0.216 r  kr260_min_i/PS_0/inst/buffer_pl_clk_0.PL_CLK_0_BUFG/O
    X1Y1 (CLOCK_ROOT)    net (fo=5669, routed)        2.823     3.039    kr260_min_i/axi_ic_PS_0_S_AXI_HPC0_FPD/s00_couplers/auto_cc/inst/gen_clock_conv.gen_async_conv.asyncfifo_axi/inst_fifo_gen/gaxi_full_lite.gwrite_ch.gwdch2.axi_wdch/grf.rf/gntv_or_sync_fifo.mem/gdm.dm_gen.dm/m_aclk
    SLICE_X6Y40          FDRE                                         r  kr260_min_i/axi_ic_PS_0_S_AXI_HPC0_FPD/s00_couplers/auto_cc/inst/gen_clock_conv.gen_async_conv.asyncfifo_axi/inst_fifo_gen/gaxi_full_lite.gwrite_ch.gwdch2.axi_wdch/grf.rf/gntv_or_sync_fifo.mem/gdm.dm_gen.dm/gpr1.dout_i_reg[495]/C
  -------------------------------------------------------------------    -------------------
    SLICE_X6Y40          FDRE (Prop_BFF2_SLICEL_C_Q)
                                                      0.113     3.152 r  kr260_min_i/axi_ic_PS_0_S_AXI_HPC0_FPD/s00_couplers/auto_cc/inst/gen_clock_conv.gen_async_conv.asyncfifo_axi/inst_fifo_gen/gaxi_full_lite.gwrite_ch.gwdch2.axi_wdch/grf.rf/gntv_or_sync_fifo.mem/gdm.dm_gen.dm/gpr1.dout_i_reg[495]/Q
                         net (fo=1, routed)           0.138     3.290    kr260_min_i/axi_ic_PS_0_S_AXI_HPC0_FPD/s00_couplers/auto_cc/inst/gen_clock_conv.gen_async_conv.asyncfifo_axi/inst_fifo_gen/gaxi_full_lite.gwrite_ch.gwdch2.axi_wdch/grf.rf/gntv_or_sync_fifo.mem/gdm.dm_gen.dm_n_81
    SLICE_X3Y40          FDRE                                         r  kr260_min_i/axi_ic_PS_0_S_AXI_HPC0_FPD/s00_couplers/auto_cc/inst/gen_clock_conv.gen_async_conv.asyncfifo_axi/inst_fifo_gen/gaxi_full_lite.gwrite_ch.gwdch2.axi_wdch/grf.rf/gntv_or_sync_fifo.mem/goreg_dm.dout_i_reg[495]/D
  -------------------------------------------------------------------    -------------------

                         (clock clk_pl_0 rise edge)
                                                      0.000     0.000 r  
    PS8_X0Y0             PS8                          0.000     0.000 r  kr260_min_i/PS_0/inst/PS8_i/PLCLK[0]
                         net (fo=1, routed)           0.229     0.229    kr260_min_i/PS_0/inst/pl_clk_unbuffered[0]
    BUFG_PS_X0Y80        BUFG_PS (Prop_BUFG_PS_I_O)
                                                      0.038     0.267 r  kr260_min_i/PS_0/inst/buffer_pl_clk_0.PL_CLK_0_BUFG/O
    X1Y1 (CLOCK_ROOT)    net (fo=5669, routed)        3.145     3.412    kr260_min_i/axi_ic_PS_0_S_AXI_HPC0_FPD/s00_couplers/auto_cc/inst/gen_clock_conv.gen_async_conv.asyncfifo_axi/inst_fifo_gen/gaxi_full_lite.gwrite_ch.gwdch2.axi_wdch/grf.rf/gntv_or_sync_fifo.mem/m_aclk
    SLICE_X3Y40          FDRE                                         r  kr260_min_i/axi_ic_PS_0_S_AXI_HPC0_FPD/s00_couplers/auto_cc/inst/gen_clock_conv.gen_async_conv.asyncfifo_axi/inst_fifo_gen/gaxi_full_lite.gwrite_ch.gwdch2.axi_wdch/grf.rf/gntv_or_sync_fifo.mem/goreg_dm.dout_i_reg[495]/C
                         clock pessimism             -0.234     3.178    
    SLICE_X3Y40          FDRE (Hold_EFF2_SLICEL_C_D)
                                                      0.102     3.280    kr260_min_i/axi_ic_PS_0_S_AXI_HPC0_FPD/s00_couplers/auto_cc/inst/gen_clock_conv.gen_async_conv.asyncfifo_axi/inst_fifo_gen/gaxi_full_lite.gwrite_ch.gwdch2.axi_wdch/grf.rf/gntv_or_sync_fifo.mem/goreg_dm.dout_i_reg[495]
  -------------------------------------------------------------------
                         required time                         -3.280    
                         arrival time                           3.290    
  -------------------------------------------------------------------
                         slack                                  0.010    

Slack (MET) :             0.011ns  (arrival time - required time)
  Source:                 kr260_min_i/axi_ic_PS_0_S_AXI_HPC0_FPD/s00_couplers/auto_cc/inst/gen_clock_conv.gen_async_conv.asyncfifo_axi/inst_fifo_gen/gaxi_full_lite.gwrite_ch.gwdch2.axi_wdch/grf.rf/gntv_or_sync_fifo.mem/gdm.dm_gen.dm/gpr1.dout_i_reg[231]/C
                            (rising edge-triggered cell FDRE clocked by clk_pl_0  {rise@0.000ns fall@2.000ns period=4.000ns})
  Destination:            kr260_min_i/axi_ic_PS_0_S_AXI_HPC0_FPD/s00_couplers/auto_cc/inst/gen_clock_conv.gen_async_conv.asyncfifo_axi/inst_fifo_gen/gaxi_full_lite.gwrite_ch.gwdch2.axi_wdch/grf.rf/gntv_or_sync_fifo.mem/goreg_dm.dout_i_reg[231]/D
                            (rising edge-triggered cell FDRE clocked by clk_pl_0  {rise@0.000ns fall@2.000ns period=4.000ns})
  Path Group:             clk_pl_0
  Path Type:              Hold (Min at Slow Process Corner)
  Requirement:            0.000ns  (clk_pl_0 rise@0.000ns - clk_pl_0 rise@0.000ns)
  Data Path Delay:        0.216ns  (logic 0.114ns (52.778%)  route 0.102ns (47.222%))
  Logic Levels:           0  
  Clock Path Skew:        0.103ns (DCD - SCD - CPR)
    Destination Clock Delay (DCD):    3.371ns
    Source Clock Delay      (SCD):    3.034ns
    Clock Pessimism Removal (CPR):    0.234ns
  Clock Net Delay (Source):      2.818ns (routing 1.450ns, distribution 1.368ns)
  Clock Net Delay (Destination): 3.104ns (routing 1.584ns, distribution 1.520ns)

    Location             Delay type                Incr(ns)  Path(ns)    Netlist Resource(s)
  -------------------------------------------------------------------    -------------------
                         (clock clk_pl_0 rise edge)
                                                      0.000     0.000 r  
    PS8_X0Y0             PS8                          0.000     0.000 r  kr260_min_i/PS_0/inst/PS8_i/PLCLK[0]
                         net (fo=1, routed)           0.181     0.181    kr260_min_i/PS_0/inst/pl_clk_unbuffered[0]
    BUFG_PS_X0Y80        BUFG_PS (Prop_BUFG_PS_I_O)
                                                      0.035     0.216 r  kr260_min_i/PS_0/inst/buffer_pl_clk_0.PL_CLK_0_BUFG/O
    X1Y1 (CLOCK_ROOT)    net (fo=5669, routed)        2.818     3.034    kr260_min_i/axi_ic_PS_0_S_AXI_HPC0_FPD/s00_couplers/auto_cc/inst/gen_clock_conv.gen_async_conv.asyncfifo_axi/inst_fifo_gen/gaxi_full_lite.gwrite_ch.gwdch2.axi_wdch/grf.rf/gntv_or_sync_fifo.mem/gdm.dm_gen.dm/m_aclk
    SLICE_X4Y31          FDRE                                         r  kr260_min_i/axi_ic_PS_0_S_AXI_HPC0_FPD/s00_couplers/auto_cc/inst/gen_clock_conv.gen_async_conv.asyncfifo_axi/inst_fifo_gen/gaxi_full_lite.gwrite_ch.gwdch2.axi_wdch/grf.rf/gntv_or_sync_fifo.mem/gdm.dm_gen.dm/gpr1.dout_i_reg[231]/C
  -------------------------------------------------------------------    -------------------
    SLICE_X4Y31          FDRE (Prop_BFF2_SLICEM_C_Q)
                                                      0.114     3.148 r  kr260_min_i/axi_ic_PS_0_S_AXI_HPC0_FPD/s00_couplers/auto_cc/inst/gen_clock_conv.gen_async_conv.asyncfifo_axi/inst_fifo_gen/gaxi_full_lite.gwrite_ch.gwdch2.axi_wdch/grf.rf/gntv_or_sync_fifo.mem/gdm.dm_gen.dm/gpr1.dout_i_reg[231]/Q
                         net (fo=1, routed)           0.102     3.250    kr260_min_i/axi_ic_PS_0_S_AXI_HPC0_FPD/s00_couplers/auto_cc/inst/gen_clock_conv.gen_async_conv.asyncfifo_axi/inst_fifo_gen/gaxi_full_lite.gwrite_ch.gwdch2.axi_wdch/grf.rf/gntv_or_sync_fifo.mem/gdm.dm_gen.dm_n_345
    SLICE_X3Y31          FDRE                                         r  kr260_min_i/axi_ic_PS_0_S_AXI_HPC0_FPD/s00_couplers/auto_cc/inst/gen_clock_conv.gen_async_conv.asyncfifo_axi/inst_fifo_gen/gaxi_full_lite.gwrite_ch.gwdch2.axi_wdch/grf.rf/gntv_or_sync_fifo.mem/goreg_dm.dout_i_reg[231]/D
  -------------------------------------------------------------------    -------------------

                         (clock clk_pl_0 rise edge)
                                                      0.000     0.000 r  
    PS8_X0Y0             PS8                          0.000     0.000 r  kr260_min_i/PS_0/inst/PS8_i/PLCLK[0]
                         net (fo=1, routed)           0.229     0.229    kr260_min_i/PS_0/inst/pl_clk_unbuffered[0]
    BUFG_PS_X0Y80        BUFG_PS (Prop_BUFG_PS_I_O)
                                                      0.038     0.267 r  kr260_min_i/PS_0/inst/buffer_pl_clk_0.PL_CLK_0_BUFG/O
    X1Y1 (CLOCK_ROOT)    net (fo=5669, routed)        3.104     3.371    kr260_min_i/axi_ic_PS_0_S_AXI_HPC0_FPD/s00_couplers/auto_cc/inst/gen_clock_conv.gen_async_conv.asyncfifo_axi/inst_fifo_gen/gaxi_full_lite.gwrite_ch.gwdch2.axi_wdch/grf.rf/gntv_or_sync_fifo.mem/m_aclk
    SLICE_X3Y31          FDRE                                         r  kr260_min_i/axi_ic_PS_0_S_AXI_HPC0_FPD/s00_couplers/auto_cc/inst/gen_clock_conv.gen_async_conv.asyncfifo_axi/inst_fifo_gen/gaxi_full_lite.gwrite_ch.gwdch2.axi_wdch/grf.rf/gntv_or_sync_fifo.mem/goreg_dm.dout_i_reg[231]/C
                         clock pessimism             -0.234     3.137    
    SLICE_X3Y31          FDRE (Hold_EFF2_SLICEL_C_D)
                                                      0.102     3.239    kr260_min_i/axi_ic_PS_0_S_AXI_HPC0_FPD/s00_couplers/auto_cc/inst/gen_clock_conv.gen_async_conv.asyncfifo_axi/inst_fifo_gen/gaxi_full_lite.gwrite_ch.gwdch2.axi_wdch/grf.rf/gntv_or_sync_fifo.mem/goreg_dm.dout_i_reg[231]
  -------------------------------------------------------------------
                         required time                         -3.239    
                         arrival time                           3.250    
  -------------------------------------------------------------------
                         slack                                  0.011    

Slack (MET) :             0.016ns  (arrival time - required time)
  Source:                 kr260_min_i/axi_ic_PS_0_S_AXI_HPC0_FPD/s00_couplers/auto_cc/inst/gen_clock_conv.gen_async_conv.asyncfifo_axi/inst_fifo_gen/gaxi_full_lite.gwrite_ch.gwdch2.axi_wdch/grf.rf/gntv_or_sync_fifo.mem/gdm.dm_gen.dm/gpr1.dout_i_reg[351]/C
                            (rising edge-triggered cell FDRE clocked by clk_pl_0  {rise@0.000ns fall@2.000ns period=4.000ns})
  Destination:            kr260_min_i/axi_ic_PS_0_S_AXI_HPC0_FPD/s00_couplers/auto_cc/inst/gen_clock_conv.gen_async_conv.asyncfifo_axi/inst_fifo_gen/gaxi_full_lite.gwrite_ch.gwdch2.axi_wdch/grf.rf/gntv_or_sync_fifo.mem/goreg_dm.dout_i_reg[351]/D
                            (rising edge-triggered cell FDRE clocked by clk_pl_0  {rise@0.000ns fall@2.000ns period=4.000ns})
  Path Group:             clk_pl_0
  Path Type:              Hold (Min at Slow Process Corner)
  Requirement:            0.000ns  (clk_pl_0 rise@0.000ns - clk_pl_0 rise@0.000ns)
  Data Path Delay:        0.251ns  (logic 0.113ns (45.020%)  route 0.138ns (54.980%))
  Logic Levels:           0  
  Clock Path Skew:        0.133ns (DCD - SCD - CPR)
    Destination Clock Delay (DCD):    3.407ns
    Source Clock Delay      (SCD):    3.039ns
    Clock Pessimism Removal (CPR):    0.234ns
  Clock Net Delay (Source):      2.823ns (routing 1.450ns, distribution 1.373ns)
  Clock Net Delay (Destination): 3.140ns (routing 1.584ns, distribution 1.556ns)

    Location             Delay type                Incr(ns)  Path(ns)    Netlist Resource(s)
  -------------------------------------------------------------------    -------------------
                         (clock clk_pl_0 rise edge)
                                                      0.000     0.000 r  
    PS8_X0Y0             PS8                          0.000     0.000 r  kr260_min_i/PS_0/inst/PS8_i/PLCLK[0]
                         net (fo=1, routed)           0.181     0.181    kr260_min_i/PS_0/inst/pl_clk_unbuffered[0]
    BUFG_PS_X0Y80        BUFG_PS (Prop_BUFG_PS_I_O)
                                                      0.035     0.216 r  kr260_min_i/PS_0/inst/buffer_pl_clk_0.PL_CLK_0_BUFG/O
    X1Y1 (CLOCK_ROOT)    net (fo=5669, routed)        2.823     3.039    kr260_min_i/axi_ic_PS_0_S_AXI_HPC0_FPD/s00_couplers/auto_cc/inst/gen_clock_conv.gen_async_conv.asyncfifo_axi/inst_fifo_gen/gaxi_full_lite.gwrite_ch.gwdch2.axi_wdch/grf.rf/gntv_or_sync_fifo.mem/gdm.dm_gen.dm/m_aclk
    SLICE_X4Y35          FDRE                                         r  kr260_min_i/axi_ic_PS_0_S_AXI_HPC0_FPD/s00_couplers/auto_cc/inst/gen_clock_conv.gen_async_conv.asyncfifo_axi/inst_fifo_gen/gaxi_full_lite.gwrite_ch.gwdch2.axi_wdch/grf.rf/gntv_or_sync_fifo.mem/gdm.dm_gen.dm/gpr1.dout_i_reg[351]/C
  -------------------------------------------------------------------    -------------------
    SLICE_X4Y35          FDRE (Prop_HFF2_SLICEM_C_Q)
                                                      0.113     3.152 r  kr260_min_i/axi_ic_PS_0_S_AXI_HPC0_FPD/s00_couplers/auto_cc/inst/gen_clock_conv.gen_async_conv.asyncfifo_axi/inst_fifo_gen/gaxi_full_lite.gwrite_ch.gwdch2.axi_wdch/grf.rf/gntv_or_sync_fifo.mem/gdm.dm_gen.dm/gpr1.dout_i_reg[351]/Q
                         net (fo=1, routed)           0.138     3.290    kr260_min_i/axi_ic_PS_0_S_AXI_HPC0_FPD/s00_couplers/auto_cc/inst/gen_clock_conv.gen_async_conv.asyncfifo_axi/inst_fifo_gen/gaxi_full_lite.gwrite_ch.gwdch2.axi_wdch/grf.rf/gntv_or_sync_fifo.mem/gdm.dm_gen.dm_n_225
    SLICE_X2Y34          FDRE                                         r  kr260_min_i/axi_ic_PS_0_S_AXI_HPC0_FPD/s00_couplers/auto_cc/inst/gen_clock_conv.gen_async_conv.asyncfifo_axi/inst_fifo_gen/gaxi_full_lite.gwrite_ch.gwdch2.axi_wdch/grf.rf/gntv_or_sync_fifo.mem/goreg_dm.dout_i_reg[351]/D
  -------------------------------------------------------------------    -------------------

                         (clock clk_pl_0 rise edge)
                                                      0.000     0.000 r  
    PS8_X0Y0             PS8                          0.000     0.000 r  kr260_min_i/PS_0/inst/PS8_i/PLCLK[0]
                         net (fo=1, routed)           0.229     0.229    kr260_min_i/PS_0/inst/pl_clk_unbuffered[0]
    BUFG_PS_X0Y80        BUFG_PS (Prop_BUFG_PS_I_O)
                                                      0.038     0.267 r  kr260_min_i/PS_0/inst/buffer_pl_clk_0.PL_CLK_0_BUFG/O
    X1Y1 (CLOCK_ROOT)    net (fo=5669, routed)        3.140     3.407    kr260_min_i/axi_ic_PS_0_S_AXI_HPC0_FPD/s00_couplers/auto_cc/inst/gen_clock_conv.gen_async_conv.asyncfifo_axi/inst_fifo_gen/gaxi_full_lite.gwrite_ch.gwdch2.axi_wdch/grf.rf/gntv_or_sync_fifo.mem/m_aclk
    SLICE_X2Y34          FDRE                                         r  kr260_min_i/axi_ic_PS_0_S_AXI_HPC0_FPD/s00_couplers/auto_cc/inst/gen_clock_conv.gen_async_conv.asyncfifo_axi/inst_fifo_gen/gaxi_full_lite.gwrite_ch.gwdch2.axi_wdch/grf.rf/gntv_or_sync_fifo.mem/goreg_dm.dout_i_reg[351]/C
                         clock pessimism             -0.234     3.173    
    SLICE_X2Y34          FDRE (Hold_BFF2_SLICEM_C_D)
                                                      0.102     3.275    kr260_min_i/axi_ic_PS_0_S_AXI_HPC0_FPD/s00_couplers/auto_cc/inst/gen_clock_conv.gen_async_conv.asyncfifo_axi/inst_fifo_gen/gaxi_full_lite.gwrite_ch.gwdch2.axi_wdch/grf.rf/gntv_or_sync_fifo.mem/goreg_dm.dout_i_reg[351]
  -------------------------------------------------------------------
                         required time                         -3.275    
                         arrival time                           3.290    
  -------------------------------------------------------------------
                         slack                                  0.016    

Slack (MET) :             0.019ns  (arrival time - required time)
  Source:                 kr260_min_i/axi_ic_PS_0_S_AXI_HPC0_FPD/s00_couplers/auto_cc/inst/gen_clock_conv.gen_async_conv.asyncfifo_axi/inst_fifo_gen/gaxi_full_lite.gwrite_ch.gwach2.axi_wach/grf.rf/gntv_or_sync_fifo.mem/gdm.dm_gen.dm/gpr1.dout_i_reg[31]/C
                            (rising edge-triggered cell FDRE clocked by clk_pl_0  {rise@0.000ns fall@2.000ns period=4.000ns})
  Destination:            kr260_min_i/axi_ic_PS_0_S_AXI_HPC0_FPD/s00_couplers/auto_cc/inst/gen_clock_conv.gen_async_conv.asyncfifo_axi/inst_fifo_gen/gaxi_full_lite.gwrite_ch.gwach2.axi_wach/grf.rf/gntv_or_sync_fifo.mem/goreg_dm.dout_i_reg[31]/D
                            (rising edge-triggered cell FDRE clocked by clk_pl_0  {rise@0.000ns fall@2.000ns period=4.000ns})
  Path Group:             clk_pl_0
  Path Type:              Hold (Min at Slow Process Corner)
  Requirement:            0.000ns  (clk_pl_0 rise@0.000ns - clk_pl_0 rise@0.000ns)
  Data Path Delay:        0.258ns  (logic 0.114ns (44.186%)  route 0.144ns (55.814%))
  Logic Levels:           0  
  Clock Path Skew:        0.137ns (DCD - SCD - CPR)
    Destination Clock Delay (DCD):    3.413ns
    Source Clock Delay      (SCD):    3.036ns
    Clock Pessimism Removal (CPR):    0.240ns
  Clock Net Delay (Source):      2.820ns (routing 1.450ns, distribution 1.370ns)
  Clock Net Delay (Destination): 3.146ns (routing 1.584ns, distribution 1.562ns)

    Location             Delay type                Incr(ns)  Path(ns)    Netlist Resource(s)
  -------------------------------------------------------------------    -------------------
                         (clock clk_pl_0 rise edge)
                                                      0.000     0.000 r  
    PS8_X0Y0             PS8                          0.000     0.000 r  kr260_min_i/PS_0/inst/PS8_i/PLCLK[0]
                         net (fo=1, routed)           0.181     0.181    kr260_min_i/PS_0/inst/pl_clk_unbuffered[0]
    BUFG_PS_X0Y80        BUFG_PS (Prop_BUFG_PS_I_O)
                                                      0.035     0.216 r  kr260_min_i/PS_0/inst/buffer_pl_clk_0.PL_CLK_0_BUFG/O
    X1Y1 (CLOCK_ROOT)    net (fo=5669, routed)        2.820     3.036    kr260_min_i/axi_ic_PS_0_S_AXI_HPC0_FPD/s00_couplers/auto_cc/inst/gen_clock_conv.gen_async_conv.asyncfifo_axi/inst_fifo_gen/gaxi_full_lite.gwrite_ch.gwach2.axi_wach/grf.rf/gntv_or_sync_fifo.mem/gdm.dm_gen.dm/m_aclk
    SLICE_X10Y75         FDRE                                         r  kr260_min_i/axi_ic_PS_0_S_AXI_HPC0_FPD/s00_couplers/auto_cc/inst/gen_clock_conv.gen_async_conv.asyncfifo_axi/inst_fifo_gen/gaxi_full_lite.gwrite_ch.gwach2.axi_wach/grf.rf/gntv_or_sync_fifo.mem/gdm.dm_gen.dm/gpr1.dout_i_reg[31]/C
  -------------------------------------------------------------------    -------------------
    SLICE_X10Y75         FDRE (Prop_EFF2_SLICEM_C_Q)
                                                      0.114     3.150 r  kr260_min_i/axi_ic_PS_0_S_AXI_HPC0_FPD/s00_couplers/auto_cc/inst/gen_clock_conv.gen_async_conv.asyncfifo_axi/inst_fifo_gen/gaxi_full_lite.gwrite_ch.gwach2.axi_wach/grf.rf/gntv_or_sync_fifo.mem/gdm.dm_gen.dm/gpr1.dout_i_reg[31]/Q
                         net (fo=1, routed)           0.144     3.294    kr260_min_i/axi_ic_PS_0_S_AXI_HPC0_FPD/s00_couplers/auto_cc/inst/gen_clock_conv.gen_async_conv.asyncfifo_axi/inst_fifo_gen/gaxi_full_lite.gwrite_ch.gwach2.axi_wach/grf.rf/gntv_or_sync_fifo.mem/gdm.dm_gen.dm_n_61
    SLICE_X9Y75          FDRE                                         r  kr260_min_i/axi_ic_PS_0_S_AXI_HPC0_FPD/s00_couplers/auto_cc/inst/gen_clock_conv.gen_async_conv.asyncfifo_axi/inst_fifo_gen/gaxi_full_lite.gwrite_ch.gwach2.axi_wach/grf.rf/gntv_or_sync_fifo.mem/goreg_dm.dout_i_reg[31]/D
  -------------------------------------------------------------------    -------------------

                         (clock clk_pl_0 rise edge)
                                                      0.000     0.000 r  
    PS8_X0Y0             PS8                          0.000     0.000 r  kr260_min_i/PS_0/inst/PS8_i/PLCLK[0]
                         net (fo=1, routed)           0.229     0.229    kr260_min_i/PS_0/inst/pl_clk_unbuffered[0]
    BUFG_PS_X0Y80        BUFG_PS (Prop_BUFG_PS_I_O)
                                                      0.038     0.267 r  kr260_min_i/PS_0/inst/buffer_pl_clk_0.PL_CLK_0_BUFG/O
    X1Y1 (CLOCK_ROOT)    net (fo=5669, routed)        3.146     3.413    kr260_min_i/axi_ic_PS_0_S_AXI_HPC0_FPD/s00_couplers/auto_cc/inst/gen_clock_conv.gen_async_conv.asyncfifo_axi/inst_fifo_gen/gaxi_full_lite.gwrite_ch.gwach2.axi_wach/grf.rf/gntv_or_sync_fifo.mem/m_aclk
    SLICE_X9Y75          FDRE                                         r  kr260_min_i/axi_ic_PS_0_S_AXI_HPC0_FPD/s00_couplers/auto_cc/inst/gen_clock_conv.gen_async_conv.asyncfifo_axi/inst_fifo_gen/gaxi_full_lite.gwrite_ch.gwach2.axi_wach/grf.rf/gntv_or_sync_fifo.mem/goreg_dm.dout_i_reg[31]/C
                         clock pessimism             -0.240     3.173    
    SLICE_X9Y75          FDRE (Hold_EFF2_SLICEL_C_D)
                                                      0.102     3.275    kr260_min_i/axi_ic_PS_0_S_AXI_HPC0_FPD/s00_couplers/auto_cc/inst/gen_clock_conv.gen_async_conv.asyncfifo_axi/inst_fifo_gen/gaxi_full_lite.gwrite_ch.gwach2.axi_wach/grf.rf/gntv_or_sync_fifo.mem/goreg_dm.dout_i_reg[31]
  -------------------------------------------------------------------
                         required time                         -3.275    
                         arrival time                           3.294    
  -------------------------------------------------------------------
                         slack                                  0.019    

Slack (MET) :             0.026ns  (arrival time - required time)
  Source:                 kr260_min_i/axi_ic_PS_0_S_AXI_HPC0_FPD/s00_couplers/auto_ds/inst/gen_downsizer.gen_simple_downsizer.axi_downsizer_inst/USE_WRITE.write_addr_inst/cmd_queue/inst/fifo_gen_inst/inst_fifo_gen/gconvfifo.rf/grf.rf/gntv_or_sync_fifo.mem/gdm.dm_gen.dm/gpr1.dout_i_reg[19]/C
                            (rising edge-triggered cell FDRE clocked by clk_pl_0  {rise@0.000ns fall@2.000ns period=4.000ns})
  Destination:            kr260_min_i/axi_ic_PS_0_S_AXI_HPC0_FPD/s00_couplers/auto_ds/inst/gen_downsizer.gen_simple_downsizer.axi_downsizer_inst/USE_WRITE.write_addr_inst/cmd_queue/inst/fifo_gen_inst/inst_fifo_gen/gconvfifo.rf/grf.rf/gntv_or_sync_fifo.mem/goreg_dm.dout_i_reg[19]/D
                            (rising edge-triggered cell FDRE clocked by clk_pl_0  {rise@0.000ns fall@2.000ns period=4.000ns})
  Path Group:             clk_pl_0
  Path Type:              Hold (Min at Slow Process Corner)
  Requirement:            0.000ns  (clk_pl_0 rise@0.000ns - clk_pl_0 rise@0.000ns)
  Data Path Delay:        0.267ns  (logic 0.112ns (41.948%)  route 0.155ns (58.052%))
  Logic Levels:           0  
  Clock Path Skew:        0.140ns (DCD - SCD - CPR)
    Destination Clock Delay (DCD):    3.437ns
    Source Clock Delay      (SCD):    3.057ns
    Clock Pessimism Removal (CPR):    0.240ns
  Clock Net Delay (Source):      2.841ns (routing 1.450ns, distribution 1.391ns)
  Clock Net Delay (Destination): 3.170ns (routing 1.584ns, distribution 1.586ns)

    Location             Delay type                Incr(ns)  Path(ns)    Netlist Resource(s)
  -------------------------------------------------------------------    -------------------
                         (clock clk_pl_0 rise edge)
                                                      0.000     0.000 r  
    PS8_X0Y0             PS8                          0.000     0.000 r  kr260_min_i/PS_0/inst/PS8_i/PLCLK[0]
                         net (fo=1, routed)           0.181     0.181    kr260_min_i/PS_0/inst/pl_clk_unbuffered[0]
    BUFG_PS_X0Y80        BUFG_PS (Prop_BUFG_PS_I_O)
                                                      0.035     0.216 r  kr260_min_i/PS_0/inst/buffer_pl_clk_0.PL_CLK_0_BUFG/O
    X1Y1 (CLOCK_ROOT)    net (fo=5669, routed)        2.841     3.057    kr260_min_i/axi_ic_PS_0_S_AXI_HPC0_FPD/s00_couplers/auto_ds/inst/gen_downsizer.gen_simple_downsizer.axi_downsizer_inst/USE_WRITE.write_addr_inst/cmd_queue/inst/fifo_gen_inst/inst_fifo_gen/gconvfifo.rf/grf.rf/gntv_or_sync_fifo.mem/gdm.dm_gen.dm/clk
    SLICE_X4Y68          FDRE                                         r  kr260_min_i/axi_ic_PS_0_S_AXI_HPC0_FPD/s00_couplers/auto_ds/inst/gen_downsizer.gen_simple_downsizer.axi_downsizer_inst/USE_WRITE.write_addr_inst/cmd_queue/inst/fifo_gen_inst/inst_fifo_gen/gconvfifo.rf/grf.rf/gntv_or_sync_fifo.mem/gdm.dm_gen.dm/gpr1.dout_i_reg[19]/C
  -------------------------------------------------------------------    -------------------
    SLICE_X4Y68          FDRE (Prop_CFF_SLICEM_C_Q)
                                                      0.112     3.169 r  kr260_min_i/axi_ic_PS_0_S_AXI_HPC0_FPD/s00_couplers/auto_ds/inst/gen_downsizer.gen_simple_downsizer.axi_downsizer_inst/USE_WRITE.write_addr_inst/cmd_queue/inst/fifo_gen_inst/inst_fifo_gen/gconvfifo.rf/grf.rf/gntv_or_sync_fifo.mem/gdm.dm_gen.dm/gpr1.dout_i_reg[19]/Q
                         net (fo=1, routed)           0.155     3.324    kr260_min_i/axi_ic_PS_0_S_AXI_HPC0_FPD/s00_couplers/auto_ds/inst/gen_downsizer.gen_simple_downsizer.axi_downsizer_inst/USE_WRITE.write_addr_inst/cmd_queue/inst/fifo_gen_inst/inst_fifo_gen/gconvfifo.rf/grf.rf/gntv_or_sync_fifo.mem/dout_i[19]
    SLICE_X3Y67          FDRE                                         r  kr260_min_i/axi_ic_PS_0_S_AXI_HPC0_FPD/s00_couplers/auto_ds/inst/gen_downsizer.gen_simple_downsizer.axi_downsizer_inst/USE_WRITE.write_addr_inst/cmd_queue/inst/fifo_gen_inst/inst_fifo_gen/gconvfifo.rf/grf.rf/gntv_or_sync_fifo.mem/goreg_dm.dout_i_reg[19]/D
  -------------------------------------------------------------------    -------------------

                         (clock clk_pl_0 rise edge)
                                                      0.000     0.000 r  
    PS8_X0Y0             PS8                          0.000     0.000 r  kr260_min_i/PS_0/inst/PS8_i/PLCLK[0]
                         net (fo=1, routed)           0.229     0.229    kr260_min_i/PS_0/inst/pl_clk_unbuffered[0]
    BUFG_PS_X0Y80        BUFG_PS (Prop_BUFG_PS_I_O)
                                                      0.038     0.267 r  kr260_min_i/PS_0/inst/buffer_pl_clk_0.PL_CLK_0_BUFG/O
    X1Y1 (CLOCK_ROOT)    net (fo=5669, routed)        3.170     3.437    kr260_min_i/axi_ic_PS_0_S_AXI_HPC0_FPD/s00_couplers/auto_ds/inst/gen_downsizer.gen_simple_downsizer.axi_downsizer_inst/USE_WRITE.write_addr_inst/cmd_queue/inst/fifo_gen_inst/inst_fifo_gen/gconvfifo.rf/grf.rf/gntv_or_sync_fifo.mem/clk
    SLICE_X3Y67          FDRE                                         r  kr260_min_i/axi_ic_PS_0_S_AXI_HPC0_FPD/s00_couplers/auto_ds/inst/gen_downsizer.gen_simple_downsizer.axi_downsizer_inst/USE_WRITE.write_addr_inst/cmd_queue/inst/fifo_gen_inst/inst_fifo_gen/gconvfifo.rf/grf.rf/gntv_or_sync_fifo.mem/goreg_dm.dout_i_reg[19]/C
                         clock pessimism             -0.240     3.197    
    SLICE_X3Y67          FDRE (Hold_GFF_SLICEL_C_D)
                                                      0.101     3.298    kr260_min_i/axi_ic_PS_0_S_AXI_HPC0_FPD/s00_couplers/auto_ds/inst/gen_downsizer.gen_simple_downsizer.axi_downsizer_inst/USE_WRITE.write_addr_inst/cmd_queue/inst/fifo_gen_inst/inst_fifo_gen/gconvfifo.rf/grf.rf/gntv_or_sync_fifo.mem/goreg_dm.dout_i_reg[19]
  -------------------------------------------------------------------
                         required time                         -3.298    
                         arrival time                           3.324    
  -------------------------------------------------------------------
                         slack                                  0.026    

Slack (MET) :             0.029ns  (arrival time - required time)
  Source:                 kr260_min_i/axi_ic_PS_0_S_AXI_HPC0_FPD/s00_couplers/auto_cc/inst/gen_clock_conv.gen_async_conv.asyncfifo_axi/inst_fifo_gen/gaxi_full_lite.gwrite_ch.gwach2.axi_wach/grf.rf/gntv_or_sync_fifo.mem/gdm.dm_gen.dm/gpr1.dout_i_reg[79]/C
                            (rising edge-triggered cell FDRE clocked by clk_pl_0  {rise@0.000ns fall@2.000ns period=4.000ns})
  Destination:            kr260_min_i/axi_ic_PS_0_S_AXI_HPC0_FPD/s00_couplers/auto_cc/inst/gen_clock_conv.gen_async_conv.asyncfifo_axi/inst_fifo_gen/gaxi_full_lite.gwrite_ch.gwach2.axi_wach/grf.rf/gntv_or_sync_fifo.mem/goreg_dm.dout_i_reg[79]/D
                            (rising edge-triggered cell FDRE clocked by clk_pl_0  {rise@0.000ns fall@2.000ns period=4.000ns})
  Path Group:             clk_pl_0
  Path Type:              Hold (Min at Slow Process Corner)
  Requirement:            0.000ns  (clk_pl_0 rise@0.000ns - clk_pl_0 rise@0.000ns)
  Data Path Delay:        0.257ns  (logic 0.113ns (43.969%)  route 0.144ns (56.031%))
  Logic Levels:           0  
  Clock Path Skew:        0.127ns (DCD - SCD - CPR)
    Destination Clock Delay (DCD):    3.410ns
    Source Clock Delay      (SCD):    3.043ns
    Clock Pessimism Removal (CPR):    0.240ns
  Clock Net Delay (Source):      2.827ns (routing 1.450ns, distribution 1.377ns)
  Clock Net Delay (Destination): 3.143ns (routing 1.584ns, distribution 1.559ns)

    Location             Delay type                Incr(ns)  Path(ns)    Netlist Resource(s)
  -------------------------------------------------------------------    -------------------
                         (clock clk_pl_0 rise edge)
                                                      0.000     0.000 r  
    PS8_X0Y0             PS8                          0.000     0.000 r  kr260_min_i/PS_0/inst/PS8_i/PLCLK[0]
                         net (fo=1, routed)           0.181     0.181    kr260_min_i/PS_0/inst/pl_clk_unbuffered[0]
    BUFG_PS_X0Y80        BUFG_PS (Prop_BUFG_PS_I_O)
                                                      0.035     0.216 r  kr260_min_i/PS_0/inst/buffer_pl_clk_0.PL_CLK_0_BUFG/O
    X1Y1 (CLOCK_ROOT)    net (fo=5669, routed)        2.827     3.043    kr260_min_i/axi_ic_PS_0_S_AXI_HPC0_FPD/s00_couplers/auto_cc/inst/gen_clock_conv.gen_async_conv.asyncfifo_axi/inst_fifo_gen/gaxi_full_lite.gwrite_ch.gwach2.axi_wach/grf.rf/gntv_or_sync_fifo.mem/gdm.dm_gen.dm/m_aclk
    SLICE_X6Y83          FDRE                                         r  kr260_min_i/axi_ic_PS_0_S_AXI_HPC0_FPD/s00_couplers/auto_cc/inst/gen_clock_conv.gen_async_conv.asyncfifo_axi/inst_fifo_gen/gaxi_full_lite.gwrite_ch.gwach2.axi_wach/grf.rf/gntv_or_sync_fifo.mem/gdm.dm_gen.dm/gpr1.dout_i_reg[79]/C
  -------------------------------------------------------------------    -------------------
    SLICE_X6Y83          FDRE (Prop_BFF2_SLICEL_C_Q)
                                                      0.113     3.156 r  kr260_min_i/axi_ic_PS_0_S_AXI_HPC0_FPD/s00_couplers/auto_cc/inst/gen_clock_conv.gen_async_conv.asyncfifo_axi/inst_fifo_gen/gaxi_full_lite.gwrite_ch.gwach2.axi_wach/grf.rf/gntv_or_sync_fifo.mem/gdm.dm_gen.dm/gpr1.dout_i_reg[79]/Q
                         net (fo=1, routed)           0.144     3.300    kr260_min_i/axi_ic_PS_0_S_AXI_HPC0_FPD/s00_couplers/auto_cc/inst/gen_clock_conv.gen_async_conv.asyncfifo_axi/inst_fifo_gen/gaxi_full_lite.gwrite_ch.gwach2.axi_wach/grf.rf/gntv_or_sync_fifo.mem/gdm.dm_gen.dm_n_13
    SLICE_X3Y83          FDRE                                         r  kr260_min_i/axi_ic_PS_0_S_AXI_HPC0_FPD/s00_couplers/auto_cc/inst/gen_clock_conv.gen_async_conv.asyncfifo_axi/inst_fifo_gen/gaxi_full_lite.gwrite_ch.gwach2.axi_wach/grf.rf/gntv_or_sync_fifo.mem/goreg_dm.dout_i_reg[79]/D
  -------------------------------------------------------------------    -------------------

                         (clock clk_pl_0 rise edge)
                                                      0.000     0.000 r  
    PS8_X0Y0             PS8                          0.000     0.000 r  kr260_min_i/PS_0/inst/PS8_i/PLCLK[0]
                         net (fo=1, routed)           0.229     0.229    kr260_min_i/PS_0/inst/pl_clk_unbuffered[0]
    BUFG_PS_X0Y80        BUFG_PS (Prop_BUFG_PS_I_O)
                                                      0.038     0.267 r  kr260_min_i/PS_0/inst/buffer_pl_clk_0.PL_CLK_0_BUFG/O
    X1Y1 (CLOCK_ROOT)    net (fo=5669, routed)        3.143     3.410    kr260_min_i/axi_ic_PS_0_S_AXI_HPC0_FPD/s00_couplers/auto_cc/inst/gen_clock_conv.gen_async_conv.asyncfifo_axi/inst_fifo_gen/gaxi_full_lite.gwrite_ch.gwach2.axi_wach/grf.rf/gntv_or_sync_fifo.mem/m_aclk
    SLICE_X3Y83          FDRE                                         r  kr260_min_i/axi_ic_PS_0_S_AXI_HPC0_FPD/s00_couplers/auto_cc/inst/gen_clock_conv.gen_async_conv.asyncfifo_axi/inst_fifo_gen/gaxi_full_lite.gwrite_ch.gwach2.axi_wach/grf.rf/gntv_or_sync_fifo.mem/goreg_dm.dout_i_reg[79]/C
                         clock pessimism             -0.240     3.170    
    SLICE_X3Y83          FDRE (Hold_GFF_SLICEL_C_D)
                                                      0.101     3.271    kr260_min_i/axi_ic_PS_0_S_AXI_HPC0_FPD/s00_couplers/auto_cc/inst/gen_clock_conv.gen_async_conv.asyncfifo_axi/inst_fifo_gen/gaxi_full_lite.gwrite_ch.gwach2.axi_wach/grf.rf/gntv_or_sync_fifo.mem/goreg_dm.dout_i_reg[79]
  -------------------------------------------------------------------
                         required time                         -3.271    
                         arrival time                           3.300    
  -------------------------------------------------------------------
                         slack                                  0.029    

Slack (MET) :             0.031ns  (arrival time - required time)
  Source:                 kr260_min_i/axi_ic_PS_0_S_AXI_HPC0_FPD/s00_couplers/auto_cc/inst/gen_clock_conv.gen_async_conv.asyncfifo_axi/inst_fifo_gen/gaxi_full_lite.gwrite_ch.gwach2.axi_wach/grf.rf/gntv_or_sync_fifo.mem/gdm.dm_gen.dm/gpr1.dout_i_reg[23]/C
                            (rising edge-triggered cell FDRE clocked by clk_pl_0  {rise@0.000ns fall@2.000ns period=4.000ns})
  Destination:            kr260_min_i/axi_ic_PS_0_S_AXI_HPC0_FPD/s00_couplers/auto_cc/inst/gen_clock_conv.gen_async_conv.asyncfifo_axi/inst_fifo_gen/gaxi_full_lite.gwrite_ch.gwach2.axi_wach/grf.rf/gntv_or_sync_fifo.mem/goreg_dm.dout_i_reg[23]/D
                            (rising edge-triggered cell FDRE clocked by clk_pl_0  {rise@0.000ns fall@2.000ns period=4.000ns})
  Path Group:             clk_pl_0
  Path Type:              Hold (Min at Slow Process Corner)
  Requirement:            0.000ns  (clk_pl_0 rise@0.000ns - clk_pl_0 rise@0.000ns)
  Data Path Delay:        0.208ns  (logic 0.112ns (53.846%)  route 0.096ns (46.154%))
  Logic Levels:           0  
  Clock Path Skew:        0.074ns (DCD - SCD - CPR)
    Destination Clock Delay (DCD):    3.413ns
    Source Clock Delay      (SCD):    3.036ns
    Clock Pessimism Removal (CPR):    0.303ns
  Clock Net Delay (Source):      2.820ns (routing 1.450ns, distribution 1.370ns)
  Clock Net Delay (Destination): 3.146ns (routing 1.584ns, distribution 1.562ns)

    Location             Delay type                Incr(ns)  Path(ns)    Netlist Resource(s)
  -------------------------------------------------------------------    -------------------
                         (clock clk_pl_0 rise edge)
                                                      0.000     0.000 r  
    PS8_X0Y0             PS8                          0.000     0.000 r  kr260_min_i/PS_0/inst/PS8_i/PLCLK[0]
                         net (fo=1, routed)           0.181     0.181    kr260_min_i/PS_0/inst/pl_clk_unbuffered[0]
    BUFG_PS_X0Y80        BUFG_PS (Prop_BUFG_PS_I_O)
                                                      0.035     0.216 r  kr260_min_i/PS_0/inst/buffer_pl_clk_0.PL_CLK_0_BUFG/O
    X1Y1 (CLOCK_ROOT)    net (fo=5669, routed)        2.820     3.036    kr260_min_i/axi_ic_PS_0_S_AXI_HPC0_FPD/s00_couplers/auto_cc/inst/gen_clock_conv.gen_async_conv.asyncfifo_axi/inst_fifo_gen/gaxi_full_lite.gwrite_ch.gwach2.axi_wach/grf.rf/gntv_or_sync_fifo.mem/gdm.dm_gen.dm/m_aclk
    SLICE_X9Y77          FDRE                                         r  kr260_min_i/axi_ic_PS_0_S_AXI_HPC0_FPD/s00_couplers/auto_cc/inst/gen_clock_conv.gen_async_conv.asyncfifo_axi/inst_fifo_gen/gaxi_full_lite.gwrite_ch.gwach2.axi_wach/grf.rf/gntv_or_sync_fifo.mem/gdm.dm_gen.dm/gpr1.dout_i_reg[23]/C
  -------------------------------------------------------------------    -------------------
    SLICE_X9Y77          FDRE (Prop_HFF_SLICEL_C_Q)
                                                      0.112     3.148 r  kr260_min_i/axi_ic_PS_0_S_AXI_HPC0_FPD/s00_couplers/auto_cc/inst/gen_clock_conv.gen_async_conv.asyncfifo_axi/inst_fifo_gen/gaxi_full_lite.gwrite_ch.gwach2.axi_wach/grf.rf/gntv_or_sync_fifo.mem/gdm.dm_gen.dm/gpr1.dout_i_reg[23]/Q
                         net (fo=1, routed)           0.096     3.244    kr260_min_i/axi_ic_PS_0_S_AXI_HPC0_FPD/s00_couplers/auto_cc/inst/gen_clock_conv.gen_async_conv.asyncfifo_axi/inst_fifo_gen/gaxi_full_lite.gwrite_ch.gwach2.axi_wach/grf.rf/gntv_or_sync_fifo.mem/gdm.dm_gen.dm_n_69
    SLICE_X9Y75          FDRE                                         r  kr260_min_i/axi_ic_PS_0_S_AXI_HPC0_FPD/s00_couplers/auto_cc/inst/gen_clock_conv.gen_async_conv.asyncfifo_axi/inst_fifo_gen/gaxi_full_lite.gwrite_ch.gwach2.axi_wach/grf.rf/gntv_or_sync_fifo.mem/goreg_dm.dout_i_reg[23]/D
  -------------------------------------------------------------------    -------------------

                         (clock clk_pl_0 rise edge)
                                                      0.000     0.000 r  
    PS8_X0Y0             PS8                          0.000     0.000 r  kr260_min_i/PS_0/inst/PS8_i/PLCLK[0]
                         net (fo=1, routed)           0.229     0.229    kr260_min_i/PS_0/inst/pl_clk_unbuffered[0]
    BUFG_PS_X0Y80        BUFG_PS (Prop_BUFG_PS_I_O)
                                                      0.038     0.267 r  kr260_min_i/PS_0/inst/buffer_pl_clk_0.PL_CLK_0_BUFG/O
    X1Y1 (CLOCK_ROOT)    net (fo=5669, routed)        3.146     3.413    kr260_min_i/axi_ic_PS_0_S_AXI_HPC0_FPD/s00_couplers/auto_cc/inst/gen_clock_conv.gen_async_conv.asyncfifo_axi/inst_fifo_gen/gaxi_full_lite.gwrite_ch.gwach2.axi_wach/grf.rf/gntv_or_sync_fifo.mem/m_aclk
    SLICE_X9Y75          FDRE                                         r  kr260_min_i/axi_ic_PS_0_S_AXI_HPC0_FPD/s00_couplers/auto_cc/inst/gen_clock_conv.gen_async_conv.asyncfifo_axi/inst_fifo_gen/gaxi_full_lite.gwrite_ch.gwach2.axi_wach/grf.rf/gntv_or_sync_fifo.mem/goreg_dm.dout_i_reg[23]/C
                         clock pessimism             -0.303     3.110    
    SLICE_X9Y75          FDRE (Hold_GFF2_SLICEL_C_D)
                                                      0.103     3.213    kr260_min_i/axi_ic_PS_0_S_AXI_HPC0_FPD/s00_couplers/auto_cc/inst/gen_clock_conv.gen_async_conv.asyncfifo_axi/inst_fifo_gen/gaxi_full_lite.gwrite_ch.gwach2.axi_wach/grf.rf/gntv_or_sync_fifo.mem/goreg_dm.dout_i_reg[23]
  -------------------------------------------------------------------
                         required time                         -3.213    
                         arrival time                           3.244    
  -------------------------------------------------------------------
                         slack                                  0.031    

Slack (MET) :             0.033ns  (arrival time - required time)
  Source:                 kr260_min_i/axi_ic_PS_0_S_AXI_HPC0_FPD/s00_couplers/auto_ds/inst/gen_downsizer.gen_simple_downsizer.axi_downsizer_inst/USE_READ.read_addr_inst/masked_addr_q_reg[9]/C
                            (rising edge-triggered cell FDRE clocked by clk_pl_0  {rise@0.000ns fall@2.000ns period=4.000ns})
  Destination:            kr260_min_i/axi_ic_PS_0_S_AXI_HPC0_FPD/s00_couplers/auto_ds/inst/gen_downsizer.gen_simple_downsizer.axi_downsizer_inst/USE_READ.read_addr_inst/next_mi_addr_reg[9]/D
                            (rising edge-triggered cell FDRE clocked by clk_pl_0  {rise@0.000ns fall@2.000ns period=4.000ns})
  Path Group:             clk_pl_0
  Path Type:              Hold (Min at Slow Process Corner)
  Requirement:            0.000ns  (clk_pl_0 rise@0.000ns - clk_pl_0 rise@0.000ns)
  Data Path Delay:        0.257ns  (logic 0.144ns (56.006%)  route 0.113ns (43.994%))
  Logic Levels:           1  (LUT6=1)
  Clock Path Skew:        0.124ns (DCD - SCD - CPR)
    Destination Clock Delay (DCD):    3.411ns
    Source Clock Delay      (SCD):    3.047ns
    Clock Pessimism Removal (CPR):    0.240ns
  Clock Net Delay (Source):      2.831ns (routing 1.450ns, distribution 1.381ns)
  Clock Net Delay (Destination): 3.144ns (routing 1.584ns, distribution 1.560ns)

    Location             Delay type                Incr(ns)  Path(ns)    Netlist Resource(s)
  -------------------------------------------------------------------    -------------------
                         (clock clk_pl_0 rise edge)
                                                      0.000     0.000 r  
    PS8_X0Y0             PS8                          0.000     0.000 r  kr260_min_i/PS_0/inst/PS8_i/PLCLK[0]
                         net (fo=1, routed)           0.181     0.181    kr260_min_i/PS_0/inst/pl_clk_unbuffered[0]
    BUFG_PS_X0Y80        BUFG_PS (Prop_BUFG_PS_I_O)
                                                      0.035     0.216 r  kr260_min_i/PS_0/inst/buffer_pl_clk_0.PL_CLK_0_BUFG/O
    X1Y1 (CLOCK_ROOT)    net (fo=5669, routed)        2.831     3.047    kr260_min_i/axi_ic_PS_0_S_AXI_HPC0_FPD/s00_couplers/auto_ds/inst/gen_downsizer.gen_simple_downsizer.axi_downsizer_inst/USE_READ.read_addr_inst/CLK
    SLICE_X4Y76          FDRE                                         r  kr260_min_i/axi_ic_PS_0_S_AXI_HPC0_FPD/s00_couplers/auto_ds/inst/gen_downsizer.gen_simple_downsizer.axi_downsizer_inst/USE_READ.read_addr_inst/masked_addr_q_reg[9]/C
  -------------------------------------------------------------------    -------------------
    SLICE_X4Y76          FDRE (Prop_CFF_SLICEM_C_Q)
                                                      0.112     3.159 r  kr260_min_i/axi_ic_PS_0_S_AXI_HPC0_FPD/s00_couplers/auto_ds/inst/gen_downsizer.gen_simple_downsizer.axi_downsizer_inst/USE_READ.read_addr_inst/masked_addr_q_reg[9]/Q
                         net (fo=2, routed)           0.082     3.241    kr260_min_i/axi_ic_PS_0_S_AXI_HPC0_FPD/s00_couplers/auto_ds/inst/gen_downsizer.gen_simple_downsizer.axi_downsizer_inst/USE_READ.read_addr_inst/masked_addr_q[9]
    SLICE_X3Y76          LUT6 (Prop_C6LUT_SLICEL_I3_O)
                                                      0.032     3.273 r  kr260_min_i/axi_ic_PS_0_S_AXI_HPC0_FPD/s00_couplers/auto_ds/inst/gen_downsizer.gen_simple_downsizer.axi_downsizer_inst/USE_READ.read_addr_inst/next_mi_addr[9]_i_1__0/O
                         net (fo=1, routed)           0.031     3.304    kr260_min_i/axi_ic_PS_0_S_AXI_HPC0_FPD/s00_couplers/auto_ds/inst/gen_downsizer.gen_simple_downsizer.axi_downsizer_inst/USE_READ.read_addr_inst/pre_mi_addr[9]
    SLICE_X3Y76          FDRE                                         r  kr260_min_i/axi_ic_PS_0_S_AXI_HPC0_FPD/s00_couplers/auto_ds/inst/gen_downsizer.gen_simple_downsizer.axi_downsizer_inst/USE_READ.read_addr_inst/next_mi_addr_reg[9]/D
  -------------------------------------------------------------------    -------------------

                         (clock clk_pl_0 rise edge)
                                                      0.000     0.000 r  
    PS8_X0Y0             PS8                          0.000     0.000 r  kr260_min_i/PS_0/inst/PS8_i/PLCLK[0]
                         net (fo=1, routed)           0.229     0.229    kr260_min_i/PS_0/inst/pl_clk_unbuffered[0]
    BUFG_PS_X0Y80        BUFG_PS (Prop_BUFG_PS_I_O)
                                                      0.038     0.267 r  kr260_min_i/PS_0/inst/buffer_pl_clk_0.PL_CLK_0_BUFG/O
    X1Y1 (CLOCK_ROOT)    net (fo=5669, routed)        3.144     3.411    kr260_min_i/axi_ic_PS_0_S_AXI_HPC0_FPD/s00_couplers/auto_ds/inst/gen_downsizer.gen_simple_downsizer.axi_downsizer_inst/USE_READ.read_addr_inst/CLK
    SLICE_X3Y76          FDRE                                         r  kr260_min_i/axi_ic_PS_0_S_AXI_HPC0_FPD/s00_couplers/auto_ds/inst/gen_downsizer.gen_simple_downsizer.axi_downsizer_inst/USE_READ.read_addr_inst/next_mi_addr_reg[9]/C
                         clock pessimism             -0.240     3.171    
    SLICE_X3Y76          FDRE (Hold_CFF_SLICEL_C_D)
                                                      0.101     3.272    kr260_min_i/axi_ic_PS_0_S_AXI_HPC0_FPD/s00_couplers/auto_ds/inst/gen_downsizer.gen_simple_downsizer.axi_downsizer_inst/USE_READ.read_addr_inst/next_mi_addr_reg[9]
  -------------------------------------------------------------------
                         required time                         -3.272    
                         arrival time                           3.304    
  -------------------------------------------------------------------
                         slack                                  0.033    

Slack (MET) :             0.034ns  (arrival time - required time)
  Source:                 kr260_min_i/axi_ic_PS_0_M_AXI_HPM0_FPD/s00_couplers/auto_cc/inst/gen_clock_conv.gen_async_conv.asyncfifo_axi/inst_fifo_gen/gaxi_full_lite.gwrite_ch.gwrch2.axi_wrch/grf.rf/gntv_or_sync_fifo.mem/gdm.dm_gen.dm/gpr1.dout_i_reg[11]/C
                            (rising edge-triggered cell FDRE clocked by clk_pl_0  {rise@0.000ns fall@2.000ns period=4.000ns})
  Destination:            kr260_min_i/axi_ic_PS_0_M_AXI_HPM0_FPD/s00_couplers/auto_cc/inst/gen_clock_conv.gen_async_conv.asyncfifo_axi/inst_fifo_gen/gaxi_full_lite.gwrite_ch.gwrch2.axi_wrch/grf.rf/gntv_or_sync_fifo.mem/goreg_dm.dout_i_reg[11]/D
                            (rising edge-triggered cell FDRE clocked by clk_pl_0  {rise@0.000ns fall@2.000ns period=4.000ns})
  Path Group:             clk_pl_0
  Path Type:              Hold (Min at Slow Process Corner)
  Requirement:            0.000ns  (clk_pl_0 rise@0.000ns - clk_pl_0 rise@0.000ns)
  Data Path Delay:        0.242ns  (logic 0.113ns (46.694%)  route 0.129ns (53.306%))
  Logic Levels:           0  
  Clock Path Skew:        0.105ns (DCD - SCD - CPR)
    Destination Clock Delay (DCD):    3.442ns
    Source Clock Delay      (SCD):    3.093ns
    Clock Pessimism Removal (CPR):    0.244ns
  Clock Net Delay (Source):      2.877ns (routing 1.450ns, distribution 1.427ns)
  Clock Net Delay (Destination): 3.175ns (routing 1.584ns, distribution 1.591ns)

    Location             Delay type                Incr(ns)  Path(ns)    Netlist Resource(s)
  -------------------------------------------------------------------    -------------------
                         (clock clk_pl_0 rise edge)
                                                      0.000     0.000 r  
    PS8_X0Y0             PS8                          0.000     0.000 r  kr260_min_i/PS_0/inst/PS8_i/PLCLK[0]
                         net (fo=1, routed)           0.181     0.181    kr260_min_i/PS_0/inst/pl_clk_unbuffered[0]
    BUFG_PS_X0Y80        BUFG_PS (Prop_BUFG_PS_I_O)
                                                      0.035     0.216 r  kr260_min_i/PS_0/inst/buffer_pl_clk_0.PL_CLK_0_BUFG/O
    X1Y1 (CLOCK_ROOT)    net (fo=5669, routed)        2.877     3.093    kr260_min_i/axi_ic_PS_0_M_AXI_HPM0_FPD/s00_couplers/auto_cc/inst/gen_clock_conv.gen_async_conv.asyncfifo_axi/inst_fifo_gen/gaxi_full_lite.gwrite_ch.gwrch2.axi_wrch/grf.rf/gntv_or_sync_fifo.mem/gdm.dm_gen.dm/s_aclk
    SLICE_X1Y122         FDRE                                         r  kr260_min_i/axi_ic_PS_0_M_AXI_HPM0_FPD/s00_couplers/auto_cc/inst/gen_clock_conv.gen_async_conv.asyncfifo_axi/inst_fifo_gen/gaxi_full_lite.gwrite_ch.gwrch2.axi_wrch/grf.rf/gntv_or_sync_fifo.mem/gdm.dm_gen.dm/gpr1.dout_i_reg[11]/C
  -------------------------------------------------------------------    -------------------
    SLICE_X1Y122         FDRE (Prop_CFF2_SLICEM_C_Q)
                                                      0.113     3.206 r  kr260_min_i/axi_ic_PS_0_M_AXI_HPM0_FPD/s00_couplers/auto_cc/inst/gen_clock_conv.gen_async_conv.asyncfifo_axi/inst_fifo_gen/gaxi_full_lite.gwrite_ch.gwrch2.axi_wrch/grf.rf/gntv_or_sync_fifo.mem/gdm.dm_gen.dm/gpr1.dout_i_reg[11]/Q
                         net (fo=1, routed)           0.129     3.335    kr260_min_i/axi_ic_PS_0_M_AXI_HPM0_FPD/s00_couplers/auto_cc/inst/gen_clock_conv.gen_async_conv.asyncfifo_axi/inst_fifo_gen/gaxi_full_lite.gwrite_ch.gwrch2.axi_wrch/grf.rf/gntv_or_sync_fifo.mem/gdm.dm_gen.dm_n_7
    SLICE_X0Y121         FDRE                                         r  kr260_min_i/axi_ic_PS_0_M_AXI_HPM0_FPD/s00_couplers/auto_cc/inst/gen_clock_conv.gen_async_conv.asyncfifo_axi/inst_fifo_gen/gaxi_full_lite.gwrite_ch.gwrch2.axi_wrch/grf.rf/gntv_or_sync_fifo.mem/goreg_dm.dout_i_reg[11]/D
  -------------------------------------------------------------------    -------------------

                         (clock clk_pl_0 rise edge)
                                                      0.000     0.000 r  
    PS8_X0Y0             PS8                          0.000     0.000 r  kr260_min_i/PS_0/inst/PS8_i/PLCLK[0]
                         net (fo=1, routed)           0.229     0.229    kr260_min_i/PS_0/inst/pl_clk_unbuffered[0]
    BUFG_PS_X0Y80        BUFG_PS (Prop_BUFG_PS_I_O)
                                                      0.038     0.267 r  kr260_min_i/PS_0/inst/buffer_pl_clk_0.PL_CLK_0_BUFG/O
    X1Y1 (CLOCK_ROOT)    net (fo=5669, routed)        3.175     3.442    kr260_min_i/axi_ic_PS_0_M_AXI_HPM0_FPD/s00_couplers/auto_cc/inst/gen_clock_conv.gen_async_conv.asyncfifo_axi/inst_fifo_gen/gaxi_full_lite.gwrite_ch.gwrch2.axi_wrch/grf.rf/gntv_or_sync_fifo.mem/s_aclk
    SLICE_X0Y121         FDRE                                         r  kr260_min_i/axi_ic_PS_0_M_AXI_HPM0_FPD/s00_couplers/auto_cc/inst/gen_clock_conv.gen_async_conv.asyncfifo_axi/inst_fifo_gen/gaxi_full_lite.gwrite_ch.gwrch2.axi_wrch/grf.rf/gntv_or_sync_fifo.mem/goreg_dm.dout_i_reg[11]/C
                         clock pessimism             -0.244     3.198    
    SLICE_X0Y121         FDRE (Hold_HFF2_SLICEL_C_D)
                                                      0.103     3.301    kr260_min_i/axi_ic_PS_0_M_AXI_HPM0_FPD/s00_couplers/auto_cc/inst/gen_clock_conv.gen_async_conv.asyncfifo_axi/inst_fifo_gen/gaxi_full_lite.gwrite_ch.gwrch2.axi_wrch/grf.rf/gntv_or_sync_fifo.mem/goreg_dm.dout_i_reg[11]
  -------------------------------------------------------------------
                         required time                         -3.301    
                         arrival time                           3.335    
  -------------------------------------------------------------------
                         slack                                  0.034    

Slack (MET) :             0.036ns  (arrival time - required time)
  Source:                 kr260_min_i/axi_ic_PS_0_S_AXI_HPC0_FPD/s00_couplers/auto_ds/inst/gen_downsizer.gen_simple_downsizer.axi_downsizer_inst/USE_WRITE.write_addr_inst/cmd_queue/inst/fifo_gen_inst/inst_fifo_gen/gconvfifo.rf/grf.rf/gntv_or_sync_fifo.mem/gdm.dm_gen.dm/gpr1.dout_i_reg[18]/C
                            (rising edge-triggered cell FDRE clocked by clk_pl_0  {rise@0.000ns fall@2.000ns period=4.000ns})
  Destination:            kr260_min_i/axi_ic_PS_0_S_AXI_HPC0_FPD/s00_couplers/auto_ds/inst/gen_downsizer.gen_simple_downsizer.axi_downsizer_inst/USE_WRITE.write_addr_inst/cmd_queue/inst/fifo_gen_inst/inst_fifo_gen/gconvfifo.rf/grf.rf/gntv_or_sync_fifo.mem/goreg_dm.dout_i_reg[18]/D
                            (rising edge-triggered cell FDRE clocked by clk_pl_0  {rise@0.000ns fall@2.000ns period=4.000ns})
  Path Group:             clk_pl_0
  Path Type:              Hold (Min at Slow Process Corner)
  Requirement:            0.000ns  (clk_pl_0 rise@0.000ns - clk_pl_0 rise@0.000ns)
  Data Path Delay:        0.279ns  (logic 0.113ns (40.502%)  route 0.166ns (59.498%))
  Logic Levels:           0  
  Clock Path Skew:        0.140ns (DCD - SCD - CPR)
    Destination Clock Delay (DCD):    3.437ns
    Source Clock Delay      (SCD):    3.057ns
    Clock Pessimism Removal (CPR):    0.240ns
  Clock Net Delay (Source):      2.841ns (routing 1.450ns, distribution 1.391ns)
  Clock Net Delay (Destination): 3.170ns (routing 1.584ns, distribution 1.586ns)

    Location             Delay type                Incr(ns)  Path(ns)    Netlist Resource(s)
  -------------------------------------------------------------------    -------------------
                         (clock clk_pl_0 rise edge)
                                                      0.000     0.000 r  
    PS8_X0Y0             PS8                          0.000     0.000 r  kr260_min_i/PS_0/inst/PS8_i/PLCLK[0]
                         net (fo=1, routed)           0.181     0.181    kr260_min_i/PS_0/inst/pl_clk_unbuffered[0]
    BUFG_PS_X0Y80        BUFG_PS (Prop_BUFG_PS_I_O)
                                                      0.035     0.216 r  kr260_min_i/PS_0/inst/buffer_pl_clk_0.PL_CLK_0_BUFG/O
    X1Y1 (CLOCK_ROOT)    net (fo=5669, routed)        2.841     3.057    kr260_min_i/axi_ic_PS_0_S_AXI_HPC0_FPD/s00_couplers/auto_ds/inst/gen_downsizer.gen_simple_downsizer.axi_downsizer_inst/USE_WRITE.write_addr_inst/cmd_queue/inst/fifo_gen_inst/inst_fifo_gen/gconvfifo.rf/grf.rf/gntv_or_sync_fifo.mem/gdm.dm_gen.dm/clk
    SLICE_X4Y68          FDRE                                         r  kr260_min_i/axi_ic_PS_0_S_AXI_HPC0_FPD/s00_couplers/auto_ds/inst/gen_downsizer.gen_simple_downsizer.axi_downsizer_inst/USE_WRITE.write_addr_inst/cmd_queue/inst/fifo_gen_inst/inst_fifo_gen/gconvfifo.rf/grf.rf/gntv_or_sync_fifo.mem/gdm.dm_gen.dm/gpr1.dout_i_reg[18]/C
  -------------------------------------------------------------------    -------------------
    SLICE_X4Y68          FDRE (Prop_CFF2_SLICEM_C_Q)
                                                      0.113     3.170 r  kr260_min_i/axi_ic_PS_0_S_AXI_HPC0_FPD/s00_couplers/auto_ds/inst/gen_downsizer.gen_simple_downsizer.axi_downsizer_inst/USE_WRITE.write_addr_inst/cmd_queue/inst/fifo_gen_inst/inst_fifo_gen/gconvfifo.rf/grf.rf/gntv_or_sync_fifo.mem/gdm.dm_gen.dm/gpr1.dout_i_reg[18]/Q
                         net (fo=1, routed)           0.166     3.336    kr260_min_i/axi_ic_PS_0_S_AXI_HPC0_FPD/s00_couplers/auto_ds/inst/gen_downsizer.gen_simple_downsizer.axi_downsizer_inst/USE_WRITE.write_addr_inst/cmd_queue/inst/fifo_gen_inst/inst_fifo_gen/gconvfifo.rf/grf.rf/gntv_or_sync_fifo.mem/dout_i[18]
    SLICE_X3Y67          FDRE                                         r  kr260_min_i/axi_ic_PS_0_S_AXI_HPC0_FPD/s00_couplers/auto_ds/inst/gen_downsizer.gen_simple_downsizer.axi_downsizer_inst/USE_WRITE.write_addr_inst/cmd_queue/inst/fifo_gen_inst/inst_fifo_gen/gconvfifo.rf/grf.rf/gntv_or_sync_fifo.mem/goreg_dm.dout_i_reg[18]/D
  -------------------------------------------------------------------    -------------------

                         (clock clk_pl_0 rise edge)
                                                      0.000     0.000 r  
    PS8_X0Y0             PS8                          0.000     0.000 r  kr260_min_i/PS_0/inst/PS8_i/PLCLK[0]
                         net (fo=1, routed)           0.229     0.229    kr260_min_i/PS_0/inst/pl_clk_unbuffered[0]
    BUFG_PS_X0Y80        BUFG_PS (Prop_BUFG_PS_I_O)
                                                      0.038     0.267 r  kr260_min_i/PS_0/inst/buffer_pl_clk_0.PL_CLK_0_BUFG/O
    X1Y1 (CLOCK_ROOT)    net (fo=5669, routed)        3.170     3.437    kr260_min_i/axi_ic_PS_0_S_AXI_HPC0_FPD/s00_couplers/auto_ds/inst/gen_downsizer.gen_simple_downsizer.axi_downsizer_inst/USE_WRITE.write_addr_inst/cmd_queue/inst/fifo_gen_inst/inst_fifo_gen/gconvfifo.rf/grf.rf/gntv_or_sync_fifo.mem/clk
    SLICE_X3Y67          FDRE                                         r  kr260_min_i/axi_ic_PS_0_S_AXI_HPC0_FPD/s00_couplers/auto_ds/inst/gen_downsizer.gen_simple_downsizer.axi_downsizer_inst/USE_WRITE.write_addr_inst/cmd_queue/inst/fifo_gen_inst/inst_fifo_gen/gconvfifo.rf/grf.rf/gntv_or_sync_fifo.mem/goreg_dm.dout_i_reg[18]/C
                         clock pessimism             -0.240     3.197    
    SLICE_X3Y67          FDRE (Hold_FFF2_SLICEL_C_D)
                                                      0.103     3.300    kr260_min_i/axi_ic_PS_0_S_AXI_HPC0_FPD/s00_couplers/auto_ds/inst/gen_downsizer.gen_simple_downsizer.axi_downsizer_inst/USE_WRITE.write_addr_inst/cmd_queue/inst/fifo_gen_inst/inst_fifo_gen/gconvfifo.rf/grf.rf/gntv_or_sync_fifo.mem/goreg_dm.dout_i_reg[18]
  -------------------------------------------------------------------
                         required time                         -3.300    
                         arrival time                           3.336    
  -------------------------------------------------------------------
                         slack                                  0.036    





Pulse Width Checks
--------------------------------------------------------------------------------------
Clock Name:         clk_pl_0
Waveform(ns):       { 0.000 2.000 }
Period(ns):         4.000
Sources:            { kr260_min_i/PS_0/inst/PS8_i/PLCLK[0] }

Check Type        Corner  Lib Pin          Reference Pin  Required(ns)  Actual(ns)  Slack(ns)  Location      Pin
Min Period        n/a     PS8/MAXIGP0ACLK  n/a            3.000         4.000       1.000      PS8_X0Y0      kr260_min_i/PS_0/inst/PS8_i/MAXIGP0ACLK
Min Period        n/a     PS8/SAXIGP0RCLK  n/a            3.000         4.000       1.000      PS8_X0Y0      kr260_min_i/PS_0/inst/PS8_i/SAXIGP0RCLK
Min Period        n/a     PS8/SAXIGP0WCLK  n/a            3.000         4.000       1.000      PS8_X0Y0      kr260_min_i/PS_0/inst/PS8_i/SAXIGP0WCLK
Min Period        n/a     PS8/SAXIGP2RCLK  n/a            3.000         4.000       1.000      PS8_X0Y0      kr260_min_i/PS_0/inst/PS8_i/SAXIGP2RCLK
Min Period        n/a     PS8/SAXIGP2WCLK  n/a            3.000         4.000       1.000      PS8_X0Y0      kr260_min_i/PS_0/inst/PS8_i/SAXIGP2WCLK
Min Period        n/a     PS8/SAXIGP3RCLK  n/a            3.000         4.000       1.000      PS8_X0Y0      kr260_min_i/PS_0/inst/PS8_i/SAXIGP3RCLK
Min Period        n/a     PS8/SAXIGP3WCLK  n/a            3.000         4.000       1.000      PS8_X0Y0      kr260_min_i/PS_0/inst/PS8_i/SAXIGP3WCLK
Min Period        n/a     PS8/SAXIGP4RCLK  n/a            3.000         4.000       1.000      PS8_X0Y0      kr260_min_i/PS_0/inst/PS8_i/SAXIGP4RCLK
Min Period        n/a     PS8/SAXIGP4WCLK  n/a            3.000         4.000       1.000      PS8_X0Y0      kr260_min_i/PS_0/inst/PS8_i/SAXIGP4WCLK
Min Period        n/a     RAMD32/CLK       n/a            1.524         4.000       2.476      SLICE_X1Y106  kr260_min_i/axi_ic_PS_0_M_AXI_HPM0_FPD/s00_couplers/auto_cc/inst/gen_clock_conv.gen_async_conv.asyncfifo_axi/inst_fifo_gen/gaxi_full_lite.gread_ch.grach2.axi_rach/grf.rf/gntv_or_sync_fifo.mem/gdm.dm_gen.dm/RAM_reg_0_15_28_41/RAMA/CLK
Low Pulse Width   Slow    PS8/MAXIGP0ACLK  n/a            1.500         2.000       0.500      PS8_X0Y0      kr260_min_i/PS_0/inst/PS8_i/MAXIGP0ACLK
Low Pulse Width   Fast    PS8/MAXIGP0ACLK  n/a            1.500         2.000       0.500      PS8_X0Y0      kr260_min_i/PS_0/inst/PS8_i/MAXIGP0ACLK
Low Pulse Width   Slow    PS8/SAXIGP0RCLK  n/a            1.500         2.000       0.500      PS8_X0Y0      kr260_min_i/PS_0/inst/PS8_i/SAXIGP0RCLK
Low Pulse Width   Fast    PS8/SAXIGP0RCLK  n/a            1.500         2.000       0.500      PS8_X0Y0      kr260_min_i/PS_0/inst/PS8_i/SAXIGP0RCLK
Low Pulse Width   Slow    PS8/SAXIGP0WCLK  n/a            1.500         2.000       0.500      PS8_X0Y0      kr260_min_i/PS_0/inst/PS8_i/SAXIGP0WCLK
Low Pulse Width   Fast    PS8/SAXIGP0WCLK  n/a            1.500         2.000       0.500      PS8_X0Y0      kr260_min_i/PS_0/inst/PS8_i/SAXIGP0WCLK
Low Pulse Width   Slow    PS8/SAXIGP2RCLK  n/a            1.500         2.000       0.500      PS8_X0Y0      kr260_min_i/PS_0/inst/PS8_i/SAXIGP2RCLK
Low Pulse Width   Fast    PS8/SAXIGP2RCLK  n/a            1.500         2.000       0.500      PS8_X0Y0      kr260_min_i/PS_0/inst/PS8_i/SAXIGP2RCLK
Low Pulse Width   Slow    PS8/SAXIGP2WCLK  n/a            1.500         2.000       0.500      PS8_X0Y0      kr260_min_i/PS_0/inst/PS8_i/SAXIGP2WCLK
Low Pulse Width   Fast    PS8/SAXIGP2WCLK  n/a            1.500         2.000       0.500      PS8_X0Y0      kr260_min_i/PS_0/inst/PS8_i/SAXIGP2WCLK
High Pulse Width  Slow    PS8/MAXIGP0ACLK  n/a            1.500         2.000       0.500      PS8_X0Y0      kr260_min_i/PS_0/inst/PS8_i/MAXIGP0ACLK
High Pulse Width  Fast    PS8/MAXIGP0ACLK  n/a            1.500         2.000       0.500      PS8_X0Y0      kr260_min_i/PS_0/inst/PS8_i/MAXIGP0ACLK
High Pulse Width  Slow    PS8/SAXIGP0RCLK  n/a            1.500         2.000       0.500      PS8_X0Y0      kr260_min_i/PS_0/inst/PS8_i/SAXIGP0RCLK
High Pulse Width  Fast    PS8/SAXIGP0RCLK  n/a            1.500         2.000       0.500      PS8_X0Y0      kr260_min_i/PS_0/inst/PS8_i/SAXIGP0RCLK
High Pulse Width  Slow    PS8/SAXIGP0WCLK  n/a            1.500         2.000       0.500      PS8_X0Y0      kr260_min_i/PS_0/inst/PS8_i/SAXIGP0WCLK
High Pulse Width  Fast    PS8/SAXIGP0WCLK  n/a            1.500         2.000       0.500      PS8_X0Y0      kr260_min_i/PS_0/inst/PS8_i/SAXIGP0WCLK
High Pulse Width  Slow    PS8/SAXIGP2RCLK  n/a            1.500         2.000       0.500      PS8_X0Y0      kr260_min_i/PS_0/inst/PS8_i/SAXIGP2RCLK
High Pulse Width  Fast    PS8/SAXIGP2RCLK  n/a            1.500         2.000       0.500      PS8_X0Y0      kr260_min_i/PS_0/inst/PS8_i/SAXIGP2RCLK
High Pulse Width  Slow    PS8/SAXIGP2WCLK  n/a            1.500         2.000       0.500      PS8_X0Y0      kr260_min_i/PS_0/inst/PS8_i/SAXIGP2WCLK
High Pulse Width  Fast    PS8/SAXIGP2WCLK  n/a            1.500         2.000       0.500      PS8_X0Y0      kr260_min_i/PS_0/inst/PS8_i/SAXIGP2WCLK



---------------------------------------------------------------------------------------------------
From Clock:  kr260_min_i/clk_wiz/inst/clk_in1
  To Clock:  kr260_min_i/clk_wiz/inst/clk_in1

Setup :           NA  Failing Endpoints,  Worst Slack           NA  ,  Total Violation           NA
Hold  :           NA  Failing Endpoints,  Worst Slack           NA  ,  Total Violation           NA
PW    :            0  Failing Endpoints,  Worst Slack        0.600ns,  Total Violation        0.000ns
---------------------------------------------------------------------------------------------------


Pulse Width Checks
--------------------------------------------------------------------------------------
Clock Name:         kr260_min_i/clk_wiz/inst/clk_in1
Waveform(ns):       { 0.000 2.000 }
Period(ns):         4.000
Sources:            { kr260_min_i/clk_wiz/inst/clk_in1 }

Check Type        Corner  Lib Pin            Reference Pin  Required(ns)  Actual(ns)  Slack(ns)  Location   Pin
Min Period        n/a     MMCME4_ADV/CLKIN1  n/a            1.071         4.000       2.929      MMCM_X0Y0  kr260_min_i/clk_wiz/inst/mmcme4_adv_inst/CLKIN1
Max Period        n/a     MMCME4_ADV/CLKIN1  n/a            100.000       4.000       96.000     MMCM_X0Y0  kr260_min_i/clk_wiz/inst/mmcme4_adv_inst/CLKIN1
Low Pulse Width   Slow    MMCME4_ADV/CLKIN1  n/a            1.400         2.000       0.600      MMCM_X0Y0  kr260_min_i/clk_wiz/inst/mmcme4_adv_inst/CLKIN1
Low Pulse Width   Fast    MMCME4_ADV/CLKIN1  n/a            1.400         2.000       0.600      MMCM_X0Y0  kr260_min_i/clk_wiz/inst/mmcme4_adv_inst/CLKIN1
High Pulse Width  Slow    MMCME4_ADV/CLKIN1  n/a            1.400         2.000       0.600      MMCM_X0Y0  kr260_min_i/clk_wiz/inst/mmcme4_adv_inst/CLKIN1
High Pulse Width  Fast    MMCME4_ADV/CLKIN1  n/a            1.400         2.000       0.600      MMCM_X0Y0  kr260_min_i/clk_wiz/inst/mmcme4_adv_inst/CLKIN1



---------------------------------------------------------------------------------------------------
From Clock:  clk_out1_kr260_min_clk_wiz_0
  To Clock:  clk_out1_kr260_min_clk_wiz_0

Setup :            0  Failing Endpoints,  Worst Slack        0.083ns,  Total Violation        0.000ns
Hold  :            0  Failing Endpoints,  Worst Slack        0.010ns,  Total Violation        0.000ns
PW    :            0  Failing Endpoints,  Worst Slack        1.700ns,  Total Violation        0.000ns
---------------------------------------------------------------------------------------------------


Max Delay Paths
--------------------------------------------------------------------------------------
Slack (MET) :             0.083ns  (required time - arrival time)
  Source:                 kr260_min_i/snn_qp_v07_1/inst/grp_p_anonymous_namespace_dispatch_command_fu_1169/grp_p_anonymous_namespace_solve_current_fu_622/grp_p_anonymous_namespace_cone_project_fu_2233/grp_p_anonymous_namespace_reciprocal_root_fu_416/grp_p_anonymous_namespace_rsqrt_update_commit_stage_fu_246/ap_ce_reg_reg_replica_1/C
                            (rising edge-triggered cell FDRE clocked by clk_out1_kr260_min_clk_wiz_0  {rise@0.000ns fall@2.500ns period=5.000ns})
  Destination:            kr260_min_i/snn_qp_v07_1/inst/grp_p_anonymous_namespace_dispatch_command_fu_1169/grp_p_anonymous_namespace_solve_current_fu_622/grp_p_anonymous_namespace_cone_project_fu_2233/grp_p_anonymous_namespace_reciprocal_root_fu_416/r_V_55_reg_1050_reg[59]/D
                            (rising edge-triggered cell FDRE clocked by clk_out1_kr260_min_clk_wiz_0  {rise@0.000ns fall@2.500ns period=5.000ns})
  Path Group:             clk_out1_kr260_min_clk_wiz_0
  Path Type:              Setup (Max at Slow Process Corner)
  Requirement:            5.000ns  (clk_out1_kr260_min_clk_wiz_0 rise@5.000ns - clk_out1_kr260_min_clk_wiz_0 rise@0.000ns)
  Data Path Delay:        4.762ns  (logic 3.646ns (76.564%)  route 1.116ns (23.436%))
  Logic Levels:           14  (CARRY8=4 DSP_A_B_DATA=1 DSP_ALU=2 DSP_M_DATA=1 DSP_MULTIPLIER=1 DSP_OUTPUT=2 DSP_PREADD_DATA=1 LUT2=1 LUT3=1)
  Clock Path Skew:        -0.141ns (DCD - SCD + CPR)
    Destination Clock Delay (DCD):    5.569ns = ( 10.569 - 5.000 ) 
    Source Clock Delay      (SCD):    5.254ns
    Clock Pessimism Removal (CPR):    -0.457ns
  Clock Uncertainty:      0.057ns  ((TSJ^2 + DJ^2)^1/2) / 2 + PE
    Total System Jitter     (TSJ):    0.071ns
    Discrete Jitter          (DJ):    0.091ns
    Phase Error              (PE):    0.000ns
  Clock Net Delay (Source):      2.286ns (routing 0.724ns, distribution 1.562ns)
  Clock Net Delay (Destination): 2.037ns (routing 0.669ns, distribution 1.368ns)

    Location             Delay type                Incr(ns)  Path(ns)    Netlist Resource(s)
  -------------------------------------------------------------------    -------------------
                         (clock clk_out1_kr260_min_clk_wiz_0 rise edge)
                                                      0.000     0.000 r  
    BUFG_PS_X0Y80        BUFG_PS                      0.000     0.000 r  kr260_min_i/PS_0/inst/buffer_pl_clk_0.PL_CLK_0_BUFG/O
                         net (fo=5669, routed)        2.679     2.679    kr260_min_i/clk_wiz/inst/clk_in1
    MMCM_X0Y0            MMCME4_ADV (Prop_MMCM_CLKIN1_CLKOUT0)
                                                     -0.103     2.576 r  kr260_min_i/clk_wiz/inst/mmcme4_adv_inst/CLKOUT0
                         net (fo=1, routed)           0.348     2.924    kr260_min_i/clk_wiz/inst/clk_out1_kr260_min_clk_wiz_0
    BUFGCE_X0Y1          BUFGCE (Prop_BUFCE_BUFGCE_I_O)
                                                      0.044     2.968 r  kr260_min_i/clk_wiz/inst/clkout1_buf/O
    X1Y1 (CLOCK_ROOT)    net (fo=74592, routed)       2.286     5.254    kr260_min_i/snn_qp_v07_1/inst/grp_p_anonymous_namespace_dispatch_command_fu_1169/grp_p_anonymous_namespace_solve_current_fu_622/grp_p_anonymous_namespace_cone_project_fu_2233/grp_p_anonymous_namespace_reciprocal_root_fu_416/grp_p_anonymous_namespace_rsqrt_update_commit_stage_fu_246/ap_clk
    SLICE_X54Y219        FDRE                                         r  kr260_min_i/snn_qp_v07_1/inst/grp_p_anonymous_namespace_dispatch_command_fu_1169/grp_p_anonymous_namespace_solve_current_fu_622/grp_p_anonymous_namespace_cone_project_fu_2233/grp_p_anonymous_namespace_reciprocal_root_fu_416/grp_p_anonymous_namespace_rsqrt_update_commit_stage_fu_246/ap_ce_reg_reg_replica_1/C
  -------------------------------------------------------------------    -------------------
    SLICE_X54Y219        FDRE (Prop_FFF_SLICEM_C_Q)
                                                      0.112     5.366 r  kr260_min_i/snn_qp_v07_1/inst/grp_p_anonymous_namespace_dispatch_command_fu_1169/grp_p_anonymous_namespace_solve_current_fu_622/grp_p_anonymous_namespace_cone_project_fu_2233/grp_p_anonymous_namespace_reciprocal_root_fu_416/grp_p_anonymous_namespace_rsqrt_update_commit_stage_fu_246/ap_ce_reg_reg_replica_1/Q
                         net (fo=25, routed)          0.209     5.575    kr260_min_i/snn_qp_v07_1/inst/grp_p_anonymous_namespace_dispatch_command_fu_1169/grp_p_anonymous_namespace_solve_current_fu_622/grp_p_anonymous_namespace_cone_project_fu_2233/grp_p_anonymous_namespace_reciprocal_root_fu_416/grp_p_anonymous_namespace_rsqrt_update_commit_stage_fu_246/ap_ce_reg_repN_1
    SLICE_X54Y216        LUT3 (Prop_E6LUT_SLICEM_I2_O)
                                                      0.083     5.658 f  kr260_min_i/snn_qp_v07_1/inst/grp_p_anonymous_namespace_dispatch_command_fu_1169/grp_p_anonymous_namespace_solve_current_fu_622/grp_p_anonymous_namespace_cone_project_fu_2233/grp_p_anonymous_namespace_reciprocal_root_fu_416/grp_p_anonymous_namespace_rsqrt_update_commit_stage_fu_246/scaled_V_reg_1045[30]_i_1/O
                         net (fo=6, routed)           0.376     6.034    kr260_min_i/snn_qp_v07_1/inst/grp_p_anonymous_namespace_dispatch_command_fu_1169/grp_p_anonymous_namespace_solve_current_fu_622/grp_p_anonymous_namespace_cone_project_fu_2233/grp_p_anonymous_namespace_reciprocal_root_fu_416/mul_34ns_33ns_66_1_1_U439/dout/A[13]
    DSP48E2_X12Y84       DSP_A_B_DATA (Prop_DSP_A_B_DATA_DSP48E2_A[13]_A2_DATA[13])
                                                      0.258     6.292 r  kr260_min_i/snn_qp_v07_1/inst/grp_p_anonymous_namespace_dispatch_command_fu_1169/grp_p_anonymous_namespace_solve_current_fu_622/grp_p_anonymous_namespace_cone_project_fu_2233/grp_p_anonymous_namespace_reciprocal_root_fu_416/mul_34ns_33ns_66_1_1_U439/dout/DSP_A_B_DATA_INST/A2_DATA[13]
                         net (fo=1, routed)           0.000     6.292    kr260_min_i/snn_qp_v07_1/inst/grp_p_anonymous_namespace_dispatch_command_fu_1169/grp_p_anonymous_namespace_solve_current_fu_622/grp_p_anonymous_namespace_cone_project_fu_2233/grp_p_anonymous_namespace_reciprocal_root_fu_416/mul_34ns_33ns_66_1_1_U439/dout/DSP_A_B_DATA.A2_DATA<13>
    DSP48E2_X12Y84       DSP_PREADD_DATA (Prop_DSP_PREADD_DATA_DSP48E2_A2_DATA[13]_A2A1[13])
                                                      0.114     6.406 r  kr260_min_i/snn_qp_v07_1/inst/grp_p_anonymous_namespace_dispatch_command_fu_1169/grp_p_anonymous_namespace_solve_current_fu_622/grp_p_anonymous_namespace_cone_project_fu_2233/grp_p_anonymous_namespace_reciprocal_root_fu_416/mul_34ns_33ns_66_1_1_U439/dout/DSP_PREADD_DATA_INST/A2A1[13]
                         net (fo=1, routed)           0.000     6.406    kr260_min_i/snn_qp_v07_1/inst/grp_p_anonymous_namespace_dispatch_command_fu_1169/grp_p_anonymous_namespace_solve_current_fu_622/grp_p_anonymous_namespace_cone_project_fu_2233/grp_p_anonymous_namespace_reciprocal_root_fu_416/mul_34ns_33ns_66_1_1_U439/dout/DSP_PREADD_DATA.A2A1<13>
    DSP48E2_X12Y84       DSP_MULTIPLIER (Prop_DSP_MULTIPLIER_DSP48E2_A2A1[13]_U[34])
                                                      0.700     7.106 f  kr260_min_i/snn_qp_v07_1/inst/grp_p_anonymous_namespace_dispatch_command_fu_1169/grp_p_anonymous_namespace_solve_current_fu_622/grp_p_anonymous_namespace_cone_project_fu_2233/grp_p_anonymous_namespace_reciprocal_root_fu_416/mul_34ns_33ns_66_1_1_U439/dout/DSP_MULTIPLIER_INST/U[34]
                         net (fo=1, routed)           0.000     7.106    kr260_min_i/snn_qp_v07_1/inst/grp_p_anonymous_namespace_dispatch_command_fu_1169/grp_p_anonymous_namespace_solve_current_fu_622/grp_p_anonymous_namespace_cone_project_fu_2233/grp_p_anonymous_namespace_reciprocal_root_fu_416/mul_34ns_33ns_66_1_1_U439/dout/DSP_MULTIPLIER.U<34>
    DSP48E2_X12Y84       DSP_M_DATA (Prop_DSP_M_DATA_DSP48E2_U[34]_U_DATA[34])
                                                      0.067     7.173 r  kr260_min_i/snn_qp_v07_1/inst/grp_p_anonymous_namespace_dispatch_command_fu_1169/grp_p_anonymous_namespace_solve_current_fu_622/grp_p_anonymous_namespace_cone_project_fu_2233/grp_p_anonymous_namespace_reciprocal_root_fu_416/mul_34ns_33ns_66_1_1_U439/dout/DSP_M_DATA_INST/U_DATA[34]
                         net (fo=1, routed)           0.000     7.173    kr260_min_i/snn_qp_v07_1/inst/grp_p_anonymous_namespace_dispatch_command_fu_1169/grp_p_anonymous_namespace_solve_current_fu_622/grp_p_anonymous_namespace_cone_project_fu_2233/grp_p_anonymous_namespace_reciprocal_root_fu_416/mul_34ns_33ns_66_1_1_U439/dout/DSP_M_DATA.U_DATA<34>
    DSP48E2_X12Y84       DSP_ALU (Prop_DSP_ALU_DSP48E2_U_DATA[34]_ALU_OUT[47])
                                                      0.727     7.900 f  kr260_min_i/snn_qp_v07_1/inst/grp_p_anonymous_namespace_dispatch_command_fu_1169/grp_p_anonymous_namespace_solve_current_fu_622/grp_p_anonymous_namespace_cone_project_fu_2233/grp_p_anonymous_namespace_reciprocal_root_fu_416/mul_34ns_33ns_66_1_1_U439/dout/DSP_ALU_INST/ALU_OUT[47]
                         net (fo=1, routed)           0.000     7.900    kr260_min_i/snn_qp_v07_1/inst/grp_p_anonymous_namespace_dispatch_command_fu_1169/grp_p_anonymous_namespace_solve_current_fu_622/grp_p_anonymous_namespace_cone_project_fu_2233/grp_p_anonymous_namespace_reciprocal_root_fu_416/mul_34ns_33ns_66_1_1_U439/dout/DSP_ALU.ALU_OUT<47>
    DSP48E2_X12Y84       DSP_OUTPUT (Prop_DSP_OUTPUT_DSP48E2_ALU_OUT[47]_PCOUT[47])
                                                      0.167     8.067 r  kr260_min_i/snn_qp_v07_1/inst/grp_p_anonymous_namespace_dispatch_command_fu_1169/grp_p_anonymous_namespace_solve_current_fu_622/grp_p_anonymous_namespace_cone_project_fu_2233/grp_p_anonymous_namespace_reciprocal_root_fu_416/mul_34ns_33ns_66_1_1_U439/dout/DSP_OUTPUT_INST/PCOUT[47]
                         net (fo=1, routed)           0.014     8.081    kr260_min_i/snn_qp_v07_1/inst/grp_p_anonymous_namespace_dispatch_command_fu_1169/grp_p_anonymous_namespace_solve_current_fu_622/grp_p_anonymous_namespace_cone_project_fu_2233/grp_p_anonymous_namespace_reciprocal_root_fu_416/mul_34ns_33ns_66_1_1_U439/dout__0/PCIN[47]
    DSP48E2_X12Y85       DSP_ALU (Prop_DSP_ALU_DSP48E2_PCIN[47]_ALU_OUT[2])
                                                      0.739     8.820 f  kr260_min_i/snn_qp_v07_1/inst/grp_p_anonymous_namespace_dispatch_command_fu_1169/grp_p_anonymous_namespace_solve_current_fu_622/grp_p_anonymous_namespace_cone_project_fu_2233/grp_p_anonymous_namespace_reciprocal_root_fu_416/mul_34ns_33ns_66_1_1_U439/dout__0/DSP_ALU_INST/ALU_OUT[2]
                         net (fo=1, routed)           0.000     8.820    kr260_min_i/snn_qp_v07_1/inst/grp_p_anonymous_namespace_dispatch_command_fu_1169/grp_p_anonymous_namespace_solve_current_fu_622/grp_p_anonymous_namespace_cone_project_fu_2233/grp_p_anonymous_namespace_reciprocal_root_fu_416/mul_34ns_33ns_66_1_1_U439/dout__0/DSP_ALU.ALU_OUT<2>
    DSP48E2_X12Y85       DSP_OUTPUT (Prop_DSP_OUTPUT_DSP48E2_ALU_OUT[2]_P[2])
                                                      0.146     8.966 r  kr260_min_i/snn_qp_v07_1/inst/grp_p_anonymous_namespace_dispatch_command_fu_1169/grp_p_anonymous_namespace_solve_current_fu_622/grp_p_anonymous_namespace_cone_project_fu_2233/grp_p_anonymous_namespace_reciprocal_root_fu_416/mul_34ns_33ns_66_1_1_U439/dout__0/DSP_OUTPUT_INST/P[2]
                         net (fo=1, routed)           0.382     9.348    kr260_min_i/snn_qp_v07_1/inst/grp_p_anonymous_namespace_dispatch_command_fu_1169/grp_p_anonymous_namespace_solve_current_fu_622/grp_p_anonymous_namespace_cone_project_fu_2233/grp_p_anonymous_namespace_reciprocal_root_fu_416/mul_34ns_33ns_66_1_1_U439/dout__0_n_125
    SLICE_X52Y217        LUT2 (Prop_E6LUT_SLICEL_I1_O)
                                                      0.057     9.405 r  kr260_min_i/snn_qp_v07_1/inst/grp_p_anonymous_namespace_dispatch_command_fu_1169/grp_p_anonymous_namespace_solve_current_fu_622/grp_p_anonymous_namespace_cone_project_fu_2233/grp_p_anonymous_namespace_reciprocal_root_fu_416/mul_34ns_33ns_66_1_1_U439/r_V_55_reg_1050[39]_i_5/O
                         net (fo=1, routed)           0.011     9.416    kr260_min_i/snn_qp_v07_1/inst/grp_p_anonymous_namespace_dispatch_command_fu_1169_n_3114
    SLICE_X52Y217        CARRY8 (Prop_CARRY8_SLICEL_S[4]_CO[7])
                                                      0.232     9.648 r  kr260_min_i/snn_qp_v07_1/inst/grp_p_anonymous_namespace_cone_project_fu_2233/grp_p_anonymous_namespace_reciprocal_root_fu_416/mul_34ns_33ns_66_1_1_U439/r_V_55_reg_1050_reg[39]_i_1/CO[7]
                         net (fo=1, routed)           0.030     9.678    kr260_min_i/snn_qp_v07_1/inst/grp_p_anonymous_namespace_cone_project_fu_2233/grp_p_anonymous_namespace_reciprocal_root_fu_416/mul_34ns_33ns_66_1_1_U439/r_V_55_reg_1050_reg[39]_i_1_n_22
    SLICE_X52Y218        CARRY8 (Prop_CARRY8_SLICEL_CI_CO[7])
                                                      0.065     9.743 r  kr260_min_i/snn_qp_v07_1/inst/grp_p_anonymous_namespace_cone_project_fu_2233/grp_p_anonymous_namespace_reciprocal_root_fu_416/mul_34ns_33ns_66_1_1_U439/r_V_55_reg_1050_reg[47]_i_1/CO[7]
                         net (fo=1, routed)           0.030     9.773    kr260_min_i/snn_qp_v07_1/inst/grp_p_anonymous_namespace_cone_project_fu_2233/grp_p_anonymous_namespace_reciprocal_root_fu_416/mul_34ns_33ns_66_1_1_U439/r_V_55_reg_1050_reg[47]_i_1_n_22
    SLICE_X52Y219        CARRY8 (Prop_CARRY8_SLICEL_CI_CO[7])
                                                      0.065     9.838 r  kr260_min_i/snn_qp_v07_1/inst/grp_p_anonymous_namespace_cone_project_fu_2233/grp_p_anonymous_namespace_reciprocal_root_fu_416/mul_34ns_33ns_66_1_1_U439/r_V_55_reg_1050_reg[55]_i_1/CO[7]
                         net (fo=1, routed)           0.030     9.868    kr260_min_i/snn_qp_v07_1/inst/grp_p_anonymous_namespace_cone_project_fu_2233/grp_p_anonymous_namespace_reciprocal_root_fu_416/mul_34ns_33ns_66_1_1_U439/r_V_55_reg_1050_reg[55]_i_1_n_22
    SLICE_X52Y220        CARRY8 (Prop_CARRY8_SLICEL_CI_O[3])
                                                      0.114     9.982 r  kr260_min_i/snn_qp_v07_1/inst/grp_p_anonymous_namespace_cone_project_fu_2233/grp_p_anonymous_namespace_reciprocal_root_fu_416/mul_34ns_33ns_66_1_1_U439/r_V_55_reg_1050_reg[63]_i_1/O[3]
                         net (fo=1, routed)           0.034    10.016    kr260_min_i/snn_qp_v07_1/inst/grp_p_anonymous_namespace_dispatch_command_fu_1169/grp_p_anonymous_namespace_solve_current_fu_622/grp_p_anonymous_namespace_cone_project_fu_2233/grp_p_anonymous_namespace_reciprocal_root_fu_416/r_V_55_reg_1050_reg[63]_0[42]
    SLICE_X52Y220        FDRE                                         r  kr260_min_i/snn_qp_v07_1/inst/grp_p_anonymous_namespace_dispatch_command_fu_1169/grp_p_anonymous_namespace_solve_current_fu_622/grp_p_anonymous_namespace_cone_project_fu_2233/grp_p_anonymous_namespace_reciprocal_root_fu_416/r_V_55_reg_1050_reg[59]/D
  -------------------------------------------------------------------    -------------------

                         (clock clk_out1_kr260_min_clk_wiz_0 rise edge)
                                                      5.000     5.000 r  
    BUFG_PS_X0Y80        BUFG_PS                      0.000     5.000 r  kr260_min_i/PS_0/inst/buffer_pl_clk_0.PL_CLK_0_BUFG/O
                         net (fo=5669, routed)        2.447     7.447    kr260_min_i/clk_wiz/inst/clk_in1
    MMCM_X0Y0            MMCME4_ADV (Prop_MMCM_CLKIN1_CLKOUT0)
                                                      0.739     8.186 r  kr260_min_i/clk_wiz/inst/mmcme4_adv_inst/CLKOUT0
                         net (fo=1, routed)           0.307     8.493    kr260_min_i/clk_wiz/inst/clk_out1_kr260_min_clk_wiz_0
    BUFGCE_X0Y1          BUFGCE (Prop_BUFCE_BUFGCE_I_O)
                                                      0.039     8.532 r  kr260_min_i/clk_wiz/inst/clkout1_buf/O
    X1Y1 (CLOCK_ROOT)    net (fo=74592, routed)       2.037    10.569    kr260_min_i/snn_qp_v07_1/inst/grp_p_anonymous_namespace_dispatch_command_fu_1169/grp_p_anonymous_namespace_solve_current_fu_622/grp_p_anonymous_namespace_cone_project_fu_2233/grp_p_anonymous_namespace_reciprocal_root_fu_416/ap_clk
    SLICE_X52Y220        FDRE                                         r  kr260_min_i/snn_qp_v07_1/inst/grp_p_anonymous_namespace_dispatch_command_fu_1169/grp_p_anonymous_namespace_solve_current_fu_622/grp_p_anonymous_namespace_cone_project_fu_2233/grp_p_anonymous_namespace_reciprocal_root_fu_416/r_V_55_reg_1050_reg[59]/C
                         clock pessimism             -0.457    10.112    
                         clock uncertainty           -0.057    10.055    
    SLICE_X52Y220        FDRE (Setup_DFF_SLICEL_C_D)
                                                      0.044    10.099    kr260_min_i/snn_qp_v07_1/inst/grp_p_anonymous_namespace_dispatch_command_fu_1169/grp_p_anonymous_namespace_solve_current_fu_622/grp_p_anonymous_namespace_cone_project_fu_2233/grp_p_anonymous_namespace_reciprocal_root_fu_416/r_V_55_reg_1050_reg[59]
  -------------------------------------------------------------------
                         required time                         10.099    
                         arrival time                         -10.016    
  -------------------------------------------------------------------
                         slack                                  0.083    

Slack (MET) :             0.086ns  (required time - arrival time)
  Source:                 kr260_min_i/snn_qp_v07_1/inst/grp_p_anonymous_namespace_dispatch_command_fu_1169/grp_p_anonymous_namespace_solve_current_fu_622/grp_p_anonymous_namespace_cone_project_fu_2233/grp_p_anonymous_namespace_reciprocal_root_fu_416/grp_p_anonymous_namespace_rsqrt_update_commit_stage_fu_246/ap_ce_reg_reg_replica_1/C
                            (rising edge-triggered cell FDRE clocked by clk_out1_kr260_min_clk_wiz_0  {rise@0.000ns fall@2.500ns period=5.000ns})
  Destination:            kr260_min_i/snn_qp_v07_1/inst/grp_p_anonymous_namespace_dispatch_command_fu_1169/grp_p_anonymous_namespace_solve_current_fu_622/grp_p_anonymous_namespace_cone_project_fu_2233/grp_p_anonymous_namespace_reciprocal_root_fu_416/r_V_55_reg_1050_reg[65]/D
                            (rising edge-triggered cell FDRE clocked by clk_out1_kr260_min_clk_wiz_0  {rise@0.000ns fall@2.500ns period=5.000ns})
  Path Group:             clk_out1_kr260_min_clk_wiz_0
  Path Type:              Setup (Max at Slow Process Corner)
  Requirement:            5.000ns  (clk_out1_kr260_min_clk_wiz_0 rise@5.000ns - clk_out1_kr260_min_clk_wiz_0 rise@0.000ns)
  Data Path Delay:        4.848ns  (logic 3.703ns (76.382%)  route 1.145ns (23.618%))
  Logic Levels:           15  (CARRY8=5 DSP_A_B_DATA=1 DSP_ALU=2 DSP_M_DATA=1 DSP_MULTIPLIER=1 DSP_OUTPUT=2 DSP_PREADD_DATA=1 LUT2=1 LUT3=1)
  Clock Path Skew:        -0.053ns (DCD - SCD + CPR)
    Destination Clock Delay (DCD):    5.658ns = ( 10.658 - 5.000 ) 
    Source Clock Delay      (SCD):    5.254ns
    Clock Pessimism Removal (CPR):    -0.457ns
  Clock Uncertainty:      0.057ns  ((TSJ^2 + DJ^2)^1/2) / 2 + PE
    Total System Jitter     (TSJ):    0.071ns
    Discrete Jitter          (DJ):    0.091ns
    Phase Error              (PE):    0.000ns
  Clock Net Delay (Source):      2.286ns (routing 0.724ns, distribution 1.562ns)
  Clock Net Delay (Destination): 2.126ns (routing 0.669ns, distribution 1.457ns)

    Location             Delay type                Incr(ns)  Path(ns)    Netlist Resource(s)
  -------------------------------------------------------------------    -------------------
                         (clock clk_out1_kr260_min_clk_wiz_0 rise edge)
                                                      0.000     0.000 r  
    BUFG_PS_X0Y80        BUFG_PS                      0.000     0.000 r  kr260_min_i/PS_0/inst/buffer_pl_clk_0.PL_CLK_0_BUFG/O
                         net (fo=5669, routed)        2.679     2.679    kr260_min_i/clk_wiz/inst/clk_in1
    MMCM_X0Y0            MMCME4_ADV (Prop_MMCM_CLKIN1_CLKOUT0)
                                                     -0.103     2.576 r  kr260_min_i/clk_wiz/inst/mmcme4_adv_inst/CLKOUT0
                         net (fo=1, routed)           0.348     2.924    kr260_min_i/clk_wiz/inst/clk_out1_kr260_min_clk_wiz_0
    BUFGCE_X0Y1          BUFGCE (Prop_BUFCE_BUFGCE_I_O)
                                                      0.044     2.968 r  kr260_min_i/clk_wiz/inst/clkout1_buf/O
    X1Y1 (CLOCK_ROOT)    net (fo=74592, routed)       2.286     5.254    kr260_min_i/snn_qp_v07_1/inst/grp_p_anonymous_namespace_dispatch_command_fu_1169/grp_p_anonymous_namespace_solve_current_fu_622/grp_p_anonymous_namespace_cone_project_fu_2233/grp_p_anonymous_namespace_reciprocal_root_fu_416/grp_p_anonymous_namespace_rsqrt_update_commit_stage_fu_246/ap_clk
    SLICE_X54Y219        FDRE                                         r  kr260_min_i/snn_qp_v07_1/inst/grp_p_anonymous_namespace_dispatch_command_fu_1169/grp_p_anonymous_namespace_solve_current_fu_622/grp_p_anonymous_namespace_cone_project_fu_2233/grp_p_anonymous_namespace_reciprocal_root_fu_416/grp_p_anonymous_namespace_rsqrt_update_commit_stage_fu_246/ap_ce_reg_reg_replica_1/C
  -------------------------------------------------------------------    -------------------
    SLICE_X54Y219        FDRE (Prop_FFF_SLICEM_C_Q)
                                                      0.112     5.366 r  kr260_min_i/snn_qp_v07_1/inst/grp_p_anonymous_namespace_dispatch_command_fu_1169/grp_p_anonymous_namespace_solve_current_fu_622/grp_p_anonymous_namespace_cone_project_fu_2233/grp_p_anonymous_namespace_reciprocal_root_fu_416/grp_p_anonymous_namespace_rsqrt_update_commit_stage_fu_246/ap_ce_reg_reg_replica_1/Q
                         net (fo=25, routed)          0.209     5.575    kr260_min_i/snn_qp_v07_1/inst/grp_p_anonymous_namespace_dispatch_command_fu_1169/grp_p_anonymous_namespace_solve_current_fu_622/grp_p_anonymous_namespace_cone_project_fu_2233/grp_p_anonymous_namespace_reciprocal_root_fu_416/grp_p_anonymous_namespace_rsqrt_update_commit_stage_fu_246/ap_ce_reg_repN_1
    SLICE_X54Y216        LUT3 (Prop_E6LUT_SLICEM_I2_O)
                                                      0.083     5.658 f  kr260_min_i/snn_qp_v07_1/inst/grp_p_anonymous_namespace_dispatch_command_fu_1169/grp_p_anonymous_namespace_solve_current_fu_622/grp_p_anonymous_namespace_cone_project_fu_2233/grp_p_anonymous_namespace_reciprocal_root_fu_416/grp_p_anonymous_namespace_rsqrt_update_commit_stage_fu_246/scaled_V_reg_1045[30]_i_1/O
                         net (fo=6, routed)           0.376     6.034    kr260_min_i/snn_qp_v07_1/inst/grp_p_anonymous_namespace_dispatch_command_fu_1169/grp_p_anonymous_namespace_solve_current_fu_622/grp_p_anonymous_namespace_cone_project_fu_2233/grp_p_anonymous_namespace_reciprocal_root_fu_416/mul_34ns_33ns_66_1_1_U439/dout/A[13]
    DSP48E2_X12Y84       DSP_A_B_DATA (Prop_DSP_A_B_DATA_DSP48E2_A[13]_A2_DATA[13])
                                                      0.258     6.292 r  kr260_min_i/snn_qp_v07_1/inst/grp_p_anonymous_namespace_dispatch_command_fu_1169/grp_p_anonymous_namespace_solve_current_fu_622/grp_p_anonymous_namespace_cone_project_fu_2233/grp_p_anonymous_namespace_reciprocal_root_fu_416/mul_34ns_33ns_66_1_1_U439/dout/DSP_A_B_DATA_INST/A2_DATA[13]
                         net (fo=1, routed)           0.000     6.292    kr260_min_i/snn_qp_v07_1/inst/grp_p_anonymous_namespace_dispatch_command_fu_1169/grp_p_anonymous_namespace_solve_current_fu_622/grp_p_anonymous_namespace_cone_project_fu_2233/grp_p_anonymous_namespace_reciprocal_root_fu_416/mul_34ns_33ns_66_1_1_U439/dout/DSP_A_B_DATA.A2_DATA<13>
    DSP48E2_X12Y84       DSP_PREADD_DATA (Prop_DSP_PREADD_DATA_DSP48E2_A2_DATA[13]_A2A1[13])
                                                      0.114     6.406 r  kr260_min_i/snn_qp_v07_1/inst/grp_p_anonymous_namespace_dispatch_command_fu_1169/grp_p_anonymous_namespace_solve_current_fu_622/grp_p_anonymous_namespace_cone_project_fu_2233/grp_p_anonymous_namespace_reciprocal_root_fu_416/mul_34ns_33ns_66_1_1_U439/dout/DSP_PREADD_DATA_INST/A2A1[13]
                         net (fo=1, routed)           0.000     6.406    kr260_min_i/snn_qp_v07_1/inst/grp_p_anonymous_namespace_dispatch_command_fu_1169/grp_p_anonymous_namespace_solve_current_fu_622/grp_p_anonymous_namespace_cone_project_fu_2233/grp_p_anonymous_namespace_reciprocal_root_fu_416/mul_34ns_33ns_66_1_1_U439/dout/DSP_PREADD_DATA.A2A1<13>
    DSP48E2_X12Y84       DSP_MULTIPLIER (Prop_DSP_MULTIPLIER_DSP48E2_A2A1[13]_U[34])
                                                      0.700     7.106 f  kr260_min_i/snn_qp_v07_1/inst/grp_p_anonymous_namespace_dispatch_command_fu_1169/grp_p_anonymous_namespace_solve_current_fu_622/grp_p_anonymous_namespace_cone_project_fu_2233/grp_p_anonymous_namespace_reciprocal_root_fu_416/mul_34ns_33ns_66_1_1_U439/dout/DSP_MULTIPLIER_INST/U[34]
                         net (fo=1, routed)           0.000     7.106    kr260_min_i/snn_qp_v07_1/inst/grp_p_anonymous_namespace_dispatch_command_fu_1169/grp_p_anonymous_namespace_solve_current_fu_622/grp_p_anonymous_namespace_cone_project_fu_2233/grp_p_anonymous_namespace_reciprocal_root_fu_416/mul_34ns_33ns_66_1_1_U439/dout/DSP_MULTIPLIER.U<34>
    DSP48E2_X12Y84       DSP_M_DATA (Prop_DSP_M_DATA_DSP48E2_U[34]_U_DATA[34])
                                                      0.067     7.173 r  kr260_min_i/snn_qp_v07_1/inst/grp_p_anonymous_namespace_dispatch_command_fu_1169/grp_p_anonymous_namespace_solve_current_fu_622/grp_p_anonymous_namespace_cone_project_fu_2233/grp_p_anonymous_namespace_reciprocal_root_fu_416/mul_34ns_33ns_66_1_1_U439/dout/DSP_M_DATA_INST/U_DATA[34]
                         net (fo=1, routed)           0.000     7.173    kr260_min_i/snn_qp_v07_1/inst/grp_p_anonymous_namespace_dispatch_command_fu_1169/grp_p_anonymous_namespace_solve_current_fu_622/grp_p_anonymous_namespace_cone_project_fu_2233/grp_p_anonymous_namespace_reciprocal_root_fu_416/mul_34ns_33ns_66_1_1_U439/dout/DSP_M_DATA.U_DATA<34>
    DSP48E2_X12Y84       DSP_ALU (Prop_DSP_ALU_DSP48E2_U_DATA[34]_ALU_OUT[47])
                                                      0.727     7.900 f  kr260_min_i/snn_qp_v07_1/inst/grp_p_anonymous_namespace_dispatch_command_fu_1169/grp_p_anonymous_namespace_solve_current_fu_622/grp_p_anonymous_namespace_cone_project_fu_2233/grp_p_anonymous_namespace_reciprocal_root_fu_416/mul_34ns_33ns_66_1_1_U439/dout/DSP_ALU_INST/ALU_OUT[47]
                         net (fo=1, routed)           0.000     7.900    kr260_min_i/snn_qp_v07_1/inst/grp_p_anonymous_namespace_dispatch_command_fu_1169/grp_p_anonymous_namespace_solve_current_fu_622/grp_p_anonymous_namespace_cone_project_fu_2233/grp_p_anonymous_namespace_reciprocal_root_fu_416/mul_34ns_33ns_66_1_1_U439/dout/DSP_ALU.ALU_OUT<47>
    DSP48E2_X12Y84       DSP_OUTPUT (Prop_DSP_OUTPUT_DSP48E2_ALU_OUT[47]_PCOUT[47])
                                                      0.167     8.067 r  kr260_min_i/snn_qp_v07_1/inst/grp_p_anonymous_namespace_dispatch_command_fu_1169/grp_p_anonymous_namespace_solve_current_fu_622/grp_p_anonymous_namespace_cone_project_fu_2233/grp_p_anonymous_namespace_reciprocal_root_fu_416/mul_34ns_33ns_66_1_1_U439/dout/DSP_OUTPUT_INST/PCOUT[47]
                         net (fo=1, routed)           0.014     8.081    kr260_min_i/snn_qp_v07_1/inst/grp_p_anonymous_namespace_dispatch_command_fu_1169/grp_p_anonymous_namespace_solve_current_fu_622/grp_p_anonymous_namespace_cone_project_fu_2233/grp_p_anonymous_namespace_reciprocal_root_fu_416/mul_34ns_33ns_66_1_1_U439/dout__0/PCIN[47]
    DSP48E2_X12Y85       DSP_ALU (Prop_DSP_ALU_DSP48E2_PCIN[47]_ALU_OUT[2])
                                                      0.739     8.820 f  kr260_min_i/snn_qp_v07_1/inst/grp_p_anonymous_namespace_dispatch_command_fu_1169/grp_p_anonymous_namespace_solve_current_fu_622/grp_p_anonymous_namespace_cone_project_fu_2233/grp_p_anonymous_namespace_reciprocal_root_fu_416/mul_34ns_33ns_66_1_1_U439/dout__0/DSP_ALU_INST/ALU_OUT[2]
                         net (fo=1, routed)           0.000     8.820    kr260_min_i/snn_qp_v07_1/inst/grp_p_anonymous_namespace_dispatch_command_fu_1169/grp_p_anonymous_namespace_solve_current_fu_622/grp_p_anonymous_namespace_cone_project_fu_2233/grp_p_anonymous_namespace_reciprocal_root_fu_416/mul_34ns_33ns_66_1_1_U439/dout__0/DSP_ALU.ALU_OUT<2>
    DSP48E2_X12Y85       DSP_OUTPUT (Prop_DSP_OUTPUT_DSP48E2_ALU_OUT[2]_P[2])
                                                      0.146     8.966 r  kr260_min_i/snn_qp_v07_1/inst/grp_p_anonymous_namespace_dispatch_command_fu_1169/grp_p_anonymous_namespace_solve_current_fu_622/grp_p_anonymous_namespace_cone_project_fu_2233/grp_p_anonymous_namespace_reciprocal_root_fu_416/mul_34ns_33ns_66_1_1_U439/dout__0/DSP_OUTPUT_INST/P[2]
                         net (fo=1, routed)           0.382     9.348    kr260_min_i/snn_qp_v07_1/inst/grp_p_anonymous_namespace_dispatch_command_fu_1169/grp_p_anonymous_namespace_solve_current_fu_622/grp_p_anonymous_namespace_cone_project_fu_2233/grp_p_anonymous_namespace_reciprocal_root_fu_416/mul_34ns_33ns_66_1_1_U439/dout__0_n_125
    SLICE_X52Y217        LUT2 (Prop_E6LUT_SLICEL_I1_O)
                                                      0.057     9.405 r  kr260_min_i/snn_qp_v07_1/inst/grp_p_anonymous_namespace_dispatch_command_fu_1169/grp_p_anonymous_namespace_solve_current_fu_622/grp_p_anonymous_namespace_cone_project_fu_2233/grp_p_anonymous_namespace_reciprocal_root_fu_416/mul_34ns_33ns_66_1_1_U439/r_V_55_reg_1050[39]_i_5/O
                         net (fo=1, routed)           0.011     9.416    kr260_min_i/snn_qp_v07_1/inst/grp_p_anonymous_namespace_dispatch_command_fu_1169_n_3114
    SLICE_X52Y217        CARRY8 (Prop_CARRY8_SLICEL_S[4]_CO[7])
                                                      0.232     9.648 r  kr260_min_i/snn_qp_v07_1/inst/grp_p_anonymous_namespace_cone_project_fu_2233/grp_p_anonymous_namespace_reciprocal_root_fu_416/mul_34ns_33ns_66_1_1_U439/r_V_55_reg_1050_reg[39]_i_1/CO[7]
                         net (fo=1, routed)           0.030     9.678    kr260_min_i/snn_qp_v07_1/inst/grp_p_anonymous_namespace_cone_project_fu_2233/grp_p_anonymous_namespace_reciprocal_root_fu_416/mul_34ns_33ns_66_1_1_U439/r_V_55_reg_1050_reg[39]_i_1_n_22
    SLICE_X52Y218        CARRY8 (Prop_CARRY8_SLICEL_CI_CO[7])
                                                      0.065     9.743 r  kr260_min_i/snn_qp_v07_1/inst/grp_p_anonymous_namespace_cone_project_fu_2233/grp_p_anonymous_namespace_reciprocal_root_fu_416/mul_34ns_33ns_66_1_1_U439/r_V_55_reg_1050_reg[47]_i_1/CO[7]
                         net (fo=1, routed)           0.030     9.773    kr260_min_i/snn_qp_v07_1/inst/grp_p_anonymous_namespace_cone_project_fu_2233/grp_p_anonymous_namespace_reciprocal_root_fu_416/mul_34ns_33ns_66_1_1_U439/r_V_55_reg_1050_reg[47]_i_1_n_22
    SLICE_X52Y219        CARRY8 (Prop_CARRY8_SLICEL_CI_CO[7])
                                                      0.065     9.838 r  kr260_min_i/snn_qp_v07_1/inst/grp_p_anonymous_namespace_cone_project_fu_2233/grp_p_anonymous_namespace_reciprocal_root_fu_416/mul_34ns_33ns_66_1_1_U439/r_V_55_reg_1050_reg[55]_i_1/CO[7]
                         net (fo=1, routed)           0.030     9.868    kr260_min_i/snn_qp_v07_1/inst/grp_p_anonymous_namespace_cone_project_fu_2233/grp_p_anonymous_namespace_reciprocal_root_fu_416/mul_34ns_33ns_66_1_1_U439/r_V_55_reg_1050_reg[55]_i_1_n_22
    SLICE_X52Y220        CARRY8 (Prop_CARRY8_SLICEL_CI_CO[7])
                                                      0.065     9.933 r  kr260_min_i/snn_qp_v07_1/inst/grp_p_anonymous_namespace_cone_project_fu_2233/grp_p_anonymous_namespace_reciprocal_root_fu_416/mul_34ns_33ns_66_1_1_U439/r_V_55_reg_1050_reg[63]_i_1/CO[7]
                         net (fo=1, routed)           0.030     9.963    kr260_min_i/snn_qp_v07_1/inst/grp_p_anonymous_namespace_dispatch_command_fu_1169/grp_p_anonymous_namespace_solve_current_fu_622/grp_p_anonymous_namespace_cone_project_fu_2233/grp_p_anonymous_namespace_reciprocal_root_fu_416/mul_34ns_33ns_66_1_1_U439/r_V_55_reg_1050_reg[65][0]
    SLICE_X52Y221        CARRY8 (Prop_CARRY8_SLICEL_CI_O[1])
                                                      0.106    10.069 r  kr260_min_i/snn_qp_v07_1/inst/grp_p_anonymous_namespace_dispatch_command_fu_1169/grp_p_anonymous_namespace_solve_current_fu_622/grp_p_anonymous_namespace_cone_project_fu_2233/grp_p_anonymous_namespace_reciprocal_root_fu_416/mul_34ns_33ns_66_1_1_U439/r_V_55_reg_1050_reg[65]_i_2/O[1]
                         net (fo=1, routed)           0.033    10.102    kr260_min_i/snn_qp_v07_1/inst/grp_p_anonymous_namespace_dispatch_command_fu_1169/grp_p_anonymous_namespace_solve_current_fu_622/grp_p_anonymous_namespace_cone_project_fu_2233/grp_p_anonymous_namespace_reciprocal_root_fu_416/dout__3[65]
    SLICE_X52Y221        FDRE                                         r  kr260_min_i/snn_qp_v07_1/inst/grp_p_anonymous_namespace_dispatch_command_fu_1169/grp_p_anonymous_namespace_solve_current_fu_622/grp_p_anonymous_namespace_cone_project_fu_2233/grp_p_anonymous_namespace_reciprocal_root_fu_416/r_V_55_reg_1050_reg[65]/D
  -------------------------------------------------------------------    -------------------

                         (clock clk_out1_kr260_min_clk_wiz_0 rise edge)
                                                      5.000     5.000 r  
    BUFG_PS_X0Y80        BUFG_PS                      0.000     5.000 r  kr260_min_i/PS_0/inst/buffer_pl_clk_0.PL_CLK_0_BUFG/O
                         net (fo=5669, routed)        2.447     7.447    kr260_min_i/clk_wiz/inst/clk_in1
    MMCM_X0Y0            MMCME4_ADV (Prop_MMCM_CLKIN1_CLKOUT0)
                                                      0.739     8.186 r  kr260_min_i/clk_wiz/inst/mmcme4_adv_inst/CLKOUT0
                         net (fo=1, routed)           0.307     8.493    kr260_min_i/clk_wiz/inst/clk_out1_kr260_min_clk_wiz_0
    BUFGCE_X0Y1          BUFGCE (Prop_BUFCE_BUFGCE_I_O)
                                                      0.039     8.532 r  kr260_min_i/clk_wiz/inst/clkout1_buf/O
    X1Y1 (CLOCK_ROOT)    net (fo=74592, routed)       2.126    10.658    kr260_min_i/snn_qp_v07_1/inst/grp_p_anonymous_namespace_dispatch_command_fu_1169/grp_p_anonymous_namespace_solve_current_fu_622/grp_p_anonymous_namespace_cone_project_fu_2233/grp_p_anonymous_namespace_reciprocal_root_fu_416/ap_clk
    SLICE_X52Y221        FDRE                                         r  kr260_min_i/snn_qp_v07_1/inst/grp_p_anonymous_namespace_dispatch_command_fu_1169/grp_p_anonymous_namespace_solve_current_fu_622/grp_p_anonymous_namespace_cone_project_fu_2233/grp_p_anonymous_namespace_reciprocal_root_fu_416/r_V_55_reg_1050_reg[65]/C
                         clock pessimism             -0.457    10.201    
                         clock uncertainty           -0.057    10.143    
    SLICE_X52Y221        FDRE (Setup_BFF_SLICEL_C_D)
                                                      0.044    10.187    kr260_min_i/snn_qp_v07_1/inst/grp_p_anonymous_namespace_dispatch_command_fu_1169/grp_p_anonymous_namespace_solve_current_fu_622/grp_p_anonymous_namespace_cone_project_fu_2233/grp_p_anonymous_namespace_reciprocal_root_fu_416/r_V_55_reg_1050_reg[65]
  -------------------------------------------------------------------
                         required time                         10.187    
                         arrival time                         -10.102    
  -------------------------------------------------------------------
                         slack                                  0.086    

Slack (MET) :             0.092ns  (required time - arrival time)
  Source:                 kr260_min_i/snn_qp_v07_1/inst/grp_p_anonymous_namespace_dispatch_command_fu_1169/grp_p_anonymous_namespace_solve_current_fu_622/grp_p_anonymous_namespace_cone_project_fu_2233/grp_p_anonymous_namespace_reciprocal_root_fu_416/grp_p_anonymous_namespace_rsqrt_update_commit_stage_fu_246/ap_ce_reg_reg_replica_1/C
                            (rising edge-triggered cell FDRE clocked by clk_out1_kr260_min_clk_wiz_0  {rise@0.000ns fall@2.500ns period=5.000ns})
  Destination:            kr260_min_i/snn_qp_v07_1/inst/grp_p_anonymous_namespace_dispatch_command_fu_1169/grp_p_anonymous_namespace_solve_current_fu_622/grp_p_anonymous_namespace_cone_project_fu_2233/grp_p_anonymous_namespace_reciprocal_root_fu_416/r_V_55_reg_1050_reg[57]/D
                            (rising edge-triggered cell FDRE clocked by clk_out1_kr260_min_clk_wiz_0  {rise@0.000ns fall@2.500ns period=5.000ns})
  Path Group:             clk_out1_kr260_min_clk_wiz_0
  Path Type:              Setup (Max at Slow Process Corner)
  Requirement:            5.000ns  (clk_out1_kr260_min_clk_wiz_0 rise@5.000ns - clk_out1_kr260_min_clk_wiz_0 rise@0.000ns)
  Data Path Delay:        4.753ns  (logic 3.638ns (76.541%)  route 1.115ns (23.459%))
  Logic Levels:           14  (CARRY8=4 DSP_A_B_DATA=1 DSP_ALU=2 DSP_M_DATA=1 DSP_MULTIPLIER=1 DSP_OUTPUT=2 DSP_PREADD_DATA=1 LUT2=1 LUT3=1)
  Clock Path Skew:        -0.141ns (DCD - SCD + CPR)
    Destination Clock Delay (DCD):    5.569ns = ( 10.569 - 5.000 ) 
    Source Clock Delay      (SCD):    5.254ns
    Clock Pessimism Removal (CPR):    -0.457ns
  Clock Uncertainty:      0.057ns  ((TSJ^2 + DJ^2)^1/2) / 2 + PE
    Total System Jitter     (TSJ):    0.071ns
    Discrete Jitter          (DJ):    0.091ns
    Phase Error              (PE):    0.000ns
  Clock Net Delay (Source):      2.286ns (routing 0.724ns, distribution 1.562ns)
  Clock Net Delay (Destination): 2.037ns (routing 0.669ns, distribution 1.368ns)

    Location             Delay type                Incr(ns)  Path(ns)    Netlist Resource(s)
  -------------------------------------------------------------------    -------------------
                         (clock clk_out1_kr260_min_clk_wiz_0 rise edge)
                                                      0.000     0.000 r  
    BUFG_PS_X0Y80        BUFG_PS                      0.000     0.000 r  kr260_min_i/PS_0/inst/buffer_pl_clk_0.PL_CLK_0_BUFG/O
                         net (fo=5669, routed)        2.679     2.679    kr260_min_i/clk_wiz/inst/clk_in1
    MMCM_X0Y0            MMCME4_ADV (Prop_MMCM_CLKIN1_CLKOUT0)
                                                     -0.103     2.576 r  kr260_min_i/clk_wiz/inst/mmcme4_adv_inst/CLKOUT0
                         net (fo=1, routed)           0.348     2.924    kr260_min_i/clk_wiz/inst/clk_out1_kr260_min_clk_wiz_0
    BUFGCE_X0Y1          BUFGCE (Prop_BUFCE_BUFGCE_I_O)
                                                      0.044     2.968 r  kr260_min_i/clk_wiz/inst/clkout1_buf/O
    X1Y1 (CLOCK_ROOT)    net (fo=74592, routed)       2.286     5.254    kr260_min_i/snn_qp_v07_1/inst/grp_p_anonymous_namespace_dispatch_command_fu_1169/grp_p_anonymous_namespace_solve_current_fu_622/grp_p_anonymous_namespace_cone_project_fu_2233/grp_p_anonymous_namespace_reciprocal_root_fu_416/grp_p_anonymous_namespace_rsqrt_update_commit_stage_fu_246/ap_clk
    SLICE_X54Y219        FDRE                                         r  kr260_min_i/snn_qp_v07_1/inst/grp_p_anonymous_namespace_dispatch_command_fu_1169/grp_p_anonymous_namespace_solve_current_fu_622/grp_p_anonymous_namespace_cone_project_fu_2233/grp_p_anonymous_namespace_reciprocal_root_fu_416/grp_p_anonymous_namespace_rsqrt_update_commit_stage_fu_246/ap_ce_reg_reg_replica_1/C
  -------------------------------------------------------------------    -------------------
    SLICE_X54Y219        FDRE (Prop_FFF_SLICEM_C_Q)
                                                      0.112     5.366 r  kr260_min_i/snn_qp_v07_1/inst/grp_p_anonymous_namespace_dispatch_command_fu_1169/grp_p_anonymous_namespace_solve_current_fu_622/grp_p_anonymous_namespace_cone_project_fu_2233/grp_p_anonymous_namespace_reciprocal_root_fu_416/grp_p_anonymous_namespace_rsqrt_update_commit_stage_fu_246/ap_ce_reg_reg_replica_1/Q
                         net (fo=25, routed)          0.209     5.575    kr260_min_i/snn_qp_v07_1/inst/grp_p_anonymous_namespace_dispatch_command_fu_1169/grp_p_anonymous_namespace_solve_current_fu_622/grp_p_anonymous_namespace_cone_project_fu_2233/grp_p_anonymous_namespace_reciprocal_root_fu_416/grp_p_anonymous_namespace_rsqrt_update_commit_stage_fu_246/ap_ce_reg_repN_1
    SLICE_X54Y216        LUT3 (Prop_E6LUT_SLICEM_I2_O)
                                                      0.083     5.658 f  kr260_min_i/snn_qp_v07_1/inst/grp_p_anonymous_namespace_dispatch_command_fu_1169/grp_p_anonymous_namespace_solve_current_fu_622/grp_p_anonymous_namespace_cone_project_fu_2233/grp_p_anonymous_namespace_reciprocal_root_fu_416/grp_p_anonymous_namespace_rsqrt_update_commit_stage_fu_246/scaled_V_reg_1045[30]_i_1/O
                         net (fo=6, routed)           0.376     6.034    kr260_min_i/snn_qp_v07_1/inst/grp_p_anonymous_namespace_dispatch_command_fu_1169/grp_p_anonymous_namespace_solve_current_fu_622/grp_p_anonymous_namespace_cone_project_fu_2233/grp_p_anonymous_namespace_reciprocal_root_fu_416/mul_34ns_33ns_66_1_1_U439/dout/A[13]
    DSP48E2_X12Y84       DSP_A_B_DATA (Prop_DSP_A_B_DATA_DSP48E2_A[13]_A2_DATA[13])
                                                      0.258     6.292 r  kr260_min_i/snn_qp_v07_1/inst/grp_p_anonymous_namespace_dispatch_command_fu_1169/grp_p_anonymous_namespace_solve_current_fu_622/grp_p_anonymous_namespace_cone_project_fu_2233/grp_p_anonymous_namespace_reciprocal_root_fu_416/mul_34ns_33ns_66_1_1_U439/dout/DSP_A_B_DATA_INST/A2_DATA[13]
                         net (fo=1, routed)           0.000     6.292    kr260_min_i/snn_qp_v07_1/inst/grp_p_anonymous_namespace_dispatch_command_fu_1169/grp_p_anonymous_namespace_solve_current_fu_622/grp_p_anonymous_namespace_cone_project_fu_2233/grp_p_anonymous_namespace_reciprocal_root_fu_416/mul_34ns_33ns_66_1_1_U439/dout/DSP_A_B_DATA.A2_DATA<13>
    DSP48E2_X12Y84       DSP_PREADD_DATA (Prop_DSP_PREADD_DATA_DSP48E2_A2_DATA[13]_A2A1[13])
                                                      0.114     6.406 r  kr260_min_i/snn_qp_v07_1/inst/grp_p_anonymous_namespace_dispatch_command_fu_1169/grp_p_anonymous_namespace_solve_current_fu_622/grp_p_anonymous_namespace_cone_project_fu_2233/grp_p_anonymous_namespace_reciprocal_root_fu_416/mul_34ns_33ns_66_1_1_U439/dout/DSP_PREADD_DATA_INST/A2A1[13]
                         net (fo=1, routed)           0.000     6.406    kr260_min_i/snn_qp_v07_1/inst/grp_p_anonymous_namespace_dispatch_command_fu_1169/grp_p_anonymous_namespace_solve_current_fu_622/grp_p_anonymous_namespace_cone_project_fu_2233/grp_p_anonymous_namespace_reciprocal_root_fu_416/mul_34ns_33ns_66_1_1_U439/dout/DSP_PREADD_DATA.A2A1<13>
    DSP48E2_X12Y84       DSP_MULTIPLIER (Prop_DSP_MULTIPLIER_DSP48E2_A2A1[13]_U[34])
                                                      0.700     7.106 f  kr260_min_i/snn_qp_v07_1/inst/grp_p_anonymous_namespace_dispatch_command_fu_1169/grp_p_anonymous_namespace_solve_current_fu_622/grp_p_anonymous_namespace_cone_project_fu_2233/grp_p_anonymous_namespace_reciprocal_root_fu_416/mul_34ns_33ns_66_1_1_U439/dout/DSP_MULTIPLIER_INST/U[34]
                         net (fo=1, routed)           0.000     7.106    kr260_min_i/snn_qp_v07_1/inst/grp_p_anonymous_namespace_dispatch_command_fu_1169/grp_p_anonymous_namespace_solve_current_fu_622/grp_p_anonymous_namespace_cone_project_fu_2233/grp_p_anonymous_namespace_reciprocal_root_fu_416/mul_34ns_33ns_66_1_1_U439/dout/DSP_MULTIPLIER.U<34>
    DSP48E2_X12Y84       DSP_M_DATA (Prop_DSP_M_DATA_DSP48E2_U[34]_U_DATA[34])
                                                      0.067     7.173 r  kr260_min_i/snn_qp_v07_1/inst/grp_p_anonymous_namespace_dispatch_command_fu_1169/grp_p_anonymous_namespace_solve_current_fu_622/grp_p_anonymous_namespace_cone_project_fu_2233/grp_p_anonymous_namespace_reciprocal_root_fu_416/mul_34ns_33ns_66_1_1_U439/dout/DSP_M_DATA_INST/U_DATA[34]
                         net (fo=1, routed)           0.000     7.173    kr260_min_i/snn_qp_v07_1/inst/grp_p_anonymous_namespace_dispatch_command_fu_1169/grp_p_anonymous_namespace_solve_current_fu_622/grp_p_anonymous_namespace_cone_project_fu_2233/grp_p_anonymous_namespace_reciprocal_root_fu_416/mul_34ns_33ns_66_1_1_U439/dout/DSP_M_DATA.U_DATA<34>
    DSP48E2_X12Y84       DSP_ALU (Prop_DSP_ALU_DSP48E2_U_DATA[34]_ALU_OUT[47])
                                                      0.727     7.900 f  kr260_min_i/snn_qp_v07_1/inst/grp_p_anonymous_namespace_dispatch_command_fu_1169/grp_p_anonymous_namespace_solve_current_fu_622/grp_p_anonymous_namespace_cone_project_fu_2233/grp_p_anonymous_namespace_reciprocal_root_fu_416/mul_34ns_33ns_66_1_1_U439/dout/DSP_ALU_INST/ALU_OUT[47]
                         net (fo=1, routed)           0.000     7.900    kr260_min_i/snn_qp_v07_1/inst/grp_p_anonymous_namespace_dispatch_command_fu_1169/grp_p_anonymous_namespace_solve_current_fu_622/grp_p_anonymous_namespace_cone_project_fu_2233/grp_p_anonymous_namespace_reciprocal_root_fu_416/mul_34ns_33ns_66_1_1_U439/dout/DSP_ALU.ALU_OUT<47>
    DSP48E2_X12Y84       DSP_OUTPUT (Prop_DSP_OUTPUT_DSP48E2_ALU_OUT[47]_PCOUT[47])
                                                      0.167     8.067 r  kr260_min_i/snn_qp_v07_1/inst/grp_p_anonymous_namespace_dispatch_command_fu_1169/grp_p_anonymous_namespace_solve_current_fu_622/grp_p_anonymous_namespace_cone_project_fu_2233/grp_p_anonymous_namespace_reciprocal_root_fu_416/mul_34ns_33ns_66_1_1_U439/dout/DSP_OUTPUT_INST/PCOUT[47]
                         net (fo=1, routed)           0.014     8.081    kr260_min_i/snn_qp_v07_1/inst/grp_p_anonymous_namespace_dispatch_command_fu_1169/grp_p_anonymous_namespace_solve_current_fu_622/grp_p_anonymous_namespace_cone_project_fu_2233/grp_p_anonymous_namespace_reciprocal_root_fu_416/mul_34ns_33ns_66_1_1_U439/dout__0/PCIN[47]
    DSP48E2_X12Y85       DSP_ALU (Prop_DSP_ALU_DSP48E2_PCIN[47]_ALU_OUT[2])
                                                      0.739     8.820 f  kr260_min_i/snn_qp_v07_1/inst/grp_p_anonymous_namespace_dispatch_command_fu_1169/grp_p_anonymous_namespace_solve_current_fu_622/grp_p_anonymous_namespace_cone_project_fu_2233/grp_p_anonymous_namespace_reciprocal_root_fu_416/mul_34ns_33ns_66_1_1_U439/dout__0/DSP_ALU_INST/ALU_OUT[2]
                         net (fo=1, routed)           0.000     8.820    kr260_min_i/snn_qp_v07_1/inst/grp_p_anonymous_namespace_dispatch_command_fu_1169/grp_p_anonymous_namespace_solve_current_fu_622/grp_p_anonymous_namespace_cone_project_fu_2233/grp_p_anonymous_namespace_reciprocal_root_fu_416/mul_34ns_33ns_66_1_1_U439/dout__0/DSP_ALU.ALU_OUT<2>
    DSP48E2_X12Y85       DSP_OUTPUT (Prop_DSP_OUTPUT_DSP48E2_ALU_OUT[2]_P[2])
                                                      0.146     8.966 r  kr260_min_i/snn_qp_v07_1/inst/grp_p_anonymous_namespace_dispatch_command_fu_1169/grp_p_anonymous_namespace_solve_current_fu_622/grp_p_anonymous_namespace_cone_project_fu_2233/grp_p_anonymous_namespace_reciprocal_root_fu_416/mul_34ns_33ns_66_1_1_U439/dout__0/DSP_OUTPUT_INST/P[2]
                         net (fo=1, routed)           0.382     9.348    kr260_min_i/snn_qp_v07_1/inst/grp_p_anonymous_namespace_dispatch_command_fu_1169/grp_p_anonymous_namespace_solve_current_fu_622/grp_p_anonymous_namespace_cone_project_fu_2233/grp_p_anonymous_namespace_reciprocal_root_fu_416/mul_34ns_33ns_66_1_1_U439/dout__0_n_125
    SLICE_X52Y217        LUT2 (Prop_E6LUT_SLICEL_I1_O)
                                                      0.057     9.405 r  kr260_min_i/snn_qp_v07_1/inst/grp_p_anonymous_namespace_dispatch_command_fu_1169/grp_p_anonymous_namespace_solve_current_fu_622/grp_p_anonymous_namespace_cone_project_fu_2233/grp_p_anonymous_namespace_reciprocal_root_fu_416/mul_34ns_33ns_66_1_1_U439/r_V_55_reg_1050[39]_i_5/O
                         net (fo=1, routed)           0.011     9.416    kr260_min_i/snn_qp_v07_1/inst/grp_p_anonymous_namespace_dispatch_command_fu_1169_n_3114
    SLICE_X52Y217        CARRY8 (Prop_CARRY8_SLICEL_S[4]_CO[7])
                                                      0.232     9.648 r  kr260_min_i/snn_qp_v07_1/inst/grp_p_anonymous_namespace_cone_project_fu_2233/grp_p_anonymous_namespace_reciprocal_root_fu_416/mul_34ns_33ns_66_1_1_U439/r_V_55_reg_1050_reg[39]_i_1/CO[7]
                         net (fo=1, routed)           0.030     9.678    kr260_min_i/snn_qp_v07_1/inst/grp_p_anonymous_namespace_cone_project_fu_2233/grp_p_anonymous_namespace_reciprocal_root_fu_416/mul_34ns_33ns_66_1_1_U439/r_V_55_reg_1050_reg[39]_i_1_n_22
    SLICE_X52Y218        CARRY8 (Prop_CARRY8_SLICEL_CI_CO[7])
                                                      0.065     9.743 r  kr260_min_i/snn_qp_v07_1/inst/grp_p_anonymous_namespace_cone_project_fu_2233/grp_p_anonymous_namespace_reciprocal_root_fu_416/mul_34ns_33ns_66_1_1_U439/r_V_55_reg_1050_reg[47]_i_1/CO[7]
                         net (fo=1, routed)           0.030     9.773    kr260_min_i/snn_qp_v07_1/inst/grp_p_anonymous_namespace_cone_project_fu_2233/grp_p_anonymous_namespace_reciprocal_root_fu_416/mul_34ns_33ns_66_1_1_U439/r_V_55_reg_1050_reg[47]_i_1_n_22
    SLICE_X52Y219        CARRY8 (Prop_CARRY8_SLICEL_CI_CO[7])
                                                      0.065     9.838 r  kr260_min_i/snn_qp_v07_1/inst/grp_p_anonymous_namespace_cone_project_fu_2233/grp_p_anonymous_namespace_reciprocal_root_fu_416/mul_34ns_33ns_66_1_1_U439/r_V_55_reg_1050_reg[55]_i_1/CO[7]
                         net (fo=1, routed)           0.030     9.868    kr260_min_i/snn_qp_v07_1/inst/grp_p_anonymous_namespace_cone_project_fu_2233/grp_p_anonymous_namespace_reciprocal_root_fu_416/mul_34ns_33ns_66_1_1_U439/r_V_55_reg_1050_reg[55]_i_1_n_22
    SLICE_X52Y220        CARRY8 (Prop_CARRY8_SLICEL_CI_O[1])
                                                      0.106     9.974 r  kr260_min_i/snn_qp_v07_1/inst/grp_p_anonymous_namespace_cone_project_fu_2233/grp_p_anonymous_namespace_reciprocal_root_fu_416/mul_34ns_33ns_66_1_1_U439/r_V_55_reg_1050_reg[63]_i_1/O[1]
                         net (fo=1, routed)           0.033    10.007    kr260_min_i/snn_qp_v07_1/inst/grp_p_anonymous_namespace_dispatch_command_fu_1169/grp_p_anonymous_namespace_solve_current_fu_622/grp_p_anonymous_namespace_cone_project_fu_2233/grp_p_anonymous_namespace_reciprocal_root_fu_416/r_V_55_reg_1050_reg[63]_0[40]
    SLICE_X52Y220        FDRE                                         r  kr260_min_i/snn_qp_v07_1/inst/grp_p_anonymous_namespace_dispatch_command_fu_1169/grp_p_anonymous_namespace_solve_current_fu_622/grp_p_anonymous_namespace_cone_project_fu_2233/grp_p_anonymous_namespace_reciprocal_root_fu_416/r_V_55_reg_1050_reg[57]/D
  -------------------------------------------------------------------    -------------------

                         (clock clk_out1_kr260_min_clk_wiz_0 rise edge)
                                                      5.000     5.000 r  
    BUFG_PS_X0Y80        BUFG_PS                      0.000     5.000 r  kr260_min_i/PS_0/inst/buffer_pl_clk_0.PL_CLK_0_BUFG/O
                         net (fo=5669, routed)        2.447     7.447    kr260_min_i/clk_wiz/inst/clk_in1
    MMCM_X0Y0            MMCME4_ADV (Prop_MMCM_CLKIN1_CLKOUT0)
                                                      0.739     8.186 r  kr260_min_i/clk_wiz/inst/mmcme4_adv_inst/CLKOUT0
                         net (fo=1, routed)           0.307     8.493    kr260_min_i/clk_wiz/inst/clk_out1_kr260_min_clk_wiz_0
    BUFGCE_X0Y1          BUFGCE (Prop_BUFCE_BUFGCE_I_O)
                                                      0.039     8.532 r  kr260_min_i/clk_wiz/inst/clkout1_buf/O
    X1Y1 (CLOCK_ROOT)    net (fo=74592, routed)       2.037    10.569    kr260_min_i/snn_qp_v07_1/inst/grp_p_anonymous_namespace_dispatch_command_fu_1169/grp_p_anonymous_namespace_solve_current_fu_622/grp_p_anonymous_namespace_cone_project_fu_2233/grp_p_anonymous_namespace_reciprocal_root_fu_416/ap_clk
    SLICE_X52Y220        FDRE                                         r  kr260_min_i/snn_qp_v07_1/inst/grp_p_anonymous_namespace_dispatch_command_fu_1169/grp_p_anonymous_namespace_solve_current_fu_622/grp_p_anonymous_namespace_cone_project_fu_2233/grp_p_anonymous_namespace_reciprocal_root_fu_416/r_V_55_reg_1050_reg[57]/C
                         clock pessimism             -0.457    10.112    
                         clock uncertainty           -0.057    10.055    
    SLICE_X52Y220        FDRE (Setup_BFF_SLICEL_C_D)
                                                      0.044    10.099    kr260_min_i/snn_qp_v07_1/inst/grp_p_anonymous_namespace_dispatch_command_fu_1169/grp_p_anonymous_namespace_solve_current_fu_622/grp_p_anonymous_namespace_cone_project_fu_2233/grp_p_anonymous_namespace_reciprocal_root_fu_416/r_V_55_reg_1050_reg[57]
  -------------------------------------------------------------------
                         required time                         10.099    
                         arrival time                         -10.007    
  -------------------------------------------------------------------
                         slack                                  0.092    

Slack (MET) :             0.098ns  (required time - arrival time)
  Source:                 kr260_min_i/snn_qp_v07_1/inst/grp_p_anonymous_namespace_dispatch_command_fu_1169/ap_CS_fsm_reg[86]_rep__0_replica/C
                            (rising edge-triggered cell FDRE clocked by clk_out1_kr260_min_clk_wiz_0  {rise@0.000ns fall@2.500ns period=5.000ns})
  Destination:            kr260_min_i/snn_qp_v07_1/inst/grp_p_anonymous_namespace_dispatch_command_fu_1169/grp_p_anonymous_namespace_load_geometry_matrix_fu_728/bound_reg_295_reg[47]/D
                            (rising edge-triggered cell FDRE clocked by clk_out1_kr260_min_clk_wiz_0  {rise@0.000ns fall@2.500ns period=5.000ns})
  Path Group:             clk_out1_kr260_min_clk_wiz_0
  Path Type:              Setup (Max at Slow Process Corner)
  Requirement:            5.000ns  (clk_out1_kr260_min_clk_wiz_0 rise@5.000ns - clk_out1_kr260_min_clk_wiz_0 rise@0.000ns)
  Data Path Delay:        4.773ns  (logic 3.754ns (78.643%)  route 1.019ns (21.357%))
  Logic Levels:           14  (CARRY8=4 DSP_A_B_DATA=1 DSP_ALU=2 DSP_M_DATA=1 DSP_MULTIPLIER=1 DSP_OUTPUT=2 DSP_PREADD_DATA=1 LUT2=1 LUT3=1)
  Clock Path Skew:        -0.115ns (DCD - SCD + CPR)
    Destination Clock Delay (DCD):    5.581ns = ( 10.581 - 5.000 ) 
    Source Clock Delay      (SCD):    5.246ns
    Clock Pessimism Removal (CPR):    -0.451ns
  Clock Uncertainty:      0.057ns  ((TSJ^2 + DJ^2)^1/2) / 2 + PE
    Total System Jitter     (TSJ):    0.071ns
    Discrete Jitter          (DJ):    0.091ns
    Phase Error              (PE):    0.000ns
  Clock Net Delay (Source):      2.278ns (routing 0.724ns, distribution 1.554ns)
  Clock Net Delay (Destination): 2.049ns (routing 0.669ns, distribution 1.380ns)

    Location             Delay type                Incr(ns)  Path(ns)    Netlist Resource(s)
  -------------------------------------------------------------------    -------------------
                         (clock clk_out1_kr260_min_clk_wiz_0 rise edge)
                                                      0.000     0.000 r  
    BUFG_PS_X0Y80        BUFG_PS                      0.000     0.000 r  kr260_min_i/PS_0/inst/buffer_pl_clk_0.PL_CLK_0_BUFG/O
                         net (fo=5669, routed)        2.679     2.679    kr260_min_i/clk_wiz/inst/clk_in1
    MMCM_X0Y0            MMCME4_ADV (Prop_MMCM_CLKIN1_CLKOUT0)
                                                     -0.103     2.576 r  kr260_min_i/clk_wiz/inst/mmcme4_adv_inst/CLKOUT0
                         net (fo=1, routed)           0.348     2.924    kr260_min_i/clk_wiz/inst/clk_out1_kr260_min_clk_wiz_0
    BUFGCE_X0Y1          BUFGCE (Prop_BUFCE_BUFGCE_I_O)
                                                      0.044     2.968 r  kr260_min_i/clk_wiz/inst/clkout1_buf/O
    X1Y1 (CLOCK_ROOT)    net (fo=74592, routed)       2.278     5.246    kr260_min_i/snn_qp_v07_1/inst/grp_p_anonymous_namespace_dispatch_command_fu_1169/ap_clk
    SLICE_X21Y132        FDRE                                         r  kr260_min_i/snn_qp_v07_1/inst/grp_p_anonymous_namespace_dispatch_command_fu_1169/ap_CS_fsm_reg[86]_rep__0_replica/C
  -------------------------------------------------------------------    -------------------
    SLICE_X21Y132        FDRE (Prop_HFF_SLICEM_C_Q)
                                                      0.114     5.360 r  kr260_min_i/snn_qp_v07_1/inst/grp_p_anonymous_namespace_dispatch_command_fu_1169/ap_CS_fsm_reg[86]_rep__0_replica/Q
                         net (fo=9, routed)           0.188     5.547    kr260_min_i/snn_qp_v07_1/inst/c_s_axi_U/ap_CS_fsm_reg[86]_rep__0_n_22_repN_alias
    SLICE_X21Y133        LUT3 (Prop_A6LUT_SLICEM_I1_O)
                                                      0.083     5.630 f  kr260_min_i/snn_qp_v07_1/inst/c_s_axi_U/dout_i_12__7/O
                         net (fo=7, routed)           0.288     5.918    kr260_min_i/snn_qp_v07_1/inst/grp_p_anonymous_namespace_dispatch_command_fu_1169/grp_p_anonymous_namespace_load_geometry_matrix_fu_728/mul_32ns_32ns_64_1_1_U713/dout__1/B[6]
    DSP48E2_X5Y53        DSP_A_B_DATA (Prop_DSP_A_B_DATA_DSP48E2_B[6]_B2_DATA[6])
                                                      0.216     6.134 r  kr260_min_i/snn_qp_v07_1/inst/grp_p_anonymous_namespace_dispatch_command_fu_1169/grp_p_anonymous_namespace_load_geometry_matrix_fu_728/mul_32ns_32ns_64_1_1_U713/dout__1/DSP_A_B_DATA_INST/B2_DATA[6]
                         net (fo=1, routed)           0.000     6.134    kr260_min_i/snn_qp_v07_1/inst/grp_p_anonymous_namespace_dispatch_command_fu_1169/grp_p_anonymous_namespace_load_geometry_matrix_fu_728/mul_32ns_32ns_64_1_1_U713/dout__1/DSP_A_B_DATA.B2_DATA<6>
    DSP48E2_X5Y53        DSP_PREADD_DATA (Prop_DSP_PREADD_DATA_DSP48E2_B2_DATA[6]_B2B1[6])
                                                      0.097     6.231 r  kr260_min_i/snn_qp_v07_1/inst/grp_p_anonymous_namespace_dispatch_command_fu_1169/grp_p_anonymous_namespace_load_geometry_matrix_fu_728/mul_32ns_32ns_64_1_1_U713/dout__1/DSP_PREADD_DATA_INST/B2B1[6]
                         net (fo=1, routed)           0.000     6.231    kr260_min_i/snn_qp_v07_1/inst/grp_p_anonymous_namespace_dispatch_command_fu_1169/grp_p_anonymous_namespace_load_geometry_matrix_fu_728/mul_32ns_32ns_64_1_1_U713/dout__1/DSP_PREADD_DATA.B2B1<6>
    DSP48E2_X5Y53        DSP_MULTIPLIER (Prop_DSP_MULTIPLIER_DSP48E2_B2B1[6]_U[36])
                                                      0.773     7.004 f  kr260_min_i/snn_qp_v07_1/inst/grp_p_anonymous_namespace_dispatch_command_fu_1169/grp_p_anonymous_namespace_load_geometry_matrix_fu_728/mul_32ns_32ns_64_1_1_U713/dout__1/DSP_MULTIPLIER_INST/U[36]
                         net (fo=1, routed)           0.000     7.004    kr260_min_i/snn_qp_v07_1/inst/grp_p_anonymous_namespace_dispatch_command_fu_1169/grp_p_anonymous_namespace_load_geometry_matrix_fu_728/mul_32ns_32ns_64_1_1_U713/dout__1/DSP_MULTIPLIER.U<36>
    DSP48E2_X5Y53        DSP_M_DATA (Prop_DSP_M_DATA_DSP48E2_U[36]_U_DATA[36])
                                                      0.067     7.071 r  kr260_min_i/snn_qp_v07_1/inst/grp_p_anonymous_namespace_dispatch_command_fu_1169/grp_p_anonymous_namespace_load_geometry_matrix_fu_728/mul_32ns_32ns_64_1_1_U713/dout__1/DSP_M_DATA_INST/U_DATA[36]
                         net (fo=1, routed)           0.000     7.071    kr260_min_i/snn_qp_v07_1/inst/grp_p_anonymous_namespace_dispatch_command_fu_1169/grp_p_anonymous_namespace_load_geometry_matrix_fu_728/mul_32ns_32ns_64_1_1_U713/dout__1/DSP_M_DATA.U_DATA<36>
    DSP48E2_X5Y53        DSP_ALU (Prop_DSP_ALU_DSP48E2_U_DATA[36]_ALU_OUT[47])
                                                      0.727     7.798 f  kr260_min_i/snn_qp_v07_1/inst/grp_p_anonymous_namespace_dispatch_command_fu_1169/grp_p_anonymous_namespace_load_geometry_matrix_fu_728/mul_32ns_32ns_64_1_1_U713/dout__1/DSP_ALU_INST/ALU_OUT[47]
                         net (fo=1, routed)           0.000     7.798    kr260_min_i/snn_qp_v07_1/inst/grp_p_anonymous_namespace_dispatch_command_fu_1169/grp_p_anonymous_namespace_load_geometry_matrix_fu_728/mul_32ns_32ns_64_1_1_U713/dout__1/DSP_ALU.ALU_OUT<47>
    DSP48E2_X5Y53        DSP_OUTPUT (Prop_DSP_OUTPUT_DSP48E2_ALU_OUT[47]_PCOUT[47])
                                                      0.167     7.965 r  kr260_min_i/snn_qp_v07_1/inst/grp_p_anonymous_namespace_dispatch_command_fu_1169/grp_p_anonymous_namespace_load_geometry_matrix_fu_728/mul_32ns_32ns_64_1_1_U713/dout__1/DSP_OUTPUT_INST/PCOUT[47]
                         net (fo=1, routed)           0.038     8.003    kr260_min_i/snn_qp_v07_1/inst/grp_p_anonymous_namespace_dispatch_command_fu_1169/grp_p_anonymous_namespace_load_geometry_matrix_fu_728/mul_32ns_32ns_64_1_1_U713/dout__2/PCIN[47]
    DSP48E2_X5Y54        DSP_ALU (Prop_DSP_ALU_DSP48E2_PCIN[47]_ALU_OUT[0])
                                                      0.739     8.742 f  kr260_min_i/snn_qp_v07_1/inst/grp_p_anonymous_namespace_dispatch_command_fu_1169/grp_p_anonymous_namespace_load_geometry_matrix_fu_728/mul_32ns_32ns_64_1_1_U713/dout__2/DSP_ALU_INST/ALU_OUT[0]
                         net (fo=1, routed)           0.000     8.742    kr260_min_i/snn_qp_v07_1/inst/grp_p_anonymous_namespace_dispatch_command_fu_1169/grp_p_anonymous_namespace_load_geometry_matrix_fu_728/mul_32ns_32ns_64_1_1_U713/dout__2/DSP_ALU.ALU_OUT<0>
    DSP48E2_X5Y54        DSP_OUTPUT (Prop_DSP_OUTPUT_DSP48E2_ALU_OUT[0]_P[0])
                                                      0.146     8.888 r  kr260_min_i/snn_qp_v07_1/inst/grp_p_anonymous_namespace_dispatch_command_fu_1169/grp_p_anonymous_namespace_load_geometry_matrix_fu_728/mul_32ns_32ns_64_1_1_U713/dout__2/DSP_OUTPUT_INST/P[0]
                         net (fo=2, routed)           0.360     9.248    kr260_min_i/snn_qp_v07_1/inst/grp_p_anonymous_namespace_dispatch_command_fu_1169/grp_p_anonymous_namespace_load_geometry_matrix_fu_728/mul_32ns_32ns_64_1_1_U713/dout__2_n_127
    SLICE_X18Y132        LUT2 (Prop_B6LUT_SLICEM_I0_O)
                                                      0.057     9.305 r  kr260_min_i/snn_qp_v07_1/inst/grp_p_anonymous_namespace_dispatch_command_fu_1169/grp_p_anonymous_namespace_load_geometry_matrix_fu_728/mul_32ns_32ns_64_1_1_U713/bound_reg_295[23]_i_8/O
                         net (fo=1, routed)           0.022     9.327    kr260_min_i/snn_qp_v07_1/inst/grp_p_anonymous_namespace_dispatch_command_fu_1169/grp_p_anonymous_namespace_load_geometry_matrix_fu_728/mul_32ns_32ns_64_1_1_U713/bound_reg_295[23]_i_8_n_22
    SLICE_X18Y132        CARRY8 (Prop_CARRY8_SLICEM_S[1]_CO[7])
                                                      0.267     9.594 r  kr260_min_i/snn_qp_v07_1/inst/grp_p_anonymous_namespace_dispatch_command_fu_1169/grp_p_anonymous_namespace_load_geometry_matrix_fu_728/mul_32ns_32ns_64_1_1_U713/bound_reg_295_reg[23]_i_1/CO[7]
                         net (fo=1, routed)           0.030     9.624    kr260_min_i/snn_qp_v07_1/inst/grp_p_anonymous_namespace_dispatch_command_fu_1169/grp_p_anonymous_namespace_load_geometry_matrix_fu_728/mul_32ns_32ns_64_1_1_U713/bound_reg_295_reg[23]_i_1_n_22
    SLICE_X18Y133        CARRY8 (Prop_CARRY8_SLICEM_CI_CO[7])
                                                      0.065     9.689 r  kr260_min_i/snn_qp_v07_1/inst/grp_p_anonymous_namespace_dispatch_command_fu_1169/grp_p_anonymous_namespace_load_geometry_matrix_fu_728/mul_32ns_32ns_64_1_1_U713/bound_reg_295_reg[31]_i_1/CO[7]
                         net (fo=1, routed)           0.030     9.719    kr260_min_i/snn_qp_v07_1/inst/grp_p_anonymous_namespace_dispatch_command_fu_1169/grp_p_anonymous_namespace_load_geometry_matrix_fu_728/mul_32ns_32ns_64_1_1_U713/bound_reg_295_reg[31]_i_1_n_22
    SLICE_X18Y134        CARRY8 (Prop_CARRY8_SLICEM_CI_CO[7])
                                                      0.065     9.784 r  kr260_min_i/snn_qp_v07_1/inst/grp_p_anonymous_namespace_dispatch_command_fu_1169/grp_p_anonymous_namespace_load_geometry_matrix_fu_728/mul_32ns_32ns_64_1_1_U713/bound_reg_295_reg[39]_i_1/CO[7]
                         net (fo=1, routed)           0.030     9.814    kr260_min_i/snn_qp_v07_1/inst/grp_p_anonymous_namespace_dispatch_command_fu_1169/grp_p_anonymous_namespace_load_geometry_matrix_fu_728/mul_32ns_32ns_64_1_1_U713/bound_reg_295_reg[39]_i_1_n_22
    SLICE_X18Y135        CARRY8 (Prop_CARRY8_SLICEM_CI_O[7])
                                                      0.171     9.985 r  kr260_min_i/snn_qp_v07_1/inst/grp_p_anonymous_namespace_dispatch_command_fu_1169/grp_p_anonymous_namespace_load_geometry_matrix_fu_728/mul_32ns_32ns_64_1_1_U713/bound_reg_295_reg[47]_i_1/O[7]
                         net (fo=1, routed)           0.034    10.019    kr260_min_i/snn_qp_v07_1/inst/grp_p_anonymous_namespace_dispatch_command_fu_1169/grp_p_anonymous_namespace_load_geometry_matrix_fu_728/dout__3[47]
    SLICE_X18Y135        FDRE                                         r  kr260_min_i/snn_qp_v07_1/inst/grp_p_anonymous_namespace_dispatch_command_fu_1169/grp_p_anonymous_namespace_load_geometry_matrix_fu_728/bound_reg_295_reg[47]/D
  -------------------------------------------------------------------    -------------------

                         (clock clk_out1_kr260_min_clk_wiz_0 rise edge)
                                                      5.000     5.000 r  
    BUFG_PS_X0Y80        BUFG_PS                      0.000     5.000 r  kr260_min_i/PS_0/inst/buffer_pl_clk_0.PL_CLK_0_BUFG/O
                         net (fo=5669, routed)        2.447     7.447    kr260_min_i/clk_wiz/inst/clk_in1
    MMCM_X0Y0            MMCME4_ADV (Prop_MMCM_CLKIN1_CLKOUT0)
                                                      0.739     8.186 r  kr260_min_i/clk_wiz/inst/mmcme4_adv_inst/CLKOUT0
                         net (fo=1, routed)           0.307     8.493    kr260_min_i/clk_wiz/inst/clk_out1_kr260_min_clk_wiz_0
    BUFGCE_X0Y1          BUFGCE (Prop_BUFCE_BUFGCE_I_O)
                                                      0.039     8.532 r  kr260_min_i/clk_wiz/inst/clkout1_buf/O
    X1Y1 (CLOCK_ROOT)    net (fo=74592, routed)       2.049    10.581    kr260_min_i/snn_qp_v07_1/inst/grp_p_anonymous_namespace_dispatch_command_fu_1169/grp_p_anonymous_namespace_load_geometry_matrix_fu_728/ap_clk
    SLICE_X18Y135        FDRE                                         r  kr260_min_i/snn_qp_v07_1/inst/grp_p_anonymous_namespace_dispatch_command_fu_1169/grp_p_anonymous_namespace_load_geometry_matrix_fu_728/bound_reg_295_reg[47]/C
                         clock pessimism             -0.451    10.131    
                         clock uncertainty           -0.057    10.073    
    SLICE_X18Y135        FDRE (Setup_HFF_SLICEM_C_D)
                                                      0.044    10.117    kr260_min_i/snn_qp_v07_1/inst/grp_p_anonymous_namespace_dispatch_command_fu_1169/grp_p_anonymous_namespace_load_geometry_matrix_fu_728/bound_reg_295_reg[47]
  -------------------------------------------------------------------
                         required time                         10.117    
                         arrival time                         -10.019    
  -------------------------------------------------------------------
                         slack                                  0.098    

Slack (MET) :             0.100ns  (required time - arrival time)
  Source:                 kr260_min_i/snn_qp_v07_1/inst/grp_p_anonymous_namespace_dispatch_command_fu_1169/ap_CS_fsm_reg[86]_rep__0_replica/C
                            (rising edge-triggered cell FDRE clocked by clk_out1_kr260_min_clk_wiz_0  {rise@0.000ns fall@2.500ns period=5.000ns})
  Destination:            kr260_min_i/snn_qp_v07_1/inst/grp_p_anonymous_namespace_dispatch_command_fu_1169/grp_p_anonymous_namespace_load_geometry_matrix_fu_728/bound_reg_295_reg[63]/D
                            (rising edge-triggered cell FDRE clocked by clk_out1_kr260_min_clk_wiz_0  {rise@0.000ns fall@2.500ns period=5.000ns})
  Path Group:             clk_out1_kr260_min_clk_wiz_0
  Path Type:              Setup (Max at Slow Process Corner)
  Requirement:            5.000ns  (clk_out1_kr260_min_clk_wiz_0 rise@5.000ns - clk_out1_kr260_min_clk_wiz_0 rise@0.000ns)
  Data Path Delay:        4.961ns  (logic 3.884ns (78.284%)  route 1.077ns (21.716%))
  Logic Levels:           16  (CARRY8=6 DSP_A_B_DATA=1 DSP_ALU=2 DSP_M_DATA=1 DSP_MULTIPLIER=1 DSP_OUTPUT=2 DSP_PREADD_DATA=1 LUT2=1 LUT3=1)
  Clock Path Skew:        0.073ns (DCD - SCD + CPR)
    Destination Clock Delay (DCD):    5.770ns = ( 10.770 - 5.000 ) 
    Source Clock Delay      (SCD):    5.246ns
    Clock Pessimism Removal (CPR):    -0.452ns
  Clock Uncertainty:      0.057ns  ((TSJ^2 + DJ^2)^1/2) / 2 + PE
    Total System Jitter     (TSJ):    0.071ns
    Discrete Jitter          (DJ):    0.091ns
    Phase Error              (PE):    0.000ns
  Clock Net Delay (Source):      2.278ns (routing 0.724ns, distribution 1.554ns)
  Clock Net Delay (Destination): 2.238ns (routing 0.669ns, distribution 1.569ns)

    Location             Delay type                Incr(ns)  Path(ns)    Netlist Resource(s)
  -------------------------------------------------------------------    -------------------
                         (clock clk_out1_kr260_min_clk_wiz_0 rise edge)
                                                      0.000     0.000 r  
    BUFG_PS_X0Y80        BUFG_PS                      0.000     0.000 r  kr260_min_i/PS_0/inst/buffer_pl_clk_0.PL_CLK_0_BUFG/O
                         net (fo=5669, routed)        2.679     2.679    kr260_min_i/clk_wiz/inst/clk_in1
    MMCM_X0Y0            MMCME4_ADV (Prop_MMCM_CLKIN1_CLKOUT0)
                                                     -0.103     2.576 r  kr260_min_i/clk_wiz/inst/mmcme4_adv_inst/CLKOUT0
                         net (fo=1, routed)           0.348     2.924    kr260_min_i/clk_wiz/inst/clk_out1_kr260_min_clk_wiz_0
    BUFGCE_X0Y1          BUFGCE (Prop_BUFCE_BUFGCE_I_O)
                                                      0.044     2.968 r  kr260_min_i/clk_wiz/inst/clkout1_buf/O
    X1Y1 (CLOCK_ROOT)    net (fo=74592, routed)       2.278     5.246    kr260_min_i/snn_qp_v07_1/inst/grp_p_anonymous_namespace_dispatch_command_fu_1169/ap_clk
    SLICE_X21Y132        FDRE                                         r  kr260_min_i/snn_qp_v07_1/inst/grp_p_anonymous_namespace_dispatch_command_fu_1169/ap_CS_fsm_reg[86]_rep__0_replica/C
  -------------------------------------------------------------------    -------------------
    SLICE_X21Y132        FDRE (Prop_HFF_SLICEM_C_Q)
                                                      0.114     5.360 r  kr260_min_i/snn_qp_v07_1/inst/grp_p_anonymous_namespace_dispatch_command_fu_1169/ap_CS_fsm_reg[86]_rep__0_replica/Q
                         net (fo=9, routed)           0.188     5.547    kr260_min_i/snn_qp_v07_1/inst/c_s_axi_U/ap_CS_fsm_reg[86]_rep__0_n_22_repN_alias
    SLICE_X21Y133        LUT3 (Prop_A6LUT_SLICEM_I1_O)
                                                      0.083     5.630 f  kr260_min_i/snn_qp_v07_1/inst/c_s_axi_U/dout_i_12__7/O
                         net (fo=7, routed)           0.288     5.918    kr260_min_i/snn_qp_v07_1/inst/grp_p_anonymous_namespace_dispatch_command_fu_1169/grp_p_anonymous_namespace_load_geometry_matrix_fu_728/mul_32ns_32ns_64_1_1_U713/dout__1/B[6]
    DSP48E2_X5Y53        DSP_A_B_DATA (Prop_DSP_A_B_DATA_DSP48E2_B[6]_B2_DATA[6])
                                                      0.216     6.134 r  kr260_min_i/snn_qp_v07_1/inst/grp_p_anonymous_namespace_dispatch_command_fu_1169/grp_p_anonymous_namespace_load_geometry_matrix_fu_728/mul_32ns_32ns_64_1_1_U713/dout__1/DSP_A_B_DATA_INST/B2_DATA[6]
                         net (fo=1, routed)           0.000     6.134    kr260_min_i/snn_qp_v07_1/inst/grp_p_anonymous_namespace_dispatch_command_fu_1169/grp_p_anonymous_namespace_load_geometry_matrix_fu_728/mul_32ns_32ns_64_1_1_U713/dout__1/DSP_A_B_DATA.B2_DATA<6>
    DSP48E2_X5Y53        DSP_PREADD_DATA (Prop_DSP_PREADD_DATA_DSP48E2_B2_DATA[6]_B2B1[6])
                                                      0.097     6.231 r  kr260_min_i/snn_qp_v07_1/inst/grp_p_anonymous_namespace_dispatch_command_fu_1169/grp_p_anonymous_namespace_load_geometry_matrix_fu_728/mul_32ns_32ns_64_1_1_U713/dout__1/DSP_PREADD_DATA_INST/B2B1[6]
                         net (fo=1, routed)           0.000     6.231    kr260_min_i/snn_qp_v07_1/inst/grp_p_anonymous_namespace_dispatch_command_fu_1169/grp_p_anonymous_namespace_load_geometry_matrix_fu_728/mul_32ns_32ns_64_1_1_U713/dout__1/DSP_PREADD_DATA.B2B1<6>
    DSP48E2_X5Y53        DSP_MULTIPLIER (Prop_DSP_MULTIPLIER_DSP48E2_B2B1[6]_U[36])
                                                      0.773     7.004 f  kr260_min_i/snn_qp_v07_1/inst/grp_p_anonymous_namespace_dispatch_command_fu_1169/grp_p_anonymous_namespace_load_geometry_matrix_fu_728/mul_32ns_32ns_64_1_1_U713/dout__1/DSP_MULTIPLIER_INST/U[36]
                         net (fo=1, routed)           0.000     7.004    kr260_min_i/snn_qp_v07_1/inst/grp_p_anonymous_namespace_dispatch_command_fu_1169/grp_p_anonymous_namespace_load_geometry_matrix_fu_728/mul_32ns_32ns_64_1_1_U713/dout__1/DSP_MULTIPLIER.U<36>
    DSP48E2_X5Y53        DSP_M_DATA (Prop_DSP_M_DATA_DSP48E2_U[36]_U_DATA[36])
                                                      0.067     7.071 r  kr260_min_i/snn_qp_v07_1/inst/grp_p_anonymous_namespace_dispatch_command_fu_1169/grp_p_anonymous_namespace_load_geometry_matrix_fu_728/mul_32ns_32ns_64_1_1_U713/dout__1/DSP_M_DATA_INST/U_DATA[36]
                         net (fo=1, routed)           0.000     7.071    kr260_min_i/snn_qp_v07_1/inst/grp_p_anonymous_namespace_dispatch_command_fu_1169/grp_p_anonymous_namespace_load_geometry_matrix_fu_728/mul_32ns_32ns_64_1_1_U713/dout__1/DSP_M_DATA.U_DATA<36>
    DSP48E2_X5Y53        DSP_ALU (Prop_DSP_ALU_DSP48E2_U_DATA[36]_ALU_OUT[47])
                                                      0.727     7.798 f  kr260_min_i/snn_qp_v07_1/inst/grp_p_anonymous_namespace_dispatch_command_fu_1169/grp_p_anonymous_namespace_load_geometry_matrix_fu_728/mul_32ns_32ns_64_1_1_U713/dout__1/DSP_ALU_INST/ALU_OUT[47]
                         net (fo=1, routed)           0.000     7.798    kr260_min_i/snn_qp_v07_1/inst/grp_p_anonymous_namespace_dispatch_command_fu_1169/grp_p_anonymous_namespace_load_geometry_matrix_fu_728/mul_32ns_32ns_64_1_1_U713/dout__1/DSP_ALU.ALU_OUT<47>
    DSP48E2_X5Y53        DSP_OUTPUT (Prop_DSP_OUTPUT_DSP48E2_ALU_OUT[47]_PCOUT[47])
                                                      0.167     7.965 r  kr260_min_i/snn_qp_v07_1/inst/grp_p_anonymous_namespace_dispatch_command_fu_1169/grp_p_anonymous_namespace_load_geometry_matrix_fu_728/mul_32ns_32ns_64_1_1_U713/dout__1/DSP_OUTPUT_INST/PCOUT[47]
                         net (fo=1, routed)           0.038     8.003    kr260_min_i/snn_qp_v07_1/inst/grp_p_anonymous_namespace_dispatch_command_fu_1169/grp_p_anonymous_namespace_load_geometry_matrix_fu_728/mul_32ns_32ns_64_1_1_U713/dout__2/PCIN[47]
    DSP48E2_X5Y54        DSP_ALU (Prop_DSP_ALU_DSP48E2_PCIN[47]_ALU_OUT[0])
                                                      0.739     8.742 f  kr260_min_i/snn_qp_v07_1/inst/grp_p_anonymous_namespace_dispatch_command_fu_1169/grp_p_anonymous_namespace_load_geometry_matrix_fu_728/mul_32ns_32ns_64_1_1_U713/dout__2/DSP_ALU_INST/ALU_OUT[0]
                         net (fo=1, routed)           0.000     8.742    kr260_min_i/snn_qp_v07_1/inst/grp_p_anonymous_namespace_dispatch_command_fu_1169/grp_p_anonymous_namespace_load_geometry_matrix_fu_728/mul_32ns_32ns_64_1_1_U713/dout__2/DSP_ALU.ALU_OUT<0>
    DSP48E2_X5Y54        DSP_OUTPUT (Prop_DSP_OUTPUT_DSP48E2_ALU_OUT[0]_P[0])
                                                      0.146     8.888 r  kr260_min_i/snn_qp_v07_1/inst/grp_p_anonymous_namespace_dispatch_command_fu_1169/grp_p_anonymous_namespace_load_geometry_matrix_fu_728/mul_32ns_32ns_64_1_1_U713/dout__2/DSP_OUTPUT_INST/P[0]
                         net (fo=2, routed)           0.360     9.248    kr260_min_i/snn_qp_v07_1/inst/grp_p_anonymous_namespace_dispatch_command_fu_1169/grp_p_anonymous_namespace_load_geometry_matrix_fu_728/mul_32ns_32ns_64_1_1_U713/dout__2_n_127
    SLICE_X18Y132        LUT2 (Prop_B6LUT_SLICEM_I0_O)
                                                      0.057     9.305 r  kr260_min_i/snn_qp_v07_1/inst/grp_p_anonymous_namespace_dispatch_command_fu_1169/grp_p_anonymous_namespace_load_geometry_matrix_fu_728/mul_32ns_32ns_64_1_1_U713/bound_reg_295[23]_i_8/O
                         net (fo=1, routed)           0.022     9.327    kr260_min_i/snn_qp_v07_1/inst/grp_p_anonymous_namespace_dispatch_command_fu_1169/grp_p_anonymous_namespace_load_geometry_matrix_fu_728/mul_32ns_32ns_64_1_1_U713/bound_reg_295[23]_i_8_n_22
    SLICE_X18Y132        CARRY8 (Prop_CARRY8_SLICEM_S[1]_CO[7])
                                                      0.267     9.594 r  kr260_min_i/snn_qp_v07_1/inst/grp_p_anonymous_namespace_dispatch_command_fu_1169/grp_p_anonymous_namespace_load_geometry_matrix_fu_728/mul_32ns_32ns_64_1_1_U713/bound_reg_295_reg[23]_i_1/CO[7]
                         net (fo=1, routed)           0.030     9.624    kr260_min_i/snn_qp_v07_1/inst/grp_p_anonymous_namespace_dispatch_command_fu_1169/grp_p_anonymous_namespace_load_geometry_matrix_fu_728/mul_32ns_32ns_64_1_1_U713/bound_reg_295_reg[23]_i_1_n_22
    SLICE_X18Y133        CARRY8 (Prop_CARRY8_SLICEM_CI_CO[7])
                                                      0.065     9.689 r  kr260_min_i/snn_qp_v07_1/inst/grp_p_anonymous_namespace_dispatch_command_fu_1169/grp_p_anonymous_namespace_load_geometry_matrix_fu_728/mul_32ns_32ns_64_1_1_U713/bound_reg_295_reg[31]_i_1/CO[7]
                         net (fo=1, routed)           0.030     9.719    kr260_min_i/snn_qp_v07_1/inst/grp_p_anonymous_namespace_dispatch_command_fu_1169/grp_p_anonymous_namespace_load_geometry_matrix_fu_728/mul_32ns_32ns_64_1_1_U713/bound_reg_295_reg[31]_i_1_n_22
    SLICE_X18Y134        CARRY8 (Prop_CARRY8_SLICEM_CI_CO[7])
                                                      0.065     9.784 r  kr260_min_i/snn_qp_v07_1/inst/grp_p_anonymous_namespace_dispatch_command_fu_1169/grp_p_anonymous_namespace_load_geometry_matrix_fu_728/mul_32ns_32ns_64_1_1_U713/bound_reg_295_reg[39]_i_1/CO[7]
                         net (fo=1, routed)           0.030     9.814    kr260_min_i/snn_qp_v07_1/inst/grp_p_anonymous_namespace_dispatch_command_fu_1169/grp_p_anonymous_namespace_load_geometry_matrix_fu_728/mul_32ns_32ns_64_1_1_U713/bound_reg_295_reg[39]_i_1_n_22
    SLICE_X18Y135        CARRY8 (Prop_CARRY8_SLICEM_CI_CO[7])
                                                      0.065     9.879 r  kr260_min_i/snn_qp_v07_1/inst/grp_p_anonymous_namespace_dispatch_command_fu_1169/grp_p_anonymous_namespace_load_geometry_matrix_fu_728/mul_32ns_32ns_64_1_1_U713/bound_reg_295_reg[47]_i_1/CO[7]
                         net (fo=1, routed)           0.030     9.909    kr260_min_i/snn_qp_v07_1/inst/grp_p_anonymous_namespace_dispatch_command_fu_1169/grp_p_anonymous_namespace_load_geometry_matrix_fu_728/mul_32ns_32ns_64_1_1_U713/bound_reg_295_reg[47]_i_1_n_22
    SLICE_X18Y136        CARRY8 (Prop_CARRY8_SLICEM_CI_CO[7])
                                                      0.065     9.974 r  kr260_min_i/snn_qp_v07_1/inst/grp_p_anonymous_namespace_dispatch_command_fu_1169/grp_p_anonymous_namespace_load_geometry_matrix_fu_728/mul_32ns_32ns_64_1_1_U713/bound_reg_295_reg[55]_i_1/CO[7]
                         net (fo=1, routed)           0.030    10.004    kr260_min_i/snn_qp_v07_1/inst/grp_p_anonymous_namespace_dispatch_command_fu_1169/grp_p_anonymous_namespace_load_geometry_matrix_fu_728/mul_32ns_32ns_64_1_1_U713/bound_reg_295_reg[55]_i_1_n_22
    SLICE_X18Y137        CARRY8 (Prop_CARRY8_SLICEM_CI_O[7])
                                                      0.171    10.175 r  kr260_min_i/snn_qp_v07_1/inst/grp_p_anonymous_namespace_dispatch_command_fu_1169/grp_p_anonymous_namespace_load_geometry_matrix_fu_728/mul_32ns_32ns_64_1_1_U713/bound_reg_295_reg[63]_i_1/O[7]
                         net (fo=1, routed)           0.032    10.207    kr260_min_i/snn_qp_v07_1/inst/grp_p_anonymous_namespace_dispatch_command_fu_1169/grp_p_anonymous_namespace_load_geometry_matrix_fu_728/dout__3[63]
    SLICE_X18Y137        FDRE                                         r  kr260_min_i/snn_qp_v07_1/inst/grp_p_anonymous_namespace_dispatch_command_fu_1169/grp_p_anonymous_namespace_load_geometry_matrix_fu_728/bound_reg_295_reg[63]/D
  -------------------------------------------------------------------    -------------------

                         (clock clk_out1_kr260_min_clk_wiz_0 rise edge)
                                                      5.000     5.000 r  
    BUFG_PS_X0Y80        BUFG_PS                      0.000     5.000 r  kr260_min_i/PS_0/inst/buffer_pl_clk_0.PL_CLK_0_BUFG/O
                         net (fo=5669, routed)        2.447     7.447    kr260_min_i/clk_wiz/inst/clk_in1
    MMCM_X0Y0            MMCME4_ADV (Prop_MMCM_CLKIN1_CLKOUT0)
                                                      0.739     8.186 r  kr260_min_i/clk_wiz/inst/mmcme4_adv_inst/CLKOUT0
                         net (fo=1, routed)           0.307     8.493    kr260_min_i/clk_wiz/inst/clk_out1_kr260_min_clk_wiz_0
    BUFGCE_X0Y1          BUFGCE (Prop_BUFCE_BUFGCE_I_O)
                                                      0.039     8.532 r  kr260_min_i/clk_wiz/inst/clkout1_buf/O
    X1Y1 (CLOCK_ROOT)    net (fo=74592, routed)       2.238    10.770    kr260_min_i/snn_qp_v07_1/inst/grp_p_anonymous_namespace_dispatch_command_fu_1169/grp_p_anonymous_namespace_load_geometry_matrix_fu_728/ap_clk
    SLICE_X18Y137        FDRE                                         r  kr260_min_i/snn_qp_v07_1/inst/grp_p_anonymous_namespace_dispatch_command_fu_1169/grp_p_anonymous_namespace_load_geometry_matrix_fu_728/bound_reg_295_reg[63]/C
                         clock pessimism             -0.452    10.319    
                         clock uncertainty           -0.057    10.261    
    SLICE_X18Y137        FDRE (Setup_HFF2_SLICEM_C_D)
                                                      0.046    10.307    kr260_min_i/snn_qp_v07_1/inst/grp_p_anonymous_namespace_dispatch_command_fu_1169/grp_p_anonymous_namespace_load_geometry_matrix_fu_728/bound_reg_295_reg[63]
  -------------------------------------------------------------------
                         required time                         10.307    
                         arrival time                         -10.207    
  -------------------------------------------------------------------
                         slack                                  0.100    

Slack (MET) :             0.104ns  (required time - arrival time)
  Source:                 kr260_min_i/snn_qp_v07_1/inst/grp_p_anonymous_namespace_dispatch_command_fu_1169/grp_p_anonymous_namespace_solve_current_fu_622/grp_p_anonymous_namespace_cone_project_fu_2233/grp_p_anonymous_namespace_reciprocal_root_fu_416/grp_p_anonymous_namespace_rsqrt_update_commit_stage_fu_246/ap_ce_reg_reg_replica_1/C
                            (rising edge-triggered cell FDRE clocked by clk_out1_kr260_min_clk_wiz_0  {rise@0.000ns fall@2.500ns period=5.000ns})
  Destination:            kr260_min_i/snn_qp_v07_1/inst/grp_p_anonymous_namespace_dispatch_command_fu_1169/grp_p_anonymous_namespace_solve_current_fu_622/grp_p_anonymous_namespace_cone_project_fu_2233/grp_p_anonymous_namespace_reciprocal_root_fu_416/r_V_55_reg_1050_reg[58]/D
                            (rising edge-triggered cell FDRE clocked by clk_out1_kr260_min_clk_wiz_0  {rise@0.000ns fall@2.500ns period=5.000ns})
  Path Group:             clk_out1_kr260_min_clk_wiz_0
  Path Type:              Setup (Max at Slow Process Corner)
  Requirement:            5.000ns  (clk_out1_kr260_min_clk_wiz_0 rise@5.000ns - clk_out1_kr260_min_clk_wiz_0 rise@0.000ns)
  Data Path Delay:        4.741ns  (logic 3.625ns (76.461%)  route 1.116ns (23.539%))
  Logic Levels:           14  (CARRY8=4 DSP_A_B_DATA=1 DSP_ALU=2 DSP_M_DATA=1 DSP_MULTIPLIER=1 DSP_OUTPUT=2 DSP_PREADD_DATA=1 LUT2=1 LUT3=1)
  Clock Path Skew:        -0.141ns (DCD - SCD + CPR)
    Destination Clock Delay (DCD):    5.569ns = ( 10.569 - 5.000 ) 
    Source Clock Delay      (SCD):    5.254ns
    Clock Pessimism Removal (CPR):    -0.457ns
  Clock Uncertainty:      0.057ns  ((TSJ^2 + DJ^2)^1/2) / 2 + PE
    Total System Jitter     (TSJ):    0.071ns
    Discrete Jitter          (DJ):    0.091ns
    Phase Error              (PE):    0.000ns
  Clock Net Delay (Source):      2.286ns (routing 0.724ns, distribution 1.562ns)
  Clock Net Delay (Destination): 2.037ns (routing 0.669ns, distribution 1.368ns)

    Location             Delay type                Incr(ns)  Path(ns)    Netlist Resource(s)
  -------------------------------------------------------------------    -------------------
                         (clock clk_out1_kr260_min_clk_wiz_0 rise edge)
                                                      0.000     0.000 r  
    BUFG_PS_X0Y80        BUFG_PS                      0.000     0.000 r  kr260_min_i/PS_0/inst/buffer_pl_clk_0.PL_CLK_0_BUFG/O
                         net (fo=5669, routed)        2.679     2.679    kr260_min_i/clk_wiz/inst/clk_in1
    MMCM_X0Y0            MMCME4_ADV (Prop_MMCM_CLKIN1_CLKOUT0)
                                                     -0.103     2.576 r  kr260_min_i/clk_wiz/inst/mmcme4_adv_inst/CLKOUT0
                         net (fo=1, routed)           0.348     2.924    kr260_min_i/clk_wiz/inst/clk_out1_kr260_min_clk_wiz_0
    BUFGCE_X0Y1          BUFGCE (Prop_BUFCE_BUFGCE_I_O)
                                                      0.044     2.968 r  kr260_min_i/clk_wiz/inst/clkout1_buf/O
    X1Y1 (CLOCK_ROOT)    net (fo=74592, routed)       2.286     5.254    kr260_min_i/snn_qp_v07_1/inst/grp_p_anonymous_namespace_dispatch_command_fu_1169/grp_p_anonymous_namespace_solve_current_fu_622/grp_p_anonymous_namespace_cone_project_fu_2233/grp_p_anonymous_namespace_reciprocal_root_fu_416/grp_p_anonymous_namespace_rsqrt_update_commit_stage_fu_246/ap_clk
    SLICE_X54Y219        FDRE                                         r  kr260_min_i/snn_qp_v07_1/inst/grp_p_anonymous_namespace_dispatch_command_fu_1169/grp_p_anonymous_namespace_solve_current_fu_622/grp_p_anonymous_namespace_cone_project_fu_2233/grp_p_anonymous_namespace_reciprocal_root_fu_416/grp_p_anonymous_namespace_rsqrt_update_commit_stage_fu_246/ap_ce_reg_reg_replica_1/C
  -------------------------------------------------------------------    -------------------
    SLICE_X54Y219        FDRE (Prop_FFF_SLICEM_C_Q)
                                                      0.112     5.366 r  kr260_min_i/snn_qp_v07_1/inst/grp_p_anonymous_namespace_dispatch_command_fu_1169/grp_p_anonymous_namespace_solve_current_fu_622/grp_p_anonymous_namespace_cone_project_fu_2233/grp_p_anonymous_namespace_reciprocal_root_fu_416/grp_p_anonymous_namespace_rsqrt_update_commit_stage_fu_246/ap_ce_reg_reg_replica_1/Q
                         net (fo=25, routed)          0.209     5.575    kr260_min_i/snn_qp_v07_1/inst/grp_p_anonymous_namespace_dispatch_command_fu_1169/grp_p_anonymous_namespace_solve_current_fu_622/grp_p_anonymous_namespace_cone_project_fu_2233/grp_p_anonymous_namespace_reciprocal_root_fu_416/grp_p_anonymous_namespace_rsqrt_update_commit_stage_fu_246/ap_ce_reg_repN_1
    SLICE_X54Y216        LUT3 (Prop_E6LUT_SLICEM_I2_O)
                                                      0.083     5.658 f  kr260_min_i/snn_qp_v07_1/inst/grp_p_anonymous_namespace_dispatch_command_fu_1169/grp_p_anonymous_namespace_solve_current_fu_622/grp_p_anonymous_namespace_cone_project_fu_2233/grp_p_anonymous_namespace_reciprocal_root_fu_416/grp_p_anonymous_namespace_rsqrt_update_commit_stage_fu_246/scaled_V_reg_1045[30]_i_1/O
                         net (fo=6, routed)           0.376     6.034    kr260_min_i/snn_qp_v07_1/inst/grp_p_anonymous_namespace_dispatch_command_fu_1169/grp_p_anonymous_namespace_solve_current_fu_622/grp_p_anonymous_namespace_cone_project_fu_2233/grp_p_anonymous_namespace_reciprocal_root_fu_416/mul_34ns_33ns_66_1_1_U439/dout/A[13]
    DSP48E2_X12Y84       DSP_A_B_DATA (Prop_DSP_A_B_DATA_DSP48E2_A[13]_A2_DATA[13])
                                                      0.258     6.292 r  kr260_min_i/snn_qp_v07_1/inst/grp_p_anonymous_namespace_dispatch_command_fu_1169/grp_p_anonymous_namespace_solve_current_fu_622/grp_p_anonymous_namespace_cone_project_fu_2233/grp_p_anonymous_namespace_reciprocal_root_fu_416/mul_34ns_33ns_66_1_1_U439/dout/DSP_A_B_DATA_INST/A2_DATA[13]
                         net (fo=1, routed)           0.000     6.292    kr260_min_i/snn_qp_v07_1/inst/grp_p_anonymous_namespace_dispatch_command_fu_1169/grp_p_anonymous_namespace_solve_current_fu_622/grp_p_anonymous_namespace_cone_project_fu_2233/grp_p_anonymous_namespace_reciprocal_root_fu_416/mul_34ns_33ns_66_1_1_U439/dout/DSP_A_B_DATA.A2_DATA<13>
    DSP48E2_X12Y84       DSP_PREADD_DATA (Prop_DSP_PREADD_DATA_DSP48E2_A2_DATA[13]_A2A1[13])
                                                      0.114     6.406 r  kr260_min_i/snn_qp_v07_1/inst/grp_p_anonymous_namespace_dispatch_command_fu_1169/grp_p_anonymous_namespace_solve_current_fu_622/grp_p_anonymous_namespace_cone_project_fu_2233/grp_p_anonymous_namespace_reciprocal_root_fu_416/mul_34ns_33ns_66_1_1_U439/dout/DSP_PREADD_DATA_INST/A2A1[13]
                         net (fo=1, routed)           0.000     6.406    kr260_min_i/snn_qp_v07_1/inst/grp_p_anonymous_namespace_dispatch_command_fu_1169/grp_p_anonymous_namespace_solve_current_fu_622/grp_p_anonymous_namespace_cone_project_fu_2233/grp_p_anonymous_namespace_reciprocal_root_fu_416/mul_34ns_33ns_66_1_1_U439/dout/DSP_PREADD_DATA.A2A1<13>
    DSP48E2_X12Y84       DSP_MULTIPLIER (Prop_DSP_MULTIPLIER_DSP48E2_A2A1[13]_U[34])
                                                      0.700     7.106 f  kr260_min_i/snn_qp_v07_1/inst/grp_p_anonymous_namespace_dispatch_command_fu_1169/grp_p_anonymous_namespace_solve_current_fu_622/grp_p_anonymous_namespace_cone_project_fu_2233/grp_p_anonymous_namespace_reciprocal_root_fu_416/mul_34ns_33ns_66_1_1_U439/dout/DSP_MULTIPLIER_INST/U[34]
                         net (fo=1, routed)           0.000     7.106    kr260_min_i/snn_qp_v07_1/inst/grp_p_anonymous_namespace_dispatch_command_fu_1169/grp_p_anonymous_namespace_solve_current_fu_622/grp_p_anonymous_namespace_cone_project_fu_2233/grp_p_anonymous_namespace_reciprocal_root_fu_416/mul_34ns_33ns_66_1_1_U439/dout/DSP_MULTIPLIER.U<34>
    DSP48E2_X12Y84       DSP_M_DATA (Prop_DSP_M_DATA_DSP48E2_U[34]_U_DATA[34])
                                                      0.067     7.173 r  kr260_min_i/snn_qp_v07_1/inst/grp_p_anonymous_namespace_dispatch_command_fu_1169/grp_p_anonymous_namespace_solve_current_fu_622/grp_p_anonymous_namespace_cone_project_fu_2233/grp_p_anonymous_namespace_reciprocal_root_fu_416/mul_34ns_33ns_66_1_1_U439/dout/DSP_M_DATA_INST/U_DATA[34]
                         net (fo=1, routed)           0.000     7.173    kr260_min_i/snn_qp_v07_1/inst/grp_p_anonymous_namespace_dispatch_command_fu_1169/grp_p_anonymous_namespace_solve_current_fu_622/grp_p_anonymous_namespace_cone_project_fu_2233/grp_p_anonymous_namespace_reciprocal_root_fu_416/mul_34ns_33ns_66_1_1_U439/dout/DSP_M_DATA.U_DATA<34>
    DSP48E2_X12Y84       DSP_ALU (Prop_DSP_ALU_DSP48E2_U_DATA[34]_ALU_OUT[47])
                                                      0.727     7.900 f  kr260_min_i/snn_qp_v07_1/inst/grp_p_anonymous_namespace_dispatch_command_fu_1169/grp_p_anonymous_namespace_solve_current_fu_622/grp_p_anonymous_namespace_cone_project_fu_2233/grp_p_anonymous_namespace_reciprocal_root_fu_416/mul_34ns_33ns_66_1_1_U439/dout/DSP_ALU_INST/ALU_OUT[47]
                         net (fo=1, routed)           0.000     7.900    kr260_min_i/snn_qp_v07_1/inst/grp_p_anonymous_namespace_dispatch_command_fu_1169/grp_p_anonymous_namespace_solve_current_fu_622/grp_p_anonymous_namespace_cone_project_fu_2233/grp_p_anonymous_namespace_reciprocal_root_fu_416/mul_34ns_33ns_66_1_1_U439/dout/DSP_ALU.ALU_OUT<47>
    DSP48E2_X12Y84       DSP_OUTPUT (Prop_DSP_OUTPUT_DSP48E2_ALU_OUT[47]_PCOUT[47])
                                                      0.167     8.067 r  kr260_min_i/snn_qp_v07_1/inst/grp_p_anonymous_namespace_dispatch_command_fu_1169/grp_p_anonymous_namespace_solve_current_fu_622/grp_p_anonymous_namespace_cone_project_fu_2233/grp_p_anonymous_namespace_reciprocal_root_fu_416/mul_34ns_33ns_66_1_1_U439/dout/DSP_OUTPUT_INST/PCOUT[47]
                         net (fo=1, routed)           0.014     8.081    kr260_min_i/snn_qp_v07_1/inst/grp_p_anonymous_namespace_dispatch_command_fu_1169/grp_p_anonymous_namespace_solve_current_fu_622/grp_p_anonymous_namespace_cone_project_fu_2233/grp_p_anonymous_namespace_reciprocal_root_fu_416/mul_34ns_33ns_66_1_1_U439/dout__0/PCIN[47]
    DSP48E2_X12Y85       DSP_ALU (Prop_DSP_ALU_DSP48E2_PCIN[47]_ALU_OUT[2])
                                                      0.739     8.820 f  kr260_min_i/snn_qp_v07_1/inst/grp_p_anonymous_namespace_dispatch_command_fu_1169/grp_p_anonymous_namespace_solve_current_fu_622/grp_p_anonymous_namespace_cone_project_fu_2233/grp_p_anonymous_namespace_reciprocal_root_fu_416/mul_34ns_33ns_66_1_1_U439/dout__0/DSP_ALU_INST/ALU_OUT[2]
                         net (fo=1, routed)           0.000     8.820    kr260_min_i/snn_qp_v07_1/inst/grp_p_anonymous_namespace_dispatch_command_fu_1169/grp_p_anonymous_namespace_solve_current_fu_622/grp_p_anonymous_namespace_cone_project_fu_2233/grp_p_anonymous_namespace_reciprocal_root_fu_416/mul_34ns_33ns_66_1_1_U439/dout__0/DSP_ALU.ALU_OUT<2>
    DSP48E2_X12Y85       DSP_OUTPUT (Prop_DSP_OUTPUT_DSP48E2_ALU_OUT[2]_P[2])
                                                      0.146     8.966 r  kr260_min_i/snn_qp_v07_1/inst/grp_p_anonymous_namespace_dispatch_command_fu_1169/grp_p_anonymous_namespace_solve_current_fu_622/grp_p_anonymous_namespace_cone_project_fu_2233/grp_p_anonymous_namespace_reciprocal_root_fu_416/mul_34ns_33ns_66_1_1_U439/dout__0/DSP_OUTPUT_INST/P[2]
                         net (fo=1, routed)           0.382     9.348    kr260_min_i/snn_qp_v07_1/inst/grp_p_anonymous_namespace_dispatch_command_fu_1169/grp_p_anonymous_namespace_solve_current_fu_622/grp_p_anonymous_namespace_cone_project_fu_2233/grp_p_anonymous_namespace_reciprocal_root_fu_416/mul_34ns_33ns_66_1_1_U439/dout__0_n_125
    SLICE_X52Y217        LUT2 (Prop_E6LUT_SLICEL_I1_O)
                                                      0.057     9.405 r  kr260_min_i/snn_qp_v07_1/inst/grp_p_anonymous_namespace_dispatch_command_fu_1169/grp_p_anonymous_namespace_solve_current_fu_622/grp_p_anonymous_namespace_cone_project_fu_2233/grp_p_anonymous_namespace_reciprocal_root_fu_416/mul_34ns_33ns_66_1_1_U439/r_V_55_reg_1050[39]_i_5/O
                         net (fo=1, routed)           0.011     9.416    kr260_min_i/snn_qp_v07_1/inst/grp_p_anonymous_namespace_dispatch_command_fu_1169_n_3114
    SLICE_X52Y217        CARRY8 (Prop_CARRY8_SLICEL_S[4]_CO[7])
                                                      0.232     9.648 r  kr260_min_i/snn_qp_v07_1/inst/grp_p_anonymous_namespace_cone_project_fu_2233/grp_p_anonymous_namespace_reciprocal_root_fu_416/mul_34ns_33ns_66_1_1_U439/r_V_55_reg_1050_reg[39]_i_1/CO[7]
                         net (fo=1, routed)           0.030     9.678    kr260_min_i/snn_qp_v07_1/inst/grp_p_anonymous_namespace_cone_project_fu_2233/grp_p_anonymous_namespace_reciprocal_root_fu_416/mul_34ns_33ns_66_1_1_U439/r_V_55_reg_1050_reg[39]_i_1_n_22
    SLICE_X52Y218        CARRY8 (Prop_CARRY8_SLICEL_CI_CO[7])
                                                      0.065     9.743 r  kr260_min_i/snn_qp_v07_1/inst/grp_p_anonymous_namespace_cone_project_fu_2233/grp_p_anonymous_namespace_reciprocal_root_fu_416/mul_34ns_33ns_66_1_1_U439/r_V_55_reg_1050_reg[47]_i_1/CO[7]
                         net (fo=1, routed)           0.030     9.773    kr260_min_i/snn_qp_v07_1/inst/grp_p_anonymous_namespace_cone_project_fu_2233/grp_p_anonymous_namespace_reciprocal_root_fu_416/mul_34ns_33ns_66_1_1_U439/r_V_55_reg_1050_reg[47]_i_1_n_22
    SLICE_X52Y219        CARRY8 (Prop_CARRY8_SLICEL_CI_CO[7])
                                                      0.065     9.838 r  kr260_min_i/snn_qp_v07_1/inst/grp_p_anonymous_namespace_cone_project_fu_2233/grp_p_anonymous_namespace_reciprocal_root_fu_416/mul_34ns_33ns_66_1_1_U439/r_V_55_reg_1050_reg[55]_i_1/CO[7]
                         net (fo=1, routed)           0.030     9.868    kr260_min_i/snn_qp_v07_1/inst/grp_p_anonymous_namespace_cone_project_fu_2233/grp_p_anonymous_namespace_reciprocal_root_fu_416/mul_34ns_33ns_66_1_1_U439/r_V_55_reg_1050_reg[55]_i_1_n_22
    SLICE_X52Y220        CARRY8 (Prop_CARRY8_SLICEL_CI_O[2])
                                                      0.093     9.961 r  kr260_min_i/snn_qp_v07_1/inst/grp_p_anonymous_namespace_cone_project_fu_2233/grp_p_anonymous_namespace_reciprocal_root_fu_416/mul_34ns_33ns_66_1_1_U439/r_V_55_reg_1050_reg[63]_i_1/O[2]
                         net (fo=1, routed)           0.034     9.995    kr260_min_i/snn_qp_v07_1/inst/grp_p_anonymous_namespace_dispatch_command_fu_1169/grp_p_anonymous_namespace_solve_current_fu_622/grp_p_anonymous_namespace_cone_project_fu_2233/grp_p_anonymous_namespace_reciprocal_root_fu_416/r_V_55_reg_1050_reg[63]_0[41]
    SLICE_X52Y220        FDRE                                         r  kr260_min_i/snn_qp_v07_1/inst/grp_p_anonymous_namespace_dispatch_command_fu_1169/grp_p_anonymous_namespace_solve_current_fu_622/grp_p_anonymous_namespace_cone_project_fu_2233/grp_p_anonymous_namespace_reciprocal_root_fu_416/r_V_55_reg_1050_reg[58]/D
  -------------------------------------------------------------------    -------------------

                         (clock clk_out1_kr260_min_clk_wiz_0 rise edge)
                                                      5.000     5.000 r  
    BUFG_PS_X0Y80        BUFG_PS                      0.000     5.000 r  kr260_min_i/PS_0/inst/buffer_pl_clk_0.PL_CLK_0_BUFG/O
                         net (fo=5669, routed)        2.447     7.447    kr260_min_i/clk_wiz/inst/clk_in1
    MMCM_X0Y0            MMCME4_ADV (Prop_MMCM_CLKIN1_CLKOUT0)
                                                      0.739     8.186 r  kr260_min_i/clk_wiz/inst/mmcme4_adv_inst/CLKOUT0
                         net (fo=1, routed)           0.307     8.493    kr260_min_i/clk_wiz/inst/clk_out1_kr260_min_clk_wiz_0
    BUFGCE_X0Y1          BUFGCE (Prop_BUFCE_BUFGCE_I_O)
                                                      0.039     8.532 r  kr260_min_i/clk_wiz/inst/clkout1_buf/O
    X1Y1 (CLOCK_ROOT)    net (fo=74592, routed)       2.037    10.569    kr260_min_i/snn_qp_v07_1/inst/grp_p_anonymous_namespace_dispatch_command_fu_1169/grp_p_anonymous_namespace_solve_current_fu_622/grp_p_anonymous_namespace_cone_project_fu_2233/grp_p_anonymous_namespace_reciprocal_root_fu_416/ap_clk
    SLICE_X52Y220        FDRE                                         r  kr260_min_i/snn_qp_v07_1/inst/grp_p_anonymous_namespace_dispatch_command_fu_1169/grp_p_anonymous_namespace_solve_current_fu_622/grp_p_anonymous_namespace_cone_project_fu_2233/grp_p_anonymous_namespace_reciprocal_root_fu_416/r_V_55_reg_1050_reg[58]/C
                         clock pessimism             -0.457    10.112    
                         clock uncertainty           -0.057    10.055    
    SLICE_X52Y220        FDRE (Setup_CFF_SLICEL_C_D)
                                                      0.044    10.099    kr260_min_i/snn_qp_v07_1/inst/grp_p_anonymous_namespace_dispatch_command_fu_1169/grp_p_anonymous_namespace_solve_current_fu_622/grp_p_anonymous_namespace_cone_project_fu_2233/grp_p_anonymous_namespace_reciprocal_root_fu_416/r_V_55_reg_1050_reg[58]
  -------------------------------------------------------------------
                         required time                         10.099    
                         arrival time                          -9.995    
  -------------------------------------------------------------------
                         slack                                  0.104    

Slack (MET) :             0.106ns  (required time - arrival time)
  Source:                 kr260_min_i/snn_qp_v07_1/inst/grp_p_anonymous_namespace_dispatch_command_fu_1169/ap_CS_fsm_reg[86]_rep__0_replica/C
                            (rising edge-triggered cell FDRE clocked by clk_out1_kr260_min_clk_wiz_0  {rise@0.000ns fall@2.500ns period=5.000ns})
  Destination:            kr260_min_i/snn_qp_v07_1/inst/grp_p_anonymous_namespace_dispatch_command_fu_1169/grp_p_anonymous_namespace_load_geometry_matrix_fu_728/bound_reg_295_reg[61]/D
                            (rising edge-triggered cell FDRE clocked by clk_out1_kr260_min_clk_wiz_0  {rise@0.000ns fall@2.500ns period=5.000ns})
  Path Group:             clk_out1_kr260_min_clk_wiz_0
  Path Type:              Setup (Max at Slow Process Corner)
  Requirement:            5.000ns  (clk_out1_kr260_min_clk_wiz_0 rise@5.000ns - clk_out1_kr260_min_clk_wiz_0 rise@0.000ns)
  Data Path Delay:        4.952ns  (logic 3.874ns (78.224%)  route 1.078ns (21.776%))
  Logic Levels:           16  (CARRY8=6 DSP_A_B_DATA=1 DSP_ALU=2 DSP_M_DATA=1 DSP_MULTIPLIER=1 DSP_OUTPUT=2 DSP_PREADD_DATA=1 LUT2=1 LUT3=1)
  Clock Path Skew:        0.073ns (DCD - SCD + CPR)
    Destination Clock Delay (DCD):    5.770ns = ( 10.770 - 5.000 ) 
    Source Clock Delay      (SCD):    5.246ns
    Clock Pessimism Removal (CPR):    -0.452ns
  Clock Uncertainty:      0.057ns  ((TSJ^2 + DJ^2)^1/2) / 2 + PE
    Total System Jitter     (TSJ):    0.071ns
    Discrete Jitter          (DJ):    0.091ns
    Phase Error              (PE):    0.000ns
  Clock Net Delay (Source):      2.278ns (routing 0.724ns, distribution 1.554ns)
  Clock Net Delay (Destination): 2.238ns (routing 0.669ns, distribution 1.569ns)

    Location             Delay type                Incr(ns)  Path(ns)    Netlist Resource(s)
  -------------------------------------------------------------------    -------------------
                         (clock clk_out1_kr260_min_clk_wiz_0 rise edge)
                                                      0.000     0.000 r  
    BUFG_PS_X0Y80        BUFG_PS                      0.000     0.000 r  kr260_min_i/PS_0/inst/buffer_pl_clk_0.PL_CLK_0_BUFG/O
                         net (fo=5669, routed)        2.679     2.679    kr260_min_i/clk_wiz/inst/clk_in1
    MMCM_X0Y0            MMCME4_ADV (Prop_MMCM_CLKIN1_CLKOUT0)
                                                     -0.103     2.576 r  kr260_min_i/clk_wiz/inst/mmcme4_adv_inst/CLKOUT0
                         net (fo=1, routed)           0.348     2.924    kr260_min_i/clk_wiz/inst/clk_out1_kr260_min_clk_wiz_0
    BUFGCE_X0Y1          BUFGCE (Prop_BUFCE_BUFGCE_I_O)
                                                      0.044     2.968 r  kr260_min_i/clk_wiz/inst/clkout1_buf/O
    X1Y1 (CLOCK_ROOT)    net (fo=74592, routed)       2.278     5.246    kr260_min_i/snn_qp_v07_1/inst/grp_p_anonymous_namespace_dispatch_command_fu_1169/ap_clk
    SLICE_X21Y132        FDRE                                         r  kr260_min_i/snn_qp_v07_1/inst/grp_p_anonymous_namespace_dispatch_command_fu_1169/ap_CS_fsm_reg[86]_rep__0_replica/C
  -------------------------------------------------------------------    -------------------
    SLICE_X21Y132        FDRE (Prop_HFF_SLICEM_C_Q)
                                                      0.114     5.360 r  kr260_min_i/snn_qp_v07_1/inst/grp_p_anonymous_namespace_dispatch_command_fu_1169/ap_CS_fsm_reg[86]_rep__0_replica/Q
                         net (fo=9, routed)           0.188     5.547    kr260_min_i/snn_qp_v07_1/inst/c_s_axi_U/ap_CS_fsm_reg[86]_rep__0_n_22_repN_alias
    SLICE_X21Y133        LUT3 (Prop_A6LUT_SLICEM_I1_O)
                                                      0.083     5.630 f  kr260_min_i/snn_qp_v07_1/inst/c_s_axi_U/dout_i_12__7/O
                         net (fo=7, routed)           0.288     5.918    kr260_min_i/snn_qp_v07_1/inst/grp_p_anonymous_namespace_dispatch_command_fu_1169/grp_p_anonymous_namespace_load_geometry_matrix_fu_728/mul_32ns_32ns_64_1_1_U713/dout__1/B[6]
    DSP48E2_X5Y53        DSP_A_B_DATA (Prop_DSP_A_B_DATA_DSP48E2_B[6]_B2_DATA[6])
                                                      0.216     6.134 r  kr260_min_i/snn_qp_v07_1/inst/grp_p_anonymous_namespace_dispatch_command_fu_1169/grp_p_anonymous_namespace_load_geometry_matrix_fu_728/mul_32ns_32ns_64_1_1_U713/dout__1/DSP_A_B_DATA_INST/B2_DATA[6]
                         net (fo=1, routed)           0.000     6.134    kr260_min_i/snn_qp_v07_1/inst/grp_p_anonymous_namespace_dispatch_command_fu_1169/grp_p_anonymous_namespace_load_geometry_matrix_fu_728/mul_32ns_32ns_64_1_1_U713/dout__1/DSP_A_B_DATA.B2_DATA<6>
    DSP48E2_X5Y53        DSP_PREADD_DATA (Prop_DSP_PREADD_DATA_DSP48E2_B2_DATA[6]_B2B1[6])
                                                      0.097     6.231 r  kr260_min_i/snn_qp_v07_1/inst/grp_p_anonymous_namespace_dispatch_command_fu_1169/grp_p_anonymous_namespace_load_geometry_matrix_fu_728/mul_32ns_32ns_64_1_1_U713/dout__1/DSP_PREADD_DATA_INST/B2B1[6]
                         net (fo=1, routed)           0.000     6.231    kr260_min_i/snn_qp_v07_1/inst/grp_p_anonymous_namespace_dispatch_command_fu_1169/grp_p_anonymous_namespace_load_geometry_matrix_fu_728/mul_32ns_32ns_64_1_1_U713/dout__1/DSP_PREADD_DATA.B2B1<6>
    DSP48E2_X5Y53        DSP_MULTIPLIER (Prop_DSP_MULTIPLIER_DSP48E2_B2B1[6]_U[36])
                                                      0.773     7.004 f  kr260_min_i/snn_qp_v07_1/inst/grp_p_anonymous_namespace_dispatch_command_fu_1169/grp_p_anonymous_namespace_load_geometry_matrix_fu_728/mul_32ns_32ns_64_1_1_U713/dout__1/DSP_MULTIPLIER_INST/U[36]
                         net (fo=1, routed)           0.000     7.004    kr260_min_i/snn_qp_v07_1/inst/grp_p_anonymous_namespace_dispatch_command_fu_1169/grp_p_anonymous_namespace_load_geometry_matrix_fu_728/mul_32ns_32ns_64_1_1_U713/dout__1/DSP_MULTIPLIER.U<36>
    DSP48E2_X5Y53        DSP_M_DATA (Prop_DSP_M_DATA_DSP48E2_U[36]_U_DATA[36])
                                                      0.067     7.071 r  kr260_min_i/snn_qp_v07_1/inst/grp_p_anonymous_namespace_dispatch_command_fu_1169/grp_p_anonymous_namespace_load_geometry_matrix_fu_728/mul_32ns_32ns_64_1_1_U713/dout__1/DSP_M_DATA_INST/U_DATA[36]
                         net (fo=1, routed)           0.000     7.071    kr260_min_i/snn_qp_v07_1/inst/grp_p_anonymous_namespace_dispatch_command_fu_1169/grp_p_anonymous_namespace_load_geometry_matrix_fu_728/mul_32ns_32ns_64_1_1_U713/dout__1/DSP_M_DATA.U_DATA<36>
    DSP48E2_X5Y53        DSP_ALU (Prop_DSP_ALU_DSP48E2_U_DATA[36]_ALU_OUT[47])
                                                      0.727     7.798 f  kr260_min_i/snn_qp_v07_1/inst/grp_p_anonymous_namespace_dispatch_command_fu_1169/grp_p_anonymous_namespace_load_geometry_matrix_fu_728/mul_32ns_32ns_64_1_1_U713/dout__1/DSP_ALU_INST/ALU_OUT[47]
                         net (fo=1, routed)           0.000     7.798    kr260_min_i/snn_qp_v07_1/inst/grp_p_anonymous_namespace_dispatch_command_fu_1169/grp_p_anonymous_namespace_load_geometry_matrix_fu_728/mul_32ns_32ns_64_1_1_U713/dout__1/DSP_ALU.ALU_OUT<47>
    DSP48E2_X5Y53        DSP_OUTPUT (Prop_DSP_OUTPUT_DSP48E2_ALU_OUT[47]_PCOUT[47])
                                                      0.167     7.965 r  kr260_min_i/snn_qp_v07_1/inst/grp_p_anonymous_namespace_dispatch_command_fu_1169/grp_p_anonymous_namespace_load_geometry_matrix_fu_728/mul_32ns_32ns_64_1_1_U713/dout__1/DSP_OUTPUT_INST/PCOUT[47]
                         net (fo=1, routed)           0.038     8.003    kr260_min_i/snn_qp_v07_1/inst/grp_p_anonymous_namespace_dispatch_command_fu_1169/grp_p_anonymous_namespace_load_geometry_matrix_fu_728/mul_32ns_32ns_64_1_1_U713/dout__2/PCIN[47]
    DSP48E2_X5Y54        DSP_ALU (Prop_DSP_ALU_DSP48E2_PCIN[47]_ALU_OUT[0])
                                                      0.739     8.742 f  kr260_min_i/snn_qp_v07_1/inst/grp_p_anonymous_namespace_dispatch_command_fu_1169/grp_p_anonymous_namespace_load_geometry_matrix_fu_728/mul_32ns_32ns_64_1_1_U713/dout__2/DSP_ALU_INST/ALU_OUT[0]
                         net (fo=1, routed)           0.000     8.742    kr260_min_i/snn_qp_v07_1/inst/grp_p_anonymous_namespace_dispatch_command_fu_1169/grp_p_anonymous_namespace_load_geometry_matrix_fu_728/mul_32ns_32ns_64_1_1_U713/dout__2/DSP_ALU.ALU_OUT<0>
    DSP48E2_X5Y54        DSP_OUTPUT (Prop_DSP_OUTPUT_DSP48E2_ALU_OUT[0]_P[0])
                                                      0.146     8.888 r  kr260_min_i/snn_qp_v07_1/inst/grp_p_anonymous_namespace_dispatch_command_fu_1169/grp_p_anonymous_namespace_load_geometry_matrix_fu_728/mul_32ns_32ns_64_1_1_U713/dout__2/DSP_OUTPUT_INST/P[0]
                         net (fo=2, routed)           0.360     9.248    kr260_min_i/snn_qp_v07_1/inst/grp_p_anonymous_namespace_dispatch_command_fu_1169/grp_p_anonymous_namespace_load_geometry_matrix_fu_728/mul_32ns_32ns_64_1_1_U713/dout__2_n_127
    SLICE_X18Y132        LUT2 (Prop_B6LUT_SLICEM_I0_O)
                                                      0.057     9.305 r  kr260_min_i/snn_qp_v07_1/inst/grp_p_anonymous_namespace_dispatch_command_fu_1169/grp_p_anonymous_namespace_load_geometry_matrix_fu_728/mul_32ns_32ns_64_1_1_U713/bound_reg_295[23]_i_8/O
                         net (fo=1, routed)           0.022     9.327    kr260_min_i/snn_qp_v07_1/inst/grp_p_anonymous_namespace_dispatch_command_fu_1169/grp_p_anonymous_namespace_load_geometry_matrix_fu_728/mul_32ns_32ns_64_1_1_U713/bound_reg_295[23]_i_8_n_22
    SLICE_X18Y132        CARRY8 (Prop_CARRY8_SLICEM_S[1]_CO[7])
                                                      0.267     9.594 r  kr260_min_i/snn_qp_v07_1/inst/grp_p_anonymous_namespace_dispatch_command_fu_1169/grp_p_anonymous_namespace_load_geometry_matrix_fu_728/mul_32ns_32ns_64_1_1_U713/bound_reg_295_reg[23]_i_1/CO[7]
                         net (fo=1, routed)           0.030     9.624    kr260_min_i/snn_qp_v07_1/inst/grp_p_anonymous_namespace_dispatch_command_fu_1169/grp_p_anonymous_namespace_load_geometry_matrix_fu_728/mul_32ns_32ns_64_1_1_U713/bound_reg_295_reg[23]_i_1_n_22
    SLICE_X18Y133        CARRY8 (Prop_CARRY8_SLICEM_CI_CO[7])
                                                      0.065     9.689 r  kr260_min_i/snn_qp_v07_1/inst/grp_p_anonymous_namespace_dispatch_command_fu_1169/grp_p_anonymous_namespace_load_geometry_matrix_fu_728/mul_32ns_32ns_64_1_1_U713/bound_reg_295_reg[31]_i_1/CO[7]
                         net (fo=1, routed)           0.030     9.719    kr260_min_i/snn_qp_v07_1/inst/grp_p_anonymous_namespace_dispatch_command_fu_1169/grp_p_anonymous_namespace_load_geometry_matrix_fu_728/mul_32ns_32ns_64_1_1_U713/bound_reg_295_reg[31]_i_1_n_22
    SLICE_X18Y134        CARRY8 (Prop_CARRY8_SLICEM_CI_CO[7])
                                                      0.065     9.784 r  kr260_min_i/snn_qp_v07_1/inst/grp_p_anonymous_namespace_dispatch_command_fu_1169/grp_p_anonymous_namespace_load_geometry_matrix_fu_728/mul_32ns_32ns_64_1_1_U713/bound_reg_295_reg[39]_i_1/CO[7]
                         net (fo=1, routed)           0.030     9.814    kr260_min_i/snn_qp_v07_1/inst/grp_p_anonymous_namespace_dispatch_command_fu_1169/grp_p_anonymous_namespace_load_geometry_matrix_fu_728/mul_32ns_32ns_64_1_1_U713/bound_reg_295_reg[39]_i_1_n_22
    SLICE_X18Y135        CARRY8 (Prop_CARRY8_SLICEM_CI_CO[7])
                                                      0.065     9.879 r  kr260_min_i/snn_qp_v07_1/inst/grp_p_anonymous_namespace_dispatch_command_fu_1169/grp_p_anonymous_namespace_load_geometry_matrix_fu_728/mul_32ns_32ns_64_1_1_U713/bound_reg_295_reg[47]_i_1/CO[7]
                         net (fo=1, routed)           0.030     9.909    kr260_min_i/snn_qp_v07_1/inst/grp_p_anonymous_namespace_dispatch_command_fu_1169/grp_p_anonymous_namespace_load_geometry_matrix_fu_728/mul_32ns_32ns_64_1_1_U713/bound_reg_295_reg[47]_i_1_n_22
    SLICE_X18Y136        CARRY8 (Prop_CARRY8_SLICEM_CI_CO[7])
                                                      0.065     9.974 r  kr260_min_i/snn_qp_v07_1/inst/grp_p_anonymous_namespace_dispatch_command_fu_1169/grp_p_anonymous_namespace_load_geometry_matrix_fu_728/mul_32ns_32ns_64_1_1_U713/bound_reg_295_reg[55]_i_1/CO[7]
                         net (fo=1, routed)           0.030    10.004    kr260_min_i/snn_qp_v07_1/inst/grp_p_anonymous_namespace_dispatch_command_fu_1169/grp_p_anonymous_namespace_load_geometry_matrix_fu_728/mul_32ns_32ns_64_1_1_U713/bound_reg_295_reg[55]_i_1_n_22
    SLICE_X18Y137        CARRY8 (Prop_CARRY8_SLICEM_CI_O[5])
                                                      0.161    10.165 r  kr260_min_i/snn_qp_v07_1/inst/grp_p_anonymous_namespace_dispatch_command_fu_1169/grp_p_anonymous_namespace_load_geometry_matrix_fu_728/mul_32ns_32ns_64_1_1_U713/bound_reg_295_reg[63]_i_1/O[5]
                         net (fo=1, routed)           0.033    10.198    kr260_min_i/snn_qp_v07_1/inst/grp_p_anonymous_namespace_dispatch_command_fu_1169/grp_p_anonymous_namespace_load_geometry_matrix_fu_728/dout__3[61]
    SLICE_X18Y137        FDRE                                         r  kr260_min_i/snn_qp_v07_1/inst/grp_p_anonymous_namespace_dispatch_command_fu_1169/grp_p_anonymous_namespace_load_geometry_matrix_fu_728/bound_reg_295_reg[61]/D
  -------------------------------------------------------------------    -------------------

                         (clock clk_out1_kr260_min_clk_wiz_0 rise edge)
                                                      5.000     5.000 r  
    BUFG_PS_X0Y80        BUFG_PS                      0.000     5.000 r  kr260_min_i/PS_0/inst/buffer_pl_clk_0.PL_CLK_0_BUFG/O
                         net (fo=5669, routed)        2.447     7.447    kr260_min_i/clk_wiz/inst/clk_in1
    MMCM_X0Y0            MMCME4_ADV (Prop_MMCM_CLKIN1_CLKOUT0)
                                                      0.739     8.186 r  kr260_min_i/clk_wiz/inst/mmcme4_adv_inst/CLKOUT0
                         net (fo=1, routed)           0.307     8.493    kr260_min_i/clk_wiz/inst/clk_out1_kr260_min_clk_wiz_0
    BUFGCE_X0Y1          BUFGCE (Prop_BUFCE_BUFGCE_I_O)
                                                      0.039     8.532 r  kr260_min_i/clk_wiz/inst/clkout1_buf/O
    X1Y1 (CLOCK_ROOT)    net (fo=74592, routed)       2.238    10.770    kr260_min_i/snn_qp_v07_1/inst/grp_p_anonymous_namespace_dispatch_command_fu_1169/grp_p_anonymous_namespace_load_geometry_matrix_fu_728/ap_clk
    SLICE_X18Y137        FDRE                                         r  kr260_min_i/snn_qp_v07_1/inst/grp_p_anonymous_namespace_dispatch_command_fu_1169/grp_p_anonymous_namespace_load_geometry_matrix_fu_728/bound_reg_295_reg[61]/C
                         clock pessimism             -0.452    10.319    
                         clock uncertainty           -0.057    10.261    
    SLICE_X18Y137        FDRE (Setup_FFF_SLICEM_C_D)
                                                      0.043    10.304    kr260_min_i/snn_qp_v07_1/inst/grp_p_anonymous_namespace_dispatch_command_fu_1169/grp_p_anonymous_namespace_load_geometry_matrix_fu_728/bound_reg_295_reg[61]
  -------------------------------------------------------------------
                         required time                         10.304    
                         arrival time                         -10.198    
  -------------------------------------------------------------------
                         slack                                  0.106    

Slack (MET) :             0.108ns  (required time - arrival time)
  Source:                 kr260_min_i/snn_qp_v07_1/inst/grp_p_anonymous_namespace_dispatch_command_fu_1169/ap_CS_fsm_reg[86]_rep__0_replica/C
                            (rising edge-triggered cell FDRE clocked by clk_out1_kr260_min_clk_wiz_0  {rise@0.000ns fall@2.500ns period=5.000ns})
  Destination:            kr260_min_i/snn_qp_v07_1/inst/grp_p_anonymous_namespace_dispatch_command_fu_1169/grp_p_anonymous_namespace_load_geometry_matrix_fu_728/bound_reg_295_reg[45]/D
                            (rising edge-triggered cell FDRE clocked by clk_out1_kr260_min_clk_wiz_0  {rise@0.000ns fall@2.500ns period=5.000ns})
  Path Group:             clk_out1_kr260_min_clk_wiz_0
  Path Type:              Setup (Max at Slow Process Corner)
  Requirement:            5.000ns  (clk_out1_kr260_min_clk_wiz_0 rise@5.000ns - clk_out1_kr260_min_clk_wiz_0 rise@0.000ns)
  Data Path Delay:        4.762ns  (logic 3.744ns (78.615%)  route 1.018ns (21.385%))
  Logic Levels:           14  (CARRY8=4 DSP_A_B_DATA=1 DSP_ALU=2 DSP_M_DATA=1 DSP_MULTIPLIER=1 DSP_OUTPUT=2 DSP_PREADD_DATA=1 LUT2=1 LUT3=1)
  Clock Path Skew:        -0.115ns (DCD - SCD + CPR)
    Destination Clock Delay (DCD):    5.581ns = ( 10.581 - 5.000 ) 
    Source Clock Delay      (SCD):    5.246ns
    Clock Pessimism Removal (CPR):    -0.451ns
  Clock Uncertainty:      0.057ns  ((TSJ^2 + DJ^2)^1/2) / 2 + PE
    Total System Jitter     (TSJ):    0.071ns
    Discrete Jitter          (DJ):    0.091ns
    Phase Error              (PE):    0.000ns
  Clock Net Delay (Source):      2.278ns (routing 0.724ns, distribution 1.554ns)
  Clock Net Delay (Destination): 2.049ns (routing 0.669ns, distribution 1.380ns)

    Location             Delay type                Incr(ns)  Path(ns)    Netlist Resource(s)
  -------------------------------------------------------------------    -------------------
                         (clock clk_out1_kr260_min_clk_wiz_0 rise edge)
                                                      0.000     0.000 r  
    BUFG_PS_X0Y80        BUFG_PS                      0.000     0.000 r  kr260_min_i/PS_0/inst/buffer_pl_clk_0.PL_CLK_0_BUFG/O
                         net (fo=5669, routed)        2.679     2.679    kr260_min_i/clk_wiz/inst/clk_in1
    MMCM_X0Y0            MMCME4_ADV (Prop_MMCM_CLKIN1_CLKOUT0)
                                                     -0.103     2.576 r  kr260_min_i/clk_wiz/inst/mmcme4_adv_inst/CLKOUT0
                         net (fo=1, routed)           0.348     2.924    kr260_min_i/clk_wiz/inst/clk_out1_kr260_min_clk_wiz_0
    BUFGCE_X0Y1          BUFGCE (Prop_BUFCE_BUFGCE_I_O)
                                                      0.044     2.968 r  kr260_min_i/clk_wiz/inst/clkout1_buf/O
    X1Y1 (CLOCK_ROOT)    net (fo=74592, routed)       2.278     5.246    kr260_min_i/snn_qp_v07_1/inst/grp_p_anonymous_namespace_dispatch_command_fu_1169/ap_clk
    SLICE_X21Y132        FDRE                                         r  kr260_min_i/snn_qp_v07_1/inst/grp_p_anonymous_namespace_dispatch_command_fu_1169/ap_CS_fsm_reg[86]_rep__0_replica/C
  -------------------------------------------------------------------    -------------------
    SLICE_X21Y132        FDRE (Prop_HFF_SLICEM_C_Q)
                                                      0.114     5.360 r  kr260_min_i/snn_qp_v07_1/inst/grp_p_anonymous_namespace_dispatch_command_fu_1169/ap_CS_fsm_reg[86]_rep__0_replica/Q
                         net (fo=9, routed)           0.188     5.547    kr260_min_i/snn_qp_v07_1/inst/c_s_axi_U/ap_CS_fsm_reg[86]_rep__0_n_22_repN_alias
    SLICE_X21Y133        LUT3 (Prop_A6LUT_SLICEM_I1_O)
                                                      0.083     5.630 f  kr260_min_i/snn_qp_v07_1/inst/c_s_axi_U/dout_i_12__7/O
                         net (fo=7, routed)           0.288     5.918    kr260_min_i/snn_qp_v07_1/inst/grp_p_anonymous_namespace_dispatch_command_fu_1169/grp_p_anonymous_namespace_load_geometry_matrix_fu_728/mul_32ns_32ns_64_1_1_U713/dout__1/B[6]
    DSP48E2_X5Y53        DSP_A_B_DATA (Prop_DSP_A_B_DATA_DSP48E2_B[6]_B2_DATA[6])
                                                      0.216     6.134 r  kr260_min_i/snn_qp_v07_1/inst/grp_p_anonymous_namespace_dispatch_command_fu_1169/grp_p_anonymous_namespace_load_geometry_matrix_fu_728/mul_32ns_32ns_64_1_1_U713/dout__1/DSP_A_B_DATA_INST/B2_DATA[6]
                         net (fo=1, routed)           0.000     6.134    kr260_min_i/snn_qp_v07_1/inst/grp_p_anonymous_namespace_dispatch_command_fu_1169/grp_p_anonymous_namespace_load_geometry_matrix_fu_728/mul_32ns_32ns_64_1_1_U713/dout__1/DSP_A_B_DATA.B2_DATA<6>
    DSP48E2_X5Y53        DSP_PREADD_DATA (Prop_DSP_PREADD_DATA_DSP48E2_B2_DATA[6]_B2B1[6])
                                                      0.097     6.231 r  kr260_min_i/snn_qp_v07_1/inst/grp_p_anonymous_namespace_dispatch_command_fu_1169/grp_p_anonymous_namespace_load_geometry_matrix_fu_728/mul_32ns_32ns_64_1_1_U713/dout__1/DSP_PREADD_DATA_INST/B2B1[6]
                         net (fo=1, routed)           0.000     6.231    kr260_min_i/snn_qp_v07_1/inst/grp_p_anonymous_namespace_dispatch_command_fu_1169/grp_p_anonymous_namespace_load_geometry_matrix_fu_728/mul_32ns_32ns_64_1_1_U713/dout__1/DSP_PREADD_DATA.B2B1<6>
    DSP48E2_X5Y53        DSP_MULTIPLIER (Prop_DSP_MULTIPLIER_DSP48E2_B2B1[6]_U[36])
                                                      0.773     7.004 f  kr260_min_i/snn_qp_v07_1/inst/grp_p_anonymous_namespace_dispatch_command_fu_1169/grp_p_anonymous_namespace_load_geometry_matrix_fu_728/mul_32ns_32ns_64_1_1_U713/dout__1/DSP_MULTIPLIER_INST/U[36]
                         net (fo=1, routed)           0.000     7.004    kr260_min_i/snn_qp_v07_1/inst/grp_p_anonymous_namespace_dispatch_command_fu_1169/grp_p_anonymous_namespace_load_geometry_matrix_fu_728/mul_32ns_32ns_64_1_1_U713/dout__1/DSP_MULTIPLIER.U<36>
    DSP48E2_X5Y53        DSP_M_DATA (Prop_DSP_M_DATA_DSP48E2_U[36]_U_DATA[36])
                                                      0.067     7.071 r  kr260_min_i/snn_qp_v07_1/inst/grp_p_anonymous_namespace_dispatch_command_fu_1169/grp_p_anonymous_namespace_load_geometry_matrix_fu_728/mul_32ns_32ns_64_1_1_U713/dout__1/DSP_M_DATA_INST/U_DATA[36]
                         net (fo=1, routed)           0.000     7.071    kr260_min_i/snn_qp_v07_1/inst/grp_p_anonymous_namespace_dispatch_command_fu_1169/grp_p_anonymous_namespace_load_geometry_matrix_fu_728/mul_32ns_32ns_64_1_1_U713/dout__1/DSP_M_DATA.U_DATA<36>
    DSP48E2_X5Y53        DSP_ALU (Prop_DSP_ALU_DSP48E2_U_DATA[36]_ALU_OUT[47])
                                                      0.727     7.798 f  kr260_min_i/snn_qp_v07_1/inst/grp_p_anonymous_namespace_dispatch_command_fu_1169/grp_p_anonymous_namespace_load_geometry_matrix_fu_728/mul_32ns_32ns_64_1_1_U713/dout__1/DSP_ALU_INST/ALU_OUT[47]
                         net (fo=1, routed)           0.000     7.798    kr260_min_i/snn_qp_v07_1/inst/grp_p_anonymous_namespace_dispatch_command_fu_1169/grp_p_anonymous_namespace_load_geometry_matrix_fu_728/mul_32ns_32ns_64_1_1_U713/dout__1/DSP_ALU.ALU_OUT<47>
    DSP48E2_X5Y53        DSP_OUTPUT (Prop_DSP_OUTPUT_DSP48E2_ALU_OUT[47]_PCOUT[47])
                                                      0.167     7.965 r  kr260_min_i/snn_qp_v07_1/inst/grp_p_anonymous_namespace_dispatch_command_fu_1169/grp_p_anonymous_namespace_load_geometry_matrix_fu_728/mul_32ns_32ns_64_1_1_U713/dout__1/DSP_OUTPUT_INST/PCOUT[47]
                         net (fo=1, routed)           0.038     8.003    kr260_min_i/snn_qp_v07_1/inst/grp_p_anonymous_namespace_dispatch_command_fu_1169/grp_p_anonymous_namespace_load_geometry_matrix_fu_728/mul_32ns_32ns_64_1_1_U713/dout__2/PCIN[47]
    DSP48E2_X5Y54        DSP_ALU (Prop_DSP_ALU_DSP48E2_PCIN[47]_ALU_OUT[0])
                                                      0.739     8.742 f  kr260_min_i/snn_qp_v07_1/inst/grp_p_anonymous_namespace_dispatch_command_fu_1169/grp_p_anonymous_namespace_load_geometry_matrix_fu_728/mul_32ns_32ns_64_1_1_U713/dout__2/DSP_ALU_INST/ALU_OUT[0]
                         net (fo=1, routed)           0.000     8.742    kr260_min_i/snn_qp_v07_1/inst/grp_p_anonymous_namespace_dispatch_command_fu_1169/grp_p_anonymous_namespace_load_geometry_matrix_fu_728/mul_32ns_32ns_64_1_1_U713/dout__2/DSP_ALU.ALU_OUT<0>
    DSP48E2_X5Y54        DSP_OUTPUT (Prop_DSP_OUTPUT_DSP48E2_ALU_OUT[0]_P[0])
                                                      0.146     8.888 r  kr260_min_i/snn_qp_v07_1/inst/grp_p_anonymous_namespace_dispatch_command_fu_1169/grp_p_anonymous_namespace_load_geometry_matrix_fu_728/mul_32ns_32ns_64_1_1_U713/dout__2/DSP_OUTPUT_INST/P[0]
                         net (fo=2, routed)           0.360     9.248    kr260_min_i/snn_qp_v07_1/inst/grp_p_anonymous_namespace_dispatch_command_fu_1169/grp_p_anonymous_namespace_load_geometry_matrix_fu_728/mul_32ns_32ns_64_1_1_U713/dout__2_n_127
    SLICE_X18Y132        LUT2 (Prop_B6LUT_SLICEM_I0_O)
                                                      0.057     9.305 r  kr260_min_i/snn_qp_v07_1/inst/grp_p_anonymous_namespace_dispatch_command_fu_1169/grp_p_anonymous_namespace_load_geometry_matrix_fu_728/mul_32ns_32ns_64_1_1_U713/bound_reg_295[23]_i_8/O
                         net (fo=1, routed)           0.022     9.327    kr260_min_i/snn_qp_v07_1/inst/grp_p_anonymous_namespace_dispatch_command_fu_1169/grp_p_anonymous_namespace_load_geometry_matrix_fu_728/mul_32ns_32ns_64_1_1_U713/bound_reg_295[23]_i_8_n_22
    SLICE_X18Y132        CARRY8 (Prop_CARRY8_SLICEM_S[1]_CO[7])
                                                      0.267     9.594 r  kr260_min_i/snn_qp_v07_1/inst/grp_p_anonymous_namespace_dispatch_command_fu_1169/grp_p_anonymous_namespace_load_geometry_matrix_fu_728/mul_32ns_32ns_64_1_1_U713/bound_reg_295_reg[23]_i_1/CO[7]
                         net (fo=1, routed)           0.030     9.624    kr260_min_i/snn_qp_v07_1/inst/grp_p_anonymous_namespace_dispatch_command_fu_1169/grp_p_anonymous_namespace_load_geometry_matrix_fu_728/mul_32ns_32ns_64_1_1_U713/bound_reg_295_reg[23]_i_1_n_22
    SLICE_X18Y133        CARRY8 (Prop_CARRY8_SLICEM_CI_CO[7])
                                                      0.065     9.689 r  kr260_min_i/snn_qp_v07_1/inst/grp_p_anonymous_namespace_dispatch_command_fu_1169/grp_p_anonymous_namespace_load_geometry_matrix_fu_728/mul_32ns_32ns_64_1_1_U713/bound_reg_295_reg[31]_i_1/CO[7]
                         net (fo=1, routed)           0.030     9.719    kr260_min_i/snn_qp_v07_1/inst/grp_p_anonymous_namespace_dispatch_command_fu_1169/grp_p_anonymous_namespace_load_geometry_matrix_fu_728/mul_32ns_32ns_64_1_1_U713/bound_reg_295_reg[31]_i_1_n_22
    SLICE_X18Y134        CARRY8 (Prop_CARRY8_SLICEM_CI_CO[7])
                                                      0.065     9.784 r  kr260_min_i/snn_qp_v07_1/inst/grp_p_anonymous_namespace_dispatch_command_fu_1169/grp_p_anonymous_namespace_load_geometry_matrix_fu_728/mul_32ns_32ns_64_1_1_U713/bound_reg_295_reg[39]_i_1/CO[7]
                         net (fo=1, routed)           0.030     9.814    kr260_min_i/snn_qp_v07_1/inst/grp_p_anonymous_namespace_dispatch_command_fu_1169/grp_p_anonymous_namespace_load_geometry_matrix_fu_728/mul_32ns_32ns_64_1_1_U713/bound_reg_295_reg[39]_i_1_n_22
    SLICE_X18Y135        CARRY8 (Prop_CARRY8_SLICEM_CI_O[5])
                                                      0.161     9.975 r  kr260_min_i/snn_qp_v07_1/inst/grp_p_anonymous_namespace_dispatch_command_fu_1169/grp_p_anonymous_namespace_load_geometry_matrix_fu_728/mul_32ns_32ns_64_1_1_U713/bound_reg_295_reg[47]_i_1/O[5]
                         net (fo=1, routed)           0.033    10.008    kr260_min_i/snn_qp_v07_1/inst/grp_p_anonymous_namespace_dispatch_command_fu_1169/grp_p_anonymous_namespace_load_geometry_matrix_fu_728/dout__3[45]
    SLICE_X18Y135        FDRE                                         r  kr260_min_i/snn_qp_v07_1/inst/grp_p_anonymous_namespace_dispatch_command_fu_1169/grp_p_anonymous_namespace_load_geometry_matrix_fu_728/bound_reg_295_reg[45]/D
  -------------------------------------------------------------------    -------------------

                         (clock clk_out1_kr260_min_clk_wiz_0 rise edge)
                                                      5.000     5.000 r  
    BUFG_PS_X0Y80        BUFG_PS                      0.000     5.000 r  kr260_min_i/PS_0/inst/buffer_pl_clk_0.PL_CLK_0_BUFG/O
                         net (fo=5669, routed)        2.447     7.447    kr260_min_i/clk_wiz/inst/clk_in1
    MMCM_X0Y0            MMCME4_ADV (Prop_MMCM_CLKIN1_CLKOUT0)
                                                      0.739     8.186 r  kr260_min_i/clk_wiz/inst/mmcme4_adv_inst/CLKOUT0
                         net (fo=1, routed)           0.307     8.493    kr260_min_i/clk_wiz/inst/clk_out1_kr260_min_clk_wiz_0
    BUFGCE_X0Y1          BUFGCE (Prop_BUFCE_BUFGCE_I_O)
                                                      0.039     8.532 r  kr260_min_i/clk_wiz/inst/clkout1_buf/O
    X1Y1 (CLOCK_ROOT)    net (fo=74592, routed)       2.049    10.581    kr260_min_i/snn_qp_v07_1/inst/grp_p_anonymous_namespace_dispatch_command_fu_1169/grp_p_anonymous_namespace_load_geometry_matrix_fu_728/ap_clk
    SLICE_X18Y135        FDRE                                         r  kr260_min_i/snn_qp_v07_1/inst/grp_p_anonymous_namespace_dispatch_command_fu_1169/grp_p_anonymous_namespace_load_geometry_matrix_fu_728/bound_reg_295_reg[45]/C
                         clock pessimism             -0.451    10.131    
                         clock uncertainty           -0.057    10.073    
    SLICE_X18Y135        FDRE (Setup_FFF_SLICEM_C_D)
                                                      0.043    10.116    kr260_min_i/snn_qp_v07_1/inst/grp_p_anonymous_namespace_dispatch_command_fu_1169/grp_p_anonymous_namespace_load_geometry_matrix_fu_728/bound_reg_295_reg[45]
  -------------------------------------------------------------------
                         required time                         10.116    
                         arrival time                         -10.008    
  -------------------------------------------------------------------
                         slack                                  0.108    

Slack (MET) :             0.110ns  (required time - arrival time)
  Source:                 kr260_min_i/snn_qp_v07_1/inst/grp_p_anonymous_namespace_dispatch_command_fu_1169/grp_p_anonymous_namespace_solve_current_fu_622/x_V_U/ram_reg_bram_0/CLKARDCLK
                            (rising edge-triggered cell RAMB36E2 clocked by clk_out1_kr260_min_clk_wiz_0  {rise@0.000ns fall@2.500ns period=5.000ns})
  Destination:            kr260_min_i/snn_qp_v07_1/inst/grp_p_anonymous_namespace_dispatch_command_fu_1169/grp_p_anonymous_namespace_solve_current_fu_622/grp_p_anonymous_namespace_solve_current_Pipeline_hessian_columns_fu_1980/mul_32s_32s_64_1_1_U126/dout__2/DSP_A_B_DATA_INST/B[7]
                            (rising edge-triggered cell DSP_A_B_DATA clocked by clk_out1_kr260_min_clk_wiz_0  {rise@0.000ns fall@2.500ns period=5.000ns})
  Path Group:             clk_out1_kr260_min_clk_wiz_0
  Path Type:              Setup (Max at Slow Process Corner)
  Requirement:            5.000ns  (clk_out1_kr260_min_clk_wiz_0 rise@5.000ns - clk_out1_kr260_min_clk_wiz_0 rise@0.000ns)
  Data Path Delay:        4.169ns  (logic 1.292ns (30.991%)  route 2.877ns (69.009%))
  Logic Levels:           0  
  Clock Path Skew:        -0.179ns (DCD - SCD + CPR)
    Destination Clock Delay (DCD):    5.610ns = ( 10.610 - 5.000 ) 
    Source Clock Delay      (SCD):    5.280ns
    Clock Pessimism Removal (CPR):    -0.509ns
  Clock Uncertainty:      0.057ns  ((TSJ^2 + DJ^2)^1/2) / 2 + PE
    Total System Jitter     (TSJ):    0.071ns
    Discrete Jitter          (DJ):    0.091ns
    Phase Error              (PE):    0.000ns
  Clock Net Delay (Source):      2.312ns (routing 0.724ns, distribution 1.588ns)
  Clock Net Delay (Destination): 2.078ns (routing 0.669ns, distribution 1.409ns)

    Location             Delay type                Incr(ns)  Path(ns)    Netlist Resource(s)
  -------------------------------------------------------------------    -------------------
                         (clock clk_out1_kr260_min_clk_wiz_0 rise edge)
                                                      0.000     0.000 r  
    BUFG_PS_X0Y80        BUFG_PS                      0.000     0.000 r  kr260_min_i/PS_0/inst/buffer_pl_clk_0.PL_CLK_0_BUFG/O
                         net (fo=5669, routed)        2.679     2.679    kr260_min_i/clk_wiz/inst/clk_in1
    MMCM_X0Y0            MMCME4_ADV (Prop_MMCM_CLKIN1_CLKOUT0)
                                                     -0.103     2.576 r  kr260_min_i/clk_wiz/inst/mmcme4_adv_inst/CLKOUT0
                         net (fo=1, routed)           0.348     2.924    kr260_min_i/clk_wiz/inst/clk_out1_kr260_min_clk_wiz_0
    BUFGCE_X0Y1          BUFGCE (Prop_BUFCE_BUFGCE_I_O)
                                                      0.044     2.968 r  kr260_min_i/clk_wiz/inst/clkout1_buf/O
    X1Y1 (CLOCK_ROOT)    net (fo=74592, routed)       2.312     5.280    kr260_min_i/snn_qp_v07_1/inst/grp_p_anonymous_namespace_dispatch_command_fu_1169/grp_p_anonymous_namespace_solve_current_fu_622/x_V_U/ap_clk
    RAMB36_X1Y22         RAMB36E2                                     r  kr260_min_i/snn_qp_v07_1/inst/grp_p_anonymous_namespace_dispatch_command_fu_1169/grp_p_anonymous_namespace_solve_current_fu_622/x_V_U/ram_reg_bram_0/CLKARDCLK
  -------------------------------------------------------------------    -------------------
    RAMB36_X1Y22         RAMB36E2 (Prop_RAMB36E2_RAMB36_CLKARDCLK_DOUTADOUT[24])
                                                      1.292     6.572 r  kr260_min_i/snn_qp_v07_1/inst/grp_p_anonymous_namespace_dispatch_command_fu_1169/grp_p_anonymous_namespace_solve_current_fu_622/x_V_U/ram_reg_bram_0/DOUTADOUT[24]
                         net (fo=24, routed)          2.877     9.449    kr260_min_i/snn_qp_v07_1/inst/grp_p_anonymous_namespace_dispatch_command_fu_1169/grp_p_anonymous_namespace_solve_current_fu_622/grp_p_anonymous_namespace_solve_current_Pipeline_hessian_columns_fu_1980/mul_32s_32s_64_1_1_U126/dout__2/B[7]
    DSP48E2_X12Y95       DSP_A_B_DATA                                 r  kr260_min_i/snn_qp_v07_1/inst/grp_p_anonymous_namespace_dispatch_command_fu_1169/grp_p_anonymous_namespace_solve_current_fu_622/grp_p_anonymous_namespace_solve_current_Pipeline_hessian_columns_fu_1980/mul_32s_32s_64_1_1_U126/dout__2/DSP_A_B_DATA_INST/B[7]
  -------------------------------------------------------------------    -------------------

                         (clock clk_out1_kr260_min_clk_wiz_0 rise edge)
                                                      5.000     5.000 r  
    BUFG_PS_X0Y80        BUFG_PS                      0.000     5.000 r  kr260_min_i/PS_0/inst/buffer_pl_clk_0.PL_CLK_0_BUFG/O
                         net (fo=5669, routed)        2.447     7.447    kr260_min_i/clk_wiz/inst/clk_in1
    MMCM_X0Y0            MMCME4_ADV (Prop_MMCM_CLKIN1_CLKOUT0)
                                                      0.739     8.186 r  kr260_min_i/clk_wiz/inst/mmcme4_adv_inst/CLKOUT0
                         net (fo=1, routed)           0.307     8.493    kr260_min_i/clk_wiz/inst/clk_out1_kr260_min_clk_wiz_0
    BUFGCE_X0Y1          BUFGCE (Prop_BUFCE_BUFGCE_I_O)
                                                      0.039     8.532 r  kr260_min_i/clk_wiz/inst/clkout1_buf/O
    X1Y1 (CLOCK_ROOT)    net (fo=74592, routed)       2.078    10.610    kr260_min_i/snn_qp_v07_1/inst/grp_p_anonymous_namespace_dispatch_command_fu_1169/grp_p_anonymous_namespace_solve_current_fu_622/grp_p_anonymous_namespace_solve_current_Pipeline_hessian_columns_fu_1980/mul_32s_32s_64_1_1_U126/dout__2/CLK
    DSP48E2_X12Y95       DSP_A_B_DATA                                 r  kr260_min_i/snn_qp_v07_1/inst/grp_p_anonymous_namespace_dispatch_command_fu_1169/grp_p_anonymous_namespace_solve_current_fu_622/grp_p_anonymous_namespace_solve_current_Pipeline_hessian_columns_fu_1980/mul_32s_32s_64_1_1_U126/dout__2/DSP_A_B_DATA_INST/CLK
                         clock pessimism             -0.509    10.101    
                         clock uncertainty           -0.057    10.044    
    DSP48E2_X12Y95       DSP_A_B_DATA (Setup_DSP_A_B_DATA_DSP48E2_CLK_B[7])
                                                     -0.485     9.559    kr260_min_i/snn_qp_v07_1/inst/grp_p_anonymous_namespace_dispatch_command_fu_1169/grp_p_anonymous_namespace_solve_current_fu_622/grp_p_anonymous_namespace_solve_current_Pipeline_hessian_columns_fu_1980/mul_32s_32s_64_1_1_U126/dout__2/DSP_A_B_DATA_INST
  -------------------------------------------------------------------
                         required time                          9.559    
                         arrival time                          -9.449    
  -------------------------------------------------------------------
                         slack                                  0.110    

Slack (MET) :             0.110ns  (required time - arrival time)
  Source:                 kr260_min_i/snn_qp_v07_1/inst/grp_p_anonymous_namespace_dispatch_command_fu_1169/grp_p_anonymous_namespace_solve_current_fu_622/grp_p_anonymous_namespace_solve_current_Pipeline_update_residual_facet_fu_2301/mul_40s_40s_80_1_1_U528/dout__2/DSP_A_B_DATA_INST/CLK
                            (rising edge-triggered cell DSP_A_B_DATA clocked by clk_out1_kr260_min_clk_wiz_0  {rise@0.000ns fall@2.500ns period=5.000ns})
  Destination:            kr260_min_i/snn_qp_v07_1/inst/grp_p_anonymous_namespace_dispatch_command_fu_1169/grp_p_anonymous_namespace_solve_current_fu_622/grp_p_anonymous_namespace_solve_current_Pipeline_update_residual_facet_fu_2301/r_V_7_reg_2519_reg[79]/D
                            (rising edge-triggered cell FDRE clocked by clk_out1_kr260_min_clk_wiz_0  {rise@0.000ns fall@2.500ns period=5.000ns})
  Path Group:             clk_out1_kr260_min_clk_wiz_0
  Path Type:              Setup (Max at Slow Process Corner)
  Requirement:            5.000ns  (clk_out1_kr260_min_clk_wiz_0 rise@5.000ns - clk_out1_kr260_min_clk_wiz_0 rise@0.000ns)
  Data Path Delay:        4.746ns  (logic 3.890ns (81.964%)  route 0.856ns (18.036%))
  Logic Levels:           16  (CARRY8=8 DSP_ALU=2 DSP_M_DATA=1 DSP_MULTIPLIER=1 DSP_OUTPUT=2 DSP_PREADD_DATA=1 LUT2=1)
  Clock Path Skew:        -0.130ns (DCD - SCD + CPR)
    Destination Clock Delay (DCD):    5.455ns = ( 10.455 - 5.000 ) 
    Source Clock Delay      (SCD):    5.124ns
    Clock Pessimism Removal (CPR):    -0.461ns
  Clock Uncertainty:      0.057ns  ((TSJ^2 + DJ^2)^1/2) / 2 + PE
    Total System Jitter     (TSJ):    0.071ns
    Discrete Jitter          (DJ):    0.091ns
    Phase Error              (PE):    0.000ns
  Clock Net Delay (Source):      2.156ns (routing 0.724ns, distribution 1.432ns)
  Clock Net Delay (Destination): 1.923ns (routing 0.669ns, distribution 1.254ns)

    Location             Delay type                Incr(ns)  Path(ns)    Netlist Resource(s)
  -------------------------------------------------------------------    -------------------
                         (clock clk_out1_kr260_min_clk_wiz_0 rise edge)
                                                      0.000     0.000 r  
    BUFG_PS_X0Y80        BUFG_PS                      0.000     0.000 r  kr260_min_i/PS_0/inst/buffer_pl_clk_0.PL_CLK_0_BUFG/O
                         net (fo=5669, routed)        2.679     2.679    kr260_min_i/clk_wiz/inst/clk_in1
    MMCM_X0Y0            MMCME4_ADV (Prop_MMCM_CLKIN1_CLKOUT0)
                                                     -0.103     2.576 r  kr260_min_i/clk_wiz/inst/mmcme4_adv_inst/CLKOUT0
                         net (fo=1, routed)           0.348     2.924    kr260_min_i/clk_wiz/inst/clk_out1_kr260_min_clk_wiz_0
    BUFGCE_X0Y1          BUFGCE (Prop_BUFCE_BUFGCE_I_O)
                                                      0.044     2.968 r  kr260_min_i/clk_wiz/inst/clkout1_buf/O
    X1Y1 (CLOCK_ROOT)    net (fo=74592, routed)       2.156     5.124    kr260_min_i/snn_qp_v07_1/inst/grp_p_anonymous_namespace_dispatch_command_fu_1169/grp_p_anonymous_namespace_solve_current_fu_622/grp_p_anonymous_namespace_solve_current_Pipeline_update_residual_facet_fu_2301/mul_40s_40s_80_1_1_U528/dout__2/CLK
    DSP48E2_X7Y73        DSP_A_B_DATA                                 r  kr260_min_i/snn_qp_v07_1/inst/grp_p_anonymous_namespace_dispatch_command_fu_1169/grp_p_anonymous_namespace_solve_current_fu_622/grp_p_anonymous_namespace_solve_current_Pipeline_update_residual_facet_fu_2301/mul_40s_40s_80_1_1_U528/dout__2/DSP_A_B_DATA_INST/CLK
  -------------------------------------------------------------------    -------------------
    DSP48E2_X7Y73        DSP_A_B_DATA (Prop_DSP_A_B_DATA_DSP48E2_CLK_B2_DATA[17])
                                                      0.264     5.388 r  kr260_min_i/snn_qp_v07_1/inst/grp_p_anonymous_namespace_dispatch_command_fu_1169/grp_p_anonymous_namespace_solve_current_fu_622/grp_p_anonymous_namespace_solve_current_Pipeline_update_residual_facet_fu_2301/mul_40s_40s_80_1_1_U528/dout__2/DSP_A_B_DATA_INST/B2_DATA[17]
                         net (fo=1, routed)           0.000     5.388    kr260_min_i/snn_qp_v07_1/inst/grp_p_anonymous_namespace_dispatch_command_fu_1169/grp_p_anonymous_namespace_solve_current_fu_622/grp_p_anonymous_namespace_solve_current_Pipeline_update_residual_facet_fu_2301/mul_40s_40s_80_1_1_U528/dout__2/DSP_A_B_DATA.B2_DATA<17>
    DSP48E2_X7Y73        DSP_PREADD_DATA (Prop_DSP_PREADD_DATA_DSP48E2_B2_DATA[17]_B2B1[17])
                                                      0.097     5.485 r  kr260_min_i/snn_qp_v07_1/inst/grp_p_anonymous_namespace_dispatch_command_fu_1169/grp_p_anonymous_namespace_solve_current_fu_622/grp_p_anonymous_namespace_solve_current_Pipeline_update_residual_facet_fu_2301/mul_40s_40s_80_1_1_U528/dout__2/DSP_PREADD_DATA_INST/B2B1[17]
                         net (fo=1, routed)           0.000     5.485    kr260_min_i/snn_qp_v07_1/inst/grp_p_anonymous_namespace_dispatch_command_fu_1169/grp_p_anonymous_namespace_solve_current_fu_622/grp_p_anonymous_namespace_solve_current_Pipeline_update_residual_facet_fu_2301/mul_40s_40s_80_1_1_U528/dout__2/DSP_PREADD_DATA.B2B1<17>
    DSP48E2_X7Y73        DSP_MULTIPLIER (Prop_DSP_MULTIPLIER_DSP48E2_B2B1[17]_U[43])
                                                      0.773     6.258 f  kr260_min_i/snn_qp_v07_1/inst/grp_p_anonymous_namespace_dispatch_command_fu_1169/grp_p_anonymous_namespace_solve_current_fu_622/grp_p_anonymous_namespace_solve_current_Pipeline_update_residual_facet_fu_2301/mul_40s_40s_80_1_1_U528/dout__2/DSP_MULTIPLIER_INST/U[43]
                         net (fo=1, routed)           0.000     6.258    kr260_min_i/snn_qp_v07_1/inst/grp_p_anonymous_namespace_dispatch_command_fu_1169/grp_p_anonymous_namespace_solve_current_fu_622/grp_p_anonymous_namespace_solve_current_Pipeline_update_residual_facet_fu_2301/mul_40s_40s_80_1_1_U528/dout__2/DSP_MULTIPLIER.U<43>
    DSP48E2_X7Y73        DSP_M_DATA (Prop_DSP_M_DATA_DSP48E2_U[43]_U_DATA[43])
                                                      0.067     6.325 r  kr260_min_i/snn_qp_v07_1/inst/grp_p_anonymous_namespace_dispatch_command_fu_1169/grp_p_anonymous_namespace_solve_current_fu_622/grp_p_anonymous_namespace_solve_current_Pipeline_update_residual_facet_fu_2301/mul_40s_40s_80_1_1_U528/dout__2/DSP_M_DATA_INST/U_DATA[43]
                         net (fo=1, routed)           0.000     6.325    kr260_min_i/snn_qp_v07_1/inst/grp_p_anonymous_namespace_dispatch_command_fu_1169/grp_p_anonymous_namespace_solve_current_fu_622/grp_p_anonymous_namespace_solve_current_Pipeline_update_residual_facet_fu_2301/mul_40s_40s_80_1_1_U528/dout__2/DSP_M_DATA.U_DATA<43>
    DSP48E2_X7Y73        DSP_ALU (Prop_DSP_ALU_DSP48E2_U_DATA[43]_ALU_OUT[47])
                                                      0.727     7.052 f  kr260_min_i/snn_qp_v07_1/inst/grp_p_anonymous_namespace_dispatch_command_fu_1169/grp_p_anonymous_namespace_solve_current_fu_622/grp_p_anonymous_namespace_solve_current_Pipeline_update_residual_facet_fu_2301/mul_40s_40s_80_1_1_U528/dout__2/DSP_ALU_INST/ALU_OUT[47]
                         net (fo=1, routed)           0.000     7.052    kr260_min_i/snn_qp_v07_1/inst/grp_p_anonymous_namespace_dispatch_command_fu_1169/grp_p_anonymous_namespace_solve_current_fu_622/grp_p_anonymous_namespace_solve_current_Pipeline_update_residual_facet_fu_2301/mul_40s_40s_80_1_1_U528/dout__2/DSP_ALU.ALU_OUT<47>
    DSP48E2_X7Y73        DSP_OUTPUT (Prop_DSP_OUTPUT_DSP48E2_ALU_OUT[47]_PCOUT[47])
                                                      0.167     7.219 r  kr260_min_i/snn_qp_v07_1/inst/grp_p_anonymous_namespace_dispatch_command_fu_1169/grp_p_anonymous_namespace_solve_current_fu_622/grp_p_anonymous_namespace_solve_current_Pipeline_update_residual_facet_fu_2301/mul_40s_40s_80_1_1_U528/dout__2/DSP_OUTPUT_INST/PCOUT[47]
                         net (fo=1, routed)           0.038     7.257    kr260_min_i/snn_qp_v07_1/inst/grp_p_anonymous_namespace_dispatch_command_fu_1169/grp_p_anonymous_namespace_solve_current_fu_622/grp_p_anonymous_namespace_solve_current_Pipeline_update_residual_facet_fu_2301/mul_40s_40s_80_1_1_U528/dout__3/PCIN[47]
    DSP48E2_X7Y74        DSP_ALU (Prop_DSP_ALU_DSP48E2_PCIN[47]_ALU_OUT[0])
                                                      0.739     7.996 f  kr260_min_i/snn_qp_v07_1/inst/grp_p_anonymous_namespace_dispatch_command_fu_1169/grp_p_anonymous_namespace_solve_current_fu_622/grp_p_anonymous_namespace_solve_current_Pipeline_update_residual_facet_fu_2301/mul_40s_40s_80_1_1_U528/dout__3/DSP_ALU_INST/ALU_OUT[0]
                         net (fo=1, routed)           0.000     7.996    kr260_min_i/snn_qp_v07_1/inst/grp_p_anonymous_namespace_dispatch_command_fu_1169/grp_p_anonymous_namespace_solve_current_fu_622/grp_p_anonymous_namespace_solve_current_Pipeline_update_residual_facet_fu_2301/mul_40s_40s_80_1_1_U528/dout__3/DSP_ALU.ALU_OUT<0>
    DSP48E2_X7Y74        DSP_OUTPUT (Prop_DSP_OUTPUT_DSP48E2_ALU_OUT[0]_P[0])
                                                      0.146     8.142 r  kr260_min_i/snn_qp_v07_1/inst/grp_p_anonymous_namespace_dispatch_command_fu_1169/grp_p_anonymous_namespace_solve_current_fu_622/grp_p_anonymous_namespace_solve_current_Pipeline_update_residual_facet_fu_2301/mul_40s_40s_80_1_1_U528/dout__3/DSP_OUTPUT_INST/P[0]
                         net (fo=2, routed)           0.552     8.694    kr260_min_i/snn_qp_v07_1/inst/grp_p_anonymous_namespace_dispatch_command_fu_1169/grp_p_anonymous_namespace_solve_current_fu_622/grp_p_anonymous_namespace_solve_current_Pipeline_update_residual_facet_fu_2301/mul_40s_40s_80_1_1_U528/ap_clk_0[0]
    SLICE_X29Y180        LUT2 (Prop_B6LUT_SLICEM_I0_O)
                                                      0.082     8.776 r  kr260_min_i/snn_qp_v07_1/inst/grp_p_anonymous_namespace_dispatch_command_fu_1169/grp_p_anonymous_namespace_solve_current_fu_622/grp_p_anonymous_namespace_solve_current_Pipeline_update_residual_facet_fu_2301/mul_40s_40s_80_1_1_U528/r_V_7_reg_2519[23]_i_8/O
                         net (fo=1, routed)           0.022     8.798    kr260_min_i/snn_qp_v07_1/inst/grp_p_anonymous_namespace_dispatch_command_fu_1169_n_273
    SLICE_X29Y180        CARRY8 (Prop_CARRY8_SLICEM_S[1]_CO[7])
                                                      0.267     9.065 r  kr260_min_i/snn_qp_v07_1/inst/grp_p_anonymous_namespace_solve_current_Pipeline_update_residual_facet_fu_2301/mul_40s_40s_80_1_1_U528/r_V_7_reg_2519_reg[23]_i_1/CO[7]
                         net (fo=1, routed)           0.030     9.095    kr260_min_i/snn_qp_v07_1/inst/grp_p_anonymous_namespace_solve_current_Pipeline_update_residual_facet_fu_2301/mul_40s_40s_80_1_1_U528/r_V_7_reg_2519_reg[23]_i_1_n_22
    SLICE_X29Y181        CARRY8 (Prop_CARRY8_SLICEM_CI_CO[7])
                                                      0.065     9.160 r  kr260_min_i/snn_qp_v07_1/inst/grp_p_anonymous_namespace_solve_current_Pipeline_update_residual_facet_fu_2301/mul_40s_40s_80_1_1_U528/r_V_7_reg_2519_reg[31]_i_1/CO[7]
                         net (fo=1, routed)           0.030     9.190    kr260_min_i/snn_qp_v07_1/inst/grp_p_anonymous_namespace_solve_current_Pipeline_update_residual_facet_fu_2301/mul_40s_40s_80_1_1_U528/r_V_7_reg_2519_reg[31]_i_1_n_22
    SLICE_X29Y182        CARRY8 (Prop_CARRY8_SLICEM_CI_CO[7])
                                                      0.065     9.255 r  kr260_min_i/snn_qp_v07_1/inst/grp_p_anonymous_namespace_solve_current_Pipeline_update_residual_facet_fu_2301/mul_40s_40s_80_1_1_U528/r_V_7_reg_2519_reg[39]_i_1/CO[7]
                         net (fo=1, routed)           0.030     9.285    kr260_min_i/snn_qp_v07_1/inst/grp_p_anonymous_namespace_solve_current_Pipeline_update_residual_facet_fu_2301/mul_40s_40s_80_1_1_U528/r_V_7_reg_2519_reg[39]_i_1_n_22
    SLICE_X29Y183        CARRY8 (Prop_CARRY8_SLICEM_CI_CO[7])
                                                      0.065     9.350 r  kr260_min_i/snn_qp_v07_1/inst/grp_p_anonymous_namespace_solve_current_Pipeline_update_residual_facet_fu_2301/mul_40s_40s_80_1_1_U528/r_V_7_reg_2519_reg[47]_i_1/CO[7]
                         net (fo=1, routed)           0.030     9.380    kr260_min_i/snn_qp_v07_1/inst/grp_p_anonymous_namespace_solve_current_Pipeline_update_residual_facet_fu_2301/mul_40s_40s_80_1_1_U528/r_V_7_reg_2519_reg[47]_i_1_n_22
    SLICE_X29Y184        CARRY8 (Prop_CARRY8_SLICEM_CI_CO[7])
                                                      0.065     9.445 r  kr260_min_i/snn_qp_v07_1/inst/grp_p_anonymous_namespace_solve_current_Pipeline_update_residual_facet_fu_2301/mul_40s_40s_80_1_1_U528/r_V_7_reg_2519_reg[55]_i_1/CO[7]
                         net (fo=1, routed)           0.030     9.475    kr260_min_i/snn_qp_v07_1/inst/grp_p_anonymous_namespace_solve_current_Pipeline_update_residual_facet_fu_2301/mul_40s_40s_80_1_1_U528/r_V_7_reg_2519_reg[55]_i_1_n_22
    SLICE_X29Y185        CARRY8 (Prop_CARRY8_SLICEM_CI_CO[7])
                                                      0.065     9.540 r  kr260_min_i/snn_qp_v07_1/inst/grp_p_anonymous_namespace_solve_current_Pipeline_update_residual_facet_fu_2301/mul_40s_40s_80_1_1_U528/r_V_7_reg_2519_reg[63]_i_1/CO[7]
                         net (fo=1, routed)           0.030     9.570    kr260_min_i/snn_qp_v07_1/inst/grp_p_anonymous_namespace_solve_current_Pipeline_update_residual_facet_fu_2301/mul_40s_40s_80_1_1_U528/r_V_7_reg_2519_reg[63]_i_1_n_22
    SLICE_X29Y186        CARRY8 (Prop_CARRY8_SLICEM_CI_CO[7])
                                                      0.065     9.635 r  kr260_min_i/snn_qp_v07_1/inst/grp_p_anonymous_namespace_solve_current_Pipeline_update_residual_facet_fu_2301/mul_40s_40s_80_1_1_U528/r_V_7_reg_2519_reg[71]_i_1/CO[7]
                         net (fo=1, routed)           0.030     9.665    kr260_min_i/snn_qp_v07_1/inst/grp_p_anonymous_namespace_dispatch_command_fu_1169/grp_p_anonymous_namespace_solve_current_fu_622/grp_p_anonymous_namespace_solve_current_Pipeline_update_residual_facet_fu_2301/mul_40s_40s_80_1_1_U528/r_V_7_reg_2519_reg[79][0]
    SLICE_X29Y187        CARRY8 (Prop_CARRY8_SLICEM_CI_O[7])
                                                      0.171     9.836 r  kr260_min_i/snn_qp_v07_1/inst/grp_p_anonymous_namespace_dispatch_command_fu_1169/grp_p_anonymous_namespace_solve_current_fu_622/grp_p_anonymous_namespace_solve_current_Pipeline_update_residual_facet_fu_2301/mul_40s_40s_80_1_1_U528/r_V_7_reg_2519_reg[79]_i_2/O[7]
                         net (fo=1, routed)           0.034     9.870    kr260_min_i/snn_qp_v07_1/inst/grp_p_anonymous_namespace_dispatch_command_fu_1169/grp_p_anonymous_namespace_solve_current_fu_622/grp_p_anonymous_namespace_solve_current_Pipeline_update_residual_facet_fu_2301/dout__4_0[79]
    SLICE_X29Y187        FDRE                                         r  kr260_min_i/snn_qp_v07_1/inst/grp_p_anonymous_namespace_dispatch_command_fu_1169/grp_p_anonymous_namespace_solve_current_fu_622/grp_p_anonymous_namespace_solve_current_Pipeline_update_residual_facet_fu_2301/r_V_7_reg_2519_reg[79]/D
  -------------------------------------------------------------------    -------------------

                         (clock clk_out1_kr260_min_clk_wiz_0 rise edge)
                                                      5.000     5.000 r  
    BUFG_PS_X0Y80        BUFG_PS                      0.000     5.000 r  kr260_min_i/PS_0/inst/buffer_pl_clk_0.PL_CLK_0_BUFG/O
                         net (fo=5669, routed)        2.447     7.447    kr260_min_i/clk_wiz/inst/clk_in1
    MMCM_X0Y0            MMCME4_ADV (Prop_MMCM_CLKIN1_CLKOUT0)
                                                      0.739     8.186 r  kr260_min_i/clk_wiz/inst/mmcme4_adv_inst/CLKOUT0
                         net (fo=1, routed)           0.307     8.493    kr260_min_i/clk_wiz/inst/clk_out1_kr260_min_clk_wiz_0
    BUFGCE_X0Y1          BUFGCE (Prop_BUFCE_BUFGCE_I_O)
                                                      0.039     8.532 r  kr260_min_i/clk_wiz/inst/clkout1_buf/O
    X1Y1 (CLOCK_ROOT)    net (fo=74592, routed)       1.923    10.455    kr260_min_i/snn_qp_v07_1/inst/grp_p_anonymous_namespace_dispatch_command_fu_1169/grp_p_anonymous_namespace_solve_current_fu_622/grp_p_anonymous_namespace_solve_current_Pipeline_update_residual_facet_fu_2301/ap_clk
    SLICE_X29Y187        FDRE                                         r  kr260_min_i/snn_qp_v07_1/inst/grp_p_anonymous_namespace_dispatch_command_fu_1169/grp_p_anonymous_namespace_solve_current_fu_622/grp_p_anonymous_namespace_solve_current_Pipeline_update_residual_facet_fu_2301/r_V_7_reg_2519_reg[79]/C
                         clock pessimism             -0.461     9.994    
                         clock uncertainty           -0.057     9.936    
    SLICE_X29Y187        FDRE (Setup_HFF_SLICEM_C_D)
                                                      0.044     9.980    kr260_min_i/snn_qp_v07_1/inst/grp_p_anonymous_namespace_dispatch_command_fu_1169/grp_p_anonymous_namespace_solve_current_fu_622/grp_p_anonymous_namespace_solve_current_Pipeline_update_residual_facet_fu_2301/r_V_7_reg_2519_reg[79]
  -------------------------------------------------------------------
                         required time                          9.980    
                         arrival time                          -9.870    
  -------------------------------------------------------------------
                         slack                                  0.110    





Min Delay Paths
--------------------------------------------------------------------------------------
Slack (MET) :             0.010ns  (arrival time - required time)
  Source:                 kr260_min_i/snn_qp_v07_1/inst/grp_p_anonymous_namespace_dispatch_command_fu_1169/grp_p_anonymous_namespace_load_geometry_matrix_fu_728/grp_p_anonymous_namespace_load_geometry_matrix_Pipeline_load_geometry_rows_load_geome_fu_144/select_ln567_1_reg_742_reg[7]/C
                            (rising edge-triggered cell FDRE clocked by clk_out1_kr260_min_clk_wiz_0  {rise@0.000ns fall@2.500ns period=5.000ns})
  Destination:            kr260_min_i/snn_qp_v07_1/inst/grp_p_anonymous_namespace_dispatch_command_fu_1169/grp_p_anonymous_namespace_load_geometry_matrix_fu_728/grp_p_anonymous_namespace_load_geometry_matrix_Pipeline_load_geometry_rows_load_geome_fu_144/i_08_fu_142_reg[7]/D
                            (rising edge-triggered cell FDRE clocked by clk_out1_kr260_min_clk_wiz_0  {rise@0.000ns fall@2.500ns period=5.000ns})
  Path Group:             clk_out1_kr260_min_clk_wiz_0
  Path Type:              Hold (Min at Slow Process Corner)
  Requirement:            0.000ns  (clk_out1_kr260_min_clk_wiz_0 rise@0.000ns - clk_out1_kr260_min_clk_wiz_0 rise@0.000ns)
  Data Path Delay:        0.211ns  (logic 0.112ns (53.081%)  route 0.099ns (46.919%))
  Logic Levels:           0  
  Clock Path Skew:        0.098ns (DCD - SCD - CPR)
    Destination Clock Delay (DCD):    5.226ns
    Source Clock Delay      (SCD):    5.578ns
    Clock Pessimism Removal (CPR):    -0.451ns
  Clock Net Delay (Source):      2.046ns (routing 0.669ns, distribution 1.377ns)
  Clock Net Delay (Destination): 2.258ns (routing 0.724ns, distribution 1.534ns)

    Location             Delay type                Incr(ns)  Path(ns)    Netlist Resource(s)
  -------------------------------------------------------------------    -------------------
                         (clock clk_out1_kr260_min_clk_wiz_0 rise edge)
                                                      0.000     0.000 r  
    BUFG_PS_X0Y80        BUFG_PS                      0.000     0.000 r  kr260_min_i/PS_0/inst/buffer_pl_clk_0.PL_CLK_0_BUFG/O
                         net (fo=5669, routed)        2.447     2.447    kr260_min_i/clk_wiz/inst/clk_in1
    MMCM_X0Y0            MMCME4_ADV (Prop_MMCM_CLKIN1_CLKOUT0)
                                                      0.739     3.186 r  kr260_min_i/clk_wiz/inst/mmcme4_adv_inst/CLKOUT0
                         net (fo=1, routed)           0.307     3.493    kr260_min_i/clk_wiz/inst/clk_out1_kr260_min_clk_wiz_0
    BUFGCE_X0Y1          BUFGCE (Prop_BUFCE_BUFGCE_I_O)
                                                      0.039     3.532 r  kr260_min_i/clk_wiz/inst/clkout1_buf/O
    X1Y1 (CLOCK_ROOT)    net (fo=74592, routed)       2.046     5.578    kr260_min_i/snn_qp_v07_1/inst/grp_p_anonymous_namespace_dispatch_command_fu_1169/grp_p_anonymous_namespace_load_geometry_matrix_fu_728/grp_p_anonymous_namespace_load_geometry_matrix_Pipeline_load_geometry_rows_load_geome_fu_144/ap_clk
    SLICE_X11Y157        FDRE                                         r  kr260_min_i/snn_qp_v07_1/inst/grp_p_anonymous_namespace_dispatch_command_fu_1169/grp_p_anonymous_namespace_load_geometry_matrix_fu_728/grp_p_anonymous_namespace_load_geometry_matrix_Pipeline_load_geometry_rows_load_geome_fu_144/select_ln567_1_reg_742_reg[7]/C
  -------------------------------------------------------------------    -------------------
    SLICE_X11Y157        FDRE (Prop_HFF_SLICEL_C_Q)
                                                      0.112     5.690 r  kr260_min_i/snn_qp_v07_1/inst/grp_p_anonymous_namespace_dispatch_command_fu_1169/grp_p_anonymous_namespace_load_geometry_matrix_fu_728/grp_p_anonymous_namespace_load_geometry_matrix_Pipeline_load_geometry_rows_load_geome_fu_144/select_ln567_1_reg_742_reg[7]/Q
                         net (fo=1, routed)           0.099     5.789    kr260_min_i/snn_qp_v07_1/inst/grp_p_anonymous_namespace_dispatch_command_fu_1169/grp_p_anonymous_namespace_load_geometry_matrix_fu_728/grp_p_anonymous_namespace_load_geometry_matrix_Pipeline_load_geometry_rows_load_geome_fu_144/select_ln567_1_reg_742[7]
    SLICE_X12Y157        FDRE                                         r  kr260_min_i/snn_qp_v07_1/inst/grp_p_anonymous_namespace_dispatch_command_fu_1169/grp_p_anonymous_namespace_load_geometry_matrix_fu_728/grp_p_anonymous_namespace_load_geometry_matrix_Pipeline_load_geometry_rows_load_geome_fu_144/i_08_fu_142_reg[7]/D
  -------------------------------------------------------------------    -------------------

                         (clock clk_out1_kr260_min_clk_wiz_0 rise edge)
                                                      0.000     0.000 r  
    BUFG_PS_X0Y80        BUFG_PS                      0.000     0.000 r  kr260_min_i/PS_0/inst/buffer_pl_clk_0.PL_CLK_0_BUFG/O
                         net (fo=5669, routed)        2.679     2.679    kr260_min_i/clk_wiz/inst/clk_in1
    MMCM_X0Y0            MMCME4_ADV (Prop_MMCM_CLKIN1_CLKOUT0)
                                                     -0.103     2.576 r  kr260_min_i/clk_wiz/inst/mmcme4_adv_inst/CLKOUT0
                         net (fo=1, routed)           0.348     2.924    kr260_min_i/clk_wiz/inst/clk_out1_kr260_min_clk_wiz_0
    BUFGCE_X0Y1          BUFGCE (Prop_BUFCE_BUFGCE_I_O)
                                                      0.044     2.968 r  kr260_min_i/clk_wiz/inst/clkout1_buf/O
    X1Y1 (CLOCK_ROOT)    net (fo=74592, routed)       2.258     5.226    kr260_min_i/snn_qp_v07_1/inst/grp_p_anonymous_namespace_dispatch_command_fu_1169/grp_p_anonymous_namespace_load_geometry_matrix_fu_728/grp_p_anonymous_namespace_load_geometry_matrix_Pipeline_load_geometry_rows_load_geome_fu_144/ap_clk
    SLICE_X12Y157        FDRE                                         r  kr260_min_i/snn_qp_v07_1/inst/grp_p_anonymous_namespace_dispatch_command_fu_1169/grp_p_anonymous_namespace_load_geometry_matrix_fu_728/grp_p_anonymous_namespace_load_geometry_matrix_Pipeline_load_geometry_rows_load_geome_fu_144/i_08_fu_142_reg[7]/C
                         clock pessimism              0.451     5.676    
    SLICE_X12Y157        FDRE (Hold_HFF2_SLICEM_C_D)
                                                      0.103     5.779    kr260_min_i/snn_qp_v07_1/inst/grp_p_anonymous_namespace_dispatch_command_fu_1169/grp_p_anonymous_namespace_load_geometry_matrix_fu_728/grp_p_anonymous_namespace_load_geometry_matrix_Pipeline_load_geometry_rows_load_geome_fu_144/i_08_fu_142_reg[7]
  -------------------------------------------------------------------
                         required time                         -5.779    
                         arrival time                           5.789    
  -------------------------------------------------------------------
                         slack                                  0.010    

Slack (MET) :             0.010ns  (arrival time - required time)
  Source:                 kr260_min_i/snn_qp_v07_1/inst/grp_p_anonymous_namespace_dispatch_command_fu_1169/grp_p_anonymous_namespace_solve_current_fu_622/add_ln1305_reg_6136_reg[6]/C
                            (rising edge-triggered cell FDRE clocked by clk_out1_kr260_min_clk_wiz_0  {rise@0.000ns fall@2.500ns period=5.000ns})
  Destination:            kr260_min_i/snn_qp_v07_1/inst/grp_p_anonymous_namespace_dispatch_command_fu_1169/grp_p_anonymous_namespace_solve_current_fu_622/i0_1_reg_1183_reg[6]/D
                            (rising edge-triggered cell FDRE clocked by clk_out1_kr260_min_clk_wiz_0  {rise@0.000ns fall@2.500ns period=5.000ns})
  Path Group:             clk_out1_kr260_min_clk_wiz_0
  Path Type:              Hold (Min at Slow Process Corner)
  Requirement:            0.000ns  (clk_out1_kr260_min_clk_wiz_0 rise@0.000ns - clk_out1_kr260_min_clk_wiz_0 rise@0.000ns)
  Data Path Delay:        0.237ns  (logic 0.112ns (47.257%)  route 0.125ns (52.743%))
  Logic Levels:           0  
  Clock Path Skew:        0.126ns (DCD - SCD - CPR)
    Destination Clock Delay (DCD):    5.259ns
    Source Clock Delay      (SCD):    5.590ns
    Clock Pessimism Removal (CPR):    -0.458ns
  Clock Net Delay (Source):      2.058ns (routing 0.669ns, distribution 1.389ns)
  Clock Net Delay (Destination): 2.291ns (routing 0.724ns, distribution 1.567ns)

    Location             Delay type                Incr(ns)  Path(ns)    Netlist Resource(s)
  -------------------------------------------------------------------    -------------------
                         (clock clk_out1_kr260_min_clk_wiz_0 rise edge)
                                                      0.000     0.000 r  
    BUFG_PS_X0Y80        BUFG_PS                      0.000     0.000 r  kr260_min_i/PS_0/inst/buffer_pl_clk_0.PL_CLK_0_BUFG/O
                         net (fo=5669, routed)        2.447     2.447    kr260_min_i/clk_wiz/inst/clk_in1
    MMCM_X0Y0            MMCME4_ADV (Prop_MMCM_CLKIN1_CLKOUT0)
                                                      0.739     3.186 r  kr260_min_i/clk_wiz/inst/mmcme4_adv_inst/CLKOUT0
                         net (fo=1, routed)           0.307     3.493    kr260_min_i/clk_wiz/inst/clk_out1_kr260_min_clk_wiz_0
    BUFGCE_X0Y1          BUFGCE (Prop_BUFCE_BUFGCE_I_O)
                                                      0.039     3.532 r  kr260_min_i/clk_wiz/inst/clkout1_buf/O
    X1Y1 (CLOCK_ROOT)    net (fo=74592, routed)       2.058     5.590    kr260_min_i/snn_qp_v07_1/inst/grp_p_anonymous_namespace_dispatch_command_fu_1169/grp_p_anonymous_namespace_solve_current_fu_622/ap_clk
    SLICE_X17Y194        FDRE                                         r  kr260_min_i/snn_qp_v07_1/inst/grp_p_anonymous_namespace_dispatch_command_fu_1169/grp_p_anonymous_namespace_solve_current_fu_622/add_ln1305_reg_6136_reg[6]/C
  -------------------------------------------------------------------    -------------------
    SLICE_X17Y194        FDRE (Prop_GFF_SLICEM_C_Q)
                                                      0.112     5.702 r  kr260_min_i/snn_qp_v07_1/inst/grp_p_anonymous_namespace_dispatch_command_fu_1169/grp_p_anonymous_namespace_solve_current_fu_622/add_ln1305_reg_6136_reg[6]/Q
                         net (fo=1, routed)           0.125     5.827    kr260_min_i/snn_qp_v07_1/inst/grp_p_anonymous_namespace_dispatch_command_fu_1169/grp_p_anonymous_namespace_solve_current_fu_622/add_ln1305_reg_6136[6]
    SLICE_X18Y194        FDRE                                         r  kr260_min_i/snn_qp_v07_1/inst/grp_p_anonymous_namespace_dispatch_command_fu_1169/grp_p_anonymous_namespace_solve_current_fu_622/i0_1_reg_1183_reg[6]/D
  -------------------------------------------------------------------    -------------------

                         (clock clk_out1_kr260_min_clk_wiz_0 rise edge)
                                                      0.000     0.000 r  
    BUFG_PS_X0Y80        BUFG_PS                      0.000     0.000 r  kr260_min_i/PS_0/inst/buffer_pl_clk_0.PL_CLK_0_BUFG/O
                         net (fo=5669, routed)        2.679     2.679    kr260_min_i/clk_wiz/inst/clk_in1
    MMCM_X0Y0            MMCME4_ADV (Prop_MMCM_CLKIN1_CLKOUT0)
                                                     -0.103     2.576 r  kr260_min_i/clk_wiz/inst/mmcme4_adv_inst/CLKOUT0
                         net (fo=1, routed)           0.348     2.924    kr260_min_i/clk_wiz/inst/clk_out1_kr260_min_clk_wiz_0
    BUFGCE_X0Y1          BUFGCE (Prop_BUFCE_BUFGCE_I_O)
                                                      0.044     2.968 r  kr260_min_i/clk_wiz/inst/clkout1_buf/O
    X1Y1 (CLOCK_ROOT)    net (fo=74592, routed)       2.291     5.259    kr260_min_i/snn_qp_v07_1/inst/grp_p_anonymous_namespace_dispatch_command_fu_1169/grp_p_anonymous_namespace_solve_current_fu_622/ap_clk
    SLICE_X18Y194        FDRE                                         r  kr260_min_i/snn_qp_v07_1/inst/grp_p_anonymous_namespace_dispatch_command_fu_1169/grp_p_anonymous_namespace_solve_current_fu_622/i0_1_reg_1183_reg[6]/C
                         clock pessimism              0.458     5.716    
    SLICE_X18Y194        FDRE (Hold_HFF_SLICEM_C_D)
                                                      0.101     5.817    kr260_min_i/snn_qp_v07_1/inst/grp_p_anonymous_namespace_dispatch_command_fu_1169/grp_p_anonymous_namespace_solve_current_fu_622/i0_1_reg_1183_reg[6]
  -------------------------------------------------------------------
                         required time                         -5.817    
                         arrival time                           5.827    
  -------------------------------------------------------------------
                         slack                                  0.010    

Slack (MET) :             0.010ns  (arrival time - required time)
  Source:                 kr260_min_i/snn_qp_v07_1/inst/grp_p_anonymous_namespace_dispatch_command_fu_1169/grp_p_anonymous_namespace_solve_current_fu_622/add_ln1244_reg_6328_reg[55]/C
                            (rising edge-triggered cell FDRE clocked by clk_out1_kr260_min_clk_wiz_0  {rise@0.000ns fall@2.500ns period=5.000ns})
  Destination:            kr260_min_i/snn_qp_v07_1/inst/grp_p_anonymous_namespace_dispatch_command_fu_1169/grp_p_anonymous_namespace_solve_current_fu_622/i0_reg_1242_reg[55]/D
                            (rising edge-triggered cell FDRE clocked by clk_out1_kr260_min_clk_wiz_0  {rise@0.000ns fall@2.500ns period=5.000ns})
  Path Group:             clk_out1_kr260_min_clk_wiz_0
  Path Type:              Hold (Min at Slow Process Corner)
  Requirement:            0.000ns  (clk_out1_kr260_min_clk_wiz_0 rise@0.000ns - clk_out1_kr260_min_clk_wiz_0 rise@0.000ns)
  Data Path Delay:        0.235ns  (logic 0.112ns (47.660%)  route 0.123ns (52.340%))
  Logic Levels:           0  
  Clock Path Skew:        0.122ns (DCD - SCD - CPR)
    Destination Clock Delay (DCD):    5.255ns
    Source Clock Delay      (SCD):    5.591ns
    Clock Pessimism Removal (CPR):    -0.458ns
  Clock Net Delay (Source):      2.059ns (routing 0.669ns, distribution 1.390ns)
  Clock Net Delay (Destination): 2.287ns (routing 0.724ns, distribution 1.563ns)

    Location             Delay type                Incr(ns)  Path(ns)    Netlist Resource(s)
  -------------------------------------------------------------------    -------------------
                         (clock clk_out1_kr260_min_clk_wiz_0 rise edge)
                                                      0.000     0.000 r  
    BUFG_PS_X0Y80        BUFG_PS                      0.000     0.000 r  kr260_min_i/PS_0/inst/buffer_pl_clk_0.PL_CLK_0_BUFG/O
                         net (fo=5669, routed)        2.447     2.447    kr260_min_i/clk_wiz/inst/clk_in1
    MMCM_X0Y0            MMCME4_ADV (Prop_MMCM_CLKIN1_CLKOUT0)
                                                      0.739     3.186 r  kr260_min_i/clk_wiz/inst/mmcme4_adv_inst/CLKOUT0
                         net (fo=1, routed)           0.307     3.493    kr260_min_i/clk_wiz/inst/clk_out1_kr260_min_clk_wiz_0
    BUFGCE_X0Y1          BUFGCE (Prop_BUFCE_BUFGCE_I_O)
                                                      0.039     3.532 r  kr260_min_i/clk_wiz/inst/clkout1_buf/O
    X1Y1 (CLOCK_ROOT)    net (fo=74592, routed)       2.059     5.591    kr260_min_i/snn_qp_v07_1/inst/grp_p_anonymous_namespace_dispatch_command_fu_1169/grp_p_anonymous_namespace_solve_current_fu_622/ap_clk
    SLICE_X11Y202        FDRE                                         r  kr260_min_i/snn_qp_v07_1/inst/grp_p_anonymous_namespace_dispatch_command_fu_1169/grp_p_anonymous_namespace_solve_current_fu_622/add_ln1244_reg_6328_reg[55]/C
  -------------------------------------------------------------------    -------------------
    SLICE_X11Y202        FDRE (Prop_HFF_SLICEL_C_Q)
                                                      0.112     5.703 r  kr260_min_i/snn_qp_v07_1/inst/grp_p_anonymous_namespace_dispatch_command_fu_1169/grp_p_anonymous_namespace_solve_current_fu_622/add_ln1244_reg_6328_reg[55]/Q
                         net (fo=1, routed)           0.123     5.826    kr260_min_i/snn_qp_v07_1/inst/grp_p_anonymous_namespace_dispatch_command_fu_1169/grp_p_anonymous_namespace_solve_current_fu_622/add_ln1244_reg_6328[55]
    SLICE_X12Y201        FDRE                                         r  kr260_min_i/snn_qp_v07_1/inst/grp_p_anonymous_namespace_dispatch_command_fu_1169/grp_p_anonymous_namespace_solve_current_fu_622/i0_reg_1242_reg[55]/D
  -------------------------------------------------------------------    -------------------

                         (clock clk_out1_kr260_min_clk_wiz_0 rise edge)
                                                      0.000     0.000 r  
    BUFG_PS_X0Y80        BUFG_PS                      0.000     0.000 r  kr260_min_i/PS_0/inst/buffer_pl_clk_0.PL_CLK_0_BUFG/O
                         net (fo=5669, routed)        2.679     2.679    kr260_min_i/clk_wiz/inst/clk_in1
    MMCM_X0Y0            MMCME4_ADV (Prop_MMCM_CLKIN1_CLKOUT0)
                                                     -0.103     2.576 r  kr260_min_i/clk_wiz/inst/mmcme4_adv_inst/CLKOUT0
                         net (fo=1, routed)           0.348     2.924    kr260_min_i/clk_wiz/inst/clk_out1_kr260_min_clk_wiz_0
    BUFGCE_X0Y1          BUFGCE (Prop_BUFCE_BUFGCE_I_O)
                                                      0.044     2.968 r  kr260_min_i/clk_wiz/inst/clkout1_buf/O
    X1Y1 (CLOCK_ROOT)    net (fo=74592, routed)       2.287     5.255    kr260_min_i/snn_qp_v07_1/inst/grp_p_anonymous_namespace_dispatch_command_fu_1169/grp_p_anonymous_namespace_solve_current_fu_622/ap_clk
    SLICE_X12Y201        FDRE                                         r  kr260_min_i/snn_qp_v07_1/inst/grp_p_anonymous_namespace_dispatch_command_fu_1169/grp_p_anonymous_namespace_solve_current_fu_622/i0_reg_1242_reg[55]/C
                         clock pessimism              0.458     5.713    
    SLICE_X12Y201        FDRE (Hold_HFF2_SLICEM_C_D)
                                                      0.103     5.816    kr260_min_i/snn_qp_v07_1/inst/grp_p_anonymous_namespace_dispatch_command_fu_1169/grp_p_anonymous_namespace_solve_current_fu_622/i0_reg_1242_reg[55]
  -------------------------------------------------------------------
                         required time                         -5.816    
                         arrival time                           5.826    
  -------------------------------------------------------------------
                         slack                                  0.010    

Slack (MET) :             0.010ns  (arrival time - required time)
  Source:                 kr260_min_i/snn_qp_v07_1/inst/grp_p_anonymous_namespace_dispatch_command_fu_1169/grp_p_anonymous_namespace_solve_current_fu_622/grp_p_anonymous_namespace_cone_project_fu_2233/axial_V_3_reg_353_reg[41]/C
                            (rising edge-triggered cell FDRE clocked by clk_out1_kr260_min_clk_wiz_0  {rise@0.000ns fall@2.500ns period=5.000ns})
  Destination:            kr260_min_i/snn_qp_v07_1/inst/grp_p_anonymous_namespace_dispatch_command_fu_1169/grp_p_anonymous_namespace_solve_current_fu_622/grp_p_anonymous_namespace_cone_project_fu_2233/grp_p_anonymous_namespace_cone_project_Pipeline_cone_distance_square_fu_435/ap_phi_reg_pp0_iter1_raw_V_5_reg_322_reg[41]/D
                            (rising edge-triggered cell FDRE clocked by clk_out1_kr260_min_clk_wiz_0  {rise@0.000ns fall@2.500ns period=5.000ns})
  Path Group:             clk_out1_kr260_min_clk_wiz_0
  Path Type:              Hold (Min at Slow Process Corner)
  Requirement:            0.000ns  (clk_out1_kr260_min_clk_wiz_0 rise@0.000ns - clk_out1_kr260_min_clk_wiz_0 rise@0.000ns)
  Data Path Delay:        0.250ns  (logic 0.112ns (44.800%)  route 0.138ns (55.200%))
  Logic Levels:           0  
  Clock Path Skew:        0.138ns (DCD - SCD - CPR)
    Destination Clock Delay (DCD):    5.267ns
    Source Clock Delay      (SCD):    5.585ns
    Clock Pessimism Removal (CPR):    -0.457ns
  Clock Net Delay (Source):      2.053ns (routing 0.669ns, distribution 1.384ns)
  Clock Net Delay (Destination): 2.299ns (routing 0.724ns, distribution 1.575ns)

    Location             Delay type                Incr(ns)  Path(ns)    Netlist Resource(s)
  -------------------------------------------------------------------    -------------------
                         (clock clk_out1_kr260_min_clk_wiz_0 rise edge)
                                                      0.000     0.000 r  
    BUFG_PS_X0Y80        BUFG_PS                      0.000     0.000 r  kr260_min_i/PS_0/inst/buffer_pl_clk_0.PL_CLK_0_BUFG/O
                         net (fo=5669, routed)        2.447     2.447    kr260_min_i/clk_wiz/inst/clk_in1
    MMCM_X0Y0            MMCME4_ADV (Prop_MMCM_CLKIN1_CLKOUT0)
                                                      0.739     3.186 r  kr260_min_i/clk_wiz/inst/mmcme4_adv_inst/CLKOUT0
                         net (fo=1, routed)           0.307     3.493    kr260_min_i/clk_wiz/inst/clk_out1_kr260_min_clk_wiz_0
    BUFGCE_X0Y1          BUFGCE (Prop_BUFCE_BUFGCE_I_O)
                                                      0.039     3.532 r  kr260_min_i/clk_wiz/inst/clkout1_buf/O
    X1Y1 (CLOCK_ROOT)    net (fo=74592, routed)       2.053     5.585    kr260_min_i/snn_qp_v07_1/inst/grp_p_anonymous_namespace_dispatch_command_fu_1169/grp_p_anonymous_namespace_solve_current_fu_622/grp_p_anonymous_namespace_cone_project_fu_2233/ap_clk
    SLICE_X57Y202        FDRE                                         r  kr260_min_i/snn_qp_v07_1/inst/grp_p_anonymous_namespace_dispatch_command_fu_1169/grp_p_anonymous_namespace_solve_current_fu_622/grp_p_anonymous_namespace_cone_project_fu_2233/axial_V_3_reg_353_reg[41]/C
  -------------------------------------------------------------------    -------------------
    SLICE_X57Y202        FDRE (Prop_AFF_SLICEL_C_Q)
                                                      0.112     5.697 r  kr260_min_i/snn_qp_v07_1/inst/grp_p_anonymous_namespace_dispatch_command_fu_1169/grp_p_anonymous_namespace_solve_current_fu_622/grp_p_anonymous_namespace_cone_project_fu_2233/axial_V_3_reg_353_reg[41]/Q
                         net (fo=1, routed)           0.138     5.835    kr260_min_i/snn_qp_v07_1/inst/grp_p_anonymous_namespace_dispatch_command_fu_1169/grp_p_anonymous_namespace_solve_current_fu_622/grp_p_anonymous_namespace_cone_project_fu_2233/grp_p_anonymous_namespace_cone_project_Pipeline_cone_distance_square_fu_435/ap_phi_reg_pp0_iter1_raw_V_5_reg_322_reg[47]_0[41]
    SLICE_X58Y201        FDRE                                         r  kr260_min_i/snn_qp_v07_1/inst/grp_p_anonymous_namespace_dispatch_command_fu_1169/grp_p_anonymous_namespace_solve_current_fu_622/grp_p_anonymous_namespace_cone_project_fu_2233/grp_p_anonymous_namespace_cone_project_Pipeline_cone_distance_square_fu_435/ap_phi_reg_pp0_iter1_raw_V_5_reg_322_reg[41]/D
  -------------------------------------------------------------------    -------------------

                         (clock clk_out1_kr260_min_clk_wiz_0 rise edge)
                                                      0.000     0.000 r  
    BUFG_PS_X0Y80        BUFG_PS                      0.000     0.000 r  kr260_min_i/PS_0/inst/buffer_pl_clk_0.PL_CLK_0_BUFG/O
                         net (fo=5669, routed)        2.679     2.679    kr260_min_i/clk_wiz/inst/clk_in1
    MMCM_X0Y0            MMCME4_ADV (Prop_MMCM_CLKIN1_CLKOUT0)
                                                     -0.103     2.576 r  kr260_min_i/clk_wiz/inst/mmcme4_adv_inst/CLKOUT0
                         net (fo=1, routed)           0.348     2.924    kr260_min_i/clk_wiz/inst/clk_out1_kr260_min_clk_wiz_0
    BUFGCE_X0Y1          BUFGCE (Prop_BUFCE_BUFGCE_I_O)
                                                      0.044     2.968 r  kr260_min_i/clk_wiz/inst/clkout1_buf/O
    X1Y1 (CLOCK_ROOT)    net (fo=74592, routed)       2.299     5.267    kr260_min_i/snn_qp_v07_1/inst/grp_p_anonymous_namespace_dispatch_command_fu_1169/grp_p_anonymous_namespace_solve_current_fu_622/grp_p_anonymous_namespace_cone_project_fu_2233/grp_p_anonymous_namespace_cone_project_Pipeline_cone_distance_square_fu_435/ap_clk
    SLICE_X58Y201        FDRE                                         r  kr260_min_i/snn_qp_v07_1/inst/grp_p_anonymous_namespace_dispatch_command_fu_1169/grp_p_anonymous_namespace_solve_current_fu_622/grp_p_anonymous_namespace_cone_project_fu_2233/grp_p_anonymous_namespace_cone_project_Pipeline_cone_distance_square_fu_435/ap_phi_reg_pp0_iter1_raw_V_5_reg_322_reg[41]/C
                         clock pessimism              0.457     5.723    
    SLICE_X58Y201        FDRE (Hold_DFF2_SLICEM_C_D)
                                                      0.102     5.825    kr260_min_i/snn_qp_v07_1/inst/grp_p_anonymous_namespace_dispatch_command_fu_1169/grp_p_anonymous_namespace_solve_current_fu_622/grp_p_anonymous_namespace_cone_project_fu_2233/grp_p_anonymous_namespace_cone_project_Pipeline_cone_distance_square_fu_435/ap_phi_reg_pp0_iter1_raw_V_5_reg_322_reg[41]
  -------------------------------------------------------------------
                         required time                         -5.825    
                         arrival time                           5.835    
  -------------------------------------------------------------------
                         slack                                  0.010    

Slack (MET) :             0.010ns  (arrival time - required time)
  Source:                 kr260_min_i/snn_qp_v07_1/inst/g2_m_axi_U/bus_read/rs_rdata/data_p1_reg[403]/C
                            (rising edge-triggered cell FDRE clocked by clk_out1_kr260_min_clk_wiz_0  {rise@0.000ns fall@2.500ns period=5.000ns})
  Destination:            kr260_min_i/snn_qp_v07_1/inst/g2_m_axi_U/load_unit/buff_rdata/U_fifo_mem/mem_reg_5/DINBDIN[11]
                            (rising edge-triggered cell RAMB36E2 clocked by clk_out1_kr260_min_clk_wiz_0  {rise@0.000ns fall@2.500ns period=5.000ns})
  Path Group:             clk_out1_kr260_min_clk_wiz_0
  Path Type:              Hold (Min at Slow Process Corner)
  Requirement:            0.000ns  (clk_out1_kr260_min_clk_wiz_0 rise@0.000ns - clk_out1_kr260_min_clk_wiz_0 rise@0.000ns)
  Data Path Delay:        0.248ns  (logic 0.112ns (45.161%)  route 0.136ns (54.839%))
  Logic Levels:           0  
  Clock Path Skew:        0.286ns (DCD - SCD - CPR)
    Destination Clock Delay (DCD):    5.348ns
    Source Clock Delay      (SCD):    5.511ns
    Clock Pessimism Removal (CPR):    -0.449ns
  Clock Net Delay (Source):      1.979ns (routing 0.669ns, distribution 1.310ns)
  Clock Net Delay (Destination): 2.380ns (routing 0.724ns, distribution 1.656ns)

    Location             Delay type                Incr(ns)  Path(ns)    Netlist Resource(s)
  -------------------------------------------------------------------    -------------------
                         (clock clk_out1_kr260_min_clk_wiz_0 rise edge)
                                                      0.000     0.000 r  
    BUFG_PS_X0Y80        BUFG_PS                      0.000     0.000 r  kr260_min_i/PS_0/inst/buffer_pl_clk_0.PL_CLK_0_BUFG/O
                         net (fo=5669, routed)        2.447     2.447    kr260_min_i/clk_wiz/inst/clk_in1
    MMCM_X0Y0            MMCME4_ADV (Prop_MMCM_CLKIN1_CLKOUT0)
                                                      0.739     3.186 r  kr260_min_i/clk_wiz/inst/mmcme4_adv_inst/CLKOUT0
                         net (fo=1, routed)           0.307     3.493    kr260_min_i/clk_wiz/inst/clk_out1_kr260_min_clk_wiz_0
    BUFGCE_X0Y1          BUFGCE (Prop_BUFCE_BUFGCE_I_O)
                                                      0.039     3.532 r  kr260_min_i/clk_wiz/inst/clkout1_buf/O
    X1Y1 (CLOCK_ROOT)    net (fo=74592, routed)       1.979     5.511    kr260_min_i/snn_qp_v07_1/inst/g2_m_axi_U/bus_read/rs_rdata/ap_clk
    SLICE_X46Y63         FDRE                                         r  kr260_min_i/snn_qp_v07_1/inst/g2_m_axi_U/bus_read/rs_rdata/data_p1_reg[403]/C
  -------------------------------------------------------------------    -------------------
    SLICE_X46Y63         FDRE (Prop_FFF_SLICEL_C_Q)
                                                      0.112     5.623 r  kr260_min_i/snn_qp_v07_1/inst/g2_m_axi_U/bus_read/rs_rdata/data_p1_reg[403]/Q
                         net (fo=1, routed)           0.136     5.759    kr260_min_i/snn_qp_v07_1/inst/g2_m_axi_U/load_unit/buff_rdata/U_fifo_mem/din[403]
    RAMB36_X1Y12         RAMB36E2                                     r  kr260_min_i/snn_qp_v07_1/inst/g2_m_axi_U/load_unit/buff_rdata/U_fifo_mem/mem_reg_5/DINBDIN[11]
  -------------------------------------------------------------------    -------------------

                         (clock clk_out1_kr260_min_clk_wiz_0 rise edge)
                                                      0.000     0.000 r  
    BUFG_PS_X0Y80        BUFG_PS                      0.000     0.000 r  kr260_min_i/PS_0/inst/buffer_pl_clk_0.PL_CLK_0_BUFG/O
                         net (fo=5669, routed)        2.679     2.679    kr260_min_i/clk_wiz/inst/clk_in1
    MMCM_X0Y0            MMCME4_ADV (Prop_MMCM_CLKIN1_CLKOUT0)
                                                     -0.103     2.576 r  kr260_min_i/clk_wiz/inst/mmcme4_adv_inst/CLKOUT0
                         net (fo=1, routed)           0.348     2.924    kr260_min_i/clk_wiz/inst/clk_out1_kr260_min_clk_wiz_0
    BUFGCE_X0Y1          BUFGCE (Prop_BUFCE_BUFGCE_I_O)
                                                      0.044     2.968 r  kr260_min_i/clk_wiz/inst/clkout1_buf/O
    X1Y1 (CLOCK_ROOT)    net (fo=74592, routed)       2.380     5.348    kr260_min_i/snn_qp_v07_1/inst/g2_m_axi_U/load_unit/buff_rdata/U_fifo_mem/ap_clk
    RAMB36_X1Y12         RAMB36E2                                     r  kr260_min_i/snn_qp_v07_1/inst/g2_m_axi_U/load_unit/buff_rdata/U_fifo_mem/mem_reg_5/CLKBWRCLK
                         clock pessimism              0.449     5.797    
    RAMB36_X1Y12         RAMB36E2 (Hold_RAMB36E2_RAMB36_CLKBWRCLK_DINBDIN[11])
                                                     -0.048     5.749    kr260_min_i/snn_qp_v07_1/inst/g2_m_axi_U/load_unit/buff_rdata/U_fifo_mem/mem_reg_5
  -------------------------------------------------------------------
                         required time                         -5.749    
                         arrival time                           5.759    
  -------------------------------------------------------------------
                         slack                                  0.010    

Slack (MET) :             0.010ns  (arrival time - required time)
  Source:                 kr260_min_i/snn_qp_v07_1/inst/grp_p_anonymous_namespace_dispatch_command_fu_1169/grp_p_anonymous_namespace_load_geometry_matrix_fu_728/grp_p_anonymous_namespace_load_geometry_matrix_Pipeline_load_geometry_rows_load_geome_fu_144/j_load_reg_732_reg[6]/C
                            (rising edge-triggered cell FDRE clocked by clk_out1_kr260_min_clk_wiz_0  {rise@0.000ns fall@2.500ns period=5.000ns})
  Destination:            kr260_min_i/snn_qp_v07_1/inst/grp_p_anonymous_namespace_dispatch_command_fu_1169/grp_p_anonymous_namespace_load_geometry_matrix_fu_728/grp_p_anonymous_namespace_load_geometry_matrix_Pipeline_load_geometry_rows_load_geome_fu_144/select_ln567_reg_759_reg[6]/D
                            (rising edge-triggered cell FDRE clocked by clk_out1_kr260_min_clk_wiz_0  {rise@0.000ns fall@2.500ns period=5.000ns})
  Path Group:             clk_out1_kr260_min_clk_wiz_0
  Path Type:              Hold (Min at Slow Process Corner)
  Requirement:            0.000ns  (clk_out1_kr260_min_clk_wiz_0 rise@0.000ns - clk_out1_kr260_min_clk_wiz_0 rise@0.000ns)
  Data Path Delay:        0.244ns  (logic 0.113ns (46.254%)  route 0.131ns (53.746%))
  Logic Levels:           0  
  Clock Path Skew:        0.131ns (DCD - SCD - CPR)
    Destination Clock Delay (DCD):    5.270ns
    Source Clock Delay      (SCD):    5.590ns
    Clock Pessimism Removal (CPR):    -0.451ns
  Clock Net Delay (Source):      2.058ns (routing 0.669ns, distribution 1.389ns)
  Clock Net Delay (Destination): 2.302ns (routing 0.724ns, distribution 1.578ns)

    Location             Delay type                Incr(ns)  Path(ns)    Netlist Resource(s)
  -------------------------------------------------------------------    -------------------
                         (clock clk_out1_kr260_min_clk_wiz_0 rise edge)
                                                      0.000     0.000 r  
    BUFG_PS_X0Y80        BUFG_PS                      0.000     0.000 r  kr260_min_i/PS_0/inst/buffer_pl_clk_0.PL_CLK_0_BUFG/O
                         net (fo=5669, routed)        2.447     2.447    kr260_min_i/clk_wiz/inst/clk_in1
    MMCM_X0Y0            MMCME4_ADV (Prop_MMCM_CLKIN1_CLKOUT0)
                                                      0.739     3.186 r  kr260_min_i/clk_wiz/inst/mmcme4_adv_inst/CLKOUT0
                         net (fo=1, routed)           0.307     3.493    kr260_min_i/clk_wiz/inst/clk_out1_kr260_min_clk_wiz_0
    BUFGCE_X0Y1          BUFGCE (Prop_BUFCE_BUFGCE_I_O)
                                                      0.039     3.532 r  kr260_min_i/clk_wiz/inst/clkout1_buf/O
    X1Y1 (CLOCK_ROOT)    net (fo=74592, routed)       2.058     5.590    kr260_min_i/snn_qp_v07_1/inst/grp_p_anonymous_namespace_dispatch_command_fu_1169/grp_p_anonymous_namespace_load_geometry_matrix_fu_728/grp_p_anonymous_namespace_load_geometry_matrix_Pipeline_load_geometry_rows_load_geome_fu_144/ap_clk
    SLICE_X16Y138        FDRE                                         r  kr260_min_i/snn_qp_v07_1/inst/grp_p_anonymous_namespace_dispatch_command_fu_1169/grp_p_anonymous_namespace_load_geometry_matrix_fu_728/grp_p_anonymous_namespace_load_geometry_matrix_Pipeline_load_geometry_rows_load_geome_fu_144/j_load_reg_732_reg[6]/C
  -------------------------------------------------------------------    -------------------
    SLICE_X16Y138        FDRE (Prop_HFF2_SLICEL_C_Q)
                                                      0.113     5.703 r  kr260_min_i/snn_qp_v07_1/inst/grp_p_anonymous_namespace_dispatch_command_fu_1169/grp_p_anonymous_namespace_load_geometry_matrix_fu_728/grp_p_anonymous_namespace_load_geometry_matrix_Pipeline_load_geometry_rows_load_geome_fu_144/j_load_reg_732_reg[6]/Q
                         net (fo=2, routed)           0.131     5.834    kr260_min_i/snn_qp_v07_1/inst/grp_p_anonymous_namespace_dispatch_command_fu_1169/grp_p_anonymous_namespace_load_geometry_matrix_fu_728/grp_p_anonymous_namespace_load_geometry_matrix_Pipeline_load_geometry_rows_load_geome_fu_144/j_load_reg_732[6]
    SLICE_X14Y139        FDRE                                         r  kr260_min_i/snn_qp_v07_1/inst/grp_p_anonymous_namespace_dispatch_command_fu_1169/grp_p_anonymous_namespace_load_geometry_matrix_fu_728/grp_p_anonymous_namespace_load_geometry_matrix_Pipeline_load_geometry_rows_load_geome_fu_144/select_ln567_reg_759_reg[6]/D
  -------------------------------------------------------------------    -------------------

                         (clock clk_out1_kr260_min_clk_wiz_0 rise edge)
                                                      0.000     0.000 r  
    BUFG_PS_X0Y80        BUFG_PS                      0.000     0.000 r  kr260_min_i/PS_0/inst/buffer_pl_clk_0.PL_CLK_0_BUFG/O
                         net (fo=5669, routed)        2.679     2.679    kr260_min_i/clk_wiz/inst/clk_in1
    MMCM_X0Y0            MMCME4_ADV (Prop_MMCM_CLKIN1_CLKOUT0)
                                                     -0.103     2.576 r  kr260_min_i/clk_wiz/inst/mmcme4_adv_inst/CLKOUT0
                         net (fo=1, routed)           0.348     2.924    kr260_min_i/clk_wiz/inst/clk_out1_kr260_min_clk_wiz_0
    BUFGCE_X0Y1          BUFGCE (Prop_BUFCE_BUFGCE_I_O)
                                                      0.044     2.968 r  kr260_min_i/clk_wiz/inst/clkout1_buf/O
    X1Y1 (CLOCK_ROOT)    net (fo=74592, routed)       2.302     5.270    kr260_min_i/snn_qp_v07_1/inst/grp_p_anonymous_namespace_dispatch_command_fu_1169/grp_p_anonymous_namespace_load_geometry_matrix_fu_728/grp_p_anonymous_namespace_load_geometry_matrix_Pipeline_load_geometry_rows_load_geome_fu_144/ap_clk
    SLICE_X14Y139        FDRE                                         r  kr260_min_i/snn_qp_v07_1/inst/grp_p_anonymous_namespace_dispatch_command_fu_1169/grp_p_anonymous_namespace_load_geometry_matrix_fu_728/grp_p_anonymous_namespace_load_geometry_matrix_Pipeline_load_geometry_rows_load_geome_fu_144/select_ln567_reg_759_reg[6]/C
                         clock pessimism              0.451     5.721    
    SLICE_X14Y139        FDRE (Hold_CFF2_SLICEL_C_D)
                                                      0.103     5.824    kr260_min_i/snn_qp_v07_1/inst/grp_p_anonymous_namespace_dispatch_command_fu_1169/grp_p_anonymous_namespace_load_geometry_matrix_fu_728/grp_p_anonymous_namespace_load_geometry_matrix_Pipeline_load_geometry_rows_load_geome_fu_144/select_ln567_reg_759_reg[6]
  -------------------------------------------------------------------
                         required time                         -5.824    
                         arrival time                           5.834    
  -------------------------------------------------------------------
                         slack                                  0.010    

Slack (MET) :             0.010ns  (arrival time - required time)
  Source:                 kr260_min_i/axi_ic_PS_0_S_AXI_HP1_FPD/s00_couplers/auto_cc/inst/gen_clock_conv.gen_async_conv.asyncfifo_axi/inst_fifo_gen/gaxi_full_lite.gread_ch.grdch2.axi_rdch/grf.rf/gntv_or_sync_fifo.mem/goreg_dm.dout_i_reg[86]/C
                            (rising edge-triggered cell FDRE clocked by clk_out1_kr260_min_clk_wiz_0  {rise@0.000ns fall@2.500ns period=5.000ns})
  Destination:            kr260_min_i/axi_ic_PS_0_S_AXI_HP1_FPD/s00_couplers/auto_us/inst/gen_upsizer.gen_full_upsizer.axi_upsizer_inst/USE_READ.gen_non_fifo_r_upsizer.mi_register_slice_inst/r.r_pipe/skid_buffer_reg[83]/D
                            (rising edge-triggered cell FDRE clocked by clk_out1_kr260_min_clk_wiz_0  {rise@0.000ns fall@2.500ns period=5.000ns})
  Path Group:             clk_out1_kr260_min_clk_wiz_0
  Path Type:              Hold (Min at Slow Process Corner)
  Requirement:            0.000ns  (clk_out1_kr260_min_clk_wiz_0 rise@0.000ns - clk_out1_kr260_min_clk_wiz_0 rise@0.000ns)
  Data Path Delay:        0.243ns  (logic 0.111ns (45.679%)  route 0.132ns (54.321%))
  Logic Levels:           0  
  Clock Path Skew:        0.133ns (DCD - SCD - CPR)
    Destination Clock Delay (DCD):    5.300ns
    Source Clock Delay      (SCD):    5.625ns
    Clock Pessimism Removal (CPR):    -0.458ns
  Clock Net Delay (Source):      2.093ns (routing 0.669ns, distribution 1.424ns)
  Clock Net Delay (Destination): 2.332ns (routing 0.724ns, distribution 1.608ns)

    Location             Delay type                Incr(ns)  Path(ns)    Netlist Resource(s)
  -------------------------------------------------------------------    -------------------
                         (clock clk_out1_kr260_min_clk_wiz_0 rise edge)
                                                      0.000     0.000 r  
    BUFG_PS_X0Y80        BUFG_PS                      0.000     0.000 r  kr260_min_i/PS_0/inst/buffer_pl_clk_0.PL_CLK_0_BUFG/O
                         net (fo=5669, routed)        2.447     2.447    kr260_min_i/clk_wiz/inst/clk_in1
    MMCM_X0Y0            MMCME4_ADV (Prop_MMCM_CLKIN1_CLKOUT0)
                                                      0.739     3.186 r  kr260_min_i/clk_wiz/inst/mmcme4_adv_inst/CLKOUT0
                         net (fo=1, routed)           0.307     3.493    kr260_min_i/clk_wiz/inst/clk_out1_kr260_min_clk_wiz_0
    BUFGCE_X0Y1          BUFGCE (Prop_BUFCE_BUFGCE_I_O)
                                                      0.039     3.532 r  kr260_min_i/clk_wiz/inst/clkout1_buf/O
    X1Y1 (CLOCK_ROOT)    net (fo=74592, routed)       2.093     5.625    kr260_min_i/axi_ic_PS_0_S_AXI_HP1_FPD/s00_couplers/auto_cc/inst/gen_clock_conv.gen_async_conv.asyncfifo_axi/inst_fifo_gen/gaxi_full_lite.gread_ch.grdch2.axi_rdch/grf.rf/gntv_or_sync_fifo.mem/s_aclk
    SLICE_X1Y187         FDRE                                         r  kr260_min_i/axi_ic_PS_0_S_AXI_HP1_FPD/s00_couplers/auto_cc/inst/gen_clock_conv.gen_async_conv.asyncfifo_axi/inst_fifo_gen/gaxi_full_lite.gread_ch.grdch2.axi_rdch/grf.rf/gntv_or_sync_fifo.mem/goreg_dm.dout_i_reg[86]/C
  -------------------------------------------------------------------    -------------------
    SLICE_X1Y187         FDRE (Prop_FFF_SLICEM_C_Q)
                                                      0.111     5.736 r  kr260_min_i/axi_ic_PS_0_S_AXI_HP1_FPD/s00_couplers/auto_cc/inst/gen_clock_conv.gen_async_conv.asyncfifo_axi/inst_fifo_gen/gaxi_full_lite.gread_ch.grdch2.axi_rdch/grf.rf/gntv_or_sync_fifo.mem/goreg_dm.dout_i_reg[86]/Q
                         net (fo=2, routed)           0.132     5.868    kr260_min_i/axi_ic_PS_0_S_AXI_HP1_FPD/s00_couplers/auto_us/inst/gen_upsizer.gen_full_upsizer.axi_upsizer_inst/USE_READ.gen_non_fifo_r_upsizer.mi_register_slice_inst/r.r_pipe/m_axi_rdata[83]
    SLICE_X2Y187         FDRE                                         r  kr260_min_i/axi_ic_PS_0_S_AXI_HP1_FPD/s00_couplers/auto_us/inst/gen_upsizer.gen_full_upsizer.axi_upsizer_inst/USE_READ.gen_non_fifo_r_upsizer.mi_register_slice_inst/r.r_pipe/skid_buffer_reg[83]/D
  -------------------------------------------------------------------    -------------------

                         (clock clk_out1_kr260_min_clk_wiz_0 rise edge)
                                                      0.000     0.000 r  
    BUFG_PS_X0Y80        BUFG_PS                      0.000     0.000 r  kr260_min_i/PS_0/inst/buffer_pl_clk_0.PL_CLK_0_BUFG/O
                         net (fo=5669, routed)        2.679     2.679    kr260_min_i/clk_wiz/inst/clk_in1
    MMCM_X0Y0            MMCME4_ADV (Prop_MMCM_CLKIN1_CLKOUT0)
                                                     -0.103     2.576 r  kr260_min_i/clk_wiz/inst/mmcme4_adv_inst/CLKOUT0
                         net (fo=1, routed)           0.348     2.924    kr260_min_i/clk_wiz/inst/clk_out1_kr260_min_clk_wiz_0
    BUFGCE_X0Y1          BUFGCE (Prop_BUFCE_BUFGCE_I_O)
                                                      0.044     2.968 r  kr260_min_i/clk_wiz/inst/clkout1_buf/O
    X1Y1 (CLOCK_ROOT)    net (fo=74592, routed)       2.332     5.300    kr260_min_i/axi_ic_PS_0_S_AXI_HP1_FPD/s00_couplers/auto_us/inst/gen_upsizer.gen_full_upsizer.axi_upsizer_inst/USE_READ.gen_non_fifo_r_upsizer.mi_register_slice_inst/r.r_pipe/m_payload_i_reg[130]_0
    SLICE_X2Y187         FDRE                                         r  kr260_min_i/axi_ic_PS_0_S_AXI_HP1_FPD/s00_couplers/auto_us/inst/gen_upsizer.gen_full_upsizer.axi_upsizer_inst/USE_READ.gen_non_fifo_r_upsizer.mi_register_slice_inst/r.r_pipe/skid_buffer_reg[83]/C
                         clock pessimism              0.458     5.758    
    SLICE_X2Y187         FDRE (Hold_GFF_SLICEM_C_D)
                                                      0.100     5.858    kr260_min_i/axi_ic_PS_0_S_AXI_HP1_FPD/s00_couplers/auto_us/inst/gen_upsizer.gen_full_upsizer.axi_upsizer_inst/USE_READ.gen_non_fifo_r_upsizer.mi_register_slice_inst/r.r_pipe/skid_buffer_reg[83]
  -------------------------------------------------------------------
                         required time                         -5.858    
                         arrival time                           5.868    
  -------------------------------------------------------------------
                         slack                                  0.010    

Slack (MET) :             0.011ns  (arrival time - required time)
  Source:                 kr260_min_i/snn_qp_v07_1/inst/grp_p_anonymous_namespace_dispatch_command_fu_1169/grp_p_anonymous_namespace_solve_current_fu_622/grp_p_anonymous_namespace_cone_project_fu_2233/grp_p_anonymous_namespace_cone_project_Pipeline_cone_distance_square_fu_435/ap_phi_reg_pp0_iter7_raw_V_5_reg_322_reg[22]/C
                            (rising edge-triggered cell FDRE clocked by clk_out1_kr260_min_clk_wiz_0  {rise@0.000ns fall@2.500ns period=5.000ns})
  Destination:            kr260_min_i/snn_qp_v07_1/inst/grp_p_anonymous_namespace_dispatch_command_fu_1169/grp_p_anonymous_namespace_solve_current_fu_622/grp_p_anonymous_namespace_cone_project_fu_2233/grp_p_anonymous_namespace_cone_project_Pipeline_cone_distance_square_fu_435/ap_phi_reg_pp0_iter8_raw_V_5_reg_322_reg[22]/D
                            (rising edge-triggered cell FDRE clocked by clk_out1_kr260_min_clk_wiz_0  {rise@0.000ns fall@2.500ns period=5.000ns})
  Path Group:             clk_out1_kr260_min_clk_wiz_0
  Path Type:              Hold (Min at Slow Process Corner)
  Requirement:            0.000ns  (clk_out1_kr260_min_clk_wiz_0 rise@0.000ns - clk_out1_kr260_min_clk_wiz_0 rise@0.000ns)
  Data Path Delay:        0.217ns  (logic 0.112ns (51.613%)  route 0.105ns (48.387%))
  Logic Levels:           0  
  Clock Path Skew:        0.105ns (DCD - SCD - CPR)
    Destination Clock Delay (DCD):    5.252ns
    Source Clock Delay      (SCD):    5.604ns
    Clock Pessimism Removal (CPR):    -0.457ns
  Clock Net Delay (Source):      2.072ns (routing 0.669ns, distribution 1.403ns)
  Clock Net Delay (Destination): 2.284ns (routing 0.724ns, distribution 1.560ns)

    Location             Delay type                Incr(ns)  Path(ns)    Netlist Resource(s)
  -------------------------------------------------------------------    -------------------
                         (clock clk_out1_kr260_min_clk_wiz_0 rise edge)
                                                      0.000     0.000 r  
    BUFG_PS_X0Y80        BUFG_PS                      0.000     0.000 r  kr260_min_i/PS_0/inst/buffer_pl_clk_0.PL_CLK_0_BUFG/O
                         net (fo=5669, routed)        2.447     2.447    kr260_min_i/clk_wiz/inst/clk_in1
    MMCM_X0Y0            MMCME4_ADV (Prop_MMCM_CLKIN1_CLKOUT0)
                                                      0.739     3.186 r  kr260_min_i/clk_wiz/inst/mmcme4_adv_inst/CLKOUT0
                         net (fo=1, routed)           0.307     3.493    kr260_min_i/clk_wiz/inst/clk_out1_kr260_min_clk_wiz_0
    BUFGCE_X0Y1          BUFGCE (Prop_BUFCE_BUFGCE_I_O)
                                                      0.039     3.532 r  kr260_min_i/clk_wiz/inst/clkout1_buf/O
    X1Y1 (CLOCK_ROOT)    net (fo=74592, routed)       2.072     5.604    kr260_min_i/snn_qp_v07_1/inst/grp_p_anonymous_namespace_dispatch_command_fu_1169/grp_p_anonymous_namespace_solve_current_fu_622/grp_p_anonymous_namespace_cone_project_fu_2233/grp_p_anonymous_namespace_cone_project_Pipeline_cone_distance_square_fu_435/ap_clk
    SLICE_X57Y191        FDRE                                         r  kr260_min_i/snn_qp_v07_1/inst/grp_p_anonymous_namespace_dispatch_command_fu_1169/grp_p_anonymous_namespace_solve_current_fu_622/grp_p_anonymous_namespace_cone_project_fu_2233/grp_p_anonymous_namespace_cone_project_Pipeline_cone_distance_square_fu_435/ap_phi_reg_pp0_iter7_raw_V_5_reg_322_reg[22]/C
  -------------------------------------------------------------------    -------------------
    SLICE_X57Y191        FDRE (Prop_HFF_SLICEL_C_Q)
                                                      0.112     5.716 r  kr260_min_i/snn_qp_v07_1/inst/grp_p_anonymous_namespace_dispatch_command_fu_1169/grp_p_anonymous_namespace_solve_current_fu_622/grp_p_anonymous_namespace_cone_project_fu_2233/grp_p_anonymous_namespace_cone_project_Pipeline_cone_distance_square_fu_435/ap_phi_reg_pp0_iter7_raw_V_5_reg_322_reg[22]/Q
                         net (fo=1, routed)           0.105     5.821    kr260_min_i/snn_qp_v07_1/inst/grp_p_anonymous_namespace_dispatch_command_fu_1169/grp_p_anonymous_namespace_solve_current_fu_622/grp_p_anonymous_namespace_cone_project_fu_2233/grp_p_anonymous_namespace_cone_project_Pipeline_cone_distance_square_fu_435/ap_phi_reg_pp0_iter7_raw_V_5_reg_322[22]
    SLICE_X55Y191        FDRE                                         r  kr260_min_i/snn_qp_v07_1/inst/grp_p_anonymous_namespace_dispatch_command_fu_1169/grp_p_anonymous_namespace_solve_current_fu_622/grp_p_anonymous_namespace_cone_project_fu_2233/grp_p_anonymous_namespace_cone_project_Pipeline_cone_distance_square_fu_435/ap_phi_reg_pp0_iter8_raw_V_5_reg_322_reg[22]/D
  -------------------------------------------------------------------    -------------------

                         (clock clk_out1_kr260_min_clk_wiz_0 rise edge)
                                                      0.000     0.000 r  
    BUFG_PS_X0Y80        BUFG_PS                      0.000     0.000 r  kr260_min_i/PS_0/inst/buffer_pl_clk_0.PL_CLK_0_BUFG/O
                         net (fo=5669, routed)        2.679     2.679    kr260_min_i/clk_wiz/inst/clk_in1
    MMCM_X0Y0            MMCME4_ADV (Prop_MMCM_CLKIN1_CLKOUT0)
                                                     -0.103     2.576 r  kr260_min_i/clk_wiz/inst/mmcme4_adv_inst/CLKOUT0
                         net (fo=1, routed)           0.348     2.924    kr260_min_i/clk_wiz/inst/clk_out1_kr260_min_clk_wiz_0
    BUFGCE_X0Y1          BUFGCE (Prop_BUFCE_BUFGCE_I_O)
                                                      0.044     2.968 r  kr260_min_i/clk_wiz/inst/clkout1_buf/O
    X1Y1 (CLOCK_ROOT)    net (fo=74592, routed)       2.284     5.252    kr260_min_i/snn_qp_v07_1/inst/grp_p_anonymous_namespace_dispatch_command_fu_1169/grp_p_anonymous_namespace_solve_current_fu_622/grp_p_anonymous_namespace_cone_project_fu_2233/grp_p_anonymous_namespace_cone_project_Pipeline_cone_distance_square_fu_435/ap_clk
    SLICE_X55Y191        FDRE                                         r  kr260_min_i/snn_qp_v07_1/inst/grp_p_anonymous_namespace_dispatch_command_fu_1169/grp_p_anonymous_namespace_solve_current_fu_622/grp_p_anonymous_namespace_cone_project_fu_2233/grp_p_anonymous_namespace_cone_project_Pipeline_cone_distance_square_fu_435/ap_phi_reg_pp0_iter8_raw_V_5_reg_322_reg[22]/C
                         clock pessimism              0.457     5.709    
    SLICE_X55Y191        FDRE (Hold_HFF_SLICEL_C_D)
                                                      0.101     5.810    kr260_min_i/snn_qp_v07_1/inst/grp_p_anonymous_namespace_dispatch_command_fu_1169/grp_p_anonymous_namespace_solve_current_fu_622/grp_p_anonymous_namespace_cone_project_fu_2233/grp_p_anonymous_namespace_cone_project_Pipeline_cone_distance_square_fu_435/ap_phi_reg_pp0_iter8_raw_V_5_reg_322_reg[22]
  -------------------------------------------------------------------
                         required time                         -5.810    
                         arrival time                           5.821    
  -------------------------------------------------------------------
                         slack                                  0.011    

Slack (MET) :             0.011ns  (arrival time - required time)
  Source:                 kr260_min_i/axi_ic_PS_0_M_AXI_HPM0_FPD/s00_couplers/auto_cc/inst/gen_clock_conv.gen_async_conv.asyncfifo_axi/inst_fifo_gen/gaxi_full_lite.gwrite_ch.gwach2.axi_wach/grf.rf/gntv_or_sync_fifo.mem/goreg_dm.dout_i_reg[35]/C
                            (rising edge-triggered cell FDRE clocked by clk_out1_kr260_min_clk_wiz_0  {rise@0.000ns fall@2.500ns period=5.000ns})
  Destination:            kr260_min_i/axi_ic_PS_0_M_AXI_HPM0_FPD/s00_couplers/auto_pc/inst/gen_axilite.gen_b2s_conv.axilite_b2s/SI_REG/aw.aw_pipe/skid_buffer_reg[44]/D
                            (rising edge-triggered cell FDRE clocked by clk_out1_kr260_min_clk_wiz_0  {rise@0.000ns fall@2.500ns period=5.000ns})
  Path Group:             clk_out1_kr260_min_clk_wiz_0
  Path Type:              Hold (Min at Slow Process Corner)
  Requirement:            0.000ns  (clk_out1_kr260_min_clk_wiz_0 rise@0.000ns - clk_out1_kr260_min_clk_wiz_0 rise@0.000ns)
  Data Path Delay:        0.312ns  (logic 0.112ns (35.952%)  route 0.200ns (64.048%))
  Logic Levels:           0  
  Clock Path Skew:        0.199ns (DCD - SCD - CPR)
    Destination Clock Delay (DCD):    5.270ns
    Source Clock Delay      (SCD):    5.580ns
    Clock Pessimism Removal (CPR):    -0.509ns
  Clock Net Delay (Source):      2.048ns (routing 0.669ns, distribution 1.379ns)
  Clock Net Delay (Destination): 2.302ns (routing 0.724ns, distribution 1.578ns)

    Location             Delay type                Incr(ns)  Path(ns)    Netlist Resource(s)
  -------------------------------------------------------------------    -------------------
                         (clock clk_out1_kr260_min_clk_wiz_0 rise edge)
                                                      0.000     0.000 r  
    BUFG_PS_X0Y80        BUFG_PS                      0.000     0.000 r  kr260_min_i/PS_0/inst/buffer_pl_clk_0.PL_CLK_0_BUFG/O
                         net (fo=5669, routed)        2.447     2.447    kr260_min_i/clk_wiz/inst/clk_in1
    MMCM_X0Y0            MMCME4_ADV (Prop_MMCM_CLKIN1_CLKOUT0)
                                                      0.739     3.186 r  kr260_min_i/clk_wiz/inst/mmcme4_adv_inst/CLKOUT0
                         net (fo=1, routed)           0.307     3.493    kr260_min_i/clk_wiz/inst/clk_out1_kr260_min_clk_wiz_0
    BUFGCE_X0Y1          BUFGCE (Prop_BUFCE_BUFGCE_I_O)
                                                      0.039     3.532 r  kr260_min_i/clk_wiz/inst/clkout1_buf/O
    X1Y1 (CLOCK_ROOT)    net (fo=74592, routed)       2.048     5.580    kr260_min_i/axi_ic_PS_0_M_AXI_HPM0_FPD/s00_couplers/auto_cc/inst/gen_clock_conv.gen_async_conv.asyncfifo_axi/inst_fifo_gen/gaxi_full_lite.gwrite_ch.gwach2.axi_wach/grf.rf/gntv_or_sync_fifo.mem/m_aclk
    SLICE_X2Y119         FDRE                                         r  kr260_min_i/axi_ic_PS_0_M_AXI_HPM0_FPD/s00_couplers/auto_cc/inst/gen_clock_conv.gen_async_conv.asyncfifo_axi/inst_fifo_gen/gaxi_full_lite.gwrite_ch.gwach2.axi_wach/grf.rf/gntv_or_sync_fifo.mem/goreg_dm.dout_i_reg[35]/C
  -------------------------------------------------------------------    -------------------
    SLICE_X2Y119         FDRE (Prop_DFF_SLICEM_C_Q)
                                                      0.112     5.692 r  kr260_min_i/axi_ic_PS_0_M_AXI_HPM0_FPD/s00_couplers/auto_cc/inst/gen_clock_conv.gen_async_conv.asyncfifo_axi/inst_fifo_gen/gaxi_full_lite.gwrite_ch.gwach2.axi_wach/grf.rf/gntv_or_sync_fifo.mem/goreg_dm.dout_i_reg[35]/Q
                         net (fo=2, routed)           0.200     5.892    kr260_min_i/axi_ic_PS_0_M_AXI_HPM0_FPD/s00_couplers/auto_pc/inst/gen_axilite.gen_b2s_conv.axilite_b2s/SI_REG/aw.aw_pipe/s_axi_awsize[1]
    SLICE_X4Y122         FDRE                                         r  kr260_min_i/axi_ic_PS_0_M_AXI_HPM0_FPD/s00_couplers/auto_pc/inst/gen_axilite.gen_b2s_conv.axilite_b2s/SI_REG/aw.aw_pipe/skid_buffer_reg[44]/D
  -------------------------------------------------------------------    -------------------

                         (clock clk_out1_kr260_min_clk_wiz_0 rise edge)
                                                      0.000     0.000 r  
    BUFG_PS_X0Y80        BUFG_PS                      0.000     0.000 r  kr260_min_i/PS_0/inst/buffer_pl_clk_0.PL_CLK_0_BUFG/O
                         net (fo=5669, routed)        2.679     2.679    kr260_min_i/clk_wiz/inst/clk_in1
    MMCM_X0Y0            MMCME4_ADV (Prop_MMCM_CLKIN1_CLKOUT0)
                                                     -0.103     2.576 r  kr260_min_i/clk_wiz/inst/mmcme4_adv_inst/CLKOUT0
                         net (fo=1, routed)           0.348     2.924    kr260_min_i/clk_wiz/inst/clk_out1_kr260_min_clk_wiz_0
    BUFGCE_X0Y1          BUFGCE (Prop_BUFCE_BUFGCE_I_O)
                                                      0.044     2.968 r  kr260_min_i/clk_wiz/inst/clkout1_buf/O
    X1Y1 (CLOCK_ROOT)    net (fo=74592, routed)       2.302     5.270    kr260_min_i/axi_ic_PS_0_M_AXI_HPM0_FPD/s00_couplers/auto_pc/inst/gen_axilite.gen_b2s_conv.axilite_b2s/SI_REG/aw.aw_pipe/aclk
    SLICE_X4Y122         FDRE                                         r  kr260_min_i/axi_ic_PS_0_M_AXI_HPM0_FPD/s00_couplers/auto_pc/inst/gen_axilite.gen_b2s_conv.axilite_b2s/SI_REG/aw.aw_pipe/skid_buffer_reg[44]/C
                         clock pessimism              0.509     5.779    
    SLICE_X4Y122         FDRE (Hold_GFF2_SLICEM_C_D)
                                                      0.102     5.881    kr260_min_i/axi_ic_PS_0_M_AXI_HPM0_FPD/s00_couplers/auto_pc/inst/gen_axilite.gen_b2s_conv.axilite_b2s/SI_REG/aw.aw_pipe/skid_buffer_reg[44]
  -------------------------------------------------------------------
                         required time                         -5.881    
                         arrival time                           5.892    
  -------------------------------------------------------------------
                         slack                                  0.011    

Slack (MET) :             0.011ns  (arrival time - required time)
  Source:                 kr260_min_i/snn_qp_v07_1/inst/c_s_axi_U/int_row_scale_cfg_reg[56]/C
                            (rising edge-triggered cell FDRE clocked by clk_out1_kr260_min_clk_wiz_0  {rise@0.000ns fall@2.500ns period=5.000ns})
  Destination:            kr260_min_i/snn_qp_v07_1/inst/row_scale_cfg_read_reg_2787_reg[56]/D
                            (rising edge-triggered cell FDRE clocked by clk_out1_kr260_min_clk_wiz_0  {rise@0.000ns fall@2.500ns period=5.000ns})
  Path Group:             clk_out1_kr260_min_clk_wiz_0
  Path Type:              Hold (Min at Slow Process Corner)
  Requirement:            0.000ns  (clk_out1_kr260_min_clk_wiz_0 rise@0.000ns - clk_out1_kr260_min_clk_wiz_0 rise@0.000ns)
  Data Path Delay:        0.337ns  (logic 0.113ns (33.499%)  route 0.224ns (66.501%))
  Logic Levels:           0  
  Clock Path Skew:        0.225ns (DCD - SCD - CPR)
    Destination Clock Delay (DCD):    5.244ns
    Source Clock Delay      (SCD):    5.527ns
    Clock Pessimism Removal (CPR):    -0.509ns
  Clock Net Delay (Source):      1.995ns (routing 0.669ns, distribution 1.326ns)
  Clock Net Delay (Destination): 2.276ns (routing 0.724ns, distribution 1.552ns)

    Location             Delay type                Incr(ns)  Path(ns)    Netlist Resource(s)
  -------------------------------------------------------------------    -------------------
                         (clock clk_out1_kr260_min_clk_wiz_0 rise edge)
                                                      0.000     0.000 r  
    BUFG_PS_X0Y80        BUFG_PS                      0.000     0.000 r  kr260_min_i/PS_0/inst/buffer_pl_clk_0.PL_CLK_0_BUFG/O
                         net (fo=5669, routed)        2.447     2.447    kr260_min_i/clk_wiz/inst/clk_in1
    MMCM_X0Y0            MMCME4_ADV (Prop_MMCM_CLKIN1_CLKOUT0)
                                                      0.739     3.186 r  kr260_min_i/clk_wiz/inst/mmcme4_adv_inst/CLKOUT0
                         net (fo=1, routed)           0.307     3.493    kr260_min_i/clk_wiz/inst/clk_out1_kr260_min_clk_wiz_0
    BUFGCE_X0Y1          BUFGCE (Prop_BUFCE_BUFGCE_I_O)
                                                      0.039     3.532 r  kr260_min_i/clk_wiz/inst/clkout1_buf/O
    X1Y1 (CLOCK_ROOT)    net (fo=74592, routed)       1.995     5.527    kr260_min_i/snn_qp_v07_1/inst/c_s_axi_U/ap_clk
    SLICE_X21Y119        FDRE                                         r  kr260_min_i/snn_qp_v07_1/inst/c_s_axi_U/int_row_scale_cfg_reg[56]/C
  -------------------------------------------------------------------    -------------------
    SLICE_X21Y119        FDRE (Prop_HFF2_SLICEM_C_Q)
                                                      0.113     5.640 r  kr260_min_i/snn_qp_v07_1/inst/c_s_axi_U/int_row_scale_cfg_reg[56]/Q
                         net (fo=3, routed)           0.224     5.865    kr260_min_i/snn_qp_v07_1/inst/row_scale_cfg[56]
    SLICE_X22Y120        FDRE                                         r  kr260_min_i/snn_qp_v07_1/inst/row_scale_cfg_read_reg_2787_reg[56]/D
  -------------------------------------------------------------------    -------------------

                         (clock clk_out1_kr260_min_clk_wiz_0 rise edge)
                                                      0.000     0.000 r  
    BUFG_PS_X0Y80        BUFG_PS                      0.000     0.000 r  kr260_min_i/PS_0/inst/buffer_pl_clk_0.PL_CLK_0_BUFG/O
                         net (fo=5669, routed)        2.679     2.679    kr260_min_i/clk_wiz/inst/clk_in1
    MMCM_X0Y0            MMCME4_ADV (Prop_MMCM_CLKIN1_CLKOUT0)
                                                     -0.103     2.576 r  kr260_min_i/clk_wiz/inst/mmcme4_adv_inst/CLKOUT0
                         net (fo=1, routed)           0.348     2.924    kr260_min_i/clk_wiz/inst/clk_out1_kr260_min_clk_wiz_0
    BUFGCE_X0Y1          BUFGCE (Prop_BUFCE_BUFGCE_I_O)
                                                      0.044     2.968 r  kr260_min_i/clk_wiz/inst/clkout1_buf/O
    X1Y1 (CLOCK_ROOT)    net (fo=74592, routed)       2.276     5.244    kr260_min_i/snn_qp_v07_1/inst/ap_clk
    SLICE_X22Y120        FDRE                                         r  kr260_min_i/snn_qp_v07_1/inst/row_scale_cfg_read_reg_2787_reg[56]/C
                         clock pessimism              0.509     5.753    
    SLICE_X22Y120        FDRE (Hold_HFF_SLICEL_C_D)
                                                      0.101     5.854    kr260_min_i/snn_qp_v07_1/inst/row_scale_cfg_read_reg_2787_reg[56]
  -------------------------------------------------------------------
                         required time                         -5.854    
                         arrival time                           5.865    
  -------------------------------------------------------------------
                         slack                                  0.011    





Pulse Width Checks
--------------------------------------------------------------------------------------
Clock Name:         clk_out1_kr260_min_clk_wiz_0
Waveform(ns):       { 0.000 2.500 }
Period(ns):         5.000
Sources:            { kr260_min_i/clk_wiz/inst/mmcme4_adv_inst/CLKOUT0 }

Check Type        Corner  Lib Pin      Reference Pin  Required(ns)  Actual(ns)  Slack(ns)  Location       Pin
Min Period        n/a     URAM288/CLK  n/a            2.471         5.000       2.529      URAM288_X0Y12  kr260_min_i/snn_qp_v07_1/inst/grp_p_anonymous_namespace_dispatch_command_fu_1169/p_anonymous_namespace_resident_matrix_V_U/ram_reg_uram_10/CLK
Min Period        n/a     URAM288/CLK  n/a            2.471         5.000       2.529      URAM288_X0Y13  kr260_min_i/snn_qp_v07_1/inst/grp_p_anonymous_namespace_dispatch_command_fu_1169/p_anonymous_namespace_resident_matrix_V_U/ram_reg_uram_11/CLK
Min Period        n/a     URAM288/CLK  n/a            2.471         5.000       2.529      URAM288_X0Y14  kr260_min_i/snn_qp_v07_1/inst/grp_p_anonymous_namespace_dispatch_command_fu_1169/p_anonymous_namespace_resident_matrix_V_U/ram_reg_uram_12/CLK
Min Period        n/a     URAM288/CLK  n/a            2.471         5.000       2.529      URAM288_X0Y15  kr260_min_i/snn_qp_v07_1/inst/grp_p_anonymous_namespace_dispatch_command_fu_1169/p_anonymous_namespace_resident_matrix_V_U/ram_reg_uram_13/CLK
Min Period        n/a     URAM288/CLK  n/a            2.471         5.000       2.529      URAM288_X0Y56  kr260_min_i/snn_qp_v07_1/inst/grp_p_anonymous_namespace_dispatch_command_fu_1169/p_anonymous_namespace_resident_matrix_V_U/ram_reg_uram_14/CLK
Min Period        n/a     URAM288/CLK  n/a            2.471         5.000       2.529      URAM288_X0Y48  kr260_min_i/snn_qp_v07_1/inst/grp_p_anonymous_namespace_dispatch_command_fu_1169/p_anonymous_namespace_resident_matrix_V_U/ram_reg_uram_15/CLK
Min Period        n/a     URAM288/CLK  n/a            2.471         5.000       2.529      URAM288_X0Y54  kr260_min_i/snn_qp_v07_1/inst/grp_p_anonymous_namespace_dispatch_command_fu_1169/p_anonymous_namespace_resident_matrix_V_U/ram_reg_uram_16/CLK
Min Period        n/a     URAM288/CLK  n/a            2.471         5.000       2.529      URAM288_X0Y55  kr260_min_i/snn_qp_v07_1/inst/grp_p_anonymous_namespace_dispatch_command_fu_1169/p_anonymous_namespace_resident_matrix_V_U/ram_reg_uram_17/CLK
Min Period        n/a     URAM288/CLK  n/a            2.471         5.000       2.529      URAM288_X0Y9   kr260_min_i/snn_qp_v07_1/inst/grp_p_anonymous_namespace_dispatch_command_fu_1169/p_anonymous_namespace_resident_matrix_V_U/ram_reg_uram_22/CLK
Min Period        n/a     URAM288/CLK  n/a            2.471         5.000       2.529      URAM288_X0Y28  kr260_min_i/snn_qp_v07_1/inst/grp_p_anonymous_namespace_dispatch_command_fu_1169/p_anonymous_namespace_resident_matrix_V_U/ram_reg_uram_23/CLK
Low Pulse Width   Slow    URAM288/CLK  n/a            0.800         2.500       1.700      URAM288_X0Y12  kr260_min_i/snn_qp_v07_1/inst/grp_p_anonymous_namespace_dispatch_command_fu_1169/p_anonymous_namespace_resident_matrix_V_U/ram_reg_uram_10/CLK
Low Pulse Width   Fast    URAM288/CLK  n/a            0.800         2.500       1.700      URAM288_X0Y12  kr260_min_i/snn_qp_v07_1/inst/grp_p_anonymous_namespace_dispatch_command_fu_1169/p_anonymous_namespace_resident_matrix_V_U/ram_reg_uram_10/CLK
Low Pulse Width   Slow    URAM288/CLK  n/a            0.800         2.500       1.700      URAM288_X0Y13  kr260_min_i/snn_qp_v07_1/inst/grp_p_anonymous_namespace_dispatch_command_fu_1169/p_anonymous_namespace_resident_matrix_V_U/ram_reg_uram_11/CLK
Low Pulse Width   Fast    URAM288/CLK  n/a            0.800         2.500       1.700      URAM288_X0Y13  kr260_min_i/snn_qp_v07_1/inst/grp_p_anonymous_namespace_dispatch_command_fu_1169/p_anonymous_namespace_resident_matrix_V_U/ram_reg_uram_11/CLK
Low Pulse Width   Slow    URAM288/CLK  n/a            0.800         2.500       1.700      URAM288_X0Y14  kr260_min_i/snn_qp_v07_1/inst/grp_p_anonymous_namespace_dispatch_command_fu_1169/p_anonymous_namespace_resident_matrix_V_U/ram_reg_uram_12/CLK
Low Pulse Width   Fast    URAM288/CLK  n/a            0.800         2.500       1.700      URAM288_X0Y14  kr260_min_i/snn_qp_v07_1/inst/grp_p_anonymous_namespace_dispatch_command_fu_1169/p_anonymous_namespace_resident_matrix_V_U/ram_reg_uram_12/CLK
Low Pulse Width   Slow    URAM288/CLK  n/a            0.800         2.500       1.700      URAM288_X0Y15  kr260_min_i/snn_qp_v07_1/inst/grp_p_anonymous_namespace_dispatch_command_fu_1169/p_anonymous_namespace_resident_matrix_V_U/ram_reg_uram_13/CLK
Low Pulse Width   Fast    URAM288/CLK  n/a            0.800         2.500       1.700      URAM288_X0Y15  kr260_min_i/snn_qp_v07_1/inst/grp_p_anonymous_namespace_dispatch_command_fu_1169/p_anonymous_namespace_resident_matrix_V_U/ram_reg_uram_13/CLK
Low Pulse Width   Slow    URAM288/CLK  n/a            0.800         2.500       1.700      URAM288_X0Y56  kr260_min_i/snn_qp_v07_1/inst/grp_p_anonymous_namespace_dispatch_command_fu_1169/p_anonymous_namespace_resident_matrix_V_U/ram_reg_uram_14/CLK
Low Pulse Width   Fast    URAM288/CLK  n/a            0.800         2.500       1.700      URAM288_X0Y56  kr260_min_i/snn_qp_v07_1/inst/grp_p_anonymous_namespace_dispatch_command_fu_1169/p_anonymous_namespace_resident_matrix_V_U/ram_reg_uram_14/CLK
High Pulse Width  Slow    URAM288/CLK  n/a            0.800         2.500       1.700      URAM288_X0Y12  kr260_min_i/snn_qp_v07_1/inst/grp_p_anonymous_namespace_dispatch_command_fu_1169/p_anonymous_namespace_resident_matrix_V_U/ram_reg_uram_10/CLK
High Pulse Width  Fast    URAM288/CLK  n/a            0.800         2.500       1.700      URAM288_X0Y12  kr260_min_i/snn_qp_v07_1/inst/grp_p_anonymous_namespace_dispatch_command_fu_1169/p_anonymous_namespace_resident_matrix_V_U/ram_reg_uram_10/CLK
High Pulse Width  Slow    URAM288/CLK  n/a            0.800         2.500       1.700      URAM288_X0Y13  kr260_min_i/snn_qp_v07_1/inst/grp_p_anonymous_namespace_dispatch_command_fu_1169/p_anonymous_namespace_resident_matrix_V_U/ram_reg_uram_11/CLK
High Pulse Width  Fast    URAM288/CLK  n/a            0.800         2.500       1.700      URAM288_X0Y13  kr260_min_i/snn_qp_v07_1/inst/grp_p_anonymous_namespace_dispatch_command_fu_1169/p_anonymous_namespace_resident_matrix_V_U/ram_reg_uram_11/CLK
High Pulse Width  Slow    URAM288/CLK  n/a            0.800         2.500       1.700      URAM288_X0Y14  kr260_min_i/snn_qp_v07_1/inst/grp_p_anonymous_namespace_dispatch_command_fu_1169/p_anonymous_namespace_resident_matrix_V_U/ram_reg_uram_12/CLK
High Pulse Width  Fast    URAM288/CLK  n/a            0.800         2.500       1.700      URAM288_X0Y14  kr260_min_i/snn_qp_v07_1/inst/grp_p_anonymous_namespace_dispatch_command_fu_1169/p_anonymous_namespace_resident_matrix_V_U/ram_reg_uram_12/CLK
High Pulse Width  Slow    URAM288/CLK  n/a            0.800         2.500       1.700      URAM288_X0Y15  kr260_min_i/snn_qp_v07_1/inst/grp_p_anonymous_namespace_dispatch_command_fu_1169/p_anonymous_namespace_resident_matrix_V_U/ram_reg_uram_13/CLK
High Pulse Width  Fast    URAM288/CLK  n/a            0.800         2.500       1.700      URAM288_X0Y15  kr260_min_i/snn_qp_v07_1/inst/grp_p_anonymous_namespace_dispatch_command_fu_1169/p_anonymous_namespace_resident_matrix_V_U/ram_reg_uram_13/CLK
High Pulse Width  Slow    URAM288/CLK  n/a            0.800         2.500       1.700      URAM288_X0Y56  kr260_min_i/snn_qp_v07_1/inst/grp_p_anonymous_namespace_dispatch_command_fu_1169/p_anonymous_namespace_resident_matrix_V_U/ram_reg_uram_14/CLK
High Pulse Width  Fast    URAM288/CLK  n/a            0.800         2.500       1.700      URAM288_X0Y56  kr260_min_i/snn_qp_v07_1/inst/grp_p_anonymous_namespace_dispatch_command_fu_1169/p_anonymous_namespace_resident_matrix_V_U/ram_reg_uram_14/CLK



---------------------------------------------------------------------------------------------------
From Clock:  clk_out1_kr260_min_clk_wiz_0
  To Clock:  clk_pl_0

Setup :            0  Failing Endpoints,  Worst Slack        4.378ns,  Total Violation        0.000ns
Hold  :           NA  Failing Endpoints,  Worst Slack           NA  ,  Total Violation           NA
---------------------------------------------------------------------------------------------------


Max Delay Paths
--------------------------------------------------------------------------------------
Slack (MET) :             4.378ns  (required time - arrival time)
  Source:                 kr260_min_i/axi_ic_PS_0_M_AXI_HPM0_FPD/s00_couplers/auto_cc/inst/gen_clock_conv.gen_async_conv.asyncfifo_axi/inst_fifo_gen/gaxi_full_lite.gwrite_ch.gwdch2.axi_wdch/grf.rf/gntv_or_sync_fifo.gcx.clkx/rd_pntr_cdc_inst/src_gray_ff_reg[1]/C
                            (rising edge-triggered cell FDRE clocked by clk_out1_kr260_min_clk_wiz_0  {rise@0.000ns fall@2.500ns period=5.000ns})
  Destination:            kr260_min_i/axi_ic_PS_0_M_AXI_HPM0_FPD/s00_couplers/auto_cc/inst/gen_clock_conv.gen_async_conv.asyncfifo_axi/inst_fifo_gen/gaxi_full_lite.gwrite_ch.gwdch2.axi_wdch/grf.rf/gntv_or_sync_fifo.gcx.clkx/rd_pntr_cdc_inst/dest_graysync_ff_reg[0][1]/D
                            (rising edge-triggered cell FDRE clocked by clk_pl_0  {rise@0.000ns fall@2.000ns period=4.000ns})
  Path Group:             clk_pl_0
  Path Type:              Setup (Max at Slow Process Corner)
  Requirement:            5.000ns  (MaxDelay Path 5.000ns)
  Data Path Delay:        0.668ns  (logic 0.115ns (17.216%)  route 0.553ns (82.784%))
  Logic Levels:           0  
  Timing Exception:       MaxDelay Path 5.000ns -datapath_only

    Location             Delay type                Incr(ns)  Path(ns)    Netlist Resource(s)
  -------------------------------------------------------------------    -------------------
    SLICE_X6Y139                                      0.000     0.000 r  kr260_min_i/axi_ic_PS_0_M_AXI_HPM0_FPD/s00_couplers/auto_cc/inst/gen_clock_conv.gen_async_conv.asyncfifo_axi/inst_fifo_gen/gaxi_full_lite.gwrite_ch.gwdch2.axi_wdch/grf.rf/gntv_or_sync_fifo.gcx.clkx/rd_pntr_cdc_inst/src_gray_ff_reg[1]/C
    SLICE_X6Y139         FDRE (Prop_DFF2_SLICEL_C_Q)
                                                      0.115     0.115 r  kr260_min_i/axi_ic_PS_0_M_AXI_HPM0_FPD/s00_couplers/auto_cc/inst/gen_clock_conv.gen_async_conv.asyncfifo_axi/inst_fifo_gen/gaxi_full_lite.gwrite_ch.gwdch2.axi_wdch/grf.rf/gntv_or_sync_fifo.gcx.clkx/rd_pntr_cdc_inst/src_gray_ff_reg[1]/Q
                         net (fo=1, routed)           0.553     0.668    kr260_min_i/axi_ic_PS_0_M_AXI_HPM0_FPD/s00_couplers/auto_cc/inst/gen_clock_conv.gen_async_conv.asyncfifo_axi/inst_fifo_gen/gaxi_full_lite.gwrite_ch.gwdch2.axi_wdch/grf.rf/gntv_or_sync_fifo.gcx.clkx/rd_pntr_cdc_inst/async_path[1]
    SLICE_X4Y153         FDRE                                         r  kr260_min_i/axi_ic_PS_0_M_AXI_HPM0_FPD/s00_couplers/auto_cc/inst/gen_clock_conv.gen_async_conv.asyncfifo_axi/inst_fifo_gen/gaxi_full_lite.gwrite_ch.gwdch2.axi_wdch/grf.rf/gntv_or_sync_fifo.gcx.clkx/rd_pntr_cdc_inst/dest_graysync_ff_reg[0][1]/D
  -------------------------------------------------------------------    -------------------

                         max delay                    5.000     5.000    
    SLICE_X4Y153         FDRE (Setup_HFF2_SLICEM_C_D)
                                                      0.046     5.046    kr260_min_i/axi_ic_PS_0_M_AXI_HPM0_FPD/s00_couplers/auto_cc/inst/gen_clock_conv.gen_async_conv.asyncfifo_axi/inst_fifo_gen/gaxi_full_lite.gwrite_ch.gwdch2.axi_wdch/grf.rf/gntv_or_sync_fifo.gcx.clkx/rd_pntr_cdc_inst/dest_graysync_ff_reg[0][1]
  -------------------------------------------------------------------
                         required time                          5.046    
                         arrival time                          -0.668    
  -------------------------------------------------------------------
                         slack                                  4.378    

Slack (MET) :             4.380ns  (required time - arrival time)
  Source:                 kr260_min_i/axi_ic_PS_0_S_AXI_HP1_FPD/s00_couplers/auto_cc/inst/gen_clock_conv.gen_async_conv.asyncfifo_axi/inst_fifo_gen/gaxi_full_lite.gread_ch.grdch2.axi_rdch/grf.rf/gntv_or_sync_fifo.gcx.clkx/rd_pntr_cdc_inst/src_gray_ff_reg[2]/C
                            (rising edge-triggered cell FDRE clocked by clk_out1_kr260_min_clk_wiz_0  {rise@0.000ns fall@2.500ns period=5.000ns})
  Destination:            kr260_min_i/axi_ic_PS_0_S_AXI_HP1_FPD/s00_couplers/auto_cc/inst/gen_clock_conv.gen_async_conv.asyncfifo_axi/inst_fifo_gen/gaxi_full_lite.gread_ch.grdch2.axi_rdch/grf.rf/gntv_or_sync_fifo.gcx.clkx/rd_pntr_cdc_inst/dest_graysync_ff_reg[0][2]/D
                            (rising edge-triggered cell FDRE clocked by clk_pl_0  {rise@0.000ns fall@2.000ns period=4.000ns})
  Path Group:             clk_pl_0
  Path Type:              Setup (Max at Slow Process Corner)
  Requirement:            5.000ns  (MaxDelay Path 5.000ns)
  Data Path Delay:        0.665ns  (logic 0.113ns (16.992%)  route 0.552ns (83.008%))
  Logic Levels:           0  
  Timing Exception:       MaxDelay Path 5.000ns -datapath_only

    Location             Delay type                Incr(ns)  Path(ns)    Netlist Resource(s)
  -------------------------------------------------------------------    -------------------
    SLICE_X0Y176                                      0.000     0.000 r  kr260_min_i/axi_ic_PS_0_S_AXI_HP1_FPD/s00_couplers/auto_cc/inst/gen_clock_conv.gen_async_conv.asyncfifo_axi/inst_fifo_gen/gaxi_full_lite.gread_ch.grdch2.axi_rdch/grf.rf/gntv_or_sync_fifo.gcx.clkx/rd_pntr_cdc_inst/src_gray_ff_reg[2]/C
    SLICE_X0Y176         FDRE (Prop_HFF_SLICEL_C_Q)
                                                      0.113     0.113 r  kr260_min_i/axi_ic_PS_0_S_AXI_HP1_FPD/s00_couplers/auto_cc/inst/gen_clock_conv.gen_async_conv.asyncfifo_axi/inst_fifo_gen/gaxi_full_lite.gread_ch.grdch2.axi_rdch/grf.rf/gntv_or_sync_fifo.gcx.clkx/rd_pntr_cdc_inst/src_gray_ff_reg[2]/Q
                         net (fo=1, routed)           0.552     0.665    kr260_min_i/axi_ic_PS_0_S_AXI_HP1_FPD/s00_couplers/auto_cc/inst/gen_clock_conv.gen_async_conv.asyncfifo_axi/inst_fifo_gen/gaxi_full_lite.gread_ch.grdch2.axi_rdch/grf.rf/gntv_or_sync_fifo.gcx.clkx/rd_pntr_cdc_inst/async_path[2]
    SLICE_X2Y176         FDRE                                         r  kr260_min_i/axi_ic_PS_0_S_AXI_HP1_FPD/s00_couplers/auto_cc/inst/gen_clock_conv.gen_async_conv.asyncfifo_axi/inst_fifo_gen/gaxi_full_lite.gread_ch.grdch2.axi_rdch/grf.rf/gntv_or_sync_fifo.gcx.clkx/rd_pntr_cdc_inst/dest_graysync_ff_reg[0][2]/D
  -------------------------------------------------------------------    -------------------

                         max delay                    5.000     5.000    
    SLICE_X2Y176         FDRE (Setup_DFF2_SLICEM_C_D)
                                                      0.045     5.045    kr260_min_i/axi_ic_PS_0_S_AXI_HP1_FPD/s00_couplers/auto_cc/inst/gen_clock_conv.gen_async_conv.asyncfifo_axi/inst_fifo_gen/gaxi_full_lite.gread_ch.grdch2.axi_rdch/grf.rf/gntv_or_sync_fifo.gcx.clkx/rd_pntr_cdc_inst/dest_graysync_ff_reg[0][2]
  -------------------------------------------------------------------
                         required time                          5.045    
                         arrival time                          -0.665    
  -------------------------------------------------------------------
                         slack                                  4.380    

Slack (MET) :             4.414ns  (required time - arrival time)
  Source:                 kr260_min_i/axi_ic_PS_0_S_AXI_HPC0_FPD/s00_couplers/auto_cc/inst/gen_clock_conv.gen_async_conv.asyncfifo_axi/inst_fifo_gen/gaxi_full_lite.gread_ch.grdch2.axi_rdch/grf.rf/gntv_or_sync_fifo.gcx.clkx/rd_pntr_cdc_inst/src_gray_ff_reg[2]/C
                            (rising edge-triggered cell FDRE clocked by clk_out1_kr260_min_clk_wiz_0  {rise@0.000ns fall@2.500ns period=5.000ns})
  Destination:            kr260_min_i/axi_ic_PS_0_S_AXI_HPC0_FPD/s00_couplers/auto_cc/inst/gen_clock_conv.gen_async_conv.asyncfifo_axi/inst_fifo_gen/gaxi_full_lite.gread_ch.grdch2.axi_rdch/grf.rf/gntv_or_sync_fifo.gcx.clkx/rd_pntr_cdc_inst/dest_graysync_ff_reg[0][2]/D
                            (rising edge-triggered cell FDRE clocked by clk_pl_0  {rise@0.000ns fall@2.000ns period=4.000ns})
  Path Group:             clk_pl_0
  Path Type:              Setup (Max at Slow Process Corner)
  Requirement:            5.000ns  (MaxDelay Path 5.000ns)
  Data Path Delay:        0.632ns  (logic 0.113ns (17.880%)  route 0.519ns (82.120%))
  Logic Levels:           0  
  Timing Exception:       MaxDelay Path 5.000ns -datapath_only

    Location             Delay type                Incr(ns)  Path(ns)    Netlist Resource(s)
  -------------------------------------------------------------------    -------------------
    SLICE_X14Y55                                      0.000     0.000 r  kr260_min_i/axi_ic_PS_0_S_AXI_HPC0_FPD/s00_couplers/auto_cc/inst/gen_clock_conv.gen_async_conv.asyncfifo_axi/inst_fifo_gen/gaxi_full_lite.gread_ch.grdch2.axi_rdch/grf.rf/gntv_or_sync_fifo.gcx.clkx/rd_pntr_cdc_inst/src_gray_ff_reg[2]/C
    SLICE_X14Y55         FDRE (Prop_HFF_SLICEL_C_Q)
                                                      0.113     0.113 r  kr260_min_i/axi_ic_PS_0_S_AXI_HPC0_FPD/s00_couplers/auto_cc/inst/gen_clock_conv.gen_async_conv.asyncfifo_axi/inst_fifo_gen/gaxi_full_lite.gread_ch.grdch2.axi_rdch/grf.rf/gntv_or_sync_fifo.gcx.clkx/rd_pntr_cdc_inst/src_gray_ff_reg[2]/Q
                         net (fo=1, routed)           0.519     0.632    kr260_min_i/axi_ic_PS_0_S_AXI_HPC0_FPD/s00_couplers/auto_cc/inst/gen_clock_conv.gen_async_conv.asyncfifo_axi/inst_fifo_gen/gaxi_full_lite.gread_ch.grdch2.axi_rdch/grf.rf/gntv_or_sync_fifo.gcx.clkx/rd_pntr_cdc_inst/async_path[2]
    SLICE_X14Y55         FDRE                                         r  kr260_min_i/axi_ic_PS_0_S_AXI_HPC0_FPD/s00_couplers/auto_cc/inst/gen_clock_conv.gen_async_conv.asyncfifo_axi/inst_fifo_gen/gaxi_full_lite.gread_ch.grdch2.axi_rdch/grf.rf/gntv_or_sync_fifo.gcx.clkx/rd_pntr_cdc_inst/dest_graysync_ff_reg[0][2]/D
  -------------------------------------------------------------------    -------------------

                         max delay                    5.000     5.000    
    SLICE_X14Y55         FDRE (Setup_DFF2_SLICEL_C_D)
                                                      0.046     5.046    kr260_min_i/axi_ic_PS_0_S_AXI_HPC0_FPD/s00_couplers/auto_cc/inst/gen_clock_conv.gen_async_conv.asyncfifo_axi/inst_fifo_gen/gaxi_full_lite.gread_ch.grdch2.axi_rdch/grf.rf/gntv_or_sync_fifo.gcx.clkx/rd_pntr_cdc_inst/dest_graysync_ff_reg[0][2]
  -------------------------------------------------------------------
                         required time                          5.046    
                         arrival time                          -0.632    
  -------------------------------------------------------------------
                         slack                                  4.414    

Slack (MET) :             4.431ns  (required time - arrival time)
  Source:                 kr260_min_i/axi_ic_PS_0_S_AXI_HP1_FPD/s00_couplers/auto_cc/inst/gen_clock_conv.gen_async_conv.asyncfifo_axi/inst_fifo_gen/gaxi_full_lite.gwrite_ch.gwrch2.axi_wrch/grf.rf/gntv_or_sync_fifo.gcx.clkx/rd_pntr_cdc_inst/src_gray_ff_reg[1]/C
                            (rising edge-triggered cell FDRE clocked by clk_out1_kr260_min_clk_wiz_0  {rise@0.000ns fall@2.500ns period=5.000ns})
  Destination:            kr260_min_i/axi_ic_PS_0_S_AXI_HP1_FPD/s00_couplers/auto_cc/inst/gen_clock_conv.gen_async_conv.asyncfifo_axi/inst_fifo_gen/gaxi_full_lite.gwrite_ch.gwrch2.axi_wrch/grf.rf/gntv_or_sync_fifo.gcx.clkx/rd_pntr_cdc_inst/dest_graysync_ff_reg[0][1]/D
                            (rising edge-triggered cell FDRE clocked by clk_pl_0  {rise@0.000ns fall@2.000ns period=4.000ns})
  Path Group:             clk_pl_0
  Path Type:              Setup (Max at Slow Process Corner)
  Requirement:            5.000ns  (MaxDelay Path 5.000ns)
  Data Path Delay:        0.614ns  (logic 0.115ns (18.730%)  route 0.499ns (81.270%))
  Logic Levels:           0  
  Timing Exception:       MaxDelay Path 5.000ns -datapath_only

    Location             Delay type                Incr(ns)  Path(ns)    Netlist Resource(s)
  -------------------------------------------------------------------    -------------------
    SLICE_X6Y220                                      0.000     0.000 r  kr260_min_i/axi_ic_PS_0_S_AXI_HP1_FPD/s00_couplers/auto_cc/inst/gen_clock_conv.gen_async_conv.asyncfifo_axi/inst_fifo_gen/gaxi_full_lite.gwrite_ch.gwrch2.axi_wrch/grf.rf/gntv_or_sync_fifo.gcx.clkx/rd_pntr_cdc_inst/src_gray_ff_reg[1]/C
    SLICE_X6Y220         FDRE (Prop_DFF2_SLICEL_C_Q)
                                                      0.115     0.115 r  kr260_min_i/axi_ic_PS_0_S_AXI_HP1_FPD/s00_couplers/auto_cc/inst/gen_clock_conv.gen_async_conv.asyncfifo_axi/inst_fifo_gen/gaxi_full_lite.gwrite_ch.gwrch2.axi_wrch/grf.rf/gntv_or_sync_fifo.gcx.clkx/rd_pntr_cdc_inst/src_gray_ff_reg[1]/Q
                         net (fo=1, routed)           0.499     0.614    kr260_min_i/axi_ic_PS_0_S_AXI_HP1_FPD/s00_couplers/auto_cc/inst/gen_clock_conv.gen_async_conv.asyncfifo_axi/inst_fifo_gen/gaxi_full_lite.gwrite_ch.gwrch2.axi_wrch/grf.rf/gntv_or_sync_fifo.gcx.clkx/rd_pntr_cdc_inst/async_path[1]
    SLICE_X5Y220         FDRE                                         r  kr260_min_i/axi_ic_PS_0_S_AXI_HP1_FPD/s00_couplers/auto_cc/inst/gen_clock_conv.gen_async_conv.asyncfifo_axi/inst_fifo_gen/gaxi_full_lite.gwrite_ch.gwrch2.axi_wrch/grf.rf/gntv_or_sync_fifo.gcx.clkx/rd_pntr_cdc_inst/dest_graysync_ff_reg[0][1]/D
  -------------------------------------------------------------------    -------------------

                         max delay                    5.000     5.000    
    SLICE_X5Y220         FDRE (Setup_DFF2_SLICEM_C_D)
                                                      0.045     5.045    kr260_min_i/axi_ic_PS_0_S_AXI_HP1_FPD/s00_couplers/auto_cc/inst/gen_clock_conv.gen_async_conv.asyncfifo_axi/inst_fifo_gen/gaxi_full_lite.gwrite_ch.gwrch2.axi_wrch/grf.rf/gntv_or_sync_fifo.gcx.clkx/rd_pntr_cdc_inst/dest_graysync_ff_reg[0][1]
  -------------------------------------------------------------------
                         required time                          5.045    
                         arrival time                          -0.614    
  -------------------------------------------------------------------
                         slack                                  4.431    

Slack (MET) :             4.454ns  (required time - arrival time)
  Source:                 kr260_min_i/axi_ic_PS_0_S_AXI_HP1_FPD/s00_couplers/auto_cc/inst/gen_clock_conv.gen_async_conv.asyncfifo_axi/inst_fifo_gen/gaxi_full_lite.gread_ch.grdch2.axi_rdch/grf.rf/gntv_or_sync_fifo.gcx.clkx/rd_pntr_cdc_inst/src_gray_ff_reg[0]/C
                            (rising edge-triggered cell FDRE clocked by clk_out1_kr260_min_clk_wiz_0  {rise@0.000ns fall@2.500ns period=5.000ns})
  Destination:            kr260_min_i/axi_ic_PS_0_S_AXI_HP1_FPD/s00_couplers/auto_cc/inst/gen_clock_conv.gen_async_conv.asyncfifo_axi/inst_fifo_gen/gaxi_full_lite.gread_ch.grdch2.axi_rdch/grf.rf/gntv_or_sync_fifo.gcx.clkx/rd_pntr_cdc_inst/dest_graysync_ff_reg[0][0]/D
                            (rising edge-triggered cell FDRE clocked by clk_pl_0  {rise@0.000ns fall@2.000ns period=4.000ns})
  Path Group:             clk_pl_0
  Path Type:              Setup (Max at Slow Process Corner)
  Requirement:            5.000ns  (MaxDelay Path 5.000ns)
  Data Path Delay:        0.592ns  (logic 0.114ns (19.257%)  route 0.478ns (80.743%))
  Logic Levels:           0  
  Timing Exception:       MaxDelay Path 5.000ns -datapath_only

    Location             Delay type                Incr(ns)  Path(ns)    Netlist Resource(s)
  -------------------------------------------------------------------    -------------------
    SLICE_X0Y168                                      0.000     0.000 r  kr260_min_i/axi_ic_PS_0_S_AXI_HP1_FPD/s00_couplers/auto_cc/inst/gen_clock_conv.gen_async_conv.asyncfifo_axi/inst_fifo_gen/gaxi_full_lite.gread_ch.grdch2.axi_rdch/grf.rf/gntv_or_sync_fifo.gcx.clkx/rd_pntr_cdc_inst/src_gray_ff_reg[0]/C
    SLICE_X0Y168         FDRE (Prop_DFF_SLICEL_C_Q)
                                                      0.114     0.114 r  kr260_min_i/axi_ic_PS_0_S_AXI_HP1_FPD/s00_couplers/auto_cc/inst/gen_clock_conv.gen_async_conv.asyncfifo_axi/inst_fifo_gen/gaxi_full_lite.gread_ch.grdch2.axi_rdch/grf.rf/gntv_or_sync_fifo.gcx.clkx/rd_pntr_cdc_inst/src_gray_ff_reg[0]/Q
                         net (fo=1, routed)           0.478     0.592    kr260_min_i/axi_ic_PS_0_S_AXI_HP1_FPD/s00_couplers/auto_cc/inst/gen_clock_conv.gen_async_conv.asyncfifo_axi/inst_fifo_gen/gaxi_full_lite.gread_ch.grdch2.axi_rdch/grf.rf/gntv_or_sync_fifo.gcx.clkx/rd_pntr_cdc_inst/async_path[0]
    SLICE_X0Y179         FDRE                                         r  kr260_min_i/axi_ic_PS_0_S_AXI_HP1_FPD/s00_couplers/auto_cc/inst/gen_clock_conv.gen_async_conv.asyncfifo_axi/inst_fifo_gen/gaxi_full_lite.gread_ch.grdch2.axi_rdch/grf.rf/gntv_or_sync_fifo.gcx.clkx/rd_pntr_cdc_inst/dest_graysync_ff_reg[0][0]/D
  -------------------------------------------------------------------    -------------------

                         max delay                    5.000     5.000    
    SLICE_X0Y179         FDRE (Setup_HFF2_SLICEL_C_D)
                                                      0.046     5.046    kr260_min_i/axi_ic_PS_0_S_AXI_HP1_FPD/s00_couplers/auto_cc/inst/gen_clock_conv.gen_async_conv.asyncfifo_axi/inst_fifo_gen/gaxi_full_lite.gread_ch.grdch2.axi_rdch/grf.rf/gntv_or_sync_fifo.gcx.clkx/rd_pntr_cdc_inst/dest_graysync_ff_reg[0][0]
  -------------------------------------------------------------------
                         required time                          5.046    
                         arrival time                          -0.592    
  -------------------------------------------------------------------
                         slack                                  4.454    

Slack (MET) :             4.456ns  (required time - arrival time)
  Source:                 kr260_min_i/axi_ic_PS_0_M_AXI_HPM0_FPD/s00_couplers/auto_cc/inst/gen_clock_conv.gen_async_conv.asyncfifo_axi/inst_fifo_gen/gaxi_full_lite.gread_ch.grach2.axi_rach/grf.rf/gntv_or_sync_fifo.gcx.clkx/rd_pntr_cdc_inst/src_gray_ff_reg[1]/C
                            (rising edge-triggered cell FDRE clocked by clk_out1_kr260_min_clk_wiz_0  {rise@0.000ns fall@2.500ns period=5.000ns})
  Destination:            kr260_min_i/axi_ic_PS_0_M_AXI_HPM0_FPD/s00_couplers/auto_cc/inst/gen_clock_conv.gen_async_conv.asyncfifo_axi/inst_fifo_gen/gaxi_full_lite.gread_ch.grach2.axi_rach/grf.rf/gntv_or_sync_fifo.gcx.clkx/rd_pntr_cdc_inst/dest_graysync_ff_reg[0][1]/D
                            (rising edge-triggered cell FDRE clocked by clk_pl_0  {rise@0.000ns fall@2.000ns period=4.000ns})
  Path Group:             clk_pl_0
  Path Type:              Setup (Max at Slow Process Corner)
  Requirement:            5.000ns  (MaxDelay Path 5.000ns)
  Data Path Delay:        0.590ns  (logic 0.114ns (19.322%)  route 0.476ns (80.678%))
  Logic Levels:           0  
  Timing Exception:       MaxDelay Path 5.000ns -datapath_only

    Location             Delay type                Incr(ns)  Path(ns)    Netlist Resource(s)
  -------------------------------------------------------------------    -------------------
    SLICE_X1Y113                                      0.000     0.000 r  kr260_min_i/axi_ic_PS_0_M_AXI_HPM0_FPD/s00_couplers/auto_cc/inst/gen_clock_conv.gen_async_conv.asyncfifo_axi/inst_fifo_gen/gaxi_full_lite.gread_ch.grach2.axi_rach/grf.rf/gntv_or_sync_fifo.gcx.clkx/rd_pntr_cdc_inst/src_gray_ff_reg[1]/C
    SLICE_X1Y113         FDRE (Prop_HFF2_SLICEM_C_Q)
                                                      0.114     0.114 r  kr260_min_i/axi_ic_PS_0_M_AXI_HPM0_FPD/s00_couplers/auto_cc/inst/gen_clock_conv.gen_async_conv.asyncfifo_axi/inst_fifo_gen/gaxi_full_lite.gread_ch.grach2.axi_rach/grf.rf/gntv_or_sync_fifo.gcx.clkx/rd_pntr_cdc_inst/src_gray_ff_reg[1]/Q
                         net (fo=1, routed)           0.476     0.590    kr260_min_i/axi_ic_PS_0_M_AXI_HPM0_FPD/s00_couplers/auto_cc/inst/gen_clock_conv.gen_async_conv.asyncfifo_axi/inst_fifo_gen/gaxi_full_lite.gread_ch.grach2.axi_rach/grf.rf/gntv_or_sync_fifo.gcx.clkx/rd_pntr_cdc_inst/async_path[1]
    SLICE_X1Y115         FDRE                                         r  kr260_min_i/axi_ic_PS_0_M_AXI_HPM0_FPD/s00_couplers/auto_cc/inst/gen_clock_conv.gen_async_conv.asyncfifo_axi/inst_fifo_gen/gaxi_full_lite.gread_ch.grach2.axi_rach/grf.rf/gntv_or_sync_fifo.gcx.clkx/rd_pntr_cdc_inst/dest_graysync_ff_reg[0][1]/D
  -------------------------------------------------------------------    -------------------

                         max delay                    5.000     5.000    
    SLICE_X1Y115         FDRE (Setup_HFF2_SLICEM_C_D)
                                                      0.046     5.046    kr260_min_i/axi_ic_PS_0_M_AXI_HPM0_FPD/s00_couplers/auto_cc/inst/gen_clock_conv.gen_async_conv.asyncfifo_axi/inst_fifo_gen/gaxi_full_lite.gread_ch.grach2.axi_rach/grf.rf/gntv_or_sync_fifo.gcx.clkx/rd_pntr_cdc_inst/dest_graysync_ff_reg[0][1]
  -------------------------------------------------------------------
                         required time                          5.046    
                         arrival time                          -0.590    
  -------------------------------------------------------------------
                         slack                                  4.456    

Slack (MET) :             4.460ns  (required time - arrival time)
  Source:                 kr260_min_i/axi_ic_PS_0_S_AXI_HPC0_FPD/s00_couplers/auto_cc/inst/gen_clock_conv.gen_async_conv.asyncfifo_axi/inst_fifo_gen/gaxi_full_lite.gwrite_ch.gwdch2.axi_wdch/grf.rf/gntv_or_sync_fifo.gcx.clkx/wr_pntr_cdc_inst/src_gray_ff_reg[0]/C
                            (rising edge-triggered cell FDRE clocked by clk_out1_kr260_min_clk_wiz_0  {rise@0.000ns fall@2.500ns period=5.000ns})
  Destination:            kr260_min_i/axi_ic_PS_0_S_AXI_HPC0_FPD/s00_couplers/auto_cc/inst/gen_clock_conv.gen_async_conv.asyncfifo_axi/inst_fifo_gen/gaxi_full_lite.gwrite_ch.gwdch2.axi_wdch/grf.rf/gntv_or_sync_fifo.gcx.clkx/wr_pntr_cdc_inst/dest_graysync_ff_reg[0][0]/D
                            (rising edge-triggered cell FDRE clocked by clk_pl_0  {rise@0.000ns fall@2.000ns period=4.000ns})
  Path Group:             clk_pl_0
  Path Type:              Setup (Max at Slow Process Corner)
  Requirement:            5.000ns  (MaxDelay Path 5.000ns)
  Data Path Delay:        0.586ns  (logic 0.113ns (19.283%)  route 0.473ns (80.717%))
  Logic Levels:           0  
  Timing Exception:       MaxDelay Path 5.000ns -datapath_only

    Location             Delay type                Incr(ns)  Path(ns)    Netlist Resource(s)
  -------------------------------------------------------------------    -------------------
    SLICE_X3Y43                                       0.000     0.000 r  kr260_min_i/axi_ic_PS_0_S_AXI_HPC0_FPD/s00_couplers/auto_cc/inst/gen_clock_conv.gen_async_conv.asyncfifo_axi/inst_fifo_gen/gaxi_full_lite.gwrite_ch.gwdch2.axi_wdch/grf.rf/gntv_or_sync_fifo.gcx.clkx/wr_pntr_cdc_inst/src_gray_ff_reg[0]/C
    SLICE_X3Y43          FDRE (Prop_HFF_SLICEL_C_Q)
                                                      0.113     0.113 r  kr260_min_i/axi_ic_PS_0_S_AXI_HPC0_FPD/s00_couplers/auto_cc/inst/gen_clock_conv.gen_async_conv.asyncfifo_axi/inst_fifo_gen/gaxi_full_lite.gwrite_ch.gwdch2.axi_wdch/grf.rf/gntv_or_sync_fifo.gcx.clkx/wr_pntr_cdc_inst/src_gray_ff_reg[0]/Q
                         net (fo=1, routed)           0.473     0.586    kr260_min_i/axi_ic_PS_0_S_AXI_HPC0_FPD/s00_couplers/auto_cc/inst/gen_clock_conv.gen_async_conv.asyncfifo_axi/inst_fifo_gen/gaxi_full_lite.gwrite_ch.gwdch2.axi_wdch/grf.rf/gntv_or_sync_fifo.gcx.clkx/wr_pntr_cdc_inst/async_path[0]
    SLICE_X3Y43          FDRE                                         r  kr260_min_i/axi_ic_PS_0_S_AXI_HPC0_FPD/s00_couplers/auto_cc/inst/gen_clock_conv.gen_async_conv.asyncfifo_axi/inst_fifo_gen/gaxi_full_lite.gwrite_ch.gwdch2.axi_wdch/grf.rf/gntv_or_sync_fifo.gcx.clkx/wr_pntr_cdc_inst/dest_graysync_ff_reg[0][0]/D
  -------------------------------------------------------------------    -------------------

                         max delay                    5.000     5.000    
    SLICE_X3Y43          FDRE (Setup_DFF2_SLICEL_C_D)
                                                      0.046     5.046    kr260_min_i/axi_ic_PS_0_S_AXI_HPC0_FPD/s00_couplers/auto_cc/inst/gen_clock_conv.gen_async_conv.asyncfifo_axi/inst_fifo_gen/gaxi_full_lite.gwrite_ch.gwdch2.axi_wdch/grf.rf/gntv_or_sync_fifo.gcx.clkx/wr_pntr_cdc_inst/dest_graysync_ff_reg[0][0]
  -------------------------------------------------------------------
                         required time                          5.046    
                         arrival time                          -0.586    
  -------------------------------------------------------------------
                         slack                                  4.460    

Slack (MET) :             4.478ns  (required time - arrival time)
  Source:                 kr260_min_i/axi_ic_PS_0_S_AXI_HPC0_FPD/s00_couplers/auto_cc/inst/gen_clock_conv.gen_async_conv.asyncfifo_axi/inst_fifo_gen/gaxi_full_lite.gwrite_ch.gwach2.axi_wach/grf.rf/gntv_or_sync_fifo.gcx.clkx/wr_pntr_cdc_inst/src_gray_ff_reg[2]/C
                            (rising edge-triggered cell FDRE clocked by clk_out1_kr260_min_clk_wiz_0  {rise@0.000ns fall@2.500ns period=5.000ns})
  Destination:            kr260_min_i/axi_ic_PS_0_S_AXI_HPC0_FPD/s00_couplers/auto_cc/inst/gen_clock_conv.gen_async_conv.asyncfifo_axi/inst_fifo_gen/gaxi_full_lite.gwrite_ch.gwach2.axi_wach/grf.rf/gntv_or_sync_fifo.gcx.clkx/wr_pntr_cdc_inst/dest_graysync_ff_reg[0][2]/D
                            (rising edge-triggered cell FDRE clocked by clk_pl_0  {rise@0.000ns fall@2.000ns period=4.000ns})
  Path Group:             clk_pl_0
  Path Type:              Setup (Max at Slow Process Corner)
  Requirement:            5.000ns  (MaxDelay Path 5.000ns)
  Data Path Delay:        0.567ns  (logic 0.114ns (20.106%)  route 0.453ns (79.894%))
  Logic Levels:           0  
  Timing Exception:       MaxDelay Path 5.000ns -datapath_only

    Location             Delay type                Incr(ns)  Path(ns)    Netlist Resource(s)
  -------------------------------------------------------------------    -------------------
    SLICE_X7Y73                                       0.000     0.000 r  kr260_min_i/axi_ic_PS_0_S_AXI_HPC0_FPD/s00_couplers/auto_cc/inst/gen_clock_conv.gen_async_conv.asyncfifo_axi/inst_fifo_gen/gaxi_full_lite.gwrite_ch.gwach2.axi_wach/grf.rf/gntv_or_sync_fifo.gcx.clkx/wr_pntr_cdc_inst/src_gray_ff_reg[2]/C
    SLICE_X7Y73          FDRE (Prop_HFF_SLICEM_C_Q)
                                                      0.114     0.114 r  kr260_min_i/axi_ic_PS_0_S_AXI_HPC0_FPD/s00_couplers/auto_cc/inst/gen_clock_conv.gen_async_conv.asyncfifo_axi/inst_fifo_gen/gaxi_full_lite.gwrite_ch.gwach2.axi_wach/grf.rf/gntv_or_sync_fifo.gcx.clkx/wr_pntr_cdc_inst/src_gray_ff_reg[2]/Q
                         net (fo=1, routed)           0.453     0.567    kr260_min_i/axi_ic_PS_0_S_AXI_HPC0_FPD/s00_couplers/auto_cc/inst/gen_clock_conv.gen_async_conv.asyncfifo_axi/inst_fifo_gen/gaxi_full_lite.gwrite_ch.gwach2.axi_wach/grf.rf/gntv_or_sync_fifo.gcx.clkx/wr_pntr_cdc_inst/async_path[2]
    SLICE_X7Y73          FDRE                                         r  kr260_min_i/axi_ic_PS_0_S_AXI_HPC0_FPD/s00_couplers/auto_cc/inst/gen_clock_conv.gen_async_conv.asyncfifo_axi/inst_fifo_gen/gaxi_full_lite.gwrite_ch.gwach2.axi_wach/grf.rf/gntv_or_sync_fifo.gcx.clkx/wr_pntr_cdc_inst/dest_graysync_ff_reg[0][2]/D
  -------------------------------------------------------------------    -------------------

                         max delay                    5.000     5.000    
    SLICE_X7Y73          FDRE (Setup_CFF2_SLICEM_C_D)
                                                      0.045     5.045    kr260_min_i/axi_ic_PS_0_S_AXI_HPC0_FPD/s00_couplers/auto_cc/inst/gen_clock_conv.gen_async_conv.asyncfifo_axi/inst_fifo_gen/gaxi_full_lite.gwrite_ch.gwach2.axi_wach/grf.rf/gntv_or_sync_fifo.gcx.clkx/wr_pntr_cdc_inst/dest_graysync_ff_reg[0][2]
  -------------------------------------------------------------------
                         required time                          5.045    
                         arrival time                          -0.567    
  -------------------------------------------------------------------
                         slack                                  4.478    

Slack (MET) :             4.491ns  (required time - arrival time)
  Source:                 kr260_min_i/axi_ic_PS_0_M_AXI_HPM0_FPD/s00_couplers/auto_cc/inst/gen_clock_conv.gen_async_conv.asyncfifo_axi/inst_fifo_gen/gaxi_full_lite.gwrite_ch.gwach2.axi_wach/grf.rf/gntv_or_sync_fifo.gcx.clkx/rd_pntr_cdc_inst/src_gray_ff_reg[1]/C
                            (rising edge-triggered cell FDRE clocked by clk_out1_kr260_min_clk_wiz_0  {rise@0.000ns fall@2.500ns period=5.000ns})
  Destination:            kr260_min_i/axi_ic_PS_0_M_AXI_HPM0_FPD/s00_couplers/auto_cc/inst/gen_clock_conv.gen_async_conv.asyncfifo_axi/inst_fifo_gen/gaxi_full_lite.gwrite_ch.gwach2.axi_wach/grf.rf/gntv_or_sync_fifo.gcx.clkx/rd_pntr_cdc_inst/dest_graysync_ff_reg[0][1]/D
                            (rising edge-triggered cell FDRE clocked by clk_pl_0  {rise@0.000ns fall@2.000ns period=4.000ns})
  Path Group:             clk_pl_0
  Path Type:              Setup (Max at Slow Process Corner)
  Requirement:            5.000ns  (MaxDelay Path 5.000ns)
  Data Path Delay:        0.555ns  (logic 0.115ns (20.721%)  route 0.440ns (79.279%))
  Logic Levels:           0  
  Timing Exception:       MaxDelay Path 5.000ns -datapath_only

    Location             Delay type                Incr(ns)  Path(ns)    Netlist Resource(s)
  -------------------------------------------------------------------    -------------------
    SLICE_X0Y126                                      0.000     0.000 r  kr260_min_i/axi_ic_PS_0_M_AXI_HPM0_FPD/s00_couplers/auto_cc/inst/gen_clock_conv.gen_async_conv.asyncfifo_axi/inst_fifo_gen/gaxi_full_lite.gwrite_ch.gwach2.axi_wach/grf.rf/gntv_or_sync_fifo.gcx.clkx/rd_pntr_cdc_inst/src_gray_ff_reg[1]/C
    SLICE_X0Y126         FDRE (Prop_DFF2_SLICEL_C_Q)
                                                      0.115     0.115 r  kr260_min_i/axi_ic_PS_0_M_AXI_HPM0_FPD/s00_couplers/auto_cc/inst/gen_clock_conv.gen_async_conv.asyncfifo_axi/inst_fifo_gen/gaxi_full_lite.gwrite_ch.gwach2.axi_wach/grf.rf/gntv_or_sync_fifo.gcx.clkx/rd_pntr_cdc_inst/src_gray_ff_reg[1]/Q
                         net (fo=1, routed)           0.440     0.555    kr260_min_i/axi_ic_PS_0_M_AXI_HPM0_FPD/s00_couplers/auto_cc/inst/gen_clock_conv.gen_async_conv.asyncfifo_axi/inst_fifo_gen/gaxi_full_lite.gwrite_ch.gwach2.axi_wach/grf.rf/gntv_or_sync_fifo.gcx.clkx/rd_pntr_cdc_inst/async_path[1]
    SLICE_X0Y127         FDRE                                         r  kr260_min_i/axi_ic_PS_0_M_AXI_HPM0_FPD/s00_couplers/auto_cc/inst/gen_clock_conv.gen_async_conv.asyncfifo_axi/inst_fifo_gen/gaxi_full_lite.gwrite_ch.gwach2.axi_wach/grf.rf/gntv_or_sync_fifo.gcx.clkx/rd_pntr_cdc_inst/dest_graysync_ff_reg[0][1]/D
  -------------------------------------------------------------------    -------------------

                         max delay                    5.000     5.000    
    SLICE_X0Y127         FDRE (Setup_DFF2_SLICEL_C_D)
                                                      0.046     5.046    kr260_min_i/axi_ic_PS_0_M_AXI_HPM0_FPD/s00_couplers/auto_cc/inst/gen_clock_conv.gen_async_conv.asyncfifo_axi/inst_fifo_gen/gaxi_full_lite.gwrite_ch.gwach2.axi_wach/grf.rf/gntv_or_sync_fifo.gcx.clkx/rd_pntr_cdc_inst/dest_graysync_ff_reg[0][1]
  -------------------------------------------------------------------
                         required time                          5.046    
                         arrival time                          -0.555    
  -------------------------------------------------------------------
                         slack                                  4.491    

Slack (MET) :             4.494ns  (required time - arrival time)
  Source:                 kr260_min_i/axi_ic_PS_0_S_AXI_HP1_FPD/s00_couplers/auto_cc/inst/gen_clock_conv.gen_async_conv.asyncfifo_axi/inst_fifo_gen/gaxi_full_lite.gread_ch.grach2.axi_rach/grf.rf/gntv_or_sync_fifo.gcx.clkx/wr_pntr_cdc_inst/src_gray_ff_reg[1]/C
                            (rising edge-triggered cell FDRE clocked by clk_out1_kr260_min_clk_wiz_0  {rise@0.000ns fall@2.500ns period=5.000ns})
  Destination:            kr260_min_i/axi_ic_PS_0_S_AXI_HP1_FPD/s00_couplers/auto_cc/inst/gen_clock_conv.gen_async_conv.asyncfifo_axi/inst_fifo_gen/gaxi_full_lite.gread_ch.grach2.axi_rach/grf.rf/gntv_or_sync_fifo.gcx.clkx/wr_pntr_cdc_inst/dest_graysync_ff_reg[0][1]/D
                            (rising edge-triggered cell FDRE clocked by clk_pl_0  {rise@0.000ns fall@2.000ns period=4.000ns})
  Path Group:             clk_pl_0
  Path Type:              Setup (Max at Slow Process Corner)
  Requirement:            5.000ns  (MaxDelay Path 5.000ns)
  Data Path Delay:        0.552ns  (logic 0.115ns (20.833%)  route 0.437ns (79.167%))
  Logic Levels:           0  
  Timing Exception:       MaxDelay Path 5.000ns -datapath_only

    Location             Delay type                Incr(ns)  Path(ns)    Netlist Resource(s)
  -------------------------------------------------------------------    -------------------
    SLICE_X6Y145                                      0.000     0.000 r  kr260_min_i/axi_ic_PS_0_S_AXI_HP1_FPD/s00_couplers/auto_cc/inst/gen_clock_conv.gen_async_conv.asyncfifo_axi/inst_fifo_gen/gaxi_full_lite.gread_ch.grach2.axi_rach/grf.rf/gntv_or_sync_fifo.gcx.clkx/wr_pntr_cdc_inst/src_gray_ff_reg[1]/C
    SLICE_X6Y145         FDRE (Prop_DFF2_SLICEL_C_Q)
                                                      0.115     0.115 r  kr260_min_i/axi_ic_PS_0_S_AXI_HP1_FPD/s00_couplers/auto_cc/inst/gen_clock_conv.gen_async_conv.asyncfifo_axi/inst_fifo_gen/gaxi_full_lite.gread_ch.grach2.axi_rach/grf.rf/gntv_or_sync_fifo.gcx.clkx/wr_pntr_cdc_inst/src_gray_ff_reg[1]/Q
                         net (fo=1, routed)           0.437     0.552    kr260_min_i/axi_ic_PS_0_S_AXI_HP1_FPD/s00_couplers/auto_cc/inst/gen_clock_conv.gen_async_conv.asyncfifo_axi/inst_fifo_gen/gaxi_full_lite.gread_ch.grach2.axi_rach/grf.rf/gntv_or_sync_fifo.gcx.clkx/wr_pntr_cdc_inst/async_path[1]
    SLICE_X5Y144         FDRE                                         r  kr260_min_i/axi_ic_PS_0_S_AXI_HP1_FPD/s00_couplers/auto_cc/inst/gen_clock_conv.gen_async_conv.asyncfifo_axi/inst_fifo_gen/gaxi_full_lite.gread_ch.grach2.axi_rach/grf.rf/gntv_or_sync_fifo.gcx.clkx/wr_pntr_cdc_inst/dest_graysync_ff_reg[0][1]/D
  -------------------------------------------------------------------    -------------------

                         max delay                    5.000     5.000    
    SLICE_X5Y144         FDRE (Setup_HFF2_SLICEM_C_D)
                                                      0.046     5.046    kr260_min_i/axi_ic_PS_0_S_AXI_HP1_FPD/s00_couplers/auto_cc/inst/gen_clock_conv.gen_async_conv.asyncfifo_axi/inst_fifo_gen/gaxi_full_lite.gread_ch.grach2.axi_rach/grf.rf/gntv_or_sync_fifo.gcx.clkx/wr_pntr_cdc_inst/dest_graysync_ff_reg[0][1]
  -------------------------------------------------------------------
                         required time                          5.046    
                         arrival time                          -0.552    
  -------------------------------------------------------------------
                         slack                                  4.494    





---------------------------------------------------------------------------------------------------
From Clock:  clk_pl_0
  To Clock:  clk_out1_kr260_min_clk_wiz_0

Setup :            0  Failing Endpoints,  Worst Slack        2.393ns,  Total Violation        0.000ns
Hold  :           NA  Failing Endpoints,  Worst Slack           NA  ,  Total Violation           NA
---------------------------------------------------------------------------------------------------


Max Delay Paths
--------------------------------------------------------------------------------------
Slack (MET) :             2.393ns  (required time - arrival time)
  Source:                 kr260_min_i/axi_ic_PS_0_S_AXI_HPC0_FPD/s00_couplers/auto_cc/inst/gen_clock_conv.gen_async_conv.asyncfifo_axi/inst_fifo_gen/gaxi_full_lite.gread_ch.grdch2.axi_rdch/grf.rf/gntv_or_sync_fifo.gcx.clkx/wr_pntr_cdc_inst/src_gray_ff_reg[1]/C
                            (rising edge-triggered cell FDRE clocked by clk_pl_0  {rise@0.000ns fall@2.000ns period=4.000ns})
  Destination:            kr260_min_i/axi_ic_PS_0_S_AXI_HPC0_FPD/s00_couplers/auto_cc/inst/gen_clock_conv.gen_async_conv.asyncfifo_axi/inst_fifo_gen/gaxi_full_lite.gread_ch.grdch2.axi_rdch/grf.rf/gntv_or_sync_fifo.gcx.clkx/wr_pntr_cdc_inst/dest_graysync_ff_reg[0][1]/D
                            (rising edge-triggered cell FDRE clocked by clk_out1_kr260_min_clk_wiz_0  {rise@0.000ns fall@2.500ns period=5.000ns})
  Path Group:             clk_out1_kr260_min_clk_wiz_0
  Path Type:              Setup (Max at Slow Process Corner)
  Requirement:            4.000ns  (MaxDelay Path 4.000ns)
  Data Path Delay:        1.653ns  (logic 0.115ns (6.957%)  route 1.538ns (93.043%))
  Logic Levels:           0  
  Timing Exception:       MaxDelay Path 4.000ns -datapath_only

    Location             Delay type                Incr(ns)  Path(ns)    Netlist Resource(s)
  -------------------------------------------------------------------    -------------------
    SLICE_X19Y55                                      0.000     0.000 r  kr260_min_i/axi_ic_PS_0_S_AXI_HPC0_FPD/s00_couplers/auto_cc/inst/gen_clock_conv.gen_async_conv.asyncfifo_axi/inst_fifo_gen/gaxi_full_lite.gread_ch.grdch2.axi_rdch/grf.rf/gntv_or_sync_fifo.gcx.clkx/wr_pntr_cdc_inst/src_gray_ff_reg[1]/C
    SLICE_X19Y55         FDRE (Prop_DFF2_SLICEL_C_Q)
                                                      0.115     0.115 r  kr260_min_i/axi_ic_PS_0_S_AXI_HPC0_FPD/s00_couplers/auto_cc/inst/gen_clock_conv.gen_async_conv.asyncfifo_axi/inst_fifo_gen/gaxi_full_lite.gread_ch.grdch2.axi_rdch/grf.rf/gntv_or_sync_fifo.gcx.clkx/wr_pntr_cdc_inst/src_gray_ff_reg[1]/Q
                         net (fo=1, routed)           1.538     1.653    kr260_min_i/axi_ic_PS_0_S_AXI_HPC0_FPD/s00_couplers/auto_cc/inst/gen_clock_conv.gen_async_conv.asyncfifo_axi/inst_fifo_gen/gaxi_full_lite.gread_ch.grdch2.axi_rdch/grf.rf/gntv_or_sync_fifo.gcx.clkx/wr_pntr_cdc_inst/async_path[1]
    SLICE_X44Y45         FDRE                                         r  kr260_min_i/axi_ic_PS_0_S_AXI_HPC0_FPD/s00_couplers/auto_cc/inst/gen_clock_conv.gen_async_conv.asyncfifo_axi/inst_fifo_gen/gaxi_full_lite.gread_ch.grdch2.axi_rdch/grf.rf/gntv_or_sync_fifo.gcx.clkx/wr_pntr_cdc_inst/dest_graysync_ff_reg[0][1]/D
  -------------------------------------------------------------------    -------------------

                         max delay                    4.000     4.000    
    SLICE_X44Y45         FDRE (Setup_HFF2_SLICEL_C_D)
                                                      0.046     4.046    kr260_min_i/axi_ic_PS_0_S_AXI_HPC0_FPD/s00_couplers/auto_cc/inst/gen_clock_conv.gen_async_conv.asyncfifo_axi/inst_fifo_gen/gaxi_full_lite.gread_ch.grdch2.axi_rdch/grf.rf/gntv_or_sync_fifo.gcx.clkx/wr_pntr_cdc_inst/dest_graysync_ff_reg[0][1]
  -------------------------------------------------------------------
                         required time                          4.046    
                         arrival time                          -1.653    
  -------------------------------------------------------------------
                         slack                                  2.393    

Slack (MET) :             2.474ns  (required time - arrival time)
  Source:                 kr260_min_i/axi_ic_PS_0_S_AXI_HPC0_FPD/s00_couplers/auto_cc/inst/gen_clock_conv.gen_async_conv.asyncfifo_axi/inst_fifo_gen/gaxi_full_lite.gread_ch.grdch2.axi_rdch/grf.rf/gntv_or_sync_fifo.gcx.clkx/wr_pntr_cdc_inst/src_gray_ff_reg[0]/C
                            (rising edge-triggered cell FDRE clocked by clk_pl_0  {rise@0.000ns fall@2.000ns period=4.000ns})
  Destination:            kr260_min_i/axi_ic_PS_0_S_AXI_HPC0_FPD/s00_couplers/auto_cc/inst/gen_clock_conv.gen_async_conv.asyncfifo_axi/inst_fifo_gen/gaxi_full_lite.gread_ch.grdch2.axi_rdch/grf.rf/gntv_or_sync_fifo.gcx.clkx/wr_pntr_cdc_inst/dest_graysync_ff_reg[0][0]/D
                            (rising edge-triggered cell FDRE clocked by clk_out1_kr260_min_clk_wiz_0  {rise@0.000ns fall@2.500ns period=5.000ns})
  Path Group:             clk_out1_kr260_min_clk_wiz_0
  Path Type:              Setup (Max at Slow Process Corner)
  Requirement:            4.000ns  (MaxDelay Path 4.000ns)
  Data Path Delay:        1.572ns  (logic 0.114ns (7.252%)  route 1.458ns (92.748%))
  Logic Levels:           0  
  Timing Exception:       MaxDelay Path 4.000ns -datapath_only

    Location             Delay type                Incr(ns)  Path(ns)    Netlist Resource(s)
  -------------------------------------------------------------------    -------------------
    SLICE_X19Y55                                      0.000     0.000 r  kr260_min_i/axi_ic_PS_0_S_AXI_HPC0_FPD/s00_couplers/auto_cc/inst/gen_clock_conv.gen_async_conv.asyncfifo_axi/inst_fifo_gen/gaxi_full_lite.gread_ch.grdch2.axi_rdch/grf.rf/gntv_or_sync_fifo.gcx.clkx/wr_pntr_cdc_inst/src_gray_ff_reg[0]/C
    SLICE_X19Y55         FDRE (Prop_DFF_SLICEL_C_Q)
                                                      0.114     0.114 r  kr260_min_i/axi_ic_PS_0_S_AXI_HPC0_FPD/s00_couplers/auto_cc/inst/gen_clock_conv.gen_async_conv.asyncfifo_axi/inst_fifo_gen/gaxi_full_lite.gread_ch.grdch2.axi_rdch/grf.rf/gntv_or_sync_fifo.gcx.clkx/wr_pntr_cdc_inst/src_gray_ff_reg[0]/Q
                         net (fo=1, routed)           1.458     1.572    kr260_min_i/axi_ic_PS_0_S_AXI_HPC0_FPD/s00_couplers/auto_cc/inst/gen_clock_conv.gen_async_conv.asyncfifo_axi/inst_fifo_gen/gaxi_full_lite.gread_ch.grdch2.axi_rdch/grf.rf/gntv_or_sync_fifo.gcx.clkx/wr_pntr_cdc_inst/async_path[0]
    SLICE_X44Y45         FDRE                                         r  kr260_min_i/axi_ic_PS_0_S_AXI_HPC0_FPD/s00_couplers/auto_cc/inst/gen_clock_conv.gen_async_conv.asyncfifo_axi/inst_fifo_gen/gaxi_full_lite.gread_ch.grdch2.axi_rdch/grf.rf/gntv_or_sync_fifo.gcx.clkx/wr_pntr_cdc_inst/dest_graysync_ff_reg[0][0]/D
  -------------------------------------------------------------------    -------------------

                         max delay                    4.000     4.000    
    SLICE_X44Y45         FDRE (Setup_DFF2_SLICEL_C_D)
                                                      0.046     4.046    kr260_min_i/axi_ic_PS_0_S_AXI_HPC0_FPD/s00_couplers/auto_cc/inst/gen_clock_conv.gen_async_conv.asyncfifo_axi/inst_fifo_gen/gaxi_full_lite.gread_ch.grdch2.axi_rdch/grf.rf/gntv_or_sync_fifo.gcx.clkx/wr_pntr_cdc_inst/dest_graysync_ff_reg[0][0]
  -------------------------------------------------------------------
                         required time                          4.046    
                         arrival time                          -1.572    
  -------------------------------------------------------------------
                         slack                                  2.474    

Slack (MET) :             3.300ns  (required time - arrival time)
  Source:                 kr260_min_i/axi_ic_PS_0_S_AXI_HPC0_FPD/s00_couplers/auto_cc/inst/gen_clock_conv.gen_async_conv.asyncfifo_axi/inst_fifo_gen/gaxi_full_lite.gwrite_ch.gwach2.axi_wach/grf.rf/gntv_or_sync_fifo.gcx.clkx/rd_pntr_cdc_inst/src_gray_ff_reg[3]/C
                            (rising edge-triggered cell FDRE clocked by clk_pl_0  {rise@0.000ns fall@2.000ns period=4.000ns})
  Destination:            kr260_min_i/axi_ic_PS_0_S_AXI_HPC0_FPD/s00_couplers/auto_cc/inst/gen_clock_conv.gen_async_conv.asyncfifo_axi/inst_fifo_gen/gaxi_full_lite.gwrite_ch.gwach2.axi_wach/grf.rf/gntv_or_sync_fifo.gcx.clkx/rd_pntr_cdc_inst/dest_graysync_ff_reg[0][3]/D
                            (rising edge-triggered cell FDRE clocked by clk_out1_kr260_min_clk_wiz_0  {rise@0.000ns fall@2.500ns period=5.000ns})
  Path Group:             clk_out1_kr260_min_clk_wiz_0
  Path Type:              Setup (Max at Slow Process Corner)
  Requirement:            4.000ns  (MaxDelay Path 4.000ns)
  Data Path Delay:        0.746ns  (logic 0.114ns (15.282%)  route 0.632ns (84.719%))
  Logic Levels:           0  
  Timing Exception:       MaxDelay Path 4.000ns -datapath_only

    Location             Delay type                Incr(ns)  Path(ns)    Netlist Resource(s)
  -------------------------------------------------------------------    -------------------
    SLICE_X9Y67                                       0.000     0.000 r  kr260_min_i/axi_ic_PS_0_S_AXI_HPC0_FPD/s00_couplers/auto_cc/inst/gen_clock_conv.gen_async_conv.asyncfifo_axi/inst_fifo_gen/gaxi_full_lite.gwrite_ch.gwach2.axi_wach/grf.rf/gntv_or_sync_fifo.gcx.clkx/rd_pntr_cdc_inst/src_gray_ff_reg[3]/C
    SLICE_X9Y67          FDRE (Prop_EFF_SLICEL_C_Q)
                                                      0.114     0.114 r  kr260_min_i/axi_ic_PS_0_S_AXI_HPC0_FPD/s00_couplers/auto_cc/inst/gen_clock_conv.gen_async_conv.asyncfifo_axi/inst_fifo_gen/gaxi_full_lite.gwrite_ch.gwach2.axi_wach/grf.rf/gntv_or_sync_fifo.gcx.clkx/rd_pntr_cdc_inst/src_gray_ff_reg[3]/Q
                         net (fo=1, routed)           0.632     0.746    kr260_min_i/axi_ic_PS_0_S_AXI_HPC0_FPD/s00_couplers/auto_cc/inst/gen_clock_conv.gen_async_conv.asyncfifo_axi/inst_fifo_gen/gaxi_full_lite.gwrite_ch.gwach2.axi_wach/grf.rf/gntv_or_sync_fifo.gcx.clkx/rd_pntr_cdc_inst/async_path[3]
    SLICE_X9Y67          FDRE                                         r  kr260_min_i/axi_ic_PS_0_S_AXI_HPC0_FPD/s00_couplers/auto_cc/inst/gen_clock_conv.gen_async_conv.asyncfifo_axi/inst_fifo_gen/gaxi_full_lite.gwrite_ch.gwach2.axi_wach/grf.rf/gntv_or_sync_fifo.gcx.clkx/rd_pntr_cdc_inst/dest_graysync_ff_reg[0][3]/D
  -------------------------------------------------------------------    -------------------

                         max delay                    4.000     4.000    
    SLICE_X9Y67          FDRE (Setup_DFF2_SLICEL_C_D)
                                                      0.046     4.046    kr260_min_i/axi_ic_PS_0_S_AXI_HPC0_FPD/s00_couplers/auto_cc/inst/gen_clock_conv.gen_async_conv.asyncfifo_axi/inst_fifo_gen/gaxi_full_lite.gwrite_ch.gwach2.axi_wach/grf.rf/gntv_or_sync_fifo.gcx.clkx/rd_pntr_cdc_inst/dest_graysync_ff_reg[0][3]
  -------------------------------------------------------------------
                         required time                          4.046    
                         arrival time                          -0.746    
  -------------------------------------------------------------------
                         slack                                  3.300    

Slack (MET) :             3.450ns  (required time - arrival time)
  Source:                 kr260_min_i/axi_ic_PS_0_S_AXI_HPC0_FPD/s00_couplers/auto_cc/inst/gen_clock_conv.gen_async_conv.asyncfifo_axi/inst_fifo_gen/gaxi_full_lite.gwrite_ch.gwrch2.axi_wrch/grf.rf/gntv_or_sync_fifo.gcx.clkx/wr_pntr_cdc_inst/src_gray_ff_reg[1]/C
                            (rising edge-triggered cell FDRE clocked by clk_pl_0  {rise@0.000ns fall@2.000ns period=4.000ns})
  Destination:            kr260_min_i/axi_ic_PS_0_S_AXI_HPC0_FPD/s00_couplers/auto_cc/inst/gen_clock_conv.gen_async_conv.asyncfifo_axi/inst_fifo_gen/gaxi_full_lite.gwrite_ch.gwrch2.axi_wrch/grf.rf/gntv_or_sync_fifo.gcx.clkx/wr_pntr_cdc_inst/dest_graysync_ff_reg[0][1]/D
                            (rising edge-triggered cell FDRE clocked by clk_out1_kr260_min_clk_wiz_0  {rise@0.000ns fall@2.500ns period=5.000ns})
  Path Group:             clk_out1_kr260_min_clk_wiz_0
  Path Type:              Setup (Max at Slow Process Corner)
  Requirement:            4.000ns  (MaxDelay Path 4.000ns)
  Data Path Delay:        0.595ns  (logic 0.115ns (19.328%)  route 0.480ns (80.672%))
  Logic Levels:           0  
  Timing Exception:       MaxDelay Path 4.000ns -datapath_only

    Location             Delay type                Incr(ns)  Path(ns)    Netlist Resource(s)
  -------------------------------------------------------------------    -------------------
    SLICE_X0Y3                                        0.000     0.000 r  kr260_min_i/axi_ic_PS_0_S_AXI_HPC0_FPD/s00_couplers/auto_cc/inst/gen_clock_conv.gen_async_conv.asyncfifo_axi/inst_fifo_gen/gaxi_full_lite.gwrite_ch.gwrch2.axi_wrch/grf.rf/gntv_or_sync_fifo.gcx.clkx/wr_pntr_cdc_inst/src_gray_ff_reg[1]/C
    SLICE_X0Y3           FDRE (Prop_DFF2_SLICEL_C_Q)
                                                      0.115     0.115 r  kr260_min_i/axi_ic_PS_0_S_AXI_HPC0_FPD/s00_couplers/auto_cc/inst/gen_clock_conv.gen_async_conv.asyncfifo_axi/inst_fifo_gen/gaxi_full_lite.gwrite_ch.gwrch2.axi_wrch/grf.rf/gntv_or_sync_fifo.gcx.clkx/wr_pntr_cdc_inst/src_gray_ff_reg[1]/Q
                         net (fo=1, routed)           0.480     0.595    kr260_min_i/axi_ic_PS_0_S_AXI_HPC0_FPD/s00_couplers/auto_cc/inst/gen_clock_conv.gen_async_conv.asyncfifo_axi/inst_fifo_gen/gaxi_full_lite.gwrite_ch.gwrch2.axi_wrch/grf.rf/gntv_or_sync_fifo.gcx.clkx/wr_pntr_cdc_inst/async_path[1]
    SLICE_X1Y1           FDRE                                         r  kr260_min_i/axi_ic_PS_0_S_AXI_HPC0_FPD/s00_couplers/auto_cc/inst/gen_clock_conv.gen_async_conv.asyncfifo_axi/inst_fifo_gen/gaxi_full_lite.gwrite_ch.gwrch2.axi_wrch/grf.rf/gntv_or_sync_fifo.gcx.clkx/wr_pntr_cdc_inst/dest_graysync_ff_reg[0][1]/D
  -------------------------------------------------------------------    -------------------

                         max delay                    4.000     4.000    
    SLICE_X1Y1           FDRE (Setup_DFF2_SLICEM_C_D)
                                                      0.045     4.045    kr260_min_i/axi_ic_PS_0_S_AXI_HPC0_FPD/s00_couplers/auto_cc/inst/gen_clock_conv.gen_async_conv.asyncfifo_axi/inst_fifo_gen/gaxi_full_lite.gwrite_ch.gwrch2.axi_wrch/grf.rf/gntv_or_sync_fifo.gcx.clkx/wr_pntr_cdc_inst/dest_graysync_ff_reg[0][1]
  -------------------------------------------------------------------
                         required time                          4.045    
                         arrival time                          -0.595    
  -------------------------------------------------------------------
                         slack                                  3.450    

Slack (MET) :             3.459ns  (required time - arrival time)
  Source:                 kr260_min_i/axi_ic_PS_0_S_AXI_HPC0_FPD/s00_couplers/auto_cc/inst/gen_clock_conv.gen_async_conv.asyncfifo_axi/inst_fifo_gen/gaxi_full_lite.gread_ch.grdch2.axi_rdch/grf.rf/gntv_or_sync_fifo.gcx.clkx/wr_pntr_cdc_inst/src_gray_ff_reg[3]/C
                            (rising edge-triggered cell FDRE clocked by clk_pl_0  {rise@0.000ns fall@2.000ns period=4.000ns})
  Destination:            kr260_min_i/axi_ic_PS_0_S_AXI_HPC0_FPD/s00_couplers/auto_cc/inst/gen_clock_conv.gen_async_conv.asyncfifo_axi/inst_fifo_gen/gaxi_full_lite.gread_ch.grdch2.axi_rdch/grf.rf/gntv_or_sync_fifo.gcx.clkx/wr_pntr_cdc_inst/dest_graysync_ff_reg[0][3]/D
                            (rising edge-triggered cell FDRE clocked by clk_out1_kr260_min_clk_wiz_0  {rise@0.000ns fall@2.500ns period=5.000ns})
  Path Group:             clk_out1_kr260_min_clk_wiz_0
  Path Type:              Setup (Max at Slow Process Corner)
  Requirement:            4.000ns  (MaxDelay Path 4.000ns)
  Data Path Delay:        0.586ns  (logic 0.113ns (19.283%)  route 0.473ns (80.717%))
  Logic Levels:           0  
  Timing Exception:       MaxDelay Path 4.000ns -datapath_only

    Location             Delay type                Incr(ns)  Path(ns)    Netlist Resource(s)
  -------------------------------------------------------------------    -------------------
    SLICE_X45Y46                                      0.000     0.000 r  kr260_min_i/axi_ic_PS_0_S_AXI_HPC0_FPD/s00_couplers/auto_cc/inst/gen_clock_conv.gen_async_conv.asyncfifo_axi/inst_fifo_gen/gaxi_full_lite.gread_ch.grdch2.axi_rdch/grf.rf/gntv_or_sync_fifo.gcx.clkx/wr_pntr_cdc_inst/src_gray_ff_reg[3]/C
    SLICE_X45Y46         FDRE (Prop_EFF_SLICEM_C_Q)
                                                      0.113     0.113 r  kr260_min_i/axi_ic_PS_0_S_AXI_HPC0_FPD/s00_couplers/auto_cc/inst/gen_clock_conv.gen_async_conv.asyncfifo_axi/inst_fifo_gen/gaxi_full_lite.gread_ch.grdch2.axi_rdch/grf.rf/gntv_or_sync_fifo.gcx.clkx/wr_pntr_cdc_inst/src_gray_ff_reg[3]/Q
                         net (fo=1, routed)           0.473     0.586    kr260_min_i/axi_ic_PS_0_S_AXI_HPC0_FPD/s00_couplers/auto_cc/inst/gen_clock_conv.gen_async_conv.asyncfifo_axi/inst_fifo_gen/gaxi_full_lite.gread_ch.grdch2.axi_rdch/grf.rf/gntv_or_sync_fifo.gcx.clkx/wr_pntr_cdc_inst/async_path[3]
    SLICE_X45Y46         FDRE                                         r  kr260_min_i/axi_ic_PS_0_S_AXI_HPC0_FPD/s00_couplers/auto_cc/inst/gen_clock_conv.gen_async_conv.asyncfifo_axi/inst_fifo_gen/gaxi_full_lite.gread_ch.grdch2.axi_rdch/grf.rf/gntv_or_sync_fifo.gcx.clkx/wr_pntr_cdc_inst/dest_graysync_ff_reg[0][3]/D
  -------------------------------------------------------------------    -------------------

                         max delay                    4.000     4.000    
    SLICE_X45Y46         FDRE (Setup_DFF2_SLICEM_C_D)
                                                      0.045     4.045    kr260_min_i/axi_ic_PS_0_S_AXI_HPC0_FPD/s00_couplers/auto_cc/inst/gen_clock_conv.gen_async_conv.asyncfifo_axi/inst_fifo_gen/gaxi_full_lite.gread_ch.grdch2.axi_rdch/grf.rf/gntv_or_sync_fifo.gcx.clkx/wr_pntr_cdc_inst/dest_graysync_ff_reg[0][3]
  -------------------------------------------------------------------
                         required time                          4.045    
                         arrival time                          -0.586    
  -------------------------------------------------------------------
                         slack                                  3.459    

Slack (MET) :             3.484ns  (required time - arrival time)
  Source:                 kr260_min_i/axi_ic_PS_0_S_AXI_HP1_FPD/s00_couplers/auto_cc/inst/gen_clock_conv.gen_async_conv.asyncfifo_axi/inst_fifo_gen/gaxi_full_lite.gwrite_ch.gwdch2.axi_wdch/grf.rf/gntv_or_sync_fifo.gcx.clkx/rd_pntr_cdc_inst/src_gray_ff_reg[0]/C
                            (rising edge-triggered cell FDRE clocked by clk_pl_0  {rise@0.000ns fall@2.000ns period=4.000ns})
  Destination:            kr260_min_i/axi_ic_PS_0_S_AXI_HP1_FPD/s00_couplers/auto_cc/inst/gen_clock_conv.gen_async_conv.asyncfifo_axi/inst_fifo_gen/gaxi_full_lite.gwrite_ch.gwdch2.axi_wdch/grf.rf/gntv_or_sync_fifo.gcx.clkx/rd_pntr_cdc_inst/dest_graysync_ff_reg[0][0]/D
                            (rising edge-triggered cell FDRE clocked by clk_out1_kr260_min_clk_wiz_0  {rise@0.000ns fall@2.500ns period=5.000ns})
  Path Group:             clk_out1_kr260_min_clk_wiz_0
  Path Type:              Setup (Max at Slow Process Corner)
  Requirement:            4.000ns  (MaxDelay Path 4.000ns)
  Data Path Delay:        0.562ns  (logic 0.114ns (20.285%)  route 0.448ns (79.715%))
  Logic Levels:           0  
  Timing Exception:       MaxDelay Path 4.000ns -datapath_only

    Location             Delay type                Incr(ns)  Path(ns)    Netlist Resource(s)
  -------------------------------------------------------------------    -------------------
    SLICE_X1Y181                                      0.000     0.000 r  kr260_min_i/axi_ic_PS_0_S_AXI_HP1_FPD/s00_couplers/auto_cc/inst/gen_clock_conv.gen_async_conv.asyncfifo_axi/inst_fifo_gen/gaxi_full_lite.gwrite_ch.gwdch2.axi_wdch/grf.rf/gntv_or_sync_fifo.gcx.clkx/rd_pntr_cdc_inst/src_gray_ff_reg[0]/C
    SLICE_X1Y181         FDRE (Prop_HFF_SLICEM_C_Q)
                                                      0.114     0.114 r  kr260_min_i/axi_ic_PS_0_S_AXI_HP1_FPD/s00_couplers/auto_cc/inst/gen_clock_conv.gen_async_conv.asyncfifo_axi/inst_fifo_gen/gaxi_full_lite.gwrite_ch.gwdch2.axi_wdch/grf.rf/gntv_or_sync_fifo.gcx.clkx/rd_pntr_cdc_inst/src_gray_ff_reg[0]/Q
                         net (fo=1, routed)           0.448     0.562    kr260_min_i/axi_ic_PS_0_S_AXI_HP1_FPD/s00_couplers/auto_cc/inst/gen_clock_conv.gen_async_conv.asyncfifo_axi/inst_fifo_gen/gaxi_full_lite.gwrite_ch.gwdch2.axi_wdch/grf.rf/gntv_or_sync_fifo.gcx.clkx/rd_pntr_cdc_inst/async_path[0]
    SLICE_X0Y185         FDRE                                         r  kr260_min_i/axi_ic_PS_0_S_AXI_HP1_FPD/s00_couplers/auto_cc/inst/gen_clock_conv.gen_async_conv.asyncfifo_axi/inst_fifo_gen/gaxi_full_lite.gwrite_ch.gwdch2.axi_wdch/grf.rf/gntv_or_sync_fifo.gcx.clkx/rd_pntr_cdc_inst/dest_graysync_ff_reg[0][0]/D
  -------------------------------------------------------------------    -------------------

                         max delay                    4.000     4.000    
    SLICE_X0Y185         FDRE (Setup_DFF2_SLICEL_C_D)
                                                      0.046     4.046    kr260_min_i/axi_ic_PS_0_S_AXI_HP1_FPD/s00_couplers/auto_cc/inst/gen_clock_conv.gen_async_conv.asyncfifo_axi/inst_fifo_gen/gaxi_full_lite.gwrite_ch.gwdch2.axi_wdch/grf.rf/gntv_or_sync_fifo.gcx.clkx/rd_pntr_cdc_inst/dest_graysync_ff_reg[0][0]
  -------------------------------------------------------------------
                         required time                          4.046    
                         arrival time                          -0.562    
  -------------------------------------------------------------------
                         slack                                  3.484    

Slack (MET) :             3.506ns  (required time - arrival time)
  Source:                 kr260_min_i/axi_ic_PS_0_M_AXI_HPM0_FPD/s00_couplers/auto_cc/inst/gen_clock_conv.gen_async_conv.asyncfifo_axi/inst_fifo_gen/gaxi_full_lite.gread_ch.grach2.axi_rach/grf.rf/gntv_or_sync_fifo.gcx.clkx/wr_pntr_cdc_inst/src_gray_ff_reg[0]/C
                            (rising edge-triggered cell FDRE clocked by clk_pl_0  {rise@0.000ns fall@2.000ns period=4.000ns})
  Destination:            kr260_min_i/axi_ic_PS_0_M_AXI_HPM0_FPD/s00_couplers/auto_cc/inst/gen_clock_conv.gen_async_conv.asyncfifo_axi/inst_fifo_gen/gaxi_full_lite.gread_ch.grach2.axi_rach/grf.rf/gntv_or_sync_fifo.gcx.clkx/wr_pntr_cdc_inst/dest_graysync_ff_reg[0][0]/D
                            (rising edge-triggered cell FDRE clocked by clk_out1_kr260_min_clk_wiz_0  {rise@0.000ns fall@2.500ns period=5.000ns})
  Path Group:             clk_out1_kr260_min_clk_wiz_0
  Path Type:              Setup (Max at Slow Process Corner)
  Requirement:            4.000ns  (MaxDelay Path 4.000ns)
  Data Path Delay:        0.540ns  (logic 0.116ns (21.481%)  route 0.424ns (78.519%))
  Logic Levels:           0  
  Timing Exception:       MaxDelay Path 4.000ns -datapath_only

    Location             Delay type                Incr(ns)  Path(ns)    Netlist Resource(s)
  -------------------------------------------------------------------    -------------------
    SLICE_X2Y112                                      0.000     0.000 r  kr260_min_i/axi_ic_PS_0_M_AXI_HPM0_FPD/s00_couplers/auto_cc/inst/gen_clock_conv.gen_async_conv.asyncfifo_axi/inst_fifo_gen/gaxi_full_lite.gread_ch.grach2.axi_rach/grf.rf/gntv_or_sync_fifo.gcx.clkx/wr_pntr_cdc_inst/src_gray_ff_reg[0]/C
    SLICE_X2Y112         FDRE (Prop_DFF_SLICEM_C_Q)
                                                      0.116     0.116 r  kr260_min_i/axi_ic_PS_0_M_AXI_HPM0_FPD/s00_couplers/auto_cc/inst/gen_clock_conv.gen_async_conv.asyncfifo_axi/inst_fifo_gen/gaxi_full_lite.gread_ch.grach2.axi_rach/grf.rf/gntv_or_sync_fifo.gcx.clkx/wr_pntr_cdc_inst/src_gray_ff_reg[0]/Q
                         net (fo=1, routed)           0.424     0.540    kr260_min_i/axi_ic_PS_0_M_AXI_HPM0_FPD/s00_couplers/auto_cc/inst/gen_clock_conv.gen_async_conv.asyncfifo_axi/inst_fifo_gen/gaxi_full_lite.gread_ch.grach2.axi_rach/grf.rf/gntv_or_sync_fifo.gcx.clkx/wr_pntr_cdc_inst/async_path[0]
    SLICE_X2Y112         FDRE                                         r  kr260_min_i/axi_ic_PS_0_M_AXI_HPM0_FPD/s00_couplers/auto_cc/inst/gen_clock_conv.gen_async_conv.asyncfifo_axi/inst_fifo_gen/gaxi_full_lite.gread_ch.grach2.axi_rach/grf.rf/gntv_or_sync_fifo.gcx.clkx/wr_pntr_cdc_inst/dest_graysync_ff_reg[0][0]/D
  -------------------------------------------------------------------    -------------------

                         max delay                    4.000     4.000    
    SLICE_X2Y112         FDRE (Setup_GFF2_SLICEM_C_D)
                                                      0.046     4.046    kr260_min_i/axi_ic_PS_0_M_AXI_HPM0_FPD/s00_couplers/auto_cc/inst/gen_clock_conv.gen_async_conv.asyncfifo_axi/inst_fifo_gen/gaxi_full_lite.gread_ch.grach2.axi_rach/grf.rf/gntv_or_sync_fifo.gcx.clkx/wr_pntr_cdc_inst/dest_graysync_ff_reg[0][0]
  -------------------------------------------------------------------
                         required time                          4.046    
                         arrival time                          -0.540    
  -------------------------------------------------------------------
                         slack                                  3.506    

Slack (MET) :             3.508ns  (required time - arrival time)
  Source:                 kr260_min_i/axi_ic_PS_0_S_AXI_HP1_FPD/s00_couplers/auto_cc/inst/gen_clock_conv.gen_async_conv.asyncfifo_axi/inst_fifo_gen/gaxi_full_lite.gwrite_ch.gwrch2.axi_wrch/grf.rf/gntv_or_sync_fifo.gcx.clkx/wr_pntr_cdc_inst/src_gray_ff_reg[3]/C
                            (rising edge-triggered cell FDRE clocked by clk_pl_0  {rise@0.000ns fall@2.000ns period=4.000ns})
  Destination:            kr260_min_i/axi_ic_PS_0_S_AXI_HP1_FPD/s00_couplers/auto_cc/inst/gen_clock_conv.gen_async_conv.asyncfifo_axi/inst_fifo_gen/gaxi_full_lite.gwrite_ch.gwrch2.axi_wrch/grf.rf/gntv_or_sync_fifo.gcx.clkx/wr_pntr_cdc_inst/dest_graysync_ff_reg[0][3]/D
                            (rising edge-triggered cell FDRE clocked by clk_out1_kr260_min_clk_wiz_0  {rise@0.000ns fall@2.500ns period=5.000ns})
  Path Group:             clk_out1_kr260_min_clk_wiz_0
  Path Type:              Setup (Max at Slow Process Corner)
  Requirement:            4.000ns  (MaxDelay Path 4.000ns)
  Data Path Delay:        0.537ns  (logic 0.113ns (21.043%)  route 0.424ns (78.957%))
  Logic Levels:           0  
  Timing Exception:       MaxDelay Path 4.000ns -datapath_only

    Location             Delay type                Incr(ns)  Path(ns)    Netlist Resource(s)
  -------------------------------------------------------------------    -------------------
    SLICE_X5Y222                                      0.000     0.000 r  kr260_min_i/axi_ic_PS_0_S_AXI_HP1_FPD/s00_couplers/auto_cc/inst/gen_clock_conv.gen_async_conv.asyncfifo_axi/inst_fifo_gen/gaxi_full_lite.gwrite_ch.gwrch2.axi_wrch/grf.rf/gntv_or_sync_fifo.gcx.clkx/wr_pntr_cdc_inst/src_gray_ff_reg[3]/C
    SLICE_X5Y222         FDRE (Prop_EFF_SLICEM_C_Q)
                                                      0.113     0.113 r  kr260_min_i/axi_ic_PS_0_S_AXI_HP1_FPD/s00_couplers/auto_cc/inst/gen_clock_conv.gen_async_conv.asyncfifo_axi/inst_fifo_gen/gaxi_full_lite.gwrite_ch.gwrch2.axi_wrch/grf.rf/gntv_or_sync_fifo.gcx.clkx/wr_pntr_cdc_inst/src_gray_ff_reg[3]/Q
                         net (fo=1, routed)           0.424     0.537    kr260_min_i/axi_ic_PS_0_S_AXI_HP1_FPD/s00_couplers/auto_cc/inst/gen_clock_conv.gen_async_conv.asyncfifo_axi/inst_fifo_gen/gaxi_full_lite.gwrite_ch.gwrch2.axi_wrch/grf.rf/gntv_or_sync_fifo.gcx.clkx/wr_pntr_cdc_inst/async_path[3]
    SLICE_X5Y222         FDRE                                         r  kr260_min_i/axi_ic_PS_0_S_AXI_HP1_FPD/s00_couplers/auto_cc/inst/gen_clock_conv.gen_async_conv.asyncfifo_axi/inst_fifo_gen/gaxi_full_lite.gwrite_ch.gwrch2.axi_wrch/grf.rf/gntv_or_sync_fifo.gcx.clkx/wr_pntr_cdc_inst/dest_graysync_ff_reg[0][3]/D
  -------------------------------------------------------------------    -------------------

                         max delay                    4.000     4.000    
    SLICE_X5Y222         FDRE (Setup_DFF2_SLICEM_C_D)
                                                      0.045     4.045    kr260_min_i/axi_ic_PS_0_S_AXI_HP1_FPD/s00_couplers/auto_cc/inst/gen_clock_conv.gen_async_conv.asyncfifo_axi/inst_fifo_gen/gaxi_full_lite.gwrite_ch.gwrch2.axi_wrch/grf.rf/gntv_or_sync_fifo.gcx.clkx/wr_pntr_cdc_inst/dest_graysync_ff_reg[0][3]
  -------------------------------------------------------------------
                         required time                          4.045    
                         arrival time                          -0.537    
  -------------------------------------------------------------------
                         slack                                  3.508    

Slack (MET) :             3.519ns  (required time - arrival time)
  Source:                 kr260_min_i/axi_ic_PS_0_M_AXI_HPM0_FPD/s00_couplers/auto_cc/inst/gen_clock_conv.gen_async_conv.asyncfifo_axi/inst_fifo_gen/gaxi_full_lite.gread_ch.grdch2.axi_rdch/grf.rf/gntv_or_sync_fifo.gcx.clkx/rd_pntr_cdc_inst/src_gray_ff_reg[3]/C
                            (rising edge-triggered cell FDRE clocked by clk_pl_0  {rise@0.000ns fall@2.000ns period=4.000ns})
  Destination:            kr260_min_i/axi_ic_PS_0_M_AXI_HPM0_FPD/s00_couplers/auto_cc/inst/gen_clock_conv.gen_async_conv.asyncfifo_axi/inst_fifo_gen/gaxi_full_lite.gread_ch.grdch2.axi_rdch/grf.rf/gntv_or_sync_fifo.gcx.clkx/rd_pntr_cdc_inst/dest_graysync_ff_reg[0][3]/D
                            (rising edge-triggered cell FDRE clocked by clk_out1_kr260_min_clk_wiz_0  {rise@0.000ns fall@2.500ns period=5.000ns})
  Path Group:             clk_out1_kr260_min_clk_wiz_0
  Path Type:              Setup (Max at Slow Process Corner)
  Requirement:            4.000ns  (MaxDelay Path 4.000ns)
  Data Path Delay:        0.527ns  (logic 0.113ns (21.442%)  route 0.414ns (78.558%))
  Logic Levels:           0  
  Timing Exception:       MaxDelay Path 4.000ns -datapath_only

    Location             Delay type                Incr(ns)  Path(ns)    Netlist Resource(s)
  -------------------------------------------------------------------    -------------------
    SLICE_X5Y118                                      0.000     0.000 r  kr260_min_i/axi_ic_PS_0_M_AXI_HPM0_FPD/s00_couplers/auto_cc/inst/gen_clock_conv.gen_async_conv.asyncfifo_axi/inst_fifo_gen/gaxi_full_lite.gread_ch.grdch2.axi_rdch/grf.rf/gntv_or_sync_fifo.gcx.clkx/rd_pntr_cdc_inst/src_gray_ff_reg[3]/C
    SLICE_X5Y118         FDRE (Prop_AFF_SLICEM_C_Q)
                                                      0.113     0.113 r  kr260_min_i/axi_ic_PS_0_M_AXI_HPM0_FPD/s00_couplers/auto_cc/inst/gen_clock_conv.gen_async_conv.asyncfifo_axi/inst_fifo_gen/gaxi_full_lite.gread_ch.grdch2.axi_rdch/grf.rf/gntv_or_sync_fifo.gcx.clkx/rd_pntr_cdc_inst/src_gray_ff_reg[3]/Q
                         net (fo=1, routed)           0.414     0.527    kr260_min_i/axi_ic_PS_0_M_AXI_HPM0_FPD/s00_couplers/auto_cc/inst/gen_clock_conv.gen_async_conv.asyncfifo_axi/inst_fifo_gen/gaxi_full_lite.gread_ch.grdch2.axi_rdch/grf.rf/gntv_or_sync_fifo.gcx.clkx/rd_pntr_cdc_inst/async_path[3]
    SLICE_X5Y118         FDRE                                         r  kr260_min_i/axi_ic_PS_0_M_AXI_HPM0_FPD/s00_couplers/auto_cc/inst/gen_clock_conv.gen_async_conv.asyncfifo_axi/inst_fifo_gen/gaxi_full_lite.gread_ch.grdch2.axi_rdch/grf.rf/gntv_or_sync_fifo.gcx.clkx/rd_pntr_cdc_inst/dest_graysync_ff_reg[0][3]/D
  -------------------------------------------------------------------    -------------------

                         max delay                    4.000     4.000    
    SLICE_X5Y118         FDRE (Setup_GFF2_SLICEM_C_D)
                                                      0.046     4.046    kr260_min_i/axi_ic_PS_0_M_AXI_HPM0_FPD/s00_couplers/auto_cc/inst/gen_clock_conv.gen_async_conv.asyncfifo_axi/inst_fifo_gen/gaxi_full_lite.gread_ch.grdch2.axi_rdch/grf.rf/gntv_or_sync_fifo.gcx.clkx/rd_pntr_cdc_inst/dest_graysync_ff_reg[0][3]
  -------------------------------------------------------------------
                         required time                          4.046    
                         arrival time                          -0.527    
  -------------------------------------------------------------------
                         slack                                  3.519    

Slack (MET) :             3.520ns  (required time - arrival time)
  Source:                 kr260_min_i/axi_ic_PS_0_S_AXI_HPC0_FPD/s00_couplers/auto_cc/inst/gen_clock_conv.gen_async_conv.asyncfifo_axi/inst_fifo_gen/gaxi_full_lite.gwrite_ch.gwdch2.axi_wdch/grf.rf/gntv_or_sync_fifo.gcx.clkx/rd_pntr_cdc_inst/src_gray_ff_reg[3]/C
                            (rising edge-triggered cell FDRE clocked by clk_pl_0  {rise@0.000ns fall@2.000ns period=4.000ns})
  Destination:            kr260_min_i/axi_ic_PS_0_S_AXI_HPC0_FPD/s00_couplers/auto_cc/inst/gen_clock_conv.gen_async_conv.asyncfifo_axi/inst_fifo_gen/gaxi_full_lite.gwrite_ch.gwdch2.axi_wdch/grf.rf/gntv_or_sync_fifo.gcx.clkx/rd_pntr_cdc_inst/dest_graysync_ff_reg[0][3]/D
                            (rising edge-triggered cell FDRE clocked by clk_out1_kr260_min_clk_wiz_0  {rise@0.000ns fall@2.500ns period=5.000ns})
  Path Group:             clk_out1_kr260_min_clk_wiz_0
  Path Type:              Setup (Max at Slow Process Corner)
  Requirement:            4.000ns  (MaxDelay Path 4.000ns)
  Data Path Delay:        0.525ns  (logic 0.114ns (21.714%)  route 0.411ns (78.286%))
  Logic Levels:           0  
  Timing Exception:       MaxDelay Path 4.000ns -datapath_only

    Location             Delay type                Incr(ns)  Path(ns)    Netlist Resource(s)
  -------------------------------------------------------------------    -------------------
    SLICE_X3Y19                                       0.000     0.000 r  kr260_min_i/axi_ic_PS_0_S_AXI_HPC0_FPD/s00_couplers/auto_cc/inst/gen_clock_conv.gen_async_conv.asyncfifo_axi/inst_fifo_gen/gaxi_full_lite.gwrite_ch.gwdch2.axi_wdch/grf.rf/gntv_or_sync_fifo.gcx.clkx/rd_pntr_cdc_inst/src_gray_ff_reg[3]/C
    SLICE_X3Y19          FDRE (Prop_EFF_SLICEL_C_Q)
                                                      0.114     0.114 r  kr260_min_i/axi_ic_PS_0_S_AXI_HPC0_FPD/s00_couplers/auto_cc/inst/gen_clock_conv.gen_async_conv.asyncfifo_axi/inst_fifo_gen/gaxi_full_lite.gwrite_ch.gwdch2.axi_wdch/grf.rf/gntv_or_sync_fifo.gcx.clkx/rd_pntr_cdc_inst/src_gray_ff_reg[3]/Q
                         net (fo=1, routed)           0.411     0.525    kr260_min_i/axi_ic_PS_0_S_AXI_HPC0_FPD/s00_couplers/auto_cc/inst/gen_clock_conv.gen_async_conv.asyncfifo_axi/inst_fifo_gen/gaxi_full_lite.gwrite_ch.gwdch2.axi_wdch/grf.rf/gntv_or_sync_fifo.gcx.clkx/rd_pntr_cdc_inst/async_path[3]
    SLICE_X2Y18          FDRE                                         r  kr260_min_i/axi_ic_PS_0_S_AXI_HPC0_FPD/s00_couplers/auto_cc/inst/gen_clock_conv.gen_async_conv.asyncfifo_axi/inst_fifo_gen/gaxi_full_lite.gwrite_ch.gwdch2.axi_wdch/grf.rf/gntv_or_sync_fifo.gcx.clkx/rd_pntr_cdc_inst/dest_graysync_ff_reg[0][3]/D
  -------------------------------------------------------------------    -------------------

                         max delay                    4.000     4.000    
    SLICE_X2Y18          FDRE (Setup_DFF2_SLICEM_C_D)
                                                      0.045     4.045    kr260_min_i/axi_ic_PS_0_S_AXI_HPC0_FPD/s00_couplers/auto_cc/inst/gen_clock_conv.gen_async_conv.asyncfifo_axi/inst_fifo_gen/gaxi_full_lite.gwrite_ch.gwdch2.axi_wdch/grf.rf/gntv_or_sync_fifo.gcx.clkx/rd_pntr_cdc_inst/dest_graysync_ff_reg[0][3]
  -------------------------------------------------------------------
                         required time                          4.045    
                         arrival time                          -0.525    
  -------------------------------------------------------------------
                         slack                                  3.520    





---------------------------------------------------------------------------------------------------
Path Group:  **async_default**
From Clock:  clk_out1_kr260_min_clk_wiz_0
  To Clock:  clk_out1_kr260_min_clk_wiz_0

Setup :            0  Failing Endpoints,  Worst Slack        3.305ns,  Total Violation        0.000ns
Hold  :            0  Failing Endpoints,  Worst Slack        0.136ns,  Total Violation        0.000ns
---------------------------------------------------------------------------------------------------


Max Delay Paths
--------------------------------------------------------------------------------------
Slack (MET) :             3.305ns  (required time - arrival time)
  Source:                 kr260_min_i/axi_ic_PS_0_S_AXI_HPC0_FPD/s00_couplers/auto_cc/inst/gen_clock_conv.gen_async_conv.asyncfifo_axi/inst_fifo_gen/gaxi_full_lite.gread_ch.grdch2.axi_rdch/grf.rf/rstblk/ngwrdrst.grst.g7serrst.gnsckt_wrst.gic_rst.rst_rd_reg2_inst/arststages_ff_reg[1]/C
                            (rising edge-triggered cell FDPE clocked by clk_out1_kr260_min_clk_wiz_0  {rise@0.000ns fall@2.500ns period=5.000ns})
  Destination:            kr260_min_i/axi_ic_PS_0_S_AXI_HPC0_FPD/s00_couplers/auto_cc/inst/gen_clock_conv.gen_async_conv.asyncfifo_axi/inst_fifo_gen/gaxi_full_lite.gread_ch.grdch2.axi_rdch/grf.rf/rstblk/ngwrdrst.grst.g7serrst.gnsckt_wrst.gic_rst.sckt_rd_rst_ic_reg/PRE
                            (recovery check against rising-edge clock clk_out1_kr260_min_clk_wiz_0  {rise@0.000ns fall@2.500ns period=5.000ns})
  Path Group:             **async_default**
  Path Type:              Recovery (Max at Slow Process Corner)
  Requirement:            5.000ns  (clk_out1_kr260_min_clk_wiz_0 rise@5.000ns - clk_out1_kr260_min_clk_wiz_0 rise@0.000ns)
  Data Path Delay:        1.316ns  (logic 0.116ns (8.815%)  route 1.200ns (91.185%))
  Logic Levels:           0  
  Clock Path Skew:        -0.229ns (DCD - SCD + CPR)
    Destination Clock Delay (DCD):    5.404ns = ( 10.404 - 5.000 ) 
    Source Clock Delay      (SCD):    5.172ns
    Clock Pessimism Removal (CPR):    -0.461ns
  Clock Uncertainty:      0.057ns  ((TSJ^2 + DJ^2)^1/2) / 2 + PE
    Total System Jitter     (TSJ):    0.071ns
    Discrete Jitter          (DJ):    0.091ns
    Phase Error              (PE):    0.000ns
  Clock Net Delay (Source):      2.204ns (routing 0.724ns, distribution 1.480ns)
  Clock Net Delay (Destination): 1.872ns (routing 0.669ns, distribution 1.203ns)

    Location             Delay type                Incr(ns)  Path(ns)    Netlist Resource(s)
  -------------------------------------------------------------------    -------------------
                         (clock clk_out1_kr260_min_clk_wiz_0 rise edge)
                                                      0.000     0.000 r  
    BUFG_PS_X0Y80        BUFG_PS                      0.000     0.000 r  kr260_min_i/PS_0/inst/buffer_pl_clk_0.PL_CLK_0_BUFG/O
                         net (fo=5669, routed)        2.679     2.679    kr260_min_i/clk_wiz/inst/clk_in1
    MMCM_X0Y0            MMCME4_ADV (Prop_MMCM_CLKIN1_CLKOUT0)
                                                     -0.103     2.576 r  kr260_min_i/clk_wiz/inst/mmcme4_adv_inst/CLKOUT0
                         net (fo=1, routed)           0.348     2.924    kr260_min_i/clk_wiz/inst/clk_out1_kr260_min_clk_wiz_0
    BUFGCE_X0Y1          BUFGCE (Prop_BUFCE_BUFGCE_I_O)
                                                      0.044     2.968 r  kr260_min_i/clk_wiz/inst/clkout1_buf/O
    X1Y1 (CLOCK_ROOT)    net (fo=74592, routed)       2.204     5.172    kr260_min_i/axi_ic_PS_0_S_AXI_HPC0_FPD/s00_couplers/auto_cc/inst/gen_clock_conv.gen_async_conv.asyncfifo_axi/inst_fifo_gen/gaxi_full_lite.gread_ch.grdch2.axi_rdch/grf.rf/rstblk/ngwrdrst.grst.g7serrst.gnsckt_wrst.gic_rst.rst_rd_reg2_inst/dest_clk
    SLICE_X11Y46         FDPE                                         r  kr260_min_i/axi_ic_PS_0_S_AXI_HPC0_FPD/s00_couplers/auto_cc/inst/gen_clock_conv.gen_async_conv.asyncfifo_axi/inst_fifo_gen/gaxi_full_lite.gread_ch.grdch2.axi_rdch/grf.rf/rstblk/ngwrdrst.grst.g7serrst.gnsckt_wrst.gic_rst.rst_rd_reg2_inst/arststages_ff_reg[1]/C
  -------------------------------------------------------------------    -------------------
    SLICE_X11Y46         FDPE (Prop_AFF2_SLICEL_C_Q)
                                                      0.116     5.288 f  kr260_min_i/axi_ic_PS_0_S_AXI_HPC0_FPD/s00_couplers/auto_cc/inst/gen_clock_conv.gen_async_conv.asyncfifo_axi/inst_fifo_gen/gaxi_full_lite.gread_ch.grdch2.axi_rdch/grf.rf/rstblk/ngwrdrst.grst.g7serrst.gnsckt_wrst.gic_rst.rst_rd_reg2_inst/arststages_ff_reg[1]/Q
                         net (fo=3, routed)           1.200     6.488    kr260_min_i/axi_ic_PS_0_S_AXI_HPC0_FPD/s00_couplers/auto_cc/inst/gen_clock_conv.gen_async_conv.asyncfifo_axi/inst_fifo_gen/gaxi_full_lite.gread_ch.grdch2.axi_rdch/grf.rf/rstblk/ngwrdrst.grst.rst_rd_reg2
    SLICE_X38Y46         FDPE                                         f  kr260_min_i/axi_ic_PS_0_S_AXI_HPC0_FPD/s00_couplers/auto_cc/inst/gen_clock_conv.gen_async_conv.asyncfifo_axi/inst_fifo_gen/gaxi_full_lite.gread_ch.grdch2.axi_rdch/grf.rf/rstblk/ngwrdrst.grst.g7serrst.gnsckt_wrst.gic_rst.sckt_rd_rst_ic_reg/PRE
  -------------------------------------------------------------------    -------------------

                         (clock clk_out1_kr260_min_clk_wiz_0 rise edge)
                                                      5.000     5.000 r  
    BUFG_PS_X0Y80        BUFG_PS                      0.000     5.000 r  kr260_min_i/PS_0/inst/buffer_pl_clk_0.PL_CLK_0_BUFG/O
                         net (fo=5669, routed)        2.447     7.447    kr260_min_i/clk_wiz/inst/clk_in1
    MMCM_X0Y0            MMCME4_ADV (Prop_MMCM_CLKIN1_CLKOUT0)
                                                      0.739     8.186 r  kr260_min_i/clk_wiz/inst/mmcme4_adv_inst/CLKOUT0
                         net (fo=1, routed)           0.307     8.493    kr260_min_i/clk_wiz/inst/clk_out1_kr260_min_clk_wiz_0
    BUFGCE_X0Y1          BUFGCE (Prop_BUFCE_BUFGCE_I_O)
                                                      0.039     8.532 r  kr260_min_i/clk_wiz/inst/clkout1_buf/O
    X1Y1 (CLOCK_ROOT)    net (fo=74592, routed)       1.872    10.404    kr260_min_i/axi_ic_PS_0_S_AXI_HPC0_FPD/s00_couplers/auto_cc/inst/gen_clock_conv.gen_async_conv.asyncfifo_axi/inst_fifo_gen/gaxi_full_lite.gread_ch.grdch2.axi_rdch/grf.rf/rstblk/s_aclk
    SLICE_X38Y46         FDPE                                         r  kr260_min_i/axi_ic_PS_0_S_AXI_HPC0_FPD/s00_couplers/auto_cc/inst/gen_clock_conv.gen_async_conv.asyncfifo_axi/inst_fifo_gen/gaxi_full_lite.gread_ch.grdch2.axi_rdch/grf.rf/rstblk/ngwrdrst.grst.g7serrst.gnsckt_wrst.gic_rst.sckt_rd_rst_ic_reg/C
                         clock pessimism             -0.461     9.943    
                         clock uncertainty           -0.057     9.886    
    SLICE_X38Y46         FDPE (Recov_HFF2_SLICEM_C_PRE)
                                                     -0.093     9.793    kr260_min_i/axi_ic_PS_0_S_AXI_HPC0_FPD/s00_couplers/auto_cc/inst/gen_clock_conv.gen_async_conv.asyncfifo_axi/inst_fifo_gen/gaxi_full_lite.gread_ch.grdch2.axi_rdch/grf.rf/rstblk/ngwrdrst.grst.g7serrst.gnsckt_wrst.gic_rst.sckt_rd_rst_ic_reg
  -------------------------------------------------------------------
                         required time                          9.793    
                         arrival time                          -6.488    
  -------------------------------------------------------------------
                         slack                                  3.305    

Slack (MET) :             3.305ns  (required time - arrival time)
  Source:                 kr260_min_i/axi_ic_PS_0_S_AXI_HPC0_FPD/s00_couplers/auto_cc/inst/gen_clock_conv.gen_async_conv.asyncfifo_axi/inst_fifo_gen/gaxi_full_lite.gread_ch.grdch2.axi_rdch/grf.rf/rstblk/ngwrdrst.grst.g7serrst.gnsckt_wrst.gic_rst.rst_rd_reg2_inst/arststages_ff_reg[1]/C
                            (rising edge-triggered cell FDPE clocked by clk_out1_kr260_min_clk_wiz_0  {rise@0.000ns fall@2.500ns period=5.000ns})
  Destination:            kr260_min_i/axi_ic_PS_0_S_AXI_HPC0_FPD/s00_couplers/auto_cc/inst/gen_clock_conv.gen_async_conv.asyncfifo_axi/inst_fifo_gen/gaxi_full_lite.gread_ch.grdch2.axi_rdch/grf.rf/rstblk/ngwrdrst.grst.g7serrst.gnsckt_wrst.gic_rst.wr_rst_rd_ext_reg[0]/CLR
                            (recovery check against rising-edge clock clk_out1_kr260_min_clk_wiz_0  {rise@0.000ns fall@2.500ns period=5.000ns})
  Path Group:             **async_default**
  Path Type:              Recovery (Max at Slow Process Corner)
  Requirement:            5.000ns  (clk_out1_kr260_min_clk_wiz_0 rise@5.000ns - clk_out1_kr260_min_clk_wiz_0 rise@0.000ns)
  Data Path Delay:        1.316ns  (logic 0.116ns (8.815%)  route 1.200ns (91.185%))
  Logic Levels:           0  
  Clock Path Skew:        -0.229ns (DCD - SCD + CPR)
    Destination Clock Delay (DCD):    5.404ns = ( 10.404 - 5.000 ) 
    Source Clock Delay      (SCD):    5.172ns
    Clock Pessimism Removal (CPR):    -0.461ns
  Clock Uncertainty:      0.057ns  ((TSJ^2 + DJ^2)^1/2) / 2 + PE
    Total System Jitter     (TSJ):    0.071ns
    Discrete Jitter          (DJ):    0.091ns
    Phase Error              (PE):    0.000ns
  Clock Net Delay (Source):      2.204ns (routing 0.724ns, distribution 1.480ns)
  Clock Net Delay (Destination): 1.872ns (routing 0.669ns, distribution 1.203ns)

    Location             Delay type                Incr(ns)  Path(ns)    Netlist Resource(s)
  -------------------------------------------------------------------    -------------------
                         (clock clk_out1_kr260_min_clk_wiz_0 rise edge)
                                                      0.000     0.000 r  
    BUFG_PS_X0Y80        BUFG_PS                      0.000     0.000 r  kr260_min_i/PS_0/inst/buffer_pl_clk_0.PL_CLK_0_BUFG/O
                         net (fo=5669, routed)        2.679     2.679    kr260_min_i/clk_wiz/inst/clk_in1
    MMCM_X0Y0            MMCME4_ADV (Prop_MMCM_CLKIN1_CLKOUT0)
                                                     -0.103     2.576 r  kr260_min_i/clk_wiz/inst/mmcme4_adv_inst/CLKOUT0
                         net (fo=1, routed)           0.348     2.924    kr260_min_i/clk_wiz/inst/clk_out1_kr260_min_clk_wiz_0
    BUFGCE_X0Y1          BUFGCE (Prop_BUFCE_BUFGCE_I_O)
                                                      0.044     2.968 r  kr260_min_i/clk_wiz/inst/clkout1_buf/O
    X1Y1 (CLOCK_ROOT)    net (fo=74592, routed)       2.204     5.172    kr260_min_i/axi_ic_PS_0_S_AXI_HPC0_FPD/s00_couplers/auto_cc/inst/gen_clock_conv.gen_async_conv.asyncfifo_axi/inst_fifo_gen/gaxi_full_lite.gread_ch.grdch2.axi_rdch/grf.rf/rstblk/ngwrdrst.grst.g7serrst.gnsckt_wrst.gic_rst.rst_rd_reg2_inst/dest_clk
    SLICE_X11Y46         FDPE                                         r  kr260_min_i/axi_ic_PS_0_S_AXI_HPC0_FPD/s00_couplers/auto_cc/inst/gen_clock_conv.gen_async_conv.asyncfifo_axi/inst_fifo_gen/gaxi_full_lite.gread_ch.grdch2.axi_rdch/grf.rf/rstblk/ngwrdrst.grst.g7serrst.gnsckt_wrst.gic_rst.rst_rd_reg2_inst/arststages_ff_reg[1]/C
  -------------------------------------------------------------------    -------------------
    SLICE_X11Y46         FDPE (Prop_AFF2_SLICEL_C_Q)
                                                      0.116     5.288 f  kr260_min_i/axi_ic_PS_0_S_AXI_HPC0_FPD/s00_couplers/auto_cc/inst/gen_clock_conv.gen_async_conv.asyncfifo_axi/inst_fifo_gen/gaxi_full_lite.gread_ch.grdch2.axi_rdch/grf.rf/rstblk/ngwrdrst.grst.g7serrst.gnsckt_wrst.gic_rst.rst_rd_reg2_inst/arststages_ff_reg[1]/Q
                         net (fo=3, routed)           1.200     6.488    kr260_min_i/axi_ic_PS_0_S_AXI_HPC0_FPD/s00_couplers/auto_cc/inst/gen_clock_conv.gen_async_conv.asyncfifo_axi/inst_fifo_gen/gaxi_full_lite.gread_ch.grdch2.axi_rdch/grf.rf/rstblk/ngwrdrst.grst.rst_rd_reg2
    SLICE_X38Y46         FDCE                                         f  kr260_min_i/axi_ic_PS_0_S_AXI_HPC0_FPD/s00_couplers/auto_cc/inst/gen_clock_conv.gen_async_conv.asyncfifo_axi/inst_fifo_gen/gaxi_full_lite.gread_ch.grdch2.axi_rdch/grf.rf/rstblk/ngwrdrst.grst.g7serrst.gnsckt_wrst.gic_rst.wr_rst_rd_ext_reg[0]/CLR
  -------------------------------------------------------------------    -------------------

                         (clock clk_out1_kr260_min_clk_wiz_0 rise edge)
                                                      5.000     5.000 r  
    BUFG_PS_X0Y80        BUFG_PS                      0.000     5.000 r  kr260_min_i/PS_0/inst/buffer_pl_clk_0.PL_CLK_0_BUFG/O
                         net (fo=5669, routed)        2.447     7.447    kr260_min_i/clk_wiz/inst/clk_in1
    MMCM_X0Y0            MMCME4_ADV (Prop_MMCM_CLKIN1_CLKOUT0)
                                                      0.739     8.186 r  kr260_min_i/clk_wiz/inst/mmcme4_adv_inst/CLKOUT0
                         net (fo=1, routed)           0.307     8.493    kr260_min_i/clk_wiz/inst/clk_out1_kr260_min_clk_wiz_0
    BUFGCE_X0Y1          BUFGCE (Prop_BUFCE_BUFGCE_I_O)
                                                      0.039     8.532 r  kr260_min_i/clk_wiz/inst/clkout1_buf/O
    X1Y1 (CLOCK_ROOT)    net (fo=74592, routed)       1.872    10.404    kr260_min_i/axi_ic_PS_0_S_AXI_HPC0_FPD/s00_couplers/auto_cc/inst/gen_clock_conv.gen_async_conv.asyncfifo_axi/inst_fifo_gen/gaxi_full_lite.gread_ch.grdch2.axi_rdch/grf.rf/rstblk/s_aclk
    SLICE_X38Y46         FDCE                                         r  kr260_min_i/axi_ic_PS_0_S_AXI_HPC0_FPD/s00_couplers/auto_cc/inst/gen_clock_conv.gen_async_conv.asyncfifo_axi/inst_fifo_gen/gaxi_full_lite.gread_ch.grdch2.axi_rdch/grf.rf/rstblk/ngwrdrst.grst.g7serrst.gnsckt_wrst.gic_rst.wr_rst_rd_ext_reg[0]/C
                         clock pessimism             -0.461     9.943    
                         clock uncertainty           -0.057     9.886    
    SLICE_X38Y46         FDCE (Recov_EFF_SLICEM_C_CLR)
                                                     -0.093     9.793    kr260_min_i/axi_ic_PS_0_S_AXI_HPC0_FPD/s00_couplers/auto_cc/inst/gen_clock_conv.gen_async_conv.asyncfifo_axi/inst_fifo_gen/gaxi_full_lite.gread_ch.grdch2.axi_rdch/grf.rf/rstblk/ngwrdrst.grst.g7serrst.gnsckt_wrst.gic_rst.wr_rst_rd_ext_reg[0]
  -------------------------------------------------------------------
                         required time                          9.793    
                         arrival time                          -6.488    
  -------------------------------------------------------------------
                         slack                                  3.305    

Slack (MET) :             3.305ns  (required time - arrival time)
  Source:                 kr260_min_i/axi_ic_PS_0_S_AXI_HPC0_FPD/s00_couplers/auto_cc/inst/gen_clock_conv.gen_async_conv.asyncfifo_axi/inst_fifo_gen/gaxi_full_lite.gread_ch.grdch2.axi_rdch/grf.rf/rstblk/ngwrdrst.grst.g7serrst.gnsckt_wrst.gic_rst.rst_rd_reg2_inst/arststages_ff_reg[1]/C
                            (rising edge-triggered cell FDPE clocked by clk_out1_kr260_min_clk_wiz_0  {rise@0.000ns fall@2.500ns period=5.000ns})
  Destination:            kr260_min_i/axi_ic_PS_0_S_AXI_HPC0_FPD/s00_couplers/auto_cc/inst/gen_clock_conv.gen_async_conv.asyncfifo_axi/inst_fifo_gen/gaxi_full_lite.gread_ch.grdch2.axi_rdch/grf.rf/rstblk/ngwrdrst.grst.g7serrst.gnsckt_wrst.gic_rst.wr_rst_rd_ext_reg[1]/CLR
                            (recovery check against rising-edge clock clk_out1_kr260_min_clk_wiz_0  {rise@0.000ns fall@2.500ns period=5.000ns})
  Path Group:             **async_default**
  Path Type:              Recovery (Max at Slow Process Corner)
  Requirement:            5.000ns  (clk_out1_kr260_min_clk_wiz_0 rise@5.000ns - clk_out1_kr260_min_clk_wiz_0 rise@0.000ns)
  Data Path Delay:        1.316ns  (logic 0.116ns (8.815%)  route 1.200ns (91.185%))
  Logic Levels:           0  
  Clock Path Skew:        -0.229ns (DCD - SCD + CPR)
    Destination Clock Delay (DCD):    5.404ns = ( 10.404 - 5.000 ) 
    Source Clock Delay      (SCD):    5.172ns
    Clock Pessimism Removal (CPR):    -0.461ns
  Clock Uncertainty:      0.057ns  ((TSJ^2 + DJ^2)^1/2) / 2 + PE
    Total System Jitter     (TSJ):    0.071ns
    Discrete Jitter          (DJ):    0.091ns
    Phase Error              (PE):    0.000ns
  Clock Net Delay (Source):      2.204ns (routing 0.724ns, distribution 1.480ns)
  Clock Net Delay (Destination): 1.872ns (routing 0.669ns, distribution 1.203ns)

    Location             Delay type                Incr(ns)  Path(ns)    Netlist Resource(s)
  -------------------------------------------------------------------    -------------------
                         (clock clk_out1_kr260_min_clk_wiz_0 rise edge)
                                                      0.000     0.000 r  
    BUFG_PS_X0Y80        BUFG_PS                      0.000     0.000 r  kr260_min_i/PS_0/inst/buffer_pl_clk_0.PL_CLK_0_BUFG/O
                         net (fo=5669, routed)        2.679     2.679    kr260_min_i/clk_wiz/inst/clk_in1
    MMCM_X0Y0            MMCME4_ADV (Prop_MMCM_CLKIN1_CLKOUT0)
                                                     -0.103     2.576 r  kr260_min_i/clk_wiz/inst/mmcme4_adv_inst/CLKOUT0
                         net (fo=1, routed)           0.348     2.924    kr260_min_i/clk_wiz/inst/clk_out1_kr260_min_clk_wiz_0
    BUFGCE_X0Y1          BUFGCE (Prop_BUFCE_BUFGCE_I_O)
                                                      0.044     2.968 r  kr260_min_i/clk_wiz/inst/clkout1_buf/O
    X1Y1 (CLOCK_ROOT)    net (fo=74592, routed)       2.204     5.172    kr260_min_i/axi_ic_PS_0_S_AXI_HPC0_FPD/s00_couplers/auto_cc/inst/gen_clock_conv.gen_async_conv.asyncfifo_axi/inst_fifo_gen/gaxi_full_lite.gread_ch.grdch2.axi_rdch/grf.rf/rstblk/ngwrdrst.grst.g7serrst.gnsckt_wrst.gic_rst.rst_rd_reg2_inst/dest_clk
    SLICE_X11Y46         FDPE                                         r  kr260_min_i/axi_ic_PS_0_S_AXI_HPC0_FPD/s00_couplers/auto_cc/inst/gen_clock_conv.gen_async_conv.asyncfifo_axi/inst_fifo_gen/gaxi_full_lite.gread_ch.grdch2.axi_rdch/grf.rf/rstblk/ngwrdrst.grst.g7serrst.gnsckt_wrst.gic_rst.rst_rd_reg2_inst/arststages_ff_reg[1]/C
  -------------------------------------------------------------------    -------------------
    SLICE_X11Y46         FDPE (Prop_AFF2_SLICEL_C_Q)
                                                      0.116     5.288 f  kr260_min_i/axi_ic_PS_0_S_AXI_HPC0_FPD/s00_couplers/auto_cc/inst/gen_clock_conv.gen_async_conv.asyncfifo_axi/inst_fifo_gen/gaxi_full_lite.gread_ch.grdch2.axi_rdch/grf.rf/rstblk/ngwrdrst.grst.g7serrst.gnsckt_wrst.gic_rst.rst_rd_reg2_inst/arststages_ff_reg[1]/Q
                         net (fo=3, routed)           1.200     6.488    kr260_min_i/axi_ic_PS_0_S_AXI_HPC0_FPD/s00_couplers/auto_cc/inst/gen_clock_conv.gen_async_conv.asyncfifo_axi/inst_fifo_gen/gaxi_full_lite.gread_ch.grdch2.axi_rdch/grf.rf/rstblk/ngwrdrst.grst.rst_rd_reg2
    SLICE_X38Y46         FDCE                                         f  kr260_min_i/axi_ic_PS_0_S_AXI_HPC0_FPD/s00_couplers/auto_cc/inst/gen_clock_conv.gen_async_conv.asyncfifo_axi/inst_fifo_gen/gaxi_full_lite.gread_ch.grdch2.axi_rdch/grf.rf/rstblk/ngwrdrst.grst.g7serrst.gnsckt_wrst.gic_rst.wr_rst_rd_ext_reg[1]/CLR
  -------------------------------------------------------------------    -------------------

                         (clock clk_out1_kr260_min_clk_wiz_0 rise edge)
                                                      5.000     5.000 r  
    BUFG_PS_X0Y80        BUFG_PS                      0.000     5.000 r  kr260_min_i/PS_0/inst/buffer_pl_clk_0.PL_CLK_0_BUFG/O
                         net (fo=5669, routed)        2.447     7.447    kr260_min_i/clk_wiz/inst/clk_in1
    MMCM_X0Y0            MMCME4_ADV (Prop_MMCM_CLKIN1_CLKOUT0)
                                                      0.739     8.186 r  kr260_min_i/clk_wiz/inst/mmcme4_adv_inst/CLKOUT0
                         net (fo=1, routed)           0.307     8.493    kr260_min_i/clk_wiz/inst/clk_out1_kr260_min_clk_wiz_0
    BUFGCE_X0Y1          BUFGCE (Prop_BUFCE_BUFGCE_I_O)
                                                      0.039     8.532 r  kr260_min_i/clk_wiz/inst/clkout1_buf/O
    X1Y1 (CLOCK_ROOT)    net (fo=74592, routed)       1.872    10.404    kr260_min_i/axi_ic_PS_0_S_AXI_HPC0_FPD/s00_couplers/auto_cc/inst/gen_clock_conv.gen_async_conv.asyncfifo_axi/inst_fifo_gen/gaxi_full_lite.gread_ch.grdch2.axi_rdch/grf.rf/rstblk/s_aclk
    SLICE_X38Y46         FDCE                                         r  kr260_min_i/axi_ic_PS_0_S_AXI_HPC0_FPD/s00_couplers/auto_cc/inst/gen_clock_conv.gen_async_conv.asyncfifo_axi/inst_fifo_gen/gaxi_full_lite.gread_ch.grdch2.axi_rdch/grf.rf/rstblk/ngwrdrst.grst.g7serrst.gnsckt_wrst.gic_rst.wr_rst_rd_ext_reg[1]/C
                         clock pessimism             -0.461     9.943    
                         clock uncertainty           -0.057     9.886    
    SLICE_X38Y46         FDCE (Recov_EFF2_SLICEM_C_CLR)
                                                     -0.093     9.793    kr260_min_i/axi_ic_PS_0_S_AXI_HPC0_FPD/s00_couplers/auto_cc/inst/gen_clock_conv.gen_async_conv.asyncfifo_axi/inst_fifo_gen/gaxi_full_lite.gread_ch.grdch2.axi_rdch/grf.rf/rstblk/ngwrdrst.grst.g7serrst.gnsckt_wrst.gic_rst.wr_rst_rd_ext_reg[1]
  -------------------------------------------------------------------
                         required time                          9.793    
                         arrival time                          -6.488    
  -------------------------------------------------------------------
                         slack                                  3.305    

Slack (MET) :             3.412ns  (required time - arrival time)
  Source:                 kr260_min_i/axi_ic_PS_0_S_AXI_HPC0_FPD/s00_couplers/auto_cc/inst/gen_clock_conv.gen_async_conv.asyncfifo_axi/inst_fifo_gen/gaxi_full_lite.gread_ch.grdch2.axi_rdch/grf.rf/rstblk/ngwrdrst.grst.g7serrst.gnsckt_wrst.gic_rst.sckt_rd_rst_ic_reg/C
                            (rising edge-triggered cell FDPE clocked by clk_out1_kr260_min_clk_wiz_0  {rise@0.000ns fall@2.500ns period=5.000ns})
  Destination:            kr260_min_i/axi_ic_PS_0_S_AXI_HPC0_FPD/s00_couplers/auto_cc/inst/gen_clock_conv.gen_async_conv.asyncfifo_axi/inst_fifo_gen/gaxi_full_lite.gread_ch.grdch2.axi_rdch/grf.rf/gntv_or_sync_fifo.gl0.rd/gr1.gr1_int.rfwft/empty_fwft_fb_i_reg/PRE
                            (recovery check against rising-edge clock clk_out1_kr260_min_clk_wiz_0  {rise@0.000ns fall@2.500ns period=5.000ns})
  Path Group:             **async_default**
  Path Type:              Recovery (Max at Slow Process Corner)
  Requirement:            5.000ns  (clk_out1_kr260_min_clk_wiz_0 rise@5.000ns - clk_out1_kr260_min_clk_wiz_0 rise@0.000ns)
  Data Path Delay:        1.434ns  (logic 0.114ns (7.949%)  route 1.320ns (92.051%))
  Logic Levels:           0  
  Clock Path Skew:        -0.004ns (DCD - SCD + CPR)
    Destination Clock Delay (DCD):    5.511ns = ( 10.511 - 5.000 ) 
    Source Clock Delay      (SCD):    5.054ns
    Clock Pessimism Removal (CPR):    -0.461ns
  Clock Uncertainty:      0.057ns  ((TSJ^2 + DJ^2)^1/2) / 2 + PE
    Total System Jitter     (TSJ):    0.071ns
    Discrete Jitter          (DJ):    0.091ns
    Phase Error              (PE):    0.000ns
  Clock Net Delay (Source):      2.086ns (routing 0.724ns, distribution 1.362ns)
  Clock Net Delay (Destination): 1.979ns (routing 0.669ns, distribution 1.310ns)

    Location             Delay type                Incr(ns)  Path(ns)    Netlist Resource(s)
  -------------------------------------------------------------------    -------------------
                         (clock clk_out1_kr260_min_clk_wiz_0 rise edge)
                                                      0.000     0.000 r  
    BUFG_PS_X0Y80        BUFG_PS                      0.000     0.000 r  kr260_min_i/PS_0/inst/buffer_pl_clk_0.PL_CLK_0_BUFG/O
                         net (fo=5669, routed)        2.679     2.679    kr260_min_i/clk_wiz/inst/clk_in1
    MMCM_X0Y0            MMCME4_ADV (Prop_MMCM_CLKIN1_CLKOUT0)
                                                     -0.103     2.576 r  kr260_min_i/clk_wiz/inst/mmcme4_adv_inst/CLKOUT0
                         net (fo=1, routed)           0.348     2.924    kr260_min_i/clk_wiz/inst/clk_out1_kr260_min_clk_wiz_0
    BUFGCE_X0Y1          BUFGCE (Prop_BUFCE_BUFGCE_I_O)
                                                      0.044     2.968 r  kr260_min_i/clk_wiz/inst/clkout1_buf/O
    X1Y1 (CLOCK_ROOT)    net (fo=74592, routed)       2.086     5.054    kr260_min_i/axi_ic_PS_0_S_AXI_HPC0_FPD/s00_couplers/auto_cc/inst/gen_clock_conv.gen_async_conv.asyncfifo_axi/inst_fifo_gen/gaxi_full_lite.gread_ch.grdch2.axi_rdch/grf.rf/rstblk/s_aclk
    SLICE_X38Y46         FDPE                                         r  kr260_min_i/axi_ic_PS_0_S_AXI_HPC0_FPD/s00_couplers/auto_cc/inst/gen_clock_conv.gen_async_conv.asyncfifo_axi/inst_fifo_gen/gaxi_full_lite.gread_ch.grdch2.axi_rdch/grf.rf/rstblk/ngwrdrst.grst.g7serrst.gnsckt_wrst.gic_rst.sckt_rd_rst_ic_reg/C
  -------------------------------------------------------------------    -------------------
    SLICE_X38Y46         FDPE (Prop_HFF2_SLICEM_C_Q)
                                                      0.114     5.168 f  kr260_min_i/axi_ic_PS_0_S_AXI_HPC0_FPD/s00_couplers/auto_cc/inst/gen_clock_conv.gen_async_conv.asyncfifo_axi/inst_fifo_gen/gaxi_full_lite.gread_ch.grdch2.axi_rdch/grf.rf/rstblk/ngwrdrst.grst.g7serrst.gnsckt_wrst.gic_rst.sckt_rd_rst_ic_reg/Q
                         net (fo=21, routed)          1.320     6.488    kr260_min_i/axi_ic_PS_0_S_AXI_HPC0_FPD/s00_couplers/auto_cc/inst/gen_clock_conv.gen_async_conv.asyncfifo_axi/inst_fifo_gen/gaxi_full_lite.gread_ch.grdch2.axi_rdch/grf.rf/gntv_or_sync_fifo.gl0.rd/gr1.gr1_int.rfwft/gpregsm1.user_valid_reg_0
    SLICE_X45Y47         FDPE                                         f  kr260_min_i/axi_ic_PS_0_S_AXI_HPC0_FPD/s00_couplers/auto_cc/inst/gen_clock_conv.gen_async_conv.asyncfifo_axi/inst_fifo_gen/gaxi_full_lite.gread_ch.grdch2.axi_rdch/grf.rf/gntv_or_sync_fifo.gl0.rd/gr1.gr1_int.rfwft/empty_fwft_fb_i_reg/PRE
  -------------------------------------------------------------------    -------------------

                         (clock clk_out1_kr260_min_clk_wiz_0 rise edge)
                                                      5.000     5.000 r  
    BUFG_PS_X0Y80        BUFG_PS                      0.000     5.000 r  kr260_min_i/PS_0/inst/buffer_pl_clk_0.PL_CLK_0_BUFG/O
                         net (fo=5669, routed)        2.447     7.447    kr260_min_i/clk_wiz/inst/clk_in1
    MMCM_X0Y0            MMCME4_ADV (Prop_MMCM_CLKIN1_CLKOUT0)
                                                      0.739     8.186 r  kr260_min_i/clk_wiz/inst/mmcme4_adv_inst/CLKOUT0
                         net (fo=1, routed)           0.307     8.493    kr260_min_i/clk_wiz/inst/clk_out1_kr260_min_clk_wiz_0
    BUFGCE_X0Y1          BUFGCE (Prop_BUFCE_BUFGCE_I_O)
                                                      0.039     8.532 r  kr260_min_i/clk_wiz/inst/clkout1_buf/O
    X1Y1 (CLOCK_ROOT)    net (fo=74592, routed)       1.979    10.511    kr260_min_i/axi_ic_PS_0_S_AXI_HPC0_FPD/s00_couplers/auto_cc/inst/gen_clock_conv.gen_async_conv.asyncfifo_axi/inst_fifo_gen/gaxi_full_lite.gread_ch.grdch2.axi_rdch/grf.rf/gntv_or_sync_fifo.gl0.rd/gr1.gr1_int.rfwft/s_aclk
    SLICE_X45Y47         FDPE                                         r  kr260_min_i/axi_ic_PS_0_S_AXI_HPC0_FPD/s00_couplers/auto_cc/inst/gen_clock_conv.gen_async_conv.asyncfifo_axi/inst_fifo_gen/gaxi_full_lite.gread_ch.grdch2.axi_rdch/grf.rf/gntv_or_sync_fifo.gl0.rd/gr1.gr1_int.rfwft/empty_fwft_fb_i_reg/C
                         clock pessimism             -0.461    10.050    
                         clock uncertainty           -0.057     9.992    
    SLICE_X45Y47         FDPE (Recov_AFF_SLICEM_C_PRE)
                                                     -0.093     9.899    kr260_min_i/axi_ic_PS_0_S_AXI_HPC0_FPD/s00_couplers/auto_cc/inst/gen_clock_conv.gen_async_conv.asyncfifo_axi/inst_fifo_gen/gaxi_full_lite.gread_ch.grdch2.axi_rdch/grf.rf/gntv_or_sync_fifo.gl0.rd/gr1.gr1_int.rfwft/empty_fwft_fb_i_reg
  -------------------------------------------------------------------
                         required time                          9.899    
                         arrival time                          -6.488    
  -------------------------------------------------------------------
                         slack                                  3.412    

Slack (MET) :             3.412ns  (required time - arrival time)
  Source:                 kr260_min_i/axi_ic_PS_0_S_AXI_HPC0_FPD/s00_couplers/auto_cc/inst/gen_clock_conv.gen_async_conv.asyncfifo_axi/inst_fifo_gen/gaxi_full_lite.gread_ch.grdch2.axi_rdch/grf.rf/rstblk/ngwrdrst.grst.g7serrst.gnsckt_wrst.gic_rst.sckt_rd_rst_ic_reg/C
                            (rising edge-triggered cell FDPE clocked by clk_out1_kr260_min_clk_wiz_0  {rise@0.000ns fall@2.500ns period=5.000ns})
  Destination:            kr260_min_i/axi_ic_PS_0_S_AXI_HPC0_FPD/s00_couplers/auto_cc/inst/gen_clock_conv.gen_async_conv.asyncfifo_axi/inst_fifo_gen/gaxi_full_lite.gread_ch.grdch2.axi_rdch/grf.rf/gntv_or_sync_fifo.gl0.rd/gr1.gr1_int.rfwft/empty_fwft_i_reg/PRE
                            (recovery check against rising-edge clock clk_out1_kr260_min_clk_wiz_0  {rise@0.000ns fall@2.500ns period=5.000ns})
  Path Group:             **async_default**
  Path Type:              Recovery (Max at Slow Process Corner)
  Requirement:            5.000ns  (clk_out1_kr260_min_clk_wiz_0 rise@5.000ns - clk_out1_kr260_min_clk_wiz_0 rise@0.000ns)
  Data Path Delay:        1.434ns  (logic 0.114ns (7.949%)  route 1.320ns (92.051%))
  Logic Levels:           0  
  Clock Path Skew:        -0.004ns (DCD - SCD + CPR)
    Destination Clock Delay (DCD):    5.511ns = ( 10.511 - 5.000 ) 
    Source Clock Delay      (SCD):    5.054ns
    Clock Pessimism Removal (CPR):    -0.461ns
  Clock Uncertainty:      0.057ns  ((TSJ^2 + DJ^2)^1/2) / 2 + PE
    Total System Jitter     (TSJ):    0.071ns
    Discrete Jitter          (DJ):    0.091ns
    Phase Error              (PE):    0.000ns
  Clock Net Delay (Source):      2.086ns (routing 0.724ns, distribution 1.362ns)
  Clock Net Delay (Destination): 1.979ns (routing 0.669ns, distribution 1.310ns)

    Location             Delay type                Incr(ns)  Path(ns)    Netlist Resource(s)
  -------------------------------------------------------------------    -------------------
                         (clock clk_out1_kr260_min_clk_wiz_0 rise edge)
                                                      0.000     0.000 r  
    BUFG_PS_X0Y80        BUFG_PS                      0.000     0.000 r  kr260_min_i/PS_0/inst/buffer_pl_clk_0.PL_CLK_0_BUFG/O
                         net (fo=5669, routed)        2.679     2.679    kr260_min_i/clk_wiz/inst/clk_in1
    MMCM_X0Y0            MMCME4_ADV (Prop_MMCM_CLKIN1_CLKOUT0)
                                                     -0.103     2.576 r  kr260_min_i/clk_wiz/inst/mmcme4_adv_inst/CLKOUT0
                         net (fo=1, routed)           0.348     2.924    kr260_min_i/clk_wiz/inst/clk_out1_kr260_min_clk_wiz_0
    BUFGCE_X0Y1          BUFGCE (Prop_BUFCE_BUFGCE_I_O)
                                                      0.044     2.968 r  kr260_min_i/clk_wiz/inst/clkout1_buf/O
    X1Y1 (CLOCK_ROOT)    net (fo=74592, routed)       2.086     5.054    kr260_min_i/axi_ic_PS_0_S_AXI_HPC0_FPD/s00_couplers/auto_cc/inst/gen_clock_conv.gen_async_conv.asyncfifo_axi/inst_fifo_gen/gaxi_full_lite.gread_ch.grdch2.axi_rdch/grf.rf/rstblk/s_aclk
    SLICE_X38Y46         FDPE                                         r  kr260_min_i/axi_ic_PS_0_S_AXI_HPC0_FPD/s00_couplers/auto_cc/inst/gen_clock_conv.gen_async_conv.asyncfifo_axi/inst_fifo_gen/gaxi_full_lite.gread_ch.grdch2.axi_rdch/grf.rf/rstblk/ngwrdrst.grst.g7serrst.gnsckt_wrst.gic_rst.sckt_rd_rst_ic_reg/C
  -------------------------------------------------------------------    -------------------
    SLICE_X38Y46         FDPE (Prop_HFF2_SLICEM_C_Q)
                                                      0.114     5.168 f  kr260_min_i/axi_ic_PS_0_S_AXI_HPC0_FPD/s00_couplers/auto_cc/inst/gen_clock_conv.gen_async_conv.asyncfifo_axi/inst_fifo_gen/gaxi_full_lite.gread_ch.grdch2.axi_rdch/grf.rf/rstblk/ngwrdrst.grst.g7serrst.gnsckt_wrst.gic_rst.sckt_rd_rst_ic_reg/Q
                         net (fo=21, routed)          1.320     6.488    kr260_min_i/axi_ic_PS_0_S_AXI_HPC0_FPD/s00_couplers/auto_cc/inst/gen_clock_conv.gen_async_conv.asyncfifo_axi/inst_fifo_gen/gaxi_full_lite.gread_ch.grdch2.axi_rdch/grf.rf/gntv_or_sync_fifo.gl0.rd/gr1.gr1_int.rfwft/gpregsm1.user_valid_reg_0
    SLICE_X45Y47         FDPE                                         f  kr260_min_i/axi_ic_PS_0_S_AXI_HPC0_FPD/s00_couplers/auto_cc/inst/gen_clock_conv.gen_async_conv.asyncfifo_axi/inst_fifo_gen/gaxi_full_lite.gread_ch.grdch2.axi_rdch/grf.rf/gntv_or_sync_fifo.gl0.rd/gr1.gr1_int.rfwft/empty_fwft_i_reg/PRE
  -------------------------------------------------------------------    -------------------

                         (clock clk_out1_kr260_min_clk_wiz_0 rise edge)
                                                      5.000     5.000 r  
    BUFG_PS_X0Y80        BUFG_PS                      0.000     5.000 r  kr260_min_i/PS_0/inst/buffer_pl_clk_0.PL_CLK_0_BUFG/O
                         net (fo=5669, routed)        2.447     7.447    kr260_min_i/clk_wiz/inst/clk_in1
    MMCM_X0Y0            MMCME4_ADV (Prop_MMCM_CLKIN1_CLKOUT0)
                                                      0.739     8.186 r  kr260_min_i/clk_wiz/inst/mmcme4_adv_inst/CLKOUT0
                         net (fo=1, routed)           0.307     8.493    kr260_min_i/clk_wiz/inst/clk_out1_kr260_min_clk_wiz_0
    BUFGCE_X0Y1          BUFGCE (Prop_BUFCE_BUFGCE_I_O)
                                                      0.039     8.532 r  kr260_min_i/clk_wiz/inst/clkout1_buf/O
    X1Y1 (CLOCK_ROOT)    net (fo=74592, routed)       1.979    10.511    kr260_min_i/axi_ic_PS_0_S_AXI_HPC0_FPD/s00_couplers/auto_cc/inst/gen_clock_conv.gen_async_conv.asyncfifo_axi/inst_fifo_gen/gaxi_full_lite.gread_ch.grdch2.axi_rdch/grf.rf/gntv_or_sync_fifo.gl0.rd/gr1.gr1_int.rfwft/s_aclk
    SLICE_X45Y47         FDPE                                         r  kr260_min_i/axi_ic_PS_0_S_AXI_HPC0_FPD/s00_couplers/auto_cc/inst/gen_clock_conv.gen_async_conv.asyncfifo_axi/inst_fifo_gen/gaxi_full_lite.gread_ch.grdch2.axi_rdch/grf.rf/gntv_or_sync_fifo.gl0.rd/gr1.gr1_int.rfwft/empty_fwft_i_reg/C
                         clock pessimism             -0.461    10.050    
                         clock uncertainty           -0.057     9.992    
    SLICE_X45Y47         FDPE (Recov_AFF2_SLICEM_C_PRE)
                                                     -0.093     9.899    kr260_min_i/axi_ic_PS_0_S_AXI_HPC0_FPD/s00_couplers/auto_cc/inst/gen_clock_conv.gen_async_conv.asyncfifo_axi/inst_fifo_gen/gaxi_full_lite.gread_ch.grdch2.axi_rdch/grf.rf/gntv_or_sync_fifo.gl0.rd/gr1.gr1_int.rfwft/empty_fwft_i_reg
  -------------------------------------------------------------------
                         required time                          9.899    
                         arrival time                          -6.488    
  -------------------------------------------------------------------
                         slack                                  3.412    

Slack (MET) :             3.412ns  (required time - arrival time)
  Source:                 kr260_min_i/axi_ic_PS_0_S_AXI_HPC0_FPD/s00_couplers/auto_cc/inst/gen_clock_conv.gen_async_conv.asyncfifo_axi/inst_fifo_gen/gaxi_full_lite.gread_ch.grdch2.axi_rdch/grf.rf/rstblk/ngwrdrst.grst.g7serrst.gnsckt_wrst.gic_rst.sckt_rd_rst_ic_reg/C
                            (rising edge-triggered cell FDPE clocked by clk_out1_kr260_min_clk_wiz_0  {rise@0.000ns fall@2.500ns period=5.000ns})
  Destination:            kr260_min_i/axi_ic_PS_0_S_AXI_HPC0_FPD/s00_couplers/auto_cc/inst/gen_clock_conv.gen_async_conv.asyncfifo_axi/inst_fifo_gen/gaxi_full_lite.gread_ch.grdch2.axi_rdch/grf.rf/gntv_or_sync_fifo.gl0.rd/gr1.gr1_int.rfwft/gpregsm1.curr_fwft_state_reg[0]/CLR
                            (recovery check against rising-edge clock clk_out1_kr260_min_clk_wiz_0  {rise@0.000ns fall@2.500ns period=5.000ns})
  Path Group:             **async_default**
  Path Type:              Recovery (Max at Slow Process Corner)
  Requirement:            5.000ns  (clk_out1_kr260_min_clk_wiz_0 rise@5.000ns - clk_out1_kr260_min_clk_wiz_0 rise@0.000ns)
  Data Path Delay:        1.434ns  (logic 0.114ns (7.949%)  route 1.320ns (92.051%))
  Logic Levels:           0  
  Clock Path Skew:        -0.004ns (DCD - SCD + CPR)
    Destination Clock Delay (DCD):    5.511ns = ( 10.511 - 5.000 ) 
    Source Clock Delay      (SCD):    5.054ns
    Clock Pessimism Removal (CPR):    -0.461ns
  Clock Uncertainty:      0.057ns  ((TSJ^2 + DJ^2)^1/2) / 2 + PE
    Total System Jitter     (TSJ):    0.071ns
    Discrete Jitter          (DJ):    0.091ns
    Phase Error              (PE):    0.000ns
  Clock Net Delay (Source):      2.086ns (routing 0.724ns, distribution 1.362ns)
  Clock Net Delay (Destination): 1.979ns (routing 0.669ns, distribution 1.310ns)

    Location             Delay type                Incr(ns)  Path(ns)    Netlist Resource(s)
  -------------------------------------------------------------------    -------------------
                         (clock clk_out1_kr260_min_clk_wiz_0 rise edge)
                                                      0.000     0.000 r  
    BUFG_PS_X0Y80        BUFG_PS                      0.000     0.000 r  kr260_min_i/PS_0/inst/buffer_pl_clk_0.PL_CLK_0_BUFG/O
                         net (fo=5669, routed)        2.679     2.679    kr260_min_i/clk_wiz/inst/clk_in1
    MMCM_X0Y0            MMCME4_ADV (Prop_MMCM_CLKIN1_CLKOUT0)
                                                     -0.103     2.576 r  kr260_min_i/clk_wiz/inst/mmcme4_adv_inst/CLKOUT0
                         net (fo=1, routed)           0.348     2.924    kr260_min_i/clk_wiz/inst/clk_out1_kr260_min_clk_wiz_0
    BUFGCE_X0Y1          BUFGCE (Prop_BUFCE_BUFGCE_I_O)
                                                      0.044     2.968 r  kr260_min_i/clk_wiz/inst/clkout1_buf/O
    X1Y1 (CLOCK_ROOT)    net (fo=74592, routed)       2.086     5.054    kr260_min_i/axi_ic_PS_0_S_AXI_HPC0_FPD/s00_couplers/auto_cc/inst/gen_clock_conv.gen_async_conv.asyncfifo_axi/inst_fifo_gen/gaxi_full_lite.gread_ch.grdch2.axi_rdch/grf.rf/rstblk/s_aclk
    SLICE_X38Y46         FDPE                                         r  kr260_min_i/axi_ic_PS_0_S_AXI_HPC0_FPD/s00_couplers/auto_cc/inst/gen_clock_conv.gen_async_conv.asyncfifo_axi/inst_fifo_gen/gaxi_full_lite.gread_ch.grdch2.axi_rdch/grf.rf/rstblk/ngwrdrst.grst.g7serrst.gnsckt_wrst.gic_rst.sckt_rd_rst_ic_reg/C
  -------------------------------------------------------------------    -------------------
    SLICE_X38Y46         FDPE (Prop_HFF2_SLICEM_C_Q)
                                                      0.114     5.168 f  kr260_min_i/axi_ic_PS_0_S_AXI_HPC0_FPD/s00_couplers/auto_cc/inst/gen_clock_conv.gen_async_conv.asyncfifo_axi/inst_fifo_gen/gaxi_full_lite.gread_ch.grdch2.axi_rdch/grf.rf/rstblk/ngwrdrst.grst.g7serrst.gnsckt_wrst.gic_rst.sckt_rd_rst_ic_reg/Q
                         net (fo=21, routed)          1.320     6.488    kr260_min_i/axi_ic_PS_0_S_AXI_HPC0_FPD/s00_couplers/auto_cc/inst/gen_clock_conv.gen_async_conv.asyncfifo_axi/inst_fifo_gen/gaxi_full_lite.gread_ch.grdch2.axi_rdch/grf.rf/gntv_or_sync_fifo.gl0.rd/gr1.gr1_int.rfwft/gpregsm1.user_valid_reg_0
    SLICE_X45Y47         FDCE                                         f  kr260_min_i/axi_ic_PS_0_S_AXI_HPC0_FPD/s00_couplers/auto_cc/inst/gen_clock_conv.gen_async_conv.asyncfifo_axi/inst_fifo_gen/gaxi_full_lite.gread_ch.grdch2.axi_rdch/grf.rf/gntv_or_sync_fifo.gl0.rd/gr1.gr1_int.rfwft/gpregsm1.curr_fwft_state_reg[0]/CLR
  -------------------------------------------------------------------    -------------------

                         (clock clk_out1_kr260_min_clk_wiz_0 rise edge)
                                                      5.000     5.000 r  
    BUFG_PS_X0Y80        BUFG_PS                      0.000     5.000 r  kr260_min_i/PS_0/inst/buffer_pl_clk_0.PL_CLK_0_BUFG/O
                         net (fo=5669, routed)        2.447     7.447    kr260_min_i/clk_wiz/inst/clk_in1
    MMCM_X0Y0            MMCME4_ADV (Prop_MMCM_CLKIN1_CLKOUT0)
                                                      0.739     8.186 r  kr260_min_i/clk_wiz/inst/mmcme4_adv_inst/CLKOUT0
                         net (fo=1, routed)           0.307     8.493    kr260_min_i/clk_wiz/inst/clk_out1_kr260_min_clk_wiz_0
    BUFGCE_X0Y1          BUFGCE (Prop_BUFCE_BUFGCE_I_O)
                                                      0.039     8.532 r  kr260_min_i/clk_wiz/inst/clkout1_buf/O
    X1Y1 (CLOCK_ROOT)    net (fo=74592, routed)       1.979    10.511    kr260_min_i/axi_ic_PS_0_S_AXI_HPC0_FPD/s00_couplers/auto_cc/inst/gen_clock_conv.gen_async_conv.asyncfifo_axi/inst_fifo_gen/gaxi_full_lite.gread_ch.grdch2.axi_rdch/grf.rf/gntv_or_sync_fifo.gl0.rd/gr1.gr1_int.rfwft/s_aclk
    SLICE_X45Y47         FDCE                                         r  kr260_min_i/axi_ic_PS_0_S_AXI_HPC0_FPD/s00_couplers/auto_cc/inst/gen_clock_conv.gen_async_conv.asyncfifo_axi/inst_fifo_gen/gaxi_full_lite.gread_ch.grdch2.axi_rdch/grf.rf/gntv_or_sync_fifo.gl0.rd/gr1.gr1_int.rfwft/gpregsm1.curr_fwft_state_reg[0]/C
                         clock pessimism             -0.461    10.050    
                         clock uncertainty           -0.057     9.992    
    SLICE_X45Y47         FDCE (Recov_DFF_SLICEM_C_CLR)
                                                     -0.093     9.899    kr260_min_i/axi_ic_PS_0_S_AXI_HPC0_FPD/s00_couplers/auto_cc/inst/gen_clock_conv.gen_async_conv.asyncfifo_axi/inst_fifo_gen/gaxi_full_lite.gread_ch.grdch2.axi_rdch/grf.rf/gntv_or_sync_fifo.gl0.rd/gr1.gr1_int.rfwft/gpregsm1.curr_fwft_state_reg[0]
  -------------------------------------------------------------------
                         required time                          9.899    
                         arrival time                          -6.488    
  -------------------------------------------------------------------
                         slack                                  3.412    

Slack (MET) :             3.412ns  (required time - arrival time)
  Source:                 kr260_min_i/axi_ic_PS_0_S_AXI_HPC0_FPD/s00_couplers/auto_cc/inst/gen_clock_conv.gen_async_conv.asyncfifo_axi/inst_fifo_gen/gaxi_full_lite.gread_ch.grdch2.axi_rdch/grf.rf/rstblk/ngwrdrst.grst.g7serrst.gnsckt_wrst.gic_rst.sckt_rd_rst_ic_reg/C
                            (rising edge-triggered cell FDPE clocked by clk_out1_kr260_min_clk_wiz_0  {rise@0.000ns fall@2.500ns period=5.000ns})
  Destination:            kr260_min_i/axi_ic_PS_0_S_AXI_HPC0_FPD/s00_couplers/auto_cc/inst/gen_clock_conv.gen_async_conv.asyncfifo_axi/inst_fifo_gen/gaxi_full_lite.gread_ch.grdch2.axi_rdch/grf.rf/gntv_or_sync_fifo.gl0.rd/gr1.gr1_int.rfwft/gpregsm1.curr_fwft_state_reg[1]/CLR
                            (recovery check against rising-edge clock clk_out1_kr260_min_clk_wiz_0  {rise@0.000ns fall@2.500ns period=5.000ns})
  Path Group:             **async_default**
  Path Type:              Recovery (Max at Slow Process Corner)
  Requirement:            5.000ns  (clk_out1_kr260_min_clk_wiz_0 rise@5.000ns - clk_out1_kr260_min_clk_wiz_0 rise@0.000ns)
  Data Path Delay:        1.434ns  (logic 0.114ns (7.949%)  route 1.320ns (92.051%))
  Logic Levels:           0  
  Clock Path Skew:        -0.004ns (DCD - SCD + CPR)
    Destination Clock Delay (DCD):    5.511ns = ( 10.511 - 5.000 ) 
    Source Clock Delay      (SCD):    5.054ns
    Clock Pessimism Removal (CPR):    -0.461ns
  Clock Uncertainty:      0.057ns  ((TSJ^2 + DJ^2)^1/2) / 2 + PE
    Total System Jitter     (TSJ):    0.071ns
    Discrete Jitter          (DJ):    0.091ns
    Phase Error              (PE):    0.000ns
  Clock Net Delay (Source):      2.086ns (routing 0.724ns, distribution 1.362ns)
  Clock Net Delay (Destination): 1.979ns (routing 0.669ns, distribution 1.310ns)

    Location             Delay type                Incr(ns)  Path(ns)    Netlist Resource(s)
  -------------------------------------------------------------------    -------------------
                         (clock clk_out1_kr260_min_clk_wiz_0 rise edge)
                                                      0.000     0.000 r  
    BUFG_PS_X0Y80        BUFG_PS                      0.000     0.000 r  kr260_min_i/PS_0/inst/buffer_pl_clk_0.PL_CLK_0_BUFG/O
                         net (fo=5669, routed)        2.679     2.679    kr260_min_i/clk_wiz/inst/clk_in1
    MMCM_X0Y0            MMCME4_ADV (Prop_MMCM_CLKIN1_CLKOUT0)
                                                     -0.103     2.576 r  kr260_min_i/clk_wiz/inst/mmcme4_adv_inst/CLKOUT0
                         net (fo=1, routed)           0.348     2.924    kr260_min_i/clk_wiz/inst/clk_out1_kr260_min_clk_wiz_0
    BUFGCE_X0Y1          BUFGCE (Prop_BUFCE_BUFGCE_I_O)
                                                      0.044     2.968 r  kr260_min_i/clk_wiz/inst/clkout1_buf/O
    X1Y1 (CLOCK_ROOT)    net (fo=74592, routed)       2.086     5.054    kr260_min_i/axi_ic_PS_0_S_AXI_HPC0_FPD/s00_couplers/auto_cc/inst/gen_clock_conv.gen_async_conv.asyncfifo_axi/inst_fifo_gen/gaxi_full_lite.gread_ch.grdch2.axi_rdch/grf.rf/rstblk/s_aclk
    SLICE_X38Y46         FDPE                                         r  kr260_min_i/axi_ic_PS_0_S_AXI_HPC0_FPD/s00_couplers/auto_cc/inst/gen_clock_conv.gen_async_conv.asyncfifo_axi/inst_fifo_gen/gaxi_full_lite.gread_ch.grdch2.axi_rdch/grf.rf/rstblk/ngwrdrst.grst.g7serrst.gnsckt_wrst.gic_rst.sckt_rd_rst_ic_reg/C
  -------------------------------------------------------------------    -------------------
    SLICE_X38Y46         FDPE (Prop_HFF2_SLICEM_C_Q)
                                                      0.114     5.168 f  kr260_min_i/axi_ic_PS_0_S_AXI_HPC0_FPD/s00_couplers/auto_cc/inst/gen_clock_conv.gen_async_conv.asyncfifo_axi/inst_fifo_gen/gaxi_full_lite.gread_ch.grdch2.axi_rdch/grf.rf/rstblk/ngwrdrst.grst.g7serrst.gnsckt_wrst.gic_rst.sckt_rd_rst_ic_reg/Q
                         net (fo=21, routed)          1.320     6.488    kr260_min_i/axi_ic_PS_0_S_AXI_HPC0_FPD/s00_couplers/auto_cc/inst/gen_clock_conv.gen_async_conv.asyncfifo_axi/inst_fifo_gen/gaxi_full_lite.gread_ch.grdch2.axi_rdch/grf.rf/gntv_or_sync_fifo.gl0.rd/gr1.gr1_int.rfwft/gpregsm1.user_valid_reg_0
    SLICE_X45Y47         FDCE                                         f  kr260_min_i/axi_ic_PS_0_S_AXI_HPC0_FPD/s00_couplers/auto_cc/inst/gen_clock_conv.gen_async_conv.asyncfifo_axi/inst_fifo_gen/gaxi_full_lite.gread_ch.grdch2.axi_rdch/grf.rf/gntv_or_sync_fifo.gl0.rd/gr1.gr1_int.rfwft/gpregsm1.curr_fwft_state_reg[1]/CLR
  -------------------------------------------------------------------    -------------------

                         (clock clk_out1_kr260_min_clk_wiz_0 rise edge)
                                                      5.000     5.000 r  
    BUFG_PS_X0Y80        BUFG_PS                      0.000     5.000 r  kr260_min_i/PS_0/inst/buffer_pl_clk_0.PL_CLK_0_BUFG/O
                         net (fo=5669, routed)        2.447     7.447    kr260_min_i/clk_wiz/inst/clk_in1
    MMCM_X0Y0            MMCME4_ADV (Prop_MMCM_CLKIN1_CLKOUT0)
                                                      0.739     8.186 r  kr260_min_i/clk_wiz/inst/mmcme4_adv_inst/CLKOUT0
                         net (fo=1, routed)           0.307     8.493    kr260_min_i/clk_wiz/inst/clk_out1_kr260_min_clk_wiz_0
    BUFGCE_X0Y1          BUFGCE (Prop_BUFCE_BUFGCE_I_O)
                                                      0.039     8.532 r  kr260_min_i/clk_wiz/inst/clkout1_buf/O
    X1Y1 (CLOCK_ROOT)    net (fo=74592, routed)       1.979    10.511    kr260_min_i/axi_ic_PS_0_S_AXI_HPC0_FPD/s00_couplers/auto_cc/inst/gen_clock_conv.gen_async_conv.asyncfifo_axi/inst_fifo_gen/gaxi_full_lite.gread_ch.grdch2.axi_rdch/grf.rf/gntv_or_sync_fifo.gl0.rd/gr1.gr1_int.rfwft/s_aclk
    SLICE_X45Y47         FDCE                                         r  kr260_min_i/axi_ic_PS_0_S_AXI_HPC0_FPD/s00_couplers/auto_cc/inst/gen_clock_conv.gen_async_conv.asyncfifo_axi/inst_fifo_gen/gaxi_full_lite.gread_ch.grdch2.axi_rdch/grf.rf/gntv_or_sync_fifo.gl0.rd/gr1.gr1_int.rfwft/gpregsm1.curr_fwft_state_reg[1]/C
                         clock pessimism             -0.461    10.050    
                         clock uncertainty           -0.057     9.992    
    SLICE_X45Y47         FDCE (Recov_DFF2_SLICEM_C_CLR)
                                                     -0.093     9.899    kr260_min_i/axi_ic_PS_0_S_AXI_HPC0_FPD/s00_couplers/auto_cc/inst/gen_clock_conv.gen_async_conv.asyncfifo_axi/inst_fifo_gen/gaxi_full_lite.gread_ch.grdch2.axi_rdch/grf.rf/gntv_or_sync_fifo.gl0.rd/gr1.gr1_int.rfwft/gpregsm1.curr_fwft_state_reg[1]
  -------------------------------------------------------------------
                         required time                          9.899    
                         arrival time                          -6.488    
  -------------------------------------------------------------------
                         slack                                  3.412    

Slack (MET) :             3.415ns  (required time - arrival time)
  Source:                 kr260_min_i/axi_ic_PS_0_S_AXI_HPC0_FPD/s00_couplers/auto_cc/inst/gen_clock_conv.gen_async_conv.asyncfifo_axi/inst_fifo_gen/gaxi_full_lite.gread_ch.grdch2.axi_rdch/grf.rf/rstblk/ngwrdrst.grst.g7serrst.gnsckt_wrst.gic_rst.sckt_rd_rst_ic_reg/C
                            (rising edge-triggered cell FDPE clocked by clk_out1_kr260_min_clk_wiz_0  {rise@0.000ns fall@2.500ns period=5.000ns})
  Destination:            kr260_min_i/axi_ic_PS_0_S_AXI_HPC0_FPD/s00_couplers/auto_cc/inst/gen_clock_conv.gen_async_conv.asyncfifo_axi/inst_fifo_gen/gaxi_full_lite.gread_ch.grdch2.axi_rdch/grf.rf/gntv_or_sync_fifo.gl0.rd/gr1.gr1_int.rfwft/aempty_fwft_fb_i_reg/PRE
                            (recovery check against rising-edge clock clk_out1_kr260_min_clk_wiz_0  {rise@0.000ns fall@2.500ns period=5.000ns})
  Path Group:             **async_default**
  Path Type:              Recovery (Max at Slow Process Corner)
  Requirement:            5.000ns  (clk_out1_kr260_min_clk_wiz_0 rise@5.000ns - clk_out1_kr260_min_clk_wiz_0 rise@0.000ns)
  Data Path Delay:        1.431ns  (logic 0.114ns (7.966%)  route 1.317ns (92.034%))
  Logic Levels:           0  
  Clock Path Skew:        -0.004ns (DCD - SCD + CPR)
    Destination Clock Delay (DCD):    5.511ns = ( 10.511 - 5.000 ) 
    Source Clock Delay      (SCD):    5.054ns
    Clock Pessimism Removal (CPR):    -0.461ns
  Clock Uncertainty:      0.057ns  ((TSJ^2 + DJ^2)^1/2) / 2 + PE
    Total System Jitter     (TSJ):    0.071ns
    Discrete Jitter          (DJ):    0.091ns
    Phase Error              (PE):    0.000ns
  Clock Net Delay (Source):      2.086ns (routing 0.724ns, distribution 1.362ns)
  Clock Net Delay (Destination): 1.979ns (routing 0.669ns, distribution 1.310ns)

    Location             Delay type                Incr(ns)  Path(ns)    Netlist Resource(s)
  -------------------------------------------------------------------    -------------------
                         (clock clk_out1_kr260_min_clk_wiz_0 rise edge)
                                                      0.000     0.000 r  
    BUFG_PS_X0Y80        BUFG_PS                      0.000     0.000 r  kr260_min_i/PS_0/inst/buffer_pl_clk_0.PL_CLK_0_BUFG/O
                         net (fo=5669, routed)        2.679     2.679    kr260_min_i/clk_wiz/inst/clk_in1
    MMCM_X0Y0            MMCME4_ADV (Prop_MMCM_CLKIN1_CLKOUT0)
                                                     -0.103     2.576 r  kr260_min_i/clk_wiz/inst/mmcme4_adv_inst/CLKOUT0
                         net (fo=1, routed)           0.348     2.924    kr260_min_i/clk_wiz/inst/clk_out1_kr260_min_clk_wiz_0
    BUFGCE_X0Y1          BUFGCE (Prop_BUFCE_BUFGCE_I_O)
                                                      0.044     2.968 r  kr260_min_i/clk_wiz/inst/clkout1_buf/O
    X1Y1 (CLOCK_ROOT)    net (fo=74592, routed)       2.086     5.054    kr260_min_i/axi_ic_PS_0_S_AXI_HPC0_FPD/s00_couplers/auto_cc/inst/gen_clock_conv.gen_async_conv.asyncfifo_axi/inst_fifo_gen/gaxi_full_lite.gread_ch.grdch2.axi_rdch/grf.rf/rstblk/s_aclk
    SLICE_X38Y46         FDPE                                         r  kr260_min_i/axi_ic_PS_0_S_AXI_HPC0_FPD/s00_couplers/auto_cc/inst/gen_clock_conv.gen_async_conv.asyncfifo_axi/inst_fifo_gen/gaxi_full_lite.gread_ch.grdch2.axi_rdch/grf.rf/rstblk/ngwrdrst.grst.g7serrst.gnsckt_wrst.gic_rst.sckt_rd_rst_ic_reg/C
  -------------------------------------------------------------------    -------------------
    SLICE_X38Y46         FDPE (Prop_HFF2_SLICEM_C_Q)
                                                      0.114     5.168 f  kr260_min_i/axi_ic_PS_0_S_AXI_HPC0_FPD/s00_couplers/auto_cc/inst/gen_clock_conv.gen_async_conv.asyncfifo_axi/inst_fifo_gen/gaxi_full_lite.gread_ch.grdch2.axi_rdch/grf.rf/rstblk/ngwrdrst.grst.g7serrst.gnsckt_wrst.gic_rst.sckt_rd_rst_ic_reg/Q
                         net (fo=21, routed)          1.317     6.485    kr260_min_i/axi_ic_PS_0_S_AXI_HPC0_FPD/s00_couplers/auto_cc/inst/gen_clock_conv.gen_async_conv.asyncfifo_axi/inst_fifo_gen/gaxi_full_lite.gread_ch.grdch2.axi_rdch/grf.rf/gntv_or_sync_fifo.gl0.rd/gr1.gr1_int.rfwft/gpregsm1.user_valid_reg_0
    SLICE_X45Y47         FDPE                                         f  kr260_min_i/axi_ic_PS_0_S_AXI_HPC0_FPD/s00_couplers/auto_cc/inst/gen_clock_conv.gen_async_conv.asyncfifo_axi/inst_fifo_gen/gaxi_full_lite.gread_ch.grdch2.axi_rdch/grf.rf/gntv_or_sync_fifo.gl0.rd/gr1.gr1_int.rfwft/aempty_fwft_fb_i_reg/PRE
  -------------------------------------------------------------------    -------------------

                         (clock clk_out1_kr260_min_clk_wiz_0 rise edge)
                                                      5.000     5.000 r  
    BUFG_PS_X0Y80        BUFG_PS                      0.000     5.000 r  kr260_min_i/PS_0/inst/buffer_pl_clk_0.PL_CLK_0_BUFG/O
                         net (fo=5669, routed)        2.447     7.447    kr260_min_i/clk_wiz/inst/clk_in1
    MMCM_X0Y0            MMCME4_ADV (Prop_MMCM_CLKIN1_CLKOUT0)
                                                      0.739     8.186 r  kr260_min_i/clk_wiz/inst/mmcme4_adv_inst/CLKOUT0
                         net (fo=1, routed)           0.307     8.493    kr260_min_i/clk_wiz/inst/clk_out1_kr260_min_clk_wiz_0
    BUFGCE_X0Y1          BUFGCE (Prop_BUFCE_BUFGCE_I_O)
                                                      0.039     8.532 r  kr260_min_i/clk_wiz/inst/clkout1_buf/O
    X1Y1 (CLOCK_ROOT)    net (fo=74592, routed)       1.979    10.511    kr260_min_i/axi_ic_PS_0_S_AXI_HPC0_FPD/s00_couplers/auto_cc/inst/gen_clock_conv.gen_async_conv.asyncfifo_axi/inst_fifo_gen/gaxi_full_lite.gread_ch.grdch2.axi_rdch/grf.rf/gntv_or_sync_fifo.gl0.rd/gr1.gr1_int.rfwft/s_aclk
    SLICE_X45Y47         FDPE                                         r  kr260_min_i/axi_ic_PS_0_S_AXI_HPC0_FPD/s00_couplers/auto_cc/inst/gen_clock_conv.gen_async_conv.asyncfifo_axi/inst_fifo_gen/gaxi_full_lite.gread_ch.grdch2.axi_rdch/grf.rf/gntv_or_sync_fifo.gl0.rd/gr1.gr1_int.rfwft/aempty_fwft_fb_i_reg/C
                         clock pessimism             -0.461    10.050    
                         clock uncertainty           -0.057     9.992    
    SLICE_X45Y47         FDPE (Recov_EFF_SLICEM_C_PRE)
                                                     -0.093     9.899    kr260_min_i/axi_ic_PS_0_S_AXI_HPC0_FPD/s00_couplers/auto_cc/inst/gen_clock_conv.gen_async_conv.asyncfifo_axi/inst_fifo_gen/gaxi_full_lite.gread_ch.grdch2.axi_rdch/grf.rf/gntv_or_sync_fifo.gl0.rd/gr1.gr1_int.rfwft/aempty_fwft_fb_i_reg
  -------------------------------------------------------------------
                         required time                          9.899    
                         arrival time                          -6.485    
  -------------------------------------------------------------------
                         slack                                  3.415    

Slack (MET) :             3.415ns  (required time - arrival time)
  Source:                 kr260_min_i/axi_ic_PS_0_S_AXI_HPC0_FPD/s00_couplers/auto_cc/inst/gen_clock_conv.gen_async_conv.asyncfifo_axi/inst_fifo_gen/gaxi_full_lite.gread_ch.grdch2.axi_rdch/grf.rf/rstblk/ngwrdrst.grst.g7serrst.gnsckt_wrst.gic_rst.sckt_rd_rst_ic_reg/C
                            (rising edge-triggered cell FDPE clocked by clk_out1_kr260_min_clk_wiz_0  {rise@0.000ns fall@2.500ns period=5.000ns})
  Destination:            kr260_min_i/axi_ic_PS_0_S_AXI_HPC0_FPD/s00_couplers/auto_cc/inst/gen_clock_conv.gen_async_conv.asyncfifo_axi/inst_fifo_gen/gaxi_full_lite.gread_ch.grdch2.axi_rdch/grf.rf/gntv_or_sync_fifo.gl0.rd/gr1.gr1_int.rfwft/aempty_fwft_i_reg/PRE
                            (recovery check against rising-edge clock clk_out1_kr260_min_clk_wiz_0  {rise@0.000ns fall@2.500ns period=5.000ns})
  Path Group:             **async_default**
  Path Type:              Recovery (Max at Slow Process Corner)
  Requirement:            5.000ns  (clk_out1_kr260_min_clk_wiz_0 rise@5.000ns - clk_out1_kr260_min_clk_wiz_0 rise@0.000ns)
  Data Path Delay:        1.431ns  (logic 0.114ns (7.966%)  route 1.317ns (92.034%))
  Logic Levels:           0  
  Clock Path Skew:        -0.004ns (DCD - SCD + CPR)
    Destination Clock Delay (DCD):    5.511ns = ( 10.511 - 5.000 ) 
    Source Clock Delay      (SCD):    5.054ns
    Clock Pessimism Removal (CPR):    -0.461ns
  Clock Uncertainty:      0.057ns  ((TSJ^2 + DJ^2)^1/2) / 2 + PE
    Total System Jitter     (TSJ):    0.071ns
    Discrete Jitter          (DJ):    0.091ns
    Phase Error              (PE):    0.000ns
  Clock Net Delay (Source):      2.086ns (routing 0.724ns, distribution 1.362ns)
  Clock Net Delay (Destination): 1.979ns (routing 0.669ns, distribution 1.310ns)

    Location             Delay type                Incr(ns)  Path(ns)    Netlist Resource(s)
  -------------------------------------------------------------------    -------------------
                         (clock clk_out1_kr260_min_clk_wiz_0 rise edge)
                                                      0.000     0.000 r  
    BUFG_PS_X0Y80        BUFG_PS                      0.000     0.000 r  kr260_min_i/PS_0/inst/buffer_pl_clk_0.PL_CLK_0_BUFG/O
                         net (fo=5669, routed)        2.679     2.679    kr260_min_i/clk_wiz/inst/clk_in1
    MMCM_X0Y0            MMCME4_ADV (Prop_MMCM_CLKIN1_CLKOUT0)
                                                     -0.103     2.576 r  kr260_min_i/clk_wiz/inst/mmcme4_adv_inst/CLKOUT0
                         net (fo=1, routed)           0.348     2.924    kr260_min_i/clk_wiz/inst/clk_out1_kr260_min_clk_wiz_0
    BUFGCE_X0Y1          BUFGCE (Prop_BUFCE_BUFGCE_I_O)
                                                      0.044     2.968 r  kr260_min_i/clk_wiz/inst/clkout1_buf/O
    X1Y1 (CLOCK_ROOT)    net (fo=74592, routed)       2.086     5.054    kr260_min_i/axi_ic_PS_0_S_AXI_HPC0_FPD/s00_couplers/auto_cc/inst/gen_clock_conv.gen_async_conv.asyncfifo_axi/inst_fifo_gen/gaxi_full_lite.gread_ch.grdch2.axi_rdch/grf.rf/rstblk/s_aclk
    SLICE_X38Y46         FDPE                                         r  kr260_min_i/axi_ic_PS_0_S_AXI_HPC0_FPD/s00_couplers/auto_cc/inst/gen_clock_conv.gen_async_conv.asyncfifo_axi/inst_fifo_gen/gaxi_full_lite.gread_ch.grdch2.axi_rdch/grf.rf/rstblk/ngwrdrst.grst.g7serrst.gnsckt_wrst.gic_rst.sckt_rd_rst_ic_reg/C
  -------------------------------------------------------------------    -------------------
    SLICE_X38Y46         FDPE (Prop_HFF2_SLICEM_C_Q)
                                                      0.114     5.168 f  kr260_min_i/axi_ic_PS_0_S_AXI_HPC0_FPD/s00_couplers/auto_cc/inst/gen_clock_conv.gen_async_conv.asyncfifo_axi/inst_fifo_gen/gaxi_full_lite.gread_ch.grdch2.axi_rdch/grf.rf/rstblk/ngwrdrst.grst.g7serrst.gnsckt_wrst.gic_rst.sckt_rd_rst_ic_reg/Q
                         net (fo=21, routed)          1.317     6.485    kr260_min_i/axi_ic_PS_0_S_AXI_HPC0_FPD/s00_couplers/auto_cc/inst/gen_clock_conv.gen_async_conv.asyncfifo_axi/inst_fifo_gen/gaxi_full_lite.gread_ch.grdch2.axi_rdch/grf.rf/gntv_or_sync_fifo.gl0.rd/gr1.gr1_int.rfwft/gpregsm1.user_valid_reg_0
    SLICE_X45Y47         FDPE                                         f  kr260_min_i/axi_ic_PS_0_S_AXI_HPC0_FPD/s00_couplers/auto_cc/inst/gen_clock_conv.gen_async_conv.asyncfifo_axi/inst_fifo_gen/gaxi_full_lite.gread_ch.grdch2.axi_rdch/grf.rf/gntv_or_sync_fifo.gl0.rd/gr1.gr1_int.rfwft/aempty_fwft_i_reg/PRE
  -------------------------------------------------------------------    -------------------

                         (clock clk_out1_kr260_min_clk_wiz_0 rise edge)
                                                      5.000     5.000 r  
    BUFG_PS_X0Y80        BUFG_PS                      0.000     5.000 r  kr260_min_i/PS_0/inst/buffer_pl_clk_0.PL_CLK_0_BUFG/O
                         net (fo=5669, routed)        2.447     7.447    kr260_min_i/clk_wiz/inst/clk_in1
    MMCM_X0Y0            MMCME4_ADV (Prop_MMCM_CLKIN1_CLKOUT0)
                                                      0.739     8.186 r  kr260_min_i/clk_wiz/inst/mmcme4_adv_inst/CLKOUT0
                         net (fo=1, routed)           0.307     8.493    kr260_min_i/clk_wiz/inst/clk_out1_kr260_min_clk_wiz_0
    BUFGCE_X0Y1          BUFGCE (Prop_BUFCE_BUFGCE_I_O)
                                                      0.039     8.532 r  kr260_min_i/clk_wiz/inst/clkout1_buf/O
    X1Y1 (CLOCK_ROOT)    net (fo=74592, routed)       1.979    10.511    kr260_min_i/axi_ic_PS_0_S_AXI_HPC0_FPD/s00_couplers/auto_cc/inst/gen_clock_conv.gen_async_conv.asyncfifo_axi/inst_fifo_gen/gaxi_full_lite.gread_ch.grdch2.axi_rdch/grf.rf/gntv_or_sync_fifo.gl0.rd/gr1.gr1_int.rfwft/s_aclk
    SLICE_X45Y47         FDPE                                         r  kr260_min_i/axi_ic_PS_0_S_AXI_HPC0_FPD/s00_couplers/auto_cc/inst/gen_clock_conv.gen_async_conv.asyncfifo_axi/inst_fifo_gen/gaxi_full_lite.gread_ch.grdch2.axi_rdch/grf.rf/gntv_or_sync_fifo.gl0.rd/gr1.gr1_int.rfwft/aempty_fwft_i_reg/C
                         clock pessimism             -0.461    10.050    
                         clock uncertainty           -0.057     9.992    
    SLICE_X45Y47         FDPE (Recov_EFF2_SLICEM_C_PRE)
                                                     -0.093     9.899    kr260_min_i/axi_ic_PS_0_S_AXI_HPC0_FPD/s00_couplers/auto_cc/inst/gen_clock_conv.gen_async_conv.asyncfifo_axi/inst_fifo_gen/gaxi_full_lite.gread_ch.grdch2.axi_rdch/grf.rf/gntv_or_sync_fifo.gl0.rd/gr1.gr1_int.rfwft/aempty_fwft_i_reg
  -------------------------------------------------------------------
                         required time                          9.899    
                         arrival time                          -6.485    
  -------------------------------------------------------------------
                         slack                                  3.415    

Slack (MET) :             3.415ns  (required time - arrival time)
  Source:                 kr260_min_i/axi_ic_PS_0_S_AXI_HPC0_FPD/s00_couplers/auto_cc/inst/gen_clock_conv.gen_async_conv.asyncfifo_axi/inst_fifo_gen/gaxi_full_lite.gread_ch.grdch2.axi_rdch/grf.rf/rstblk/ngwrdrst.grst.g7serrst.gnsckt_wrst.gic_rst.sckt_rd_rst_ic_reg/C
                            (rising edge-triggered cell FDPE clocked by clk_out1_kr260_min_clk_wiz_0  {rise@0.000ns fall@2.500ns period=5.000ns})
  Destination:            kr260_min_i/axi_ic_PS_0_S_AXI_HPC0_FPD/s00_couplers/auto_cc/inst/gen_clock_conv.gen_async_conv.asyncfifo_axi/inst_fifo_gen/gaxi_full_lite.gread_ch.grdch2.axi_rdch/grf.rf/gntv_or_sync_fifo.gl0.rd/gr1.gr1_int.rfwft/empty_fwft_fb_o_i_reg/PRE
                            (recovery check against rising-edge clock clk_out1_kr260_min_clk_wiz_0  {rise@0.000ns fall@2.500ns period=5.000ns})
  Path Group:             **async_default**
  Path Type:              Recovery (Max at Slow Process Corner)
  Requirement:            5.000ns  (clk_out1_kr260_min_clk_wiz_0 rise@5.000ns - clk_out1_kr260_min_clk_wiz_0 rise@0.000ns)
  Data Path Delay:        1.431ns  (logic 0.114ns (7.966%)  route 1.317ns (92.034%))
  Logic Levels:           0  
  Clock Path Skew:        -0.004ns (DCD - SCD + CPR)
    Destination Clock Delay (DCD):    5.511ns = ( 10.511 - 5.000 ) 
    Source Clock Delay      (SCD):    5.054ns
    Clock Pessimism Removal (CPR):    -0.461ns
  Clock Uncertainty:      0.057ns  ((TSJ^2 + DJ^2)^1/2) / 2 + PE
    Total System Jitter     (TSJ):    0.071ns
    Discrete Jitter          (DJ):    0.091ns
    Phase Error              (PE):    0.000ns
  Clock Net Delay (Source):      2.086ns (routing 0.724ns, distribution 1.362ns)
  Clock Net Delay (Destination): 1.979ns (routing 0.669ns, distribution 1.310ns)

    Location             Delay type                Incr(ns)  Path(ns)    Netlist Resource(s)
  -------------------------------------------------------------------    -------------------
                         (clock clk_out1_kr260_min_clk_wiz_0 rise edge)
                                                      0.000     0.000 r  
    BUFG_PS_X0Y80        BUFG_PS                      0.000     0.000 r  kr260_min_i/PS_0/inst/buffer_pl_clk_0.PL_CLK_0_BUFG/O
                         net (fo=5669, routed)        2.679     2.679    kr260_min_i/clk_wiz/inst/clk_in1
    MMCM_X0Y0            MMCME4_ADV (Prop_MMCM_CLKIN1_CLKOUT0)
                                                     -0.103     2.576 r  kr260_min_i/clk_wiz/inst/mmcme4_adv_inst/CLKOUT0
                         net (fo=1, routed)           0.348     2.924    kr260_min_i/clk_wiz/inst/clk_out1_kr260_min_clk_wiz_0
    BUFGCE_X0Y1          BUFGCE (Prop_BUFCE_BUFGCE_I_O)
                                                      0.044     2.968 r  kr260_min_i/clk_wiz/inst/clkout1_buf/O
    X1Y1 (CLOCK_ROOT)    net (fo=74592, routed)       2.086     5.054    kr260_min_i/axi_ic_PS_0_S_AXI_HPC0_FPD/s00_couplers/auto_cc/inst/gen_clock_conv.gen_async_conv.asyncfifo_axi/inst_fifo_gen/gaxi_full_lite.gread_ch.grdch2.axi_rdch/grf.rf/rstblk/s_aclk
    SLICE_X38Y46         FDPE                                         r  kr260_min_i/axi_ic_PS_0_S_AXI_HPC0_FPD/s00_couplers/auto_cc/inst/gen_clock_conv.gen_async_conv.asyncfifo_axi/inst_fifo_gen/gaxi_full_lite.gread_ch.grdch2.axi_rdch/grf.rf/rstblk/ngwrdrst.grst.g7serrst.gnsckt_wrst.gic_rst.sckt_rd_rst_ic_reg/C
  -------------------------------------------------------------------    -------------------
    SLICE_X38Y46         FDPE (Prop_HFF2_SLICEM_C_Q)
                                                      0.114     5.168 f  kr260_min_i/axi_ic_PS_0_S_AXI_HPC0_FPD/s00_couplers/auto_cc/inst/gen_clock_conv.gen_async_conv.asyncfifo_axi/inst_fifo_gen/gaxi_full_lite.gread_ch.grdch2.axi_rdch/grf.rf/rstblk/ngwrdrst.grst.g7serrst.gnsckt_wrst.gic_rst.sckt_rd_rst_ic_reg/Q
                         net (fo=21, routed)          1.317     6.485    kr260_min_i/axi_ic_PS_0_S_AXI_HPC0_FPD/s00_couplers/auto_cc/inst/gen_clock_conv.gen_async_conv.asyncfifo_axi/inst_fifo_gen/gaxi_full_lite.gread_ch.grdch2.axi_rdch/grf.rf/gntv_or_sync_fifo.gl0.rd/gr1.gr1_int.rfwft/gpregsm1.user_valid_reg_0
    SLICE_X45Y47         FDPE                                         f  kr260_min_i/axi_ic_PS_0_S_AXI_HPC0_FPD/s00_couplers/auto_cc/inst/gen_clock_conv.gen_async_conv.asyncfifo_axi/inst_fifo_gen/gaxi_full_lite.gread_ch.grdch2.axi_rdch/grf.rf/gntv_or_sync_fifo.gl0.rd/gr1.gr1_int.rfwft/empty_fwft_fb_o_i_reg/PRE
  -------------------------------------------------------------------    -------------------

                         (clock clk_out1_kr260_min_clk_wiz_0 rise edge)
                                                      5.000     5.000 r  
    BUFG_PS_X0Y80        BUFG_PS                      0.000     5.000 r  kr260_min_i/PS_0/inst/buffer_pl_clk_0.PL_CLK_0_BUFG/O
                         net (fo=5669, routed)        2.447     7.447    kr260_min_i/clk_wiz/inst/clk_in1
    MMCM_X0Y0            MMCME4_ADV (Prop_MMCM_CLKIN1_CLKOUT0)
                                                      0.739     8.186 r  kr260_min_i/clk_wiz/inst/mmcme4_adv_inst/CLKOUT0
                         net (fo=1, routed)           0.307     8.493    kr260_min_i/clk_wiz/inst/clk_out1_kr260_min_clk_wiz_0
    BUFGCE_X0Y1          BUFGCE (Prop_BUFCE_BUFGCE_I_O)
                                                      0.039     8.532 r  kr260_min_i/clk_wiz/inst/clkout1_buf/O
    X1Y1 (CLOCK_ROOT)    net (fo=74592, routed)       1.979    10.511    kr260_min_i/axi_ic_PS_0_S_AXI_HPC0_FPD/s00_couplers/auto_cc/inst/gen_clock_conv.gen_async_conv.asyncfifo_axi/inst_fifo_gen/gaxi_full_lite.gread_ch.grdch2.axi_rdch/grf.rf/gntv_or_sync_fifo.gl0.rd/gr1.gr1_int.rfwft/s_aclk
    SLICE_X45Y47         FDPE                                         r  kr260_min_i/axi_ic_PS_0_S_AXI_HPC0_FPD/s00_couplers/auto_cc/inst/gen_clock_conv.gen_async_conv.asyncfifo_axi/inst_fifo_gen/gaxi_full_lite.gread_ch.grdch2.axi_rdch/grf.rf/gntv_or_sync_fifo.gl0.rd/gr1.gr1_int.rfwft/empty_fwft_fb_o_i_reg/C
                         clock pessimism             -0.461    10.050    
                         clock uncertainty           -0.057     9.992    
    SLICE_X45Y47         FDPE (Recov_HFF2_SLICEM_C_PRE)
                                                     -0.093     9.899    kr260_min_i/axi_ic_PS_0_S_AXI_HPC0_FPD/s00_couplers/auto_cc/inst/gen_clock_conv.gen_async_conv.asyncfifo_axi/inst_fifo_gen/gaxi_full_lite.gread_ch.grdch2.axi_rdch/grf.rf/gntv_or_sync_fifo.gl0.rd/gr1.gr1_int.rfwft/empty_fwft_fb_o_i_reg
  -------------------------------------------------------------------
                         required time                          9.899    
                         arrival time                          -6.485    
  -------------------------------------------------------------------
                         slack                                  3.415    





Min Delay Paths
--------------------------------------------------------------------------------------
Slack (MET) :             0.136ns  (arrival time - required time)
  Source:                 kr260_min_i/axi_ic_PS_0_M_AXI_HPM0_FPD/s00_couplers/auto_cc/inst/gen_clock_conv.gen_async_conv.asyncfifo_axi/inst_fifo_gen/gaxi_full_lite.gwrite_ch.gwach2.axi_wach/grf.rf/rstblk/ngwrdrst.grst.g7serrst.gnsckt_wrst.gic_rst.rst_rd_reg2_inst/arststages_ff_reg[1]/C
                            (rising edge-triggered cell FDPE clocked by clk_out1_kr260_min_clk_wiz_0  {rise@0.000ns fall@2.500ns period=5.000ns})
  Destination:            kr260_min_i/axi_ic_PS_0_M_AXI_HPM0_FPD/s00_couplers/auto_cc/inst/gen_clock_conv.gen_async_conv.asyncfifo_axi/inst_fifo_gen/gaxi_full_lite.gwrite_ch.gwach2.axi_wach/grf.rf/rstblk/ngwrdrst.grst.g7serrst.gnsckt_wrst.gic_rst.wr_rst_rd_ext_reg[0]/CLR
                            (removal check against rising-edge clock clk_out1_kr260_min_clk_wiz_0  {rise@0.000ns fall@2.500ns period=5.000ns})
  Path Group:             **async_default**
  Path Type:              Removal (Min at Fast Process Corner)
  Requirement:            0.000ns  (clk_out1_kr260_min_clk_wiz_0 rise@0.000ns - clk_out1_kr260_min_clk_wiz_0 rise@0.000ns)
  Data Path Delay:        0.181ns  (logic 0.084ns (46.405%)  route 0.097ns (53.595%))
  Logic Levels:           0  
  Clock Path Skew:        0.063ns (DCD - SCD - CPR)
    Destination Clock Delay (DCD):    3.122ns
    Source Clock Delay      (SCD):    3.483ns
    Clock Pessimism Removal (CPR):    -0.424ns
  Clock Net Delay (Source):      1.240ns (routing 0.396ns, distribution 0.844ns)
  Clock Net Delay (Destination): 1.364ns (routing 0.428ns, distribution 0.936ns)

    Location             Delay type                Incr(ns)  Path(ns)    Netlist Resource(s)
  -------------------------------------------------------------------    -------------------
                         (clock clk_out1_kr260_min_clk_wiz_0 rise edge)
                                                      0.000     0.000 r  
    BUFG_PS_X0Y80        BUFG_PS                      0.000     0.000 r  kr260_min_i/PS_0/inst/buffer_pl_clk_0.PL_CLK_0_BUFG/O
                         net (fo=5669, routed)        1.475     1.475    kr260_min_i/clk_wiz/inst/clk_in1
    MMCM_X0Y0            MMCME4_ADV (Prop_MMCM_CLKIN1_CLKOUT0)
                                                      0.566     2.041 r  kr260_min_i/clk_wiz/inst/mmcme4_adv_inst/CLKOUT0
                         net (fo=1, routed)           0.179     2.220    kr260_min_i/clk_wiz/inst/clk_out1_kr260_min_clk_wiz_0
    BUFGCE_X0Y1          BUFGCE (Prop_BUFCE_BUFGCE_I_O)
                                                      0.023     2.243 r  kr260_min_i/clk_wiz/inst/clkout1_buf/O
    X1Y1 (CLOCK_ROOT)    net (fo=74592, routed)       1.240     3.483    kr260_min_i/axi_ic_PS_0_M_AXI_HPM0_FPD/s00_couplers/auto_cc/inst/gen_clock_conv.gen_async_conv.asyncfifo_axi/inst_fifo_gen/gaxi_full_lite.gwrite_ch.gwach2.axi_wach/grf.rf/rstblk/ngwrdrst.grst.g7serrst.gnsckt_wrst.gic_rst.rst_rd_reg2_inst/dest_clk
    SLICE_X4Y144         FDPE                                         r  kr260_min_i/axi_ic_PS_0_M_AXI_HPM0_FPD/s00_couplers/auto_cc/inst/gen_clock_conv.gen_async_conv.asyncfifo_axi/inst_fifo_gen/gaxi_full_lite.gwrite_ch.gwach2.axi_wach/grf.rf/rstblk/ngwrdrst.grst.g7serrst.gnsckt_wrst.gic_rst.rst_rd_reg2_inst/arststages_ff_reg[1]/C
  -------------------------------------------------------------------    -------------------
    SLICE_X4Y144         FDPE (Prop_AFF2_SLICEM_C_Q)
                                                      0.084     3.567 f  kr260_min_i/axi_ic_PS_0_M_AXI_HPM0_FPD/s00_couplers/auto_cc/inst/gen_clock_conv.gen_async_conv.asyncfifo_axi/inst_fifo_gen/gaxi_full_lite.gwrite_ch.gwach2.axi_wach/grf.rf/rstblk/ngwrdrst.grst.g7serrst.gnsckt_wrst.gic_rst.rst_rd_reg2_inst/arststages_ff_reg[1]/Q
                         net (fo=3, routed)           0.097     3.664    kr260_min_i/axi_ic_PS_0_M_AXI_HPM0_FPD/s00_couplers/auto_cc/inst/gen_clock_conv.gen_async_conv.asyncfifo_axi/inst_fifo_gen/gaxi_full_lite.gwrite_ch.gwach2.axi_wach/grf.rf/rstblk/ngwrdrst.grst.rst_rd_reg2
    SLICE_X2Y144         FDCE                                         f  kr260_min_i/axi_ic_PS_0_M_AXI_HPM0_FPD/s00_couplers/auto_cc/inst/gen_clock_conv.gen_async_conv.asyncfifo_axi/inst_fifo_gen/gaxi_full_lite.gwrite_ch.gwach2.axi_wach/grf.rf/rstblk/ngwrdrst.grst.g7serrst.gnsckt_wrst.gic_rst.wr_rst_rd_ext_reg[0]/CLR
  -------------------------------------------------------------------    -------------------

                         (clock clk_out1_kr260_min_clk_wiz_0 rise edge)
                                                      0.000     0.000 r  
    BUFG_PS_X0Y80        BUFG_PS                      0.000     0.000 r  kr260_min_i/PS_0/inst/buffer_pl_clk_0.PL_CLK_0_BUFG/O
                         net (fo=5669, routed)        1.607     1.607    kr260_min_i/clk_wiz/inst/clk_in1
    MMCM_X0Y0            MMCME4_ADV (Prop_MMCM_CLKIN1_CLKOUT0)
                                                     -0.079     1.528 r  kr260_min_i/clk_wiz/inst/mmcme4_adv_inst/CLKOUT0
                         net (fo=1, routed)           0.204     1.732    kr260_min_i/clk_wiz/inst/clk_out1_kr260_min_clk_wiz_0
    BUFGCE_X0Y1          BUFGCE (Prop_BUFCE_BUFGCE_I_O)
                                                      0.026     1.758 r  kr260_min_i/clk_wiz/inst/clkout1_buf/O
    X1Y1 (CLOCK_ROOT)    net (fo=74592, routed)       1.364     3.122    kr260_min_i/axi_ic_PS_0_M_AXI_HPM0_FPD/s00_couplers/auto_cc/inst/gen_clock_conv.gen_async_conv.asyncfifo_axi/inst_fifo_gen/gaxi_full_lite.gwrite_ch.gwach2.axi_wach/grf.rf/rstblk/m_aclk
    SLICE_X2Y144         FDCE                                         r  kr260_min_i/axi_ic_PS_0_M_AXI_HPM0_FPD/s00_couplers/auto_cc/inst/gen_clock_conv.gen_async_conv.asyncfifo_axi/inst_fifo_gen/gaxi_full_lite.gwrite_ch.gwach2.axi_wach/grf.rf/rstblk/ngwrdrst.grst.g7serrst.gnsckt_wrst.gic_rst.wr_rst_rd_ext_reg[0]/C
                         clock pessimism              0.424     3.546    
    SLICE_X2Y144         FDCE (Remov_EFF_SLICEM_C_CLR)
                                                     -0.018     3.528    kr260_min_i/axi_ic_PS_0_M_AXI_HPM0_FPD/s00_couplers/auto_cc/inst/gen_clock_conv.gen_async_conv.asyncfifo_axi/inst_fifo_gen/gaxi_full_lite.gwrite_ch.gwach2.axi_wach/grf.rf/rstblk/ngwrdrst.grst.g7serrst.gnsckt_wrst.gic_rst.wr_rst_rd_ext_reg[0]
  -------------------------------------------------------------------
                         required time                         -3.528    
                         arrival time                           3.664    
  -------------------------------------------------------------------
                         slack                                  0.136    

Slack (MET) :             0.144ns  (arrival time - required time)
  Source:                 kr260_min_i/axi_ic_PS_0_S_AXI_HP1_FPD/s00_couplers/auto_cc/inst/gen_clock_conv.gen_async_conv.asyncfifo_axi/inst_fifo_gen/gaxi_full_lite.gread_ch.grdch2.axi_rdch/grf.rf/rstblk/ngwrdrst.grst.g7serrst.gnsckt_wrst.gic_rst.rst_rd_reg2_inst/arststages_ff_reg[1]/C
                            (rising edge-triggered cell FDPE clocked by clk_out1_kr260_min_clk_wiz_0  {rise@0.000ns fall@2.500ns period=5.000ns})
  Destination:            kr260_min_i/axi_ic_PS_0_S_AXI_HP1_FPD/s00_couplers/auto_cc/inst/gen_clock_conv.gen_async_conv.asyncfifo_axi/inst_fifo_gen/gaxi_full_lite.gread_ch.grdch2.axi_rdch/grf.rf/rstblk/ngwrdrst.grst.g7serrst.gnsckt_wrst.gic_rst.wr_rst_rd_ext_reg[0]/CLR
                            (removal check against rising-edge clock clk_out1_kr260_min_clk_wiz_0  {rise@0.000ns fall@2.500ns period=5.000ns})
  Path Group:             **async_default**
  Path Type:              Removal (Min at Fast Process Corner)
  Requirement:            0.000ns  (clk_out1_kr260_min_clk_wiz_0 rise@0.000ns - clk_out1_kr260_min_clk_wiz_0 rise@0.000ns)
  Data Path Delay:        0.174ns  (logic 0.084ns (48.382%)  route 0.090ns (51.618%))
  Logic Levels:           0  
  Clock Path Skew:        0.048ns (DCD - SCD - CPR)
    Destination Clock Delay (DCD):    3.127ns
    Source Clock Delay      (SCD):    3.512ns
    Clock Pessimism Removal (CPR):    -0.432ns
  Clock Net Delay (Source):      1.269ns (routing 0.396ns, distribution 0.873ns)
  Clock Net Delay (Destination): 1.369ns (routing 0.428ns, distribution 0.941ns)

    Location             Delay type                Incr(ns)  Path(ns)    Netlist Resource(s)
  -------------------------------------------------------------------    -------------------
                         (clock clk_out1_kr260_min_clk_wiz_0 rise edge)
                                                      0.000     0.000 r  
    BUFG_PS_X0Y80        BUFG_PS                      0.000     0.000 r  kr260_min_i/PS_0/inst/buffer_pl_clk_0.PL_CLK_0_BUFG/O
                         net (fo=5669, routed)        1.475     1.475    kr260_min_i/clk_wiz/inst/clk_in1
    MMCM_X0Y0            MMCME4_ADV (Prop_MMCM_CLKIN1_CLKOUT0)
                                                      0.566     2.041 r  kr260_min_i/clk_wiz/inst/mmcme4_adv_inst/CLKOUT0
                         net (fo=1, routed)           0.179     2.220    kr260_min_i/clk_wiz/inst/clk_out1_kr260_min_clk_wiz_0
    BUFGCE_X0Y1          BUFGCE (Prop_BUFCE_BUFGCE_I_O)
                                                      0.023     2.243 r  kr260_min_i/clk_wiz/inst/clkout1_buf/O
    X1Y1 (CLOCK_ROOT)    net (fo=74592, routed)       1.269     3.512    kr260_min_i/axi_ic_PS_0_S_AXI_HP1_FPD/s00_couplers/auto_cc/inst/gen_clock_conv.gen_async_conv.asyncfifo_axi/inst_fifo_gen/gaxi_full_lite.gread_ch.grdch2.axi_rdch/grf.rf/rstblk/ngwrdrst.grst.g7serrst.gnsckt_wrst.gic_rst.rst_rd_reg2_inst/dest_clk
    SLICE_X1Y189         FDPE                                         r  kr260_min_i/axi_ic_PS_0_S_AXI_HP1_FPD/s00_couplers/auto_cc/inst/gen_clock_conv.gen_async_conv.asyncfifo_axi/inst_fifo_gen/gaxi_full_lite.gread_ch.grdch2.axi_rdch/grf.rf/rstblk/ngwrdrst.grst.g7serrst.gnsckt_wrst.gic_rst.rst_rd_reg2_inst/arststages_ff_reg[1]/C
  -------------------------------------------------------------------    -------------------
    SLICE_X1Y189         FDPE (Prop_AFF2_SLICEM_C_Q)
                                                      0.084     3.596 f  kr260_min_i/axi_ic_PS_0_S_AXI_HP1_FPD/s00_couplers/auto_cc/inst/gen_clock_conv.gen_async_conv.asyncfifo_axi/inst_fifo_gen/gaxi_full_lite.gread_ch.grdch2.axi_rdch/grf.rf/rstblk/ngwrdrst.grst.g7serrst.gnsckt_wrst.gic_rst.rst_rd_reg2_inst/arststages_ff_reg[1]/Q
                         net (fo=3, routed)           0.090     3.685    kr260_min_i/axi_ic_PS_0_S_AXI_HP1_FPD/s00_couplers/auto_cc/inst/gen_clock_conv.gen_async_conv.asyncfifo_axi/inst_fifo_gen/gaxi_full_lite.gread_ch.grdch2.axi_rdch/grf.rf/rstblk/ngwrdrst.grst.rst_rd_reg2
    SLICE_X0Y189         FDCE                                         f  kr260_min_i/axi_ic_PS_0_S_AXI_HP1_FPD/s00_couplers/auto_cc/inst/gen_clock_conv.gen_async_conv.asyncfifo_axi/inst_fifo_gen/gaxi_full_lite.gread_ch.grdch2.axi_rdch/grf.rf/rstblk/ngwrdrst.grst.g7serrst.gnsckt_wrst.gic_rst.wr_rst_rd_ext_reg[0]/CLR
  -------------------------------------------------------------------    -------------------

                         (clock clk_out1_kr260_min_clk_wiz_0 rise edge)
                                                      0.000     0.000 r  
    BUFG_PS_X0Y80        BUFG_PS                      0.000     0.000 r  kr260_min_i/PS_0/inst/buffer_pl_clk_0.PL_CLK_0_BUFG/O
                         net (fo=5669, routed)        1.607     1.607    kr260_min_i/clk_wiz/inst/clk_in1
    MMCM_X0Y0            MMCME4_ADV (Prop_MMCM_CLKIN1_CLKOUT0)
                                                     -0.079     1.528 r  kr260_min_i/clk_wiz/inst/mmcme4_adv_inst/CLKOUT0
                         net (fo=1, routed)           0.204     1.732    kr260_min_i/clk_wiz/inst/clk_out1_kr260_min_clk_wiz_0
    BUFGCE_X0Y1          BUFGCE (Prop_BUFCE_BUFGCE_I_O)
                                                      0.026     1.758 r  kr260_min_i/clk_wiz/inst/clkout1_buf/O
    X1Y1 (CLOCK_ROOT)    net (fo=74592, routed)       1.369     3.127    kr260_min_i/axi_ic_PS_0_S_AXI_HP1_FPD/s00_couplers/auto_cc/inst/gen_clock_conv.gen_async_conv.asyncfifo_axi/inst_fifo_gen/gaxi_full_lite.gread_ch.grdch2.axi_rdch/grf.rf/rstblk/s_aclk
    SLICE_X0Y189         FDCE                                         r  kr260_min_i/axi_ic_PS_0_S_AXI_HP1_FPD/s00_couplers/auto_cc/inst/gen_clock_conv.gen_async_conv.asyncfifo_axi/inst_fifo_gen/gaxi_full_lite.gread_ch.grdch2.axi_rdch/grf.rf/rstblk/ngwrdrst.grst.g7serrst.gnsckt_wrst.gic_rst.wr_rst_rd_ext_reg[0]/C
                         clock pessimism              0.432     3.560    
    SLICE_X0Y189         FDCE (Remov_EFF_SLICEL_C_CLR)
                                                     -0.018     3.542    kr260_min_i/axi_ic_PS_0_S_AXI_HP1_FPD/s00_couplers/auto_cc/inst/gen_clock_conv.gen_async_conv.asyncfifo_axi/inst_fifo_gen/gaxi_full_lite.gread_ch.grdch2.axi_rdch/grf.rf/rstblk/ngwrdrst.grst.g7serrst.gnsckt_wrst.gic_rst.wr_rst_rd_ext_reg[0]
  -------------------------------------------------------------------
                         required time                         -3.542    
                         arrival time                           3.685    
  -------------------------------------------------------------------
                         slack                                  0.144    

Slack (MET) :             0.144ns  (arrival time - required time)
  Source:                 kr260_min_i/axi_ic_PS_0_S_AXI_HP1_FPD/s00_couplers/auto_cc/inst/gen_clock_conv.gen_async_conv.asyncfifo_axi/inst_fifo_gen/gaxi_full_lite.gread_ch.grdch2.axi_rdch/grf.rf/rstblk/ngwrdrst.grst.g7serrst.gnsckt_wrst.gic_rst.rst_rd_reg2_inst/arststages_ff_reg[1]/C
                            (rising edge-triggered cell FDPE clocked by clk_out1_kr260_min_clk_wiz_0  {rise@0.000ns fall@2.500ns period=5.000ns})
  Destination:            kr260_min_i/axi_ic_PS_0_S_AXI_HP1_FPD/s00_couplers/auto_cc/inst/gen_clock_conv.gen_async_conv.asyncfifo_axi/inst_fifo_gen/gaxi_full_lite.gread_ch.grdch2.axi_rdch/grf.rf/rstblk/ngwrdrst.grst.g7serrst.gnsckt_wrst.gic_rst.wr_rst_rd_ext_reg[1]/CLR
                            (removal check against rising-edge clock clk_out1_kr260_min_clk_wiz_0  {rise@0.000ns fall@2.500ns period=5.000ns})
  Path Group:             **async_default**
  Path Type:              Removal (Min at Fast Process Corner)
  Requirement:            0.000ns  (clk_out1_kr260_min_clk_wiz_0 rise@0.000ns - clk_out1_kr260_min_clk_wiz_0 rise@0.000ns)
  Data Path Delay:        0.174ns  (logic 0.084ns (48.382%)  route 0.090ns (51.618%))
  Logic Levels:           0  
  Clock Path Skew:        0.048ns (DCD - SCD - CPR)
    Destination Clock Delay (DCD):    3.127ns
    Source Clock Delay      (SCD):    3.512ns
    Clock Pessimism Removal (CPR):    -0.432ns
  Clock Net Delay (Source):      1.269ns (routing 0.396ns, distribution 0.873ns)
  Clock Net Delay (Destination): 1.369ns (routing 0.428ns, distribution 0.941ns)

    Location             Delay type                Incr(ns)  Path(ns)    Netlist Resource(s)
  -------------------------------------------------------------------    -------------------
                         (clock clk_out1_kr260_min_clk_wiz_0 rise edge)
                                                      0.000     0.000 r  
    BUFG_PS_X0Y80        BUFG_PS                      0.000     0.000 r  kr260_min_i/PS_0/inst/buffer_pl_clk_0.PL_CLK_0_BUFG/O
                         net (fo=5669, routed)        1.475     1.475    kr260_min_i/clk_wiz/inst/clk_in1
    MMCM_X0Y0            MMCME4_ADV (Prop_MMCM_CLKIN1_CLKOUT0)
                                                      0.566     2.041 r  kr260_min_i/clk_wiz/inst/mmcme4_adv_inst/CLKOUT0
                         net (fo=1, routed)           0.179     2.220    kr260_min_i/clk_wiz/inst/clk_out1_kr260_min_clk_wiz_0
    BUFGCE_X0Y1          BUFGCE (Prop_BUFCE_BUFGCE_I_O)
                                                      0.023     2.243 r  kr260_min_i/clk_wiz/inst/clkout1_buf/O
    X1Y1 (CLOCK_ROOT)    net (fo=74592, routed)       1.269     3.512    kr260_min_i/axi_ic_PS_0_S_AXI_HP1_FPD/s00_couplers/auto_cc/inst/gen_clock_conv.gen_async_conv.asyncfifo_axi/inst_fifo_gen/gaxi_full_lite.gread_ch.grdch2.axi_rdch/grf.rf/rstblk/ngwrdrst.grst.g7serrst.gnsckt_wrst.gic_rst.rst_rd_reg2_inst/dest_clk
    SLICE_X1Y189         FDPE                                         r  kr260_min_i/axi_ic_PS_0_S_AXI_HP1_FPD/s00_couplers/auto_cc/inst/gen_clock_conv.gen_async_conv.asyncfifo_axi/inst_fifo_gen/gaxi_full_lite.gread_ch.grdch2.axi_rdch/grf.rf/rstblk/ngwrdrst.grst.g7serrst.gnsckt_wrst.gic_rst.rst_rd_reg2_inst/arststages_ff_reg[1]/C
  -------------------------------------------------------------------    -------------------
    SLICE_X1Y189         FDPE (Prop_AFF2_SLICEM_C_Q)
                                                      0.084     3.596 f  kr260_min_i/axi_ic_PS_0_S_AXI_HP1_FPD/s00_couplers/auto_cc/inst/gen_clock_conv.gen_async_conv.asyncfifo_axi/inst_fifo_gen/gaxi_full_lite.gread_ch.grdch2.axi_rdch/grf.rf/rstblk/ngwrdrst.grst.g7serrst.gnsckt_wrst.gic_rst.rst_rd_reg2_inst/arststages_ff_reg[1]/Q
                         net (fo=3, routed)           0.090     3.685    kr260_min_i/axi_ic_PS_0_S_AXI_HP1_FPD/s00_couplers/auto_cc/inst/gen_clock_conv.gen_async_conv.asyncfifo_axi/inst_fifo_gen/gaxi_full_lite.gread_ch.grdch2.axi_rdch/grf.rf/rstblk/ngwrdrst.grst.rst_rd_reg2
    SLICE_X0Y189         FDCE                                         f  kr260_min_i/axi_ic_PS_0_S_AXI_HP1_FPD/s00_couplers/auto_cc/inst/gen_clock_conv.gen_async_conv.asyncfifo_axi/inst_fifo_gen/gaxi_full_lite.gread_ch.grdch2.axi_rdch/grf.rf/rstblk/ngwrdrst.grst.g7serrst.gnsckt_wrst.gic_rst.wr_rst_rd_ext_reg[1]/CLR
  -------------------------------------------------------------------    -------------------

                         (clock clk_out1_kr260_min_clk_wiz_0 rise edge)
                                                      0.000     0.000 r  
    BUFG_PS_X0Y80        BUFG_PS                      0.000     0.000 r  kr260_min_i/PS_0/inst/buffer_pl_clk_0.PL_CLK_0_BUFG/O
                         net (fo=5669, routed)        1.607     1.607    kr260_min_i/clk_wiz/inst/clk_in1
    MMCM_X0Y0            MMCME4_ADV (Prop_MMCM_CLKIN1_CLKOUT0)
                                                     -0.079     1.528 r  kr260_min_i/clk_wiz/inst/mmcme4_adv_inst/CLKOUT0
                         net (fo=1, routed)           0.204     1.732    kr260_min_i/clk_wiz/inst/clk_out1_kr260_min_clk_wiz_0
    BUFGCE_X0Y1          BUFGCE (Prop_BUFCE_BUFGCE_I_O)
                                                      0.026     1.758 r  kr260_min_i/clk_wiz/inst/clkout1_buf/O
    X1Y1 (CLOCK_ROOT)    net (fo=74592, routed)       1.369     3.127    kr260_min_i/axi_ic_PS_0_S_AXI_HP1_FPD/s00_couplers/auto_cc/inst/gen_clock_conv.gen_async_conv.asyncfifo_axi/inst_fifo_gen/gaxi_full_lite.gread_ch.grdch2.axi_rdch/grf.rf/rstblk/s_aclk
    SLICE_X0Y189         FDCE                                         r  kr260_min_i/axi_ic_PS_0_S_AXI_HP1_FPD/s00_couplers/auto_cc/inst/gen_clock_conv.gen_async_conv.asyncfifo_axi/inst_fifo_gen/gaxi_full_lite.gread_ch.grdch2.axi_rdch/grf.rf/rstblk/ngwrdrst.grst.g7serrst.gnsckt_wrst.gic_rst.wr_rst_rd_ext_reg[1]/C
                         clock pessimism              0.432     3.560    
    SLICE_X0Y189         FDCE (Remov_EFF2_SLICEL_C_CLR)
                                                     -0.018     3.542    kr260_min_i/axi_ic_PS_0_S_AXI_HP1_FPD/s00_couplers/auto_cc/inst/gen_clock_conv.gen_async_conv.asyncfifo_axi/inst_fifo_gen/gaxi_full_lite.gread_ch.grdch2.axi_rdch/grf.rf/rstblk/ngwrdrst.grst.g7serrst.gnsckt_wrst.gic_rst.wr_rst_rd_ext_reg[1]
  -------------------------------------------------------------------
                         required time                         -3.542    
                         arrival time                           3.685    
  -------------------------------------------------------------------
                         slack                                  0.144    

Slack (MET) :             0.148ns  (arrival time - required time)
  Source:                 kr260_min_i/axi_ic_PS_0_S_AXI_HP1_FPD/s00_couplers/auto_cc/inst/gen_clock_conv.gen_async_conv.asyncfifo_axi/inst_fifo_gen/gaxi_full_lite.gread_ch.grdch2.axi_rdch/grf.rf/rstblk/ngwrdrst.grst.g7serrst.gnsckt_wrst.gic_rst.rst_rd_reg2_inst/arststages_ff_reg[1]/C
                            (rising edge-triggered cell FDPE clocked by clk_out1_kr260_min_clk_wiz_0  {rise@0.000ns fall@2.500ns period=5.000ns})
  Destination:            kr260_min_i/axi_ic_PS_0_S_AXI_HP1_FPD/s00_couplers/auto_cc/inst/gen_clock_conv.gen_async_conv.asyncfifo_axi/inst_fifo_gen/gaxi_full_lite.gread_ch.grdch2.axi_rdch/grf.rf/rstblk/ngwrdrst.grst.g7serrst.gnsckt_wrst.gic_rst.sckt_rd_rst_ic_reg/PRE
                            (removal check against rising-edge clock clk_out1_kr260_min_clk_wiz_0  {rise@0.000ns fall@2.500ns period=5.000ns})
  Path Group:             **async_default**
  Path Type:              Removal (Min at Fast Process Corner)
  Requirement:            0.000ns  (clk_out1_kr260_min_clk_wiz_0 rise@0.000ns - clk_out1_kr260_min_clk_wiz_0 rise@0.000ns)
  Data Path Delay:        0.174ns  (logic 0.084ns (48.382%)  route 0.090ns (51.618%))
  Logic Levels:           0  
  Clock Path Skew:        0.044ns (DCD - SCD - CPR)
    Destination Clock Delay (DCD):    3.123ns
    Source Clock Delay      (SCD):    3.512ns
    Clock Pessimism Removal (CPR):    -0.432ns
  Clock Net Delay (Source):      1.269ns (routing 0.396ns, distribution 0.873ns)
  Clock Net Delay (Destination): 1.365ns (routing 0.428ns, distribution 0.937ns)

    Location             Delay type                Incr(ns)  Path(ns)    Netlist Resource(s)
  -------------------------------------------------------------------    -------------------
                         (clock clk_out1_kr260_min_clk_wiz_0 rise edge)
                                                      0.000     0.000 r  
    BUFG_PS_X0Y80        BUFG_PS                      0.000     0.000 r  kr260_min_i/PS_0/inst/buffer_pl_clk_0.PL_CLK_0_BUFG/O
                         net (fo=5669, routed)        1.475     1.475    kr260_min_i/clk_wiz/inst/clk_in1
    MMCM_X0Y0            MMCME4_ADV (Prop_MMCM_CLKIN1_CLKOUT0)
                                                      0.566     2.041 r  kr260_min_i/clk_wiz/inst/mmcme4_adv_inst/CLKOUT0
                         net (fo=1, routed)           0.179     2.220    kr260_min_i/clk_wiz/inst/clk_out1_kr260_min_clk_wiz_0
    BUFGCE_X0Y1          BUFGCE (Prop_BUFCE_BUFGCE_I_O)
                                                      0.023     2.243 r  kr260_min_i/clk_wiz/inst/clkout1_buf/O
    X1Y1 (CLOCK_ROOT)    net (fo=74592, routed)       1.269     3.512    kr260_min_i/axi_ic_PS_0_S_AXI_HP1_FPD/s00_couplers/auto_cc/inst/gen_clock_conv.gen_async_conv.asyncfifo_axi/inst_fifo_gen/gaxi_full_lite.gread_ch.grdch2.axi_rdch/grf.rf/rstblk/ngwrdrst.grst.g7serrst.gnsckt_wrst.gic_rst.rst_rd_reg2_inst/dest_clk
    SLICE_X1Y189         FDPE                                         r  kr260_min_i/axi_ic_PS_0_S_AXI_HP1_FPD/s00_couplers/auto_cc/inst/gen_clock_conv.gen_async_conv.asyncfifo_axi/inst_fifo_gen/gaxi_full_lite.gread_ch.grdch2.axi_rdch/grf.rf/rstblk/ngwrdrst.grst.g7serrst.gnsckt_wrst.gic_rst.rst_rd_reg2_inst/arststages_ff_reg[1]/C
  -------------------------------------------------------------------    -------------------
    SLICE_X1Y189         FDPE (Prop_AFF2_SLICEM_C_Q)
                                                      0.084     3.596 f  kr260_min_i/axi_ic_PS_0_S_AXI_HP1_FPD/s00_couplers/auto_cc/inst/gen_clock_conv.gen_async_conv.asyncfifo_axi/inst_fifo_gen/gaxi_full_lite.gread_ch.grdch2.axi_rdch/grf.rf/rstblk/ngwrdrst.grst.g7serrst.gnsckt_wrst.gic_rst.rst_rd_reg2_inst/arststages_ff_reg[1]/Q
                         net (fo=3, routed)           0.090     3.685    kr260_min_i/axi_ic_PS_0_S_AXI_HP1_FPD/s00_couplers/auto_cc/inst/gen_clock_conv.gen_async_conv.asyncfifo_axi/inst_fifo_gen/gaxi_full_lite.gread_ch.grdch2.axi_rdch/grf.rf/rstblk/ngwrdrst.grst.rst_rd_reg2
    SLICE_X0Y189         FDPE                                         f  kr260_min_i/axi_ic_PS_0_S_AXI_HP1_FPD/s00_couplers/auto_cc/inst/gen_clock_conv.gen_async_conv.asyncfifo_axi/inst_fifo_gen/gaxi_full_lite.gread_ch.grdch2.axi_rdch/grf.rf/rstblk/ngwrdrst.grst.g7serrst.gnsckt_wrst.gic_rst.sckt_rd_rst_ic_reg/PRE
  -------------------------------------------------------------------    -------------------

                         (clock clk_out1_kr260_min_clk_wiz_0 rise edge)
                                                      0.000     0.000 r  
    BUFG_PS_X0Y80        BUFG_PS                      0.000     0.000 r  kr260_min_i/PS_0/inst/buffer_pl_clk_0.PL_CLK_0_BUFG/O
                         net (fo=5669, routed)        1.607     1.607    kr260_min_i/clk_wiz/inst/clk_in1
    MMCM_X0Y0            MMCME4_ADV (Prop_MMCM_CLKIN1_CLKOUT0)
                                                     -0.079     1.528 r  kr260_min_i/clk_wiz/inst/mmcme4_adv_inst/CLKOUT0
                         net (fo=1, routed)           0.204     1.732    kr260_min_i/clk_wiz/inst/clk_out1_kr260_min_clk_wiz_0
    BUFGCE_X0Y1          BUFGCE (Prop_BUFCE_BUFGCE_I_O)
                                                      0.026     1.758 r  kr260_min_i/clk_wiz/inst/clkout1_buf/O
    X1Y1 (CLOCK_ROOT)    net (fo=74592, routed)       1.365     3.123    kr260_min_i/axi_ic_PS_0_S_AXI_HP1_FPD/s00_couplers/auto_cc/inst/gen_clock_conv.gen_async_conv.asyncfifo_axi/inst_fifo_gen/gaxi_full_lite.gread_ch.grdch2.axi_rdch/grf.rf/rstblk/s_aclk
    SLICE_X0Y189         FDPE                                         r  kr260_min_i/axi_ic_PS_0_S_AXI_HP1_FPD/s00_couplers/auto_cc/inst/gen_clock_conv.gen_async_conv.asyncfifo_axi/inst_fifo_gen/gaxi_full_lite.gread_ch.grdch2.axi_rdch/grf.rf/rstblk/ngwrdrst.grst.g7serrst.gnsckt_wrst.gic_rst.sckt_rd_rst_ic_reg/C
                         clock pessimism              0.432     3.556    
    SLICE_X0Y189         FDPE (Remov_DFF2_SLICEL_C_PRE)
                                                     -0.018     3.538    kr260_min_i/axi_ic_PS_0_S_AXI_HP1_FPD/s00_couplers/auto_cc/inst/gen_clock_conv.gen_async_conv.asyncfifo_axi/inst_fifo_gen/gaxi_full_lite.gread_ch.grdch2.axi_rdch/grf.rf/rstblk/ngwrdrst.grst.g7serrst.gnsckt_wrst.gic_rst.sckt_rd_rst_ic_reg
  -------------------------------------------------------------------
                         required time                         -3.538    
                         arrival time                           3.685    
  -------------------------------------------------------------------
                         slack                                  0.148    

Slack (MET) :             0.152ns  (arrival time - required time)
  Source:                 kr260_min_i/axi_ic_PS_0_S_AXI_HP0_FPD/s00_couplers/auto_cc/inst/gen_clock_conv.gen_async_conv.asyncfifo_axi/inst_fifo_gen/gaxi_full_lite.gread_ch.grdch2.axi_rdch/grf.rf/rstblk/ngwrdrst.grst.g7serrst.gnsckt_wrst.gic_rst.rst_rd_reg2_inst/arststages_ff_reg[1]/C
                            (rising edge-triggered cell FDPE clocked by clk_out1_kr260_min_clk_wiz_0  {rise@0.000ns fall@2.500ns period=5.000ns})
  Destination:            kr260_min_i/axi_ic_PS_0_S_AXI_HP0_FPD/s00_couplers/auto_cc/inst/gen_clock_conv.gen_async_conv.asyncfifo_axi/inst_fifo_gen/gaxi_full_lite.gread_ch.grdch2.axi_rdch/grf.rf/rstblk/ngwrdrst.grst.g7serrst.gnsckt_wrst.gic_rst.wr_rst_rd_ext_reg[0]/CLR
                            (removal check against rising-edge clock clk_out1_kr260_min_clk_wiz_0  {rise@0.000ns fall@2.500ns period=5.000ns})
  Path Group:             **async_default**
  Path Type:              Removal (Min at Fast Process Corner)
  Requirement:            0.000ns  (clk_out1_kr260_min_clk_wiz_0 rise@0.000ns - clk_out1_kr260_min_clk_wiz_0 rise@0.000ns)
  Data Path Delay:        0.190ns  (logic 0.085ns (44.721%)  route 0.105ns (55.279%))
  Logic Levels:           0  
  Clock Path Skew:        0.056ns (DCD - SCD - CPR)
    Destination Clock Delay (DCD):    3.076ns
    Source Clock Delay      (SCD):    3.446ns
    Clock Pessimism Removal (CPR):    -0.426ns
  Clock Net Delay (Source):      1.203ns (routing 0.396ns, distribution 0.807ns)
  Clock Net Delay (Destination): 1.318ns (routing 0.428ns, distribution 0.890ns)

    Location             Delay type                Incr(ns)  Path(ns)    Netlist Resource(s)
  -------------------------------------------------------------------    -------------------
                         (clock clk_out1_kr260_min_clk_wiz_0 rise edge)
                                                      0.000     0.000 r  
    BUFG_PS_X0Y80        BUFG_PS                      0.000     0.000 r  kr260_min_i/PS_0/inst/buffer_pl_clk_0.PL_CLK_0_BUFG/O
                         net (fo=5669, routed)        1.475     1.475    kr260_min_i/clk_wiz/inst/clk_in1
    MMCM_X0Y0            MMCME4_ADV (Prop_MMCM_CLKIN1_CLKOUT0)
                                                      0.566     2.041 r  kr260_min_i/clk_wiz/inst/mmcme4_adv_inst/CLKOUT0
                         net (fo=1, routed)           0.179     2.220    kr260_min_i/clk_wiz/inst/clk_out1_kr260_min_clk_wiz_0
    BUFGCE_X0Y1          BUFGCE (Prop_BUFCE_BUFGCE_I_O)
                                                      0.023     2.243 r  kr260_min_i/clk_wiz/inst/clkout1_buf/O
    X1Y1 (CLOCK_ROOT)    net (fo=74592, routed)       1.203     3.446    kr260_min_i/axi_ic_PS_0_S_AXI_HP0_FPD/s00_couplers/auto_cc/inst/gen_clock_conv.gen_async_conv.asyncfifo_axi/inst_fifo_gen/gaxi_full_lite.gread_ch.grdch2.axi_rdch/grf.rf/rstblk/ngwrdrst.grst.g7serrst.gnsckt_wrst.gic_rst.rst_rd_reg2_inst/dest_clk
    SLICE_X3Y88          FDPE                                         r  kr260_min_i/axi_ic_PS_0_S_AXI_HP0_FPD/s00_couplers/auto_cc/inst/gen_clock_conv.gen_async_conv.asyncfifo_axi/inst_fifo_gen/gaxi_full_lite.gread_ch.grdch2.axi_rdch/grf.rf/rstblk/ngwrdrst.grst.g7serrst.gnsckt_wrst.gic_rst.rst_rd_reg2_inst/arststages_ff_reg[1]/C
  -------------------------------------------------------------------    -------------------
    SLICE_X3Y88          FDPE (Prop_BFF2_SLICEL_C_Q)
                                                      0.085     3.531 f  kr260_min_i/axi_ic_PS_0_S_AXI_HP0_FPD/s00_couplers/auto_cc/inst/gen_clock_conv.gen_async_conv.asyncfifo_axi/inst_fifo_gen/gaxi_full_lite.gread_ch.grdch2.axi_rdch/grf.rf/rstblk/ngwrdrst.grst.g7serrst.gnsckt_wrst.gic_rst.rst_rd_reg2_inst/arststages_ff_reg[1]/Q
                         net (fo=3, routed)           0.105     3.636    kr260_min_i/axi_ic_PS_0_S_AXI_HP0_FPD/s00_couplers/auto_cc/inst/gen_clock_conv.gen_async_conv.asyncfifo_axi/inst_fifo_gen/gaxi_full_lite.gread_ch.grdch2.axi_rdch/grf.rf/rstblk/ngwrdrst.grst.rst_rd_reg2
    SLICE_X0Y86          FDCE                                         f  kr260_min_i/axi_ic_PS_0_S_AXI_HP0_FPD/s00_couplers/auto_cc/inst/gen_clock_conv.gen_async_conv.asyncfifo_axi/inst_fifo_gen/gaxi_full_lite.gread_ch.grdch2.axi_rdch/grf.rf/rstblk/ngwrdrst.grst.g7serrst.gnsckt_wrst.gic_rst.wr_rst_rd_ext_reg[0]/CLR
  -------------------------------------------------------------------    -------------------

                         (clock clk_out1_kr260_min_clk_wiz_0 rise edge)
                                                      0.000     0.000 r  
    BUFG_PS_X0Y80        BUFG_PS                      0.000     0.000 r  kr260_min_i/PS_0/inst/buffer_pl_clk_0.PL_CLK_0_BUFG/O
                         net (fo=5669, routed)        1.607     1.607    kr260_min_i/clk_wiz/inst/clk_in1
    MMCM_X0Y0            MMCME4_ADV (Prop_MMCM_CLKIN1_CLKOUT0)
                                                     -0.079     1.528 r  kr260_min_i/clk_wiz/inst/mmcme4_adv_inst/CLKOUT0
                         net (fo=1, routed)           0.204     1.732    kr260_min_i/clk_wiz/inst/clk_out1_kr260_min_clk_wiz_0
    BUFGCE_X0Y1          BUFGCE (Prop_BUFCE_BUFGCE_I_O)
                                                      0.026     1.758 r  kr260_min_i/clk_wiz/inst/clkout1_buf/O
    X1Y1 (CLOCK_ROOT)    net (fo=74592, routed)       1.318     3.076    kr260_min_i/axi_ic_PS_0_S_AXI_HP0_FPD/s00_couplers/auto_cc/inst/gen_clock_conv.gen_async_conv.asyncfifo_axi/inst_fifo_gen/gaxi_full_lite.gread_ch.grdch2.axi_rdch/grf.rf/rstblk/s_aclk
    SLICE_X0Y86          FDCE                                         r  kr260_min_i/axi_ic_PS_0_S_AXI_HP0_FPD/s00_couplers/auto_cc/inst/gen_clock_conv.gen_async_conv.asyncfifo_axi/inst_fifo_gen/gaxi_full_lite.gread_ch.grdch2.axi_rdch/grf.rf/rstblk/ngwrdrst.grst.g7serrst.gnsckt_wrst.gic_rst.wr_rst_rd_ext_reg[0]/C
                         clock pessimism              0.426     3.502    
    SLICE_X0Y86          FDCE (Remov_EFF_SLICEL_C_CLR)
                                                     -0.018     3.484    kr260_min_i/axi_ic_PS_0_S_AXI_HP0_FPD/s00_couplers/auto_cc/inst/gen_clock_conv.gen_async_conv.asyncfifo_axi/inst_fifo_gen/gaxi_full_lite.gread_ch.grdch2.axi_rdch/grf.rf/rstblk/ngwrdrst.grst.g7serrst.gnsckt_wrst.gic_rst.wr_rst_rd_ext_reg[0]
  -------------------------------------------------------------------
                         required time                         -3.484    
                         arrival time                           3.636    
  -------------------------------------------------------------------
                         slack                                  0.152    

Slack (MET) :             0.152ns  (arrival time - required time)
  Source:                 kr260_min_i/axi_ic_PS_0_S_AXI_HP0_FPD/s00_couplers/auto_cc/inst/gen_clock_conv.gen_async_conv.asyncfifo_axi/inst_fifo_gen/gaxi_full_lite.gread_ch.grdch2.axi_rdch/grf.rf/rstblk/ngwrdrst.grst.g7serrst.gnsckt_wrst.gic_rst.rst_rd_reg2_inst/arststages_ff_reg[1]/C
                            (rising edge-triggered cell FDPE clocked by clk_out1_kr260_min_clk_wiz_0  {rise@0.000ns fall@2.500ns period=5.000ns})
  Destination:            kr260_min_i/axi_ic_PS_0_S_AXI_HP0_FPD/s00_couplers/auto_cc/inst/gen_clock_conv.gen_async_conv.asyncfifo_axi/inst_fifo_gen/gaxi_full_lite.gread_ch.grdch2.axi_rdch/grf.rf/rstblk/ngwrdrst.grst.g7serrst.gnsckt_wrst.gic_rst.wr_rst_rd_ext_reg[1]/CLR
                            (removal check against rising-edge clock clk_out1_kr260_min_clk_wiz_0  {rise@0.000ns fall@2.500ns period=5.000ns})
  Path Group:             **async_default**
  Path Type:              Removal (Min at Fast Process Corner)
  Requirement:            0.000ns  (clk_out1_kr260_min_clk_wiz_0 rise@0.000ns - clk_out1_kr260_min_clk_wiz_0 rise@0.000ns)
  Data Path Delay:        0.190ns  (logic 0.085ns (44.721%)  route 0.105ns (55.279%))
  Logic Levels:           0  
  Clock Path Skew:        0.056ns (DCD - SCD - CPR)
    Destination Clock Delay (DCD):    3.076ns
    Source Clock Delay      (SCD):    3.446ns
    Clock Pessimism Removal (CPR):    -0.426ns
  Clock Net Delay (Source):      1.203ns (routing 0.396ns, distribution 0.807ns)
  Clock Net Delay (Destination): 1.318ns (routing 0.428ns, distribution 0.890ns)

    Location             Delay type                Incr(ns)  Path(ns)    Netlist Resource(s)
  -------------------------------------------------------------------    -------------------
                         (clock clk_out1_kr260_min_clk_wiz_0 rise edge)
                                                      0.000     0.000 r  
    BUFG_PS_X0Y80        BUFG_PS                      0.000     0.000 r  kr260_min_i/PS_0/inst/buffer_pl_clk_0.PL_CLK_0_BUFG/O
                         net (fo=5669, routed)        1.475     1.475    kr260_min_i/clk_wiz/inst/clk_in1
    MMCM_X0Y0            MMCME4_ADV (Prop_MMCM_CLKIN1_CLKOUT0)
                                                      0.566     2.041 r  kr260_min_i/clk_wiz/inst/mmcme4_adv_inst/CLKOUT0
                         net (fo=1, routed)           0.179     2.220    kr260_min_i/clk_wiz/inst/clk_out1_kr260_min_clk_wiz_0
    BUFGCE_X0Y1          BUFGCE (Prop_BUFCE_BUFGCE_I_O)
                                                      0.023     2.243 r  kr260_min_i/clk_wiz/inst/clkout1_buf/O
    X1Y1 (CLOCK_ROOT)    net (fo=74592, routed)       1.203     3.446    kr260_min_i/axi_ic_PS_0_S_AXI_HP0_FPD/s00_couplers/auto_cc/inst/gen_clock_conv.gen_async_conv.asyncfifo_axi/inst_fifo_gen/gaxi_full_lite.gread_ch.grdch2.axi_rdch/grf.rf/rstblk/ngwrdrst.grst.g7serrst.gnsckt_wrst.gic_rst.rst_rd_reg2_inst/dest_clk
    SLICE_X3Y88          FDPE                                         r  kr260_min_i/axi_ic_PS_0_S_AXI_HP0_FPD/s00_couplers/auto_cc/inst/gen_clock_conv.gen_async_conv.asyncfifo_axi/inst_fifo_gen/gaxi_full_lite.gread_ch.grdch2.axi_rdch/grf.rf/rstblk/ngwrdrst.grst.g7serrst.gnsckt_wrst.gic_rst.rst_rd_reg2_inst/arststages_ff_reg[1]/C
  -------------------------------------------------------------------    -------------------
    SLICE_X3Y88          FDPE (Prop_BFF2_SLICEL_C_Q)
                                                      0.085     3.531 f  kr260_min_i/axi_ic_PS_0_S_AXI_HP0_FPD/s00_couplers/auto_cc/inst/gen_clock_conv.gen_async_conv.asyncfifo_axi/inst_fifo_gen/gaxi_full_lite.gread_ch.grdch2.axi_rdch/grf.rf/rstblk/ngwrdrst.grst.g7serrst.gnsckt_wrst.gic_rst.rst_rd_reg2_inst/arststages_ff_reg[1]/Q
                         net (fo=3, routed)           0.105     3.636    kr260_min_i/axi_ic_PS_0_S_AXI_HP0_FPD/s00_couplers/auto_cc/inst/gen_clock_conv.gen_async_conv.asyncfifo_axi/inst_fifo_gen/gaxi_full_lite.gread_ch.grdch2.axi_rdch/grf.rf/rstblk/ngwrdrst.grst.rst_rd_reg2
    SLICE_X0Y86          FDCE                                         f  kr260_min_i/axi_ic_PS_0_S_AXI_HP0_FPD/s00_couplers/auto_cc/inst/gen_clock_conv.gen_async_conv.asyncfifo_axi/inst_fifo_gen/gaxi_full_lite.gread_ch.grdch2.axi_rdch/grf.rf/rstblk/ngwrdrst.grst.g7serrst.gnsckt_wrst.gic_rst.wr_rst_rd_ext_reg[1]/CLR
  -------------------------------------------------------------------    -------------------

                         (clock clk_out1_kr260_min_clk_wiz_0 rise edge)
                                                      0.000     0.000 r  
    BUFG_PS_X0Y80        BUFG_PS                      0.000     0.000 r  kr260_min_i/PS_0/inst/buffer_pl_clk_0.PL_CLK_0_BUFG/O
                         net (fo=5669, routed)        1.607     1.607    kr260_min_i/clk_wiz/inst/clk_in1
    MMCM_X0Y0            MMCME4_ADV (Prop_MMCM_CLKIN1_CLKOUT0)
                                                     -0.079     1.528 r  kr260_min_i/clk_wiz/inst/mmcme4_adv_inst/CLKOUT0
                         net (fo=1, routed)           0.204     1.732    kr260_min_i/clk_wiz/inst/clk_out1_kr260_min_clk_wiz_0
    BUFGCE_X0Y1          BUFGCE (Prop_BUFCE_BUFGCE_I_O)
                                                      0.026     1.758 r  kr260_min_i/clk_wiz/inst/clkout1_buf/O
    X1Y1 (CLOCK_ROOT)    net (fo=74592, routed)       1.318     3.076    kr260_min_i/axi_ic_PS_0_S_AXI_HP0_FPD/s00_couplers/auto_cc/inst/gen_clock_conv.gen_async_conv.asyncfifo_axi/inst_fifo_gen/gaxi_full_lite.gread_ch.grdch2.axi_rdch/grf.rf/rstblk/s_aclk
    SLICE_X0Y86          FDCE                                         r  kr260_min_i/axi_ic_PS_0_S_AXI_HP0_FPD/s00_couplers/auto_cc/inst/gen_clock_conv.gen_async_conv.asyncfifo_axi/inst_fifo_gen/gaxi_full_lite.gread_ch.grdch2.axi_rdch/grf.rf/rstblk/ngwrdrst.grst.g7serrst.gnsckt_wrst.gic_rst.wr_rst_rd_ext_reg[1]/C
                         clock pessimism              0.426     3.502    
    SLICE_X0Y86          FDCE (Remov_EFF2_SLICEL_C_CLR)
                                                     -0.018     3.484    kr260_min_i/axi_ic_PS_0_S_AXI_HP0_FPD/s00_couplers/auto_cc/inst/gen_clock_conv.gen_async_conv.asyncfifo_axi/inst_fifo_gen/gaxi_full_lite.gread_ch.grdch2.axi_rdch/grf.rf/rstblk/ngwrdrst.grst.g7serrst.gnsckt_wrst.gic_rst.wr_rst_rd_ext_reg[1]
  -------------------------------------------------------------------
                         required time                         -3.484    
                         arrival time                           3.636    
  -------------------------------------------------------------------
                         slack                                  0.152    

Slack (MET) :             0.156ns  (arrival time - required time)
  Source:                 kr260_min_i/axi_ic_PS_0_S_AXI_HP0_FPD/s00_couplers/auto_cc/inst/gen_clock_conv.gen_async_conv.asyncfifo_axi/inst_fifo_gen/gaxi_full_lite.gread_ch.grdch2.axi_rdch/grf.rf/rstblk/ngwrdrst.grst.g7serrst.gnsckt_wrst.gic_rst.rst_rd_reg2_inst/arststages_ff_reg[1]/C
                            (rising edge-triggered cell FDPE clocked by clk_out1_kr260_min_clk_wiz_0  {rise@0.000ns fall@2.500ns period=5.000ns})
  Destination:            kr260_min_i/axi_ic_PS_0_S_AXI_HP0_FPD/s00_couplers/auto_cc/inst/gen_clock_conv.gen_async_conv.asyncfifo_axi/inst_fifo_gen/gaxi_full_lite.gread_ch.grdch2.axi_rdch/grf.rf/rstblk/ngwrdrst.grst.g7serrst.gnsckt_wrst.gic_rst.sckt_rd_rst_ic_reg/PRE
                            (removal check against rising-edge clock clk_out1_kr260_min_clk_wiz_0  {rise@0.000ns fall@2.500ns period=5.000ns})
  Path Group:             **async_default**
  Path Type:              Removal (Min at Fast Process Corner)
  Requirement:            0.000ns  (clk_out1_kr260_min_clk_wiz_0 rise@0.000ns - clk_out1_kr260_min_clk_wiz_0 rise@0.000ns)
  Data Path Delay:        0.190ns  (logic 0.085ns (44.721%)  route 0.105ns (55.279%))
  Logic Levels:           0  
  Clock Path Skew:        0.052ns (DCD - SCD - CPR)
    Destination Clock Delay (DCD):    3.072ns
    Source Clock Delay      (SCD):    3.446ns
    Clock Pessimism Removal (CPR):    -0.426ns
  Clock Net Delay (Source):      1.203ns (routing 0.396ns, distribution 0.807ns)
  Clock Net Delay (Destination): 1.314ns (routing 0.428ns, distribution 0.886ns)

    Location             Delay type                Incr(ns)  Path(ns)    Netlist Resource(s)
  -------------------------------------------------------------------    -------------------
                         (clock clk_out1_kr260_min_clk_wiz_0 rise edge)
                                                      0.000     0.000 r  
    BUFG_PS_X0Y80        BUFG_PS                      0.000     0.000 r  kr260_min_i/PS_0/inst/buffer_pl_clk_0.PL_CLK_0_BUFG/O
                         net (fo=5669, routed)        1.475     1.475    kr260_min_i/clk_wiz/inst/clk_in1
    MMCM_X0Y0            MMCME4_ADV (Prop_MMCM_CLKIN1_CLKOUT0)
                                                      0.566     2.041 r  kr260_min_i/clk_wiz/inst/mmcme4_adv_inst/CLKOUT0
                         net (fo=1, routed)           0.179     2.220    kr260_min_i/clk_wiz/inst/clk_out1_kr260_min_clk_wiz_0
    BUFGCE_X0Y1          BUFGCE (Prop_BUFCE_BUFGCE_I_O)
                                                      0.023     2.243 r  kr260_min_i/clk_wiz/inst/clkout1_buf/O
    X1Y1 (CLOCK_ROOT)    net (fo=74592, routed)       1.203     3.446    kr260_min_i/axi_ic_PS_0_S_AXI_HP0_FPD/s00_couplers/auto_cc/inst/gen_clock_conv.gen_async_conv.asyncfifo_axi/inst_fifo_gen/gaxi_full_lite.gread_ch.grdch2.axi_rdch/grf.rf/rstblk/ngwrdrst.grst.g7serrst.gnsckt_wrst.gic_rst.rst_rd_reg2_inst/dest_clk
    SLICE_X3Y88          FDPE                                         r  kr260_min_i/axi_ic_PS_0_S_AXI_HP0_FPD/s00_couplers/auto_cc/inst/gen_clock_conv.gen_async_conv.asyncfifo_axi/inst_fifo_gen/gaxi_full_lite.gread_ch.grdch2.axi_rdch/grf.rf/rstblk/ngwrdrst.grst.g7serrst.gnsckt_wrst.gic_rst.rst_rd_reg2_inst/arststages_ff_reg[1]/C
  -------------------------------------------------------------------    -------------------
    SLICE_X3Y88          FDPE (Prop_BFF2_SLICEL_C_Q)
                                                      0.085     3.531 f  kr260_min_i/axi_ic_PS_0_S_AXI_HP0_FPD/s00_couplers/auto_cc/inst/gen_clock_conv.gen_async_conv.asyncfifo_axi/inst_fifo_gen/gaxi_full_lite.gread_ch.grdch2.axi_rdch/grf.rf/rstblk/ngwrdrst.grst.g7serrst.gnsckt_wrst.gic_rst.rst_rd_reg2_inst/arststages_ff_reg[1]/Q
                         net (fo=3, routed)           0.105     3.636    kr260_min_i/axi_ic_PS_0_S_AXI_HP0_FPD/s00_couplers/auto_cc/inst/gen_clock_conv.gen_async_conv.asyncfifo_axi/inst_fifo_gen/gaxi_full_lite.gread_ch.grdch2.axi_rdch/grf.rf/rstblk/ngwrdrst.grst.rst_rd_reg2
    SLICE_X0Y86          FDPE                                         f  kr260_min_i/axi_ic_PS_0_S_AXI_HP0_FPD/s00_couplers/auto_cc/inst/gen_clock_conv.gen_async_conv.asyncfifo_axi/inst_fifo_gen/gaxi_full_lite.gread_ch.grdch2.axi_rdch/grf.rf/rstblk/ngwrdrst.grst.g7serrst.gnsckt_wrst.gic_rst.sckt_rd_rst_ic_reg/PRE
  -------------------------------------------------------------------    -------------------

                         (clock clk_out1_kr260_min_clk_wiz_0 rise edge)
                                                      0.000     0.000 r  
    BUFG_PS_X0Y80        BUFG_PS                      0.000     0.000 r  kr260_min_i/PS_0/inst/buffer_pl_clk_0.PL_CLK_0_BUFG/O
                         net (fo=5669, routed)        1.607     1.607    kr260_min_i/clk_wiz/inst/clk_in1
    MMCM_X0Y0            MMCME4_ADV (Prop_MMCM_CLKIN1_CLKOUT0)
                                                     -0.079     1.528 r  kr260_min_i/clk_wiz/inst/mmcme4_adv_inst/CLKOUT0
                         net (fo=1, routed)           0.204     1.732    kr260_min_i/clk_wiz/inst/clk_out1_kr260_min_clk_wiz_0
    BUFGCE_X0Y1          BUFGCE (Prop_BUFCE_BUFGCE_I_O)
                                                      0.026     1.758 r  kr260_min_i/clk_wiz/inst/clkout1_buf/O
    X1Y1 (CLOCK_ROOT)    net (fo=74592, routed)       1.314     3.072    kr260_min_i/axi_ic_PS_0_S_AXI_HP0_FPD/s00_couplers/auto_cc/inst/gen_clock_conv.gen_async_conv.asyncfifo_axi/inst_fifo_gen/gaxi_full_lite.gread_ch.grdch2.axi_rdch/grf.rf/rstblk/s_aclk
    SLICE_X0Y86          FDPE                                         r  kr260_min_i/axi_ic_PS_0_S_AXI_HP0_FPD/s00_couplers/auto_cc/inst/gen_clock_conv.gen_async_conv.asyncfifo_axi/inst_fifo_gen/gaxi_full_lite.gread_ch.grdch2.axi_rdch/grf.rf/rstblk/ngwrdrst.grst.g7serrst.gnsckt_wrst.gic_rst.sckt_rd_rst_ic_reg/C
                         clock pessimism              0.426     3.498    
    SLICE_X0Y86          FDPE (Remov_DFF2_SLICEL_C_PRE)
                                                     -0.018     3.480    kr260_min_i/axi_ic_PS_0_S_AXI_HP0_FPD/s00_couplers/auto_cc/inst/gen_clock_conv.gen_async_conv.asyncfifo_axi/inst_fifo_gen/gaxi_full_lite.gread_ch.grdch2.axi_rdch/grf.rf/rstblk/ngwrdrst.grst.g7serrst.gnsckt_wrst.gic_rst.sckt_rd_rst_ic_reg
  -------------------------------------------------------------------
                         required time                         -3.480    
                         arrival time                           3.636    
  -------------------------------------------------------------------
                         slack                                  0.156    

Slack (MET) :             0.157ns  (arrival time - required time)
  Source:                 kr260_min_i/axi_ic_PS_0_S_AXI_HPC0_FPD/s00_couplers/auto_cc/inst/gen_clock_conv.gen_async_conv.asyncfifo_axi/inst_fifo_gen/gaxi_full_lite.gwrite_ch.gwach2.axi_wach/grf.rf/rstblk/grstd1.grst_full.grst_f.rst_d2_reg/C
                            (rising edge-triggered cell FDPE clocked by clk_out1_kr260_min_clk_wiz_0  {rise@0.000ns fall@2.500ns period=5.000ns})
  Destination:            kr260_min_i/axi_ic_PS_0_S_AXI_HPC0_FPD/s00_couplers/auto_cc/inst/gen_clock_conv.gen_async_conv.asyncfifo_axi/inst_fifo_gen/gaxi_full_lite.gwrite_ch.gwach2.axi_wach/grf.rf/gntv_or_sync_fifo.gl0.wr/gwas.wsts/ram_full_fb_i_reg/PRE
                            (removal check against rising-edge clock clk_out1_kr260_min_clk_wiz_0  {rise@0.000ns fall@2.500ns period=5.000ns})
  Path Group:             **async_default**
  Path Type:              Removal (Min at Fast Process Corner)
  Requirement:            0.000ns  (clk_out1_kr260_min_clk_wiz_0 rise@0.000ns - clk_out1_kr260_min_clk_wiz_0 rise@0.000ns)
  Data Path Delay:        0.188ns  (logic 0.084ns (44.587%)  route 0.104ns (55.413%))
  Logic Levels:           0  
  Clock Path Skew:        0.049ns (DCD - SCD - CPR)
    Destination Clock Delay (DCD):    3.084ns
    Source Clock Delay      (SCD):    3.462ns
    Clock Pessimism Removal (CPR):    -0.426ns
  Clock Net Delay (Source):      1.219ns (routing 0.396ns, distribution 0.823ns)
  Clock Net Delay (Destination): 1.326ns (routing 0.428ns, distribution 0.898ns)

    Location             Delay type                Incr(ns)  Path(ns)    Netlist Resource(s)
  -------------------------------------------------------------------    -------------------
                         (clock clk_out1_kr260_min_clk_wiz_0 rise edge)
                                                      0.000     0.000 r  
    BUFG_PS_X0Y80        BUFG_PS                      0.000     0.000 r  kr260_min_i/PS_0/inst/buffer_pl_clk_0.PL_CLK_0_BUFG/O
                         net (fo=5669, routed)        1.475     1.475    kr260_min_i/clk_wiz/inst/clk_in1
    MMCM_X0Y0            MMCME4_ADV (Prop_MMCM_CLKIN1_CLKOUT0)
                                                      0.566     2.041 r  kr260_min_i/clk_wiz/inst/mmcme4_adv_inst/CLKOUT0
                         net (fo=1, routed)           0.179     2.220    kr260_min_i/clk_wiz/inst/clk_out1_kr260_min_clk_wiz_0
    BUFGCE_X0Y1          BUFGCE (Prop_BUFCE_BUFGCE_I_O)
                                                      0.023     2.243 r  kr260_min_i/clk_wiz/inst/clkout1_buf/O
    X1Y1 (CLOCK_ROOT)    net (fo=74592, routed)       1.219     3.462    kr260_min_i/axi_ic_PS_0_S_AXI_HPC0_FPD/s00_couplers/auto_cc/inst/gen_clock_conv.gen_async_conv.asyncfifo_axi/inst_fifo_gen/gaxi_full_lite.gwrite_ch.gwach2.axi_wach/grf.rf/rstblk/s_aclk
    SLICE_X7Y69          FDPE                                         r  kr260_min_i/axi_ic_PS_0_S_AXI_HPC0_FPD/s00_couplers/auto_cc/inst/gen_clock_conv.gen_async_conv.asyncfifo_axi/inst_fifo_gen/gaxi_full_lite.gwrite_ch.gwach2.axi_wach/grf.rf/rstblk/grstd1.grst_full.grst_f.rst_d2_reg/C
  -------------------------------------------------------------------    -------------------
    SLICE_X7Y69          FDPE (Prop_AFF2_SLICEM_C_Q)
                                                      0.084     3.546 f  kr260_min_i/axi_ic_PS_0_S_AXI_HPC0_FPD/s00_couplers/auto_cc/inst/gen_clock_conv.gen_async_conv.asyncfifo_axi/inst_fifo_gen/gaxi_full_lite.gwrite_ch.gwach2.axi_wach/grf.rf/rstblk/grstd1.grst_full.grst_f.rst_d2_reg/Q
                         net (fo=3, routed)           0.104     3.650    kr260_min_i/axi_ic_PS_0_S_AXI_HPC0_FPD/s00_couplers/auto_cc/inst/gen_clock_conv.gen_async_conv.asyncfifo_axi/inst_fifo_gen/gaxi_full_lite.gwrite_ch.gwach2.axi_wach/grf.rf/gntv_or_sync_fifo.gl0.wr/gwas.wsts/out
    SLICE_X6Y70          FDPE                                         f  kr260_min_i/axi_ic_PS_0_S_AXI_HPC0_FPD/s00_couplers/auto_cc/inst/gen_clock_conv.gen_async_conv.asyncfifo_axi/inst_fifo_gen/gaxi_full_lite.gwrite_ch.gwach2.axi_wach/grf.rf/gntv_or_sync_fifo.gl0.wr/gwas.wsts/ram_full_fb_i_reg/PRE
  -------------------------------------------------------------------    -------------------

                         (clock clk_out1_kr260_min_clk_wiz_0 rise edge)
                                                      0.000     0.000 r  
    BUFG_PS_X0Y80        BUFG_PS                      0.000     0.000 r  kr260_min_i/PS_0/inst/buffer_pl_clk_0.PL_CLK_0_BUFG/O
                         net (fo=5669, routed)        1.607     1.607    kr260_min_i/clk_wiz/inst/clk_in1
    MMCM_X0Y0            MMCME4_ADV (Prop_MMCM_CLKIN1_CLKOUT0)
                                                     -0.079     1.528 r  kr260_min_i/clk_wiz/inst/mmcme4_adv_inst/CLKOUT0
                         net (fo=1, routed)           0.204     1.732    kr260_min_i/clk_wiz/inst/clk_out1_kr260_min_clk_wiz_0
    BUFGCE_X0Y1          BUFGCE (Prop_BUFCE_BUFGCE_I_O)
                                                      0.026     1.758 r  kr260_min_i/clk_wiz/inst/clkout1_buf/O
    X1Y1 (CLOCK_ROOT)    net (fo=74592, routed)       1.326     3.084    kr260_min_i/axi_ic_PS_0_S_AXI_HPC0_FPD/s00_couplers/auto_cc/inst/gen_clock_conv.gen_async_conv.asyncfifo_axi/inst_fifo_gen/gaxi_full_lite.gwrite_ch.gwach2.axi_wach/grf.rf/gntv_or_sync_fifo.gl0.wr/gwas.wsts/s_aclk
    SLICE_X6Y70          FDPE                                         r  kr260_min_i/axi_ic_PS_0_S_AXI_HPC0_FPD/s00_couplers/auto_cc/inst/gen_clock_conv.gen_async_conv.asyncfifo_axi/inst_fifo_gen/gaxi_full_lite.gwrite_ch.gwach2.axi_wach/grf.rf/gntv_or_sync_fifo.gl0.wr/gwas.wsts/ram_full_fb_i_reg/C
                         clock pessimism              0.426     3.511    
    SLICE_X6Y70          FDPE (Remov_EFF_SLICEL_C_PRE)
                                                     -0.018     3.493    kr260_min_i/axi_ic_PS_0_S_AXI_HPC0_FPD/s00_couplers/auto_cc/inst/gen_clock_conv.gen_async_conv.asyncfifo_axi/inst_fifo_gen/gaxi_full_lite.gwrite_ch.gwach2.axi_wach/grf.rf/gntv_or_sync_fifo.gl0.wr/gwas.wsts/ram_full_fb_i_reg
  -------------------------------------------------------------------
                         required time                         -3.493    
                         arrival time                           3.650    
  -------------------------------------------------------------------
                         slack                                  0.157    

Slack (MET) :             0.157ns  (arrival time - required time)
  Source:                 kr260_min_i/axi_ic_PS_0_S_AXI_HPC0_FPD/s00_couplers/auto_cc/inst/gen_clock_conv.gen_async_conv.asyncfifo_axi/inst_fifo_gen/gaxi_full_lite.gwrite_ch.gwach2.axi_wach/grf.rf/rstblk/grstd1.grst_full.grst_f.rst_d2_reg/C
                            (rising edge-triggered cell FDPE clocked by clk_out1_kr260_min_clk_wiz_0  {rise@0.000ns fall@2.500ns period=5.000ns})
  Destination:            kr260_min_i/axi_ic_PS_0_S_AXI_HPC0_FPD/s00_couplers/auto_cc/inst/gen_clock_conv.gen_async_conv.asyncfifo_axi/inst_fifo_gen/gaxi_full_lite.gwrite_ch.gwach2.axi_wach/grf.rf/gntv_or_sync_fifo.gl0.wr/gwas.wsts/ram_full_i_reg/PRE
                            (removal check against rising-edge clock clk_out1_kr260_min_clk_wiz_0  {rise@0.000ns fall@2.500ns period=5.000ns})
  Path Group:             **async_default**
  Path Type:              Removal (Min at Fast Process Corner)
  Requirement:            0.000ns  (clk_out1_kr260_min_clk_wiz_0 rise@0.000ns - clk_out1_kr260_min_clk_wiz_0 rise@0.000ns)
  Data Path Delay:        0.188ns  (logic 0.084ns (44.587%)  route 0.104ns (55.413%))
  Logic Levels:           0  
  Clock Path Skew:        0.049ns (DCD - SCD - CPR)
    Destination Clock Delay (DCD):    3.084ns
    Source Clock Delay      (SCD):    3.462ns
    Clock Pessimism Removal (CPR):    -0.426ns
  Clock Net Delay (Source):      1.219ns (routing 0.396ns, distribution 0.823ns)
  Clock Net Delay (Destination): 1.326ns (routing 0.428ns, distribution 0.898ns)

    Location             Delay type                Incr(ns)  Path(ns)    Netlist Resource(s)
  -------------------------------------------------------------------    -------------------
                         (clock clk_out1_kr260_min_clk_wiz_0 rise edge)
                                                      0.000     0.000 r  
    BUFG_PS_X0Y80        BUFG_PS                      0.000     0.000 r  kr260_min_i/PS_0/inst/buffer_pl_clk_0.PL_CLK_0_BUFG/O
                         net (fo=5669, routed)        1.475     1.475    kr260_min_i/clk_wiz/inst/clk_in1
    MMCM_X0Y0            MMCME4_ADV (Prop_MMCM_CLKIN1_CLKOUT0)
                                                      0.566     2.041 r  kr260_min_i/clk_wiz/inst/mmcme4_adv_inst/CLKOUT0
                         net (fo=1, routed)           0.179     2.220    kr260_min_i/clk_wiz/inst/clk_out1_kr260_min_clk_wiz_0
    BUFGCE_X0Y1          BUFGCE (Prop_BUFCE_BUFGCE_I_O)
                                                      0.023     2.243 r  kr260_min_i/clk_wiz/inst/clkout1_buf/O
    X1Y1 (CLOCK_ROOT)    net (fo=74592, routed)       1.219     3.462    kr260_min_i/axi_ic_PS_0_S_AXI_HPC0_FPD/s00_couplers/auto_cc/inst/gen_clock_conv.gen_async_conv.asyncfifo_axi/inst_fifo_gen/gaxi_full_lite.gwrite_ch.gwach2.axi_wach/grf.rf/rstblk/s_aclk
    SLICE_X7Y69          FDPE                                         r  kr260_min_i/axi_ic_PS_0_S_AXI_HPC0_FPD/s00_couplers/auto_cc/inst/gen_clock_conv.gen_async_conv.asyncfifo_axi/inst_fifo_gen/gaxi_full_lite.gwrite_ch.gwach2.axi_wach/grf.rf/rstblk/grstd1.grst_full.grst_f.rst_d2_reg/C
  -------------------------------------------------------------------    -------------------
    SLICE_X7Y69          FDPE (Prop_AFF2_SLICEM_C_Q)
                                                      0.084     3.546 f  kr260_min_i/axi_ic_PS_0_S_AXI_HPC0_FPD/s00_couplers/auto_cc/inst/gen_clock_conv.gen_async_conv.asyncfifo_axi/inst_fifo_gen/gaxi_full_lite.gwrite_ch.gwach2.axi_wach/grf.rf/rstblk/grstd1.grst_full.grst_f.rst_d2_reg/Q
                         net (fo=3, routed)           0.104     3.650    kr260_min_i/axi_ic_PS_0_S_AXI_HPC0_FPD/s00_couplers/auto_cc/inst/gen_clock_conv.gen_async_conv.asyncfifo_axi/inst_fifo_gen/gaxi_full_lite.gwrite_ch.gwach2.axi_wach/grf.rf/gntv_or_sync_fifo.gl0.wr/gwas.wsts/out
    SLICE_X6Y70          FDPE                                         f  kr260_min_i/axi_ic_PS_0_S_AXI_HPC0_FPD/s00_couplers/auto_cc/inst/gen_clock_conv.gen_async_conv.asyncfifo_axi/inst_fifo_gen/gaxi_full_lite.gwrite_ch.gwach2.axi_wach/grf.rf/gntv_or_sync_fifo.gl0.wr/gwas.wsts/ram_full_i_reg/PRE
  -------------------------------------------------------------------    -------------------

                         (clock clk_out1_kr260_min_clk_wiz_0 rise edge)
                                                      0.000     0.000 r  
    BUFG_PS_X0Y80        BUFG_PS                      0.000     0.000 r  kr260_min_i/PS_0/inst/buffer_pl_clk_0.PL_CLK_0_BUFG/O
                         net (fo=5669, routed)        1.607     1.607    kr260_min_i/clk_wiz/inst/clk_in1
    MMCM_X0Y0            MMCME4_ADV (Prop_MMCM_CLKIN1_CLKOUT0)
                                                     -0.079     1.528 r  kr260_min_i/clk_wiz/inst/mmcme4_adv_inst/CLKOUT0
                         net (fo=1, routed)           0.204     1.732    kr260_min_i/clk_wiz/inst/clk_out1_kr260_min_clk_wiz_0
    BUFGCE_X0Y1          BUFGCE (Prop_BUFCE_BUFGCE_I_O)
                                                      0.026     1.758 r  kr260_min_i/clk_wiz/inst/clkout1_buf/O
    X1Y1 (CLOCK_ROOT)    net (fo=74592, routed)       1.326     3.084    kr260_min_i/axi_ic_PS_0_S_AXI_HPC0_FPD/s00_couplers/auto_cc/inst/gen_clock_conv.gen_async_conv.asyncfifo_axi/inst_fifo_gen/gaxi_full_lite.gwrite_ch.gwach2.axi_wach/grf.rf/gntv_or_sync_fifo.gl0.wr/gwas.wsts/s_aclk
    SLICE_X6Y70          FDPE                                         r  kr260_min_i/axi_ic_PS_0_S_AXI_HPC0_FPD/s00_couplers/auto_cc/inst/gen_clock_conv.gen_async_conv.asyncfifo_axi/inst_fifo_gen/gaxi_full_lite.gwrite_ch.gwach2.axi_wach/grf.rf/gntv_or_sync_fifo.gl0.wr/gwas.wsts/ram_full_i_reg/C
                         clock pessimism              0.426     3.511    
    SLICE_X6Y70          FDPE (Remov_EFF2_SLICEL_C_PRE)
                                                     -0.018     3.493    kr260_min_i/axi_ic_PS_0_S_AXI_HPC0_FPD/s00_couplers/auto_cc/inst/gen_clock_conv.gen_async_conv.asyncfifo_axi/inst_fifo_gen/gaxi_full_lite.gwrite_ch.gwach2.axi_wach/grf.rf/gntv_or_sync_fifo.gl0.wr/gwas.wsts/ram_full_i_reg
  -------------------------------------------------------------------
                         required time                         -3.493    
                         arrival time                           3.650    
  -------------------------------------------------------------------
                         slack                                  0.157    

Slack (MET) :             0.166ns  (arrival time - required time)
  Source:                 kr260_min_i/axi_ic_PS_0_S_AXI_HP1_FPD/s00_couplers/auto_cc/inst/gen_clock_conv.gen_async_conv.asyncfifo_axi/inst_fifo_gen/gaxi_full_lite.gread_ch.grach2.axi_rach/grf.rf/rstblk/grstd1.grst_full.grst_f.rst_d2_reg/C
                            (rising edge-triggered cell FDPE clocked by clk_out1_kr260_min_clk_wiz_0  {rise@0.000ns fall@2.500ns period=5.000ns})
  Destination:            kr260_min_i/axi_ic_PS_0_S_AXI_HP1_FPD/s00_couplers/auto_cc/inst/gen_clock_conv.gen_async_conv.asyncfifo_axi/inst_fifo_gen/gaxi_full_lite.gread_ch.grach2.axi_rach/grf.rf/gntv_or_sync_fifo.gl0.wr/gwas.wsts/ram_full_i_reg/PRE
                            (removal check against rising-edge clock clk_out1_kr260_min_clk_wiz_0  {rise@0.000ns fall@2.500ns period=5.000ns})
  Path Group:             **async_default**
  Path Type:              Removal (Min at Fast Process Corner)
  Requirement:            0.000ns  (clk_out1_kr260_min_clk_wiz_0 rise@0.000ns - clk_out1_kr260_min_clk_wiz_0 rise@0.000ns)
  Data Path Delay:        0.192ns  (logic 0.084ns (43.688%)  route 0.108ns (56.312%))
  Logic Levels:           0  
  Clock Path Skew:        0.045ns (DCD - SCD - CPR)
    Destination Clock Delay (DCD):    3.106ns
    Source Clock Delay      (SCD):    3.486ns
    Clock Pessimism Removal (CPR):    -0.424ns
  Clock Net Delay (Source):      1.243ns (routing 0.396ns, distribution 0.847ns)
  Clock Net Delay (Destination): 1.348ns (routing 0.428ns, distribution 0.920ns)

    Location             Delay type                Incr(ns)  Path(ns)    Netlist Resource(s)
  -------------------------------------------------------------------    -------------------
                         (clock clk_out1_kr260_min_clk_wiz_0 rise edge)
                                                      0.000     0.000 r  
    BUFG_PS_X0Y80        BUFG_PS                      0.000     0.000 r  kr260_min_i/PS_0/inst/buffer_pl_clk_0.PL_CLK_0_BUFG/O
                         net (fo=5669, routed)        1.475     1.475    kr260_min_i/clk_wiz/inst/clk_in1
    MMCM_X0Y0            MMCME4_ADV (Prop_MMCM_CLKIN1_CLKOUT0)
                                                      0.566     2.041 r  kr260_min_i/clk_wiz/inst/mmcme4_adv_inst/CLKOUT0
                         net (fo=1, routed)           0.179     2.220    kr260_min_i/clk_wiz/inst/clk_out1_kr260_min_clk_wiz_0
    BUFGCE_X0Y1          BUFGCE (Prop_BUFCE_BUFGCE_I_O)
                                                      0.023     2.243 r  kr260_min_i/clk_wiz/inst/clkout1_buf/O
    X1Y1 (CLOCK_ROOT)    net (fo=74592, routed)       1.243     3.486    kr260_min_i/axi_ic_PS_0_S_AXI_HP1_FPD/s00_couplers/auto_cc/inst/gen_clock_conv.gen_async_conv.asyncfifo_axi/inst_fifo_gen/gaxi_full_lite.gread_ch.grach2.axi_rach/grf.rf/rstblk/s_aclk
    SLICE_X5Y146         FDPE                                         r  kr260_min_i/axi_ic_PS_0_S_AXI_HP1_FPD/s00_couplers/auto_cc/inst/gen_clock_conv.gen_async_conv.asyncfifo_axi/inst_fifo_gen/gaxi_full_lite.gread_ch.grach2.axi_rach/grf.rf/rstblk/grstd1.grst_full.grst_f.rst_d2_reg/C
  -------------------------------------------------------------------    -------------------
    SLICE_X5Y146         FDPE (Prop_AFF2_SLICEM_C_Q)
                                                      0.084     3.570 f  kr260_min_i/axi_ic_PS_0_S_AXI_HP1_FPD/s00_couplers/auto_cc/inst/gen_clock_conv.gen_async_conv.asyncfifo_axi/inst_fifo_gen/gaxi_full_lite.gread_ch.grach2.axi_rach/grf.rf/rstblk/grstd1.grst_full.grst_f.rst_d2_reg/Q
                         net (fo=3, routed)           0.108     3.678    kr260_min_i/axi_ic_PS_0_S_AXI_HP1_FPD/s00_couplers/auto_cc/inst/gen_clock_conv.gen_async_conv.asyncfifo_axi/inst_fifo_gen/gaxi_full_lite.gread_ch.grach2.axi_rach/grf.rf/gntv_or_sync_fifo.gl0.wr/gwas.wsts/out
    SLICE_X4Y146         FDPE                                         f  kr260_min_i/axi_ic_PS_0_S_AXI_HP1_FPD/s00_couplers/auto_cc/inst/gen_clock_conv.gen_async_conv.asyncfifo_axi/inst_fifo_gen/gaxi_full_lite.gread_ch.grach2.axi_rach/grf.rf/gntv_or_sync_fifo.gl0.wr/gwas.wsts/ram_full_i_reg/PRE
  -------------------------------------------------------------------    -------------------

                         (clock clk_out1_kr260_min_clk_wiz_0 rise edge)
                                                      0.000     0.000 r  
    BUFG_PS_X0Y80        BUFG_PS                      0.000     0.000 r  kr260_min_i/PS_0/inst/buffer_pl_clk_0.PL_CLK_0_BUFG/O
                         net (fo=5669, routed)        1.607     1.607    kr260_min_i/clk_wiz/inst/clk_in1
    MMCM_X0Y0            MMCME4_ADV (Prop_MMCM_CLKIN1_CLKOUT0)
                                                     -0.079     1.528 r  kr260_min_i/clk_wiz/inst/mmcme4_adv_inst/CLKOUT0
                         net (fo=1, routed)           0.204     1.732    kr260_min_i/clk_wiz/inst/clk_out1_kr260_min_clk_wiz_0
    BUFGCE_X0Y1          BUFGCE (Prop_BUFCE_BUFGCE_I_O)
                                                      0.026     1.758 r  kr260_min_i/clk_wiz/inst/clkout1_buf/O
    X1Y1 (CLOCK_ROOT)    net (fo=74592, routed)       1.348     3.106    kr260_min_i/axi_ic_PS_0_S_AXI_HP1_FPD/s00_couplers/auto_cc/inst/gen_clock_conv.gen_async_conv.asyncfifo_axi/inst_fifo_gen/gaxi_full_lite.gread_ch.grach2.axi_rach/grf.rf/gntv_or_sync_fifo.gl0.wr/gwas.wsts/s_aclk
    SLICE_X4Y146         FDPE                                         r  kr260_min_i/axi_ic_PS_0_S_AXI_HP1_FPD/s00_couplers/auto_cc/inst/gen_clock_conv.gen_async_conv.asyncfifo_axi/inst_fifo_gen/gaxi_full_lite.gread_ch.grach2.axi_rach/grf.rf/gntv_or_sync_fifo.gl0.wr/gwas.wsts/ram_full_i_reg/C
                         clock pessimism              0.424     3.530    
    SLICE_X4Y146         FDPE (Remov_AFF_SLICEM_C_PRE)
                                                     -0.018     3.512    kr260_min_i/axi_ic_PS_0_S_AXI_HP1_FPD/s00_couplers/auto_cc/inst/gen_clock_conv.gen_async_conv.asyncfifo_axi/inst_fifo_gen/gaxi_full_lite.gread_ch.grach2.axi_rach/grf.rf/gntv_or_sync_fifo.gl0.wr/gwas.wsts/ram_full_i_reg
  -------------------------------------------------------------------
                         required time                         -3.512    
                         arrival time                           3.678    
  -------------------------------------------------------------------
                         slack                                  0.166    





---------------------------------------------------------------------------------------------------
Path Group:  **async_default**
From Clock:  clk_pl_0
  To Clock:  clk_pl_0

Setup :            0  Failing Endpoints,  Worst Slack        2.069ns,  Total Violation        0.000ns
Hold  :            0  Failing Endpoints,  Worst Slack        0.141ns,  Total Violation        0.000ns
---------------------------------------------------------------------------------------------------


Max Delay Paths
--------------------------------------------------------------------------------------
Slack (MET) :             2.069ns  (required time - arrival time)
  Source:                 kr260_min_i/axi_ic_PS_0_S_AXI_HPC0_FPD/s00_couplers/auto_cc/inst/gen_clock_conv.gen_async_conv.asyncfifo_axi/inst_fifo_gen/gaxi_full_lite.gread_ch.grdch2.axi_rdch/grf.rf/rstblk/ngwrdrst.grst.g7serrst.gnsckt_wrst.rst_wr_reg2_inst/arststages_ff_reg[1]/C
                            (rising edge-triggered cell FDPE clocked by clk_pl_0  {rise@0.000ns fall@2.000ns period=4.000ns})
  Destination:            kr260_min_i/axi_ic_PS_0_S_AXI_HPC0_FPD/s00_couplers/auto_cc/inst/gen_clock_conv.gen_async_conv.asyncfifo_axi/inst_fifo_gen/gaxi_full_lite.gread_ch.grdch2.axi_rdch/grf.rf/rstblk/grstd1.grst_full.grst_f.rst_d1_reg/PRE
                            (recovery check against rising-edge clock clk_pl_0  {rise@0.000ns fall@2.000ns period=4.000ns})
  Path Group:             **async_default**
  Path Type:              Recovery (Max at Slow Process Corner)
  Requirement:            4.000ns  (clk_pl_0 rise@4.000ns - clk_pl_0 rise@0.000ns)
  Data Path Delay:        1.608ns  (logic 0.116ns (7.213%)  route 1.492ns (92.787%))
  Logic Levels:           0  
  Clock Path Skew:        -0.108ns (DCD - SCD + CPR)
    Destination Clock Delay (DCD):    3.008ns = ( 7.008 - 4.000 ) 
    Source Clock Delay      (SCD):    3.350ns
    Clock Pessimism Removal (CPR):    0.234ns
  Clock Uncertainty:      0.122ns  ((TSJ^2 + DJ^2)^1/2) / 2 + PE
    Total System Jitter     (TSJ):    0.071ns
    Discrete Jitter          (DJ):    0.233ns
    Phase Error              (PE):    0.000ns
  Clock Net Delay (Source):      3.083ns (routing 1.584ns, distribution 1.499ns)
  Clock Net Delay (Destination): 2.792ns (routing 1.450ns, distribution 1.342ns)

    Location             Delay type                Incr(ns)  Path(ns)    Netlist Resource(s)
  -------------------------------------------------------------------    -------------------
                         (clock clk_pl_0 rise edge)
                                                      0.000     0.000 r  
    PS8_X0Y0             PS8                          0.000     0.000 r  kr260_min_i/PS_0/inst/PS8_i/PLCLK[0]
                         net (fo=1, routed)           0.229     0.229    kr260_min_i/PS_0/inst/pl_clk_unbuffered[0]
    BUFG_PS_X0Y80        BUFG_PS (Prop_BUFG_PS_I_O)
                                                      0.038     0.267 r  kr260_min_i/PS_0/inst/buffer_pl_clk_0.PL_CLK_0_BUFG/O
    X1Y1 (CLOCK_ROOT)    net (fo=5669, routed)        3.083     3.350    kr260_min_i/axi_ic_PS_0_S_AXI_HPC0_FPD/s00_couplers/auto_cc/inst/gen_clock_conv.gen_async_conv.asyncfifo_axi/inst_fifo_gen/gaxi_full_lite.gread_ch.grdch2.axi_rdch/grf.rf/rstblk/ngwrdrst.grst.g7serrst.gnsckt_wrst.rst_wr_reg2_inst/dest_clk
    SLICE_X11Y59         FDPE                                         r  kr260_min_i/axi_ic_PS_0_S_AXI_HPC0_FPD/s00_couplers/auto_cc/inst/gen_clock_conv.gen_async_conv.asyncfifo_axi/inst_fifo_gen/gaxi_full_lite.gread_ch.grdch2.axi_rdch/grf.rf/rstblk/ngwrdrst.grst.g7serrst.gnsckt_wrst.rst_wr_reg2_inst/arststages_ff_reg[1]/C
  -------------------------------------------------------------------    -------------------
    SLICE_X11Y59         FDPE (Prop_AFF2_SLICEL_C_Q)
                                                      0.116     3.466 f  kr260_min_i/axi_ic_PS_0_S_AXI_HPC0_FPD/s00_couplers/auto_cc/inst/gen_clock_conv.gen_async_conv.asyncfifo_axi/inst_fifo_gen/gaxi_full_lite.gread_ch.grdch2.axi_rdch/grf.rf/rstblk/ngwrdrst.grst.g7serrst.gnsckt_wrst.rst_wr_reg2_inst/arststages_ff_reg[1]/Q
                         net (fo=9, routed)           1.492     4.958    kr260_min_i/axi_ic_PS_0_S_AXI_HPC0_FPD/s00_couplers/auto_cc/inst/gen_clock_conv.gen_async_conv.asyncfifo_axi/inst_fifo_gen/gaxi_full_lite.gread_ch.grdch2.axi_rdch/grf.rf/rstblk/ngwrdrst.rst_wr_reg2
    SLICE_X20Y59         FDPE                                         f  kr260_min_i/axi_ic_PS_0_S_AXI_HPC0_FPD/s00_couplers/auto_cc/inst/gen_clock_conv.gen_async_conv.asyncfifo_axi/inst_fifo_gen/gaxi_full_lite.gread_ch.grdch2.axi_rdch/grf.rf/rstblk/grstd1.grst_full.grst_f.rst_d1_reg/PRE
  -------------------------------------------------------------------    -------------------

                         (clock clk_pl_0 rise edge)
                                                      4.000     4.000 r  
    PS8_X0Y0             PS8                          0.000     4.000 r  kr260_min_i/PS_0/inst/PS8_i/PLCLK[0]
                         net (fo=1, routed)           0.181     4.181    kr260_min_i/PS_0/inst/pl_clk_unbuffered[0]
    BUFG_PS_X0Y80        BUFG_PS (Prop_BUFG_PS_I_O)
                                                      0.035     4.216 r  kr260_min_i/PS_0/inst/buffer_pl_clk_0.PL_CLK_0_BUFG/O
    X1Y1 (CLOCK_ROOT)    net (fo=5669, routed)        2.792     7.008    kr260_min_i/axi_ic_PS_0_S_AXI_HPC0_FPD/s00_couplers/auto_cc/inst/gen_clock_conv.gen_async_conv.asyncfifo_axi/inst_fifo_gen/gaxi_full_lite.gread_ch.grdch2.axi_rdch/grf.rf/rstblk/m_aclk
    SLICE_X20Y59         FDPE                                         r  kr260_min_i/axi_ic_PS_0_S_AXI_HPC0_FPD/s00_couplers/auto_cc/inst/gen_clock_conv.gen_async_conv.asyncfifo_axi/inst_fifo_gen/gaxi_full_lite.gread_ch.grdch2.axi_rdch/grf.rf/rstblk/grstd1.grst_full.grst_f.rst_d1_reg/C
                         clock pessimism              0.234     7.242    
                         clock uncertainty           -0.122     7.121    
    SLICE_X20Y59         FDPE (Recov_BFF2_SLICEM_C_PRE)
                                                     -0.093     7.028    kr260_min_i/axi_ic_PS_0_S_AXI_HPC0_FPD/s00_couplers/auto_cc/inst/gen_clock_conv.gen_async_conv.asyncfifo_axi/inst_fifo_gen/gaxi_full_lite.gread_ch.grdch2.axi_rdch/grf.rf/rstblk/grstd1.grst_full.grst_f.rst_d1_reg
  -------------------------------------------------------------------
                         required time                          7.028    
                         arrival time                          -4.958    
  -------------------------------------------------------------------
                         slack                                  2.069    

Slack (MET) :             2.069ns  (required time - arrival time)
  Source:                 kr260_min_i/axi_ic_PS_0_S_AXI_HPC0_FPD/s00_couplers/auto_cc/inst/gen_clock_conv.gen_async_conv.asyncfifo_axi/inst_fifo_gen/gaxi_full_lite.gread_ch.grdch2.axi_rdch/grf.rf/rstblk/ngwrdrst.grst.g7serrst.gnsckt_wrst.rst_wr_reg2_inst/arststages_ff_reg[1]/C
                            (rising edge-triggered cell FDPE clocked by clk_pl_0  {rise@0.000ns fall@2.000ns period=4.000ns})
  Destination:            kr260_min_i/axi_ic_PS_0_S_AXI_HPC0_FPD/s00_couplers/auto_cc/inst/gen_clock_conv.gen_async_conv.asyncfifo_axi/inst_fifo_gen/gaxi_full_lite.gread_ch.grdch2.axi_rdch/grf.rf/rstblk/grstd1.grst_full.grst_f.rst_d2_reg/PRE
                            (recovery check against rising-edge clock clk_pl_0  {rise@0.000ns fall@2.000ns period=4.000ns})
  Path Group:             **async_default**
  Path Type:              Recovery (Max at Slow Process Corner)
  Requirement:            4.000ns  (clk_pl_0 rise@4.000ns - clk_pl_0 rise@0.000ns)
  Data Path Delay:        1.608ns  (logic 0.116ns (7.213%)  route 1.492ns (92.787%))
  Logic Levels:           0  
  Clock Path Skew:        -0.108ns (DCD - SCD + CPR)
    Destination Clock Delay (DCD):    3.008ns = ( 7.008 - 4.000 ) 
    Source Clock Delay      (SCD):    3.350ns
    Clock Pessimism Removal (CPR):    0.234ns
  Clock Uncertainty:      0.122ns  ((TSJ^2 + DJ^2)^1/2) / 2 + PE
    Total System Jitter     (TSJ):    0.071ns
    Discrete Jitter          (DJ):    0.233ns
    Phase Error              (PE):    0.000ns
  Clock Net Delay (Source):      3.083ns (routing 1.584ns, distribution 1.499ns)
  Clock Net Delay (Destination): 2.792ns (routing 1.450ns, distribution 1.342ns)

    Location             Delay type                Incr(ns)  Path(ns)    Netlist Resource(s)
  -------------------------------------------------------------------    -------------------
                         (clock clk_pl_0 rise edge)
                                                      0.000     0.000 r  
    PS8_X0Y0             PS8                          0.000     0.000 r  kr260_min_i/PS_0/inst/PS8_i/PLCLK[0]
                         net (fo=1, routed)           0.229     0.229    kr260_min_i/PS_0/inst/pl_clk_unbuffered[0]
    BUFG_PS_X0Y80        BUFG_PS (Prop_BUFG_PS_I_O)
                                                      0.038     0.267 r  kr260_min_i/PS_0/inst/buffer_pl_clk_0.PL_CLK_0_BUFG/O
    X1Y1 (CLOCK_ROOT)    net (fo=5669, routed)        3.083     3.350    kr260_min_i/axi_ic_PS_0_S_AXI_HPC0_FPD/s00_couplers/auto_cc/inst/gen_clock_conv.gen_async_conv.asyncfifo_axi/inst_fifo_gen/gaxi_full_lite.gread_ch.grdch2.axi_rdch/grf.rf/rstblk/ngwrdrst.grst.g7serrst.gnsckt_wrst.rst_wr_reg2_inst/dest_clk
    SLICE_X11Y59         FDPE                                         r  kr260_min_i/axi_ic_PS_0_S_AXI_HPC0_FPD/s00_couplers/auto_cc/inst/gen_clock_conv.gen_async_conv.asyncfifo_axi/inst_fifo_gen/gaxi_full_lite.gread_ch.grdch2.axi_rdch/grf.rf/rstblk/ngwrdrst.grst.g7serrst.gnsckt_wrst.rst_wr_reg2_inst/arststages_ff_reg[1]/C
  -------------------------------------------------------------------    -------------------
    SLICE_X11Y59         FDPE (Prop_AFF2_SLICEL_C_Q)
                                                      0.116     3.466 f  kr260_min_i/axi_ic_PS_0_S_AXI_HPC0_FPD/s00_couplers/auto_cc/inst/gen_clock_conv.gen_async_conv.asyncfifo_axi/inst_fifo_gen/gaxi_full_lite.gread_ch.grdch2.axi_rdch/grf.rf/rstblk/ngwrdrst.grst.g7serrst.gnsckt_wrst.rst_wr_reg2_inst/arststages_ff_reg[1]/Q
                         net (fo=9, routed)           1.492     4.958    kr260_min_i/axi_ic_PS_0_S_AXI_HPC0_FPD/s00_couplers/auto_cc/inst/gen_clock_conv.gen_async_conv.asyncfifo_axi/inst_fifo_gen/gaxi_full_lite.gread_ch.grdch2.axi_rdch/grf.rf/rstblk/ngwrdrst.rst_wr_reg2
    SLICE_X20Y59         FDPE                                         f  kr260_min_i/axi_ic_PS_0_S_AXI_HPC0_FPD/s00_couplers/auto_cc/inst/gen_clock_conv.gen_async_conv.asyncfifo_axi/inst_fifo_gen/gaxi_full_lite.gread_ch.grdch2.axi_rdch/grf.rf/rstblk/grstd1.grst_full.grst_f.rst_d2_reg/PRE
  -------------------------------------------------------------------    -------------------

                         (clock clk_pl_0 rise edge)
                                                      4.000     4.000 r  
    PS8_X0Y0             PS8                          0.000     4.000 r  kr260_min_i/PS_0/inst/PS8_i/PLCLK[0]
                         net (fo=1, routed)           0.181     4.181    kr260_min_i/PS_0/inst/pl_clk_unbuffered[0]
    BUFG_PS_X0Y80        BUFG_PS (Prop_BUFG_PS_I_O)
                                                      0.035     4.216 r  kr260_min_i/PS_0/inst/buffer_pl_clk_0.PL_CLK_0_BUFG/O
    X1Y1 (CLOCK_ROOT)    net (fo=5669, routed)        2.792     7.008    kr260_min_i/axi_ic_PS_0_S_AXI_HPC0_FPD/s00_couplers/auto_cc/inst/gen_clock_conv.gen_async_conv.asyncfifo_axi/inst_fifo_gen/gaxi_full_lite.gread_ch.grdch2.axi_rdch/grf.rf/rstblk/m_aclk
    SLICE_X20Y59         FDPE                                         r  kr260_min_i/axi_ic_PS_0_S_AXI_HPC0_FPD/s00_couplers/auto_cc/inst/gen_clock_conv.gen_async_conv.asyncfifo_axi/inst_fifo_gen/gaxi_full_lite.gread_ch.grdch2.axi_rdch/grf.rf/rstblk/grstd1.grst_full.grst_f.rst_d2_reg/C
                         clock pessimism              0.234     7.242    
                         clock uncertainty           -0.122     7.121    
    SLICE_X20Y59         FDPE (Recov_AFF2_SLICEM_C_PRE)
                                                     -0.093     7.028    kr260_min_i/axi_ic_PS_0_S_AXI_HPC0_FPD/s00_couplers/auto_cc/inst/gen_clock_conv.gen_async_conv.asyncfifo_axi/inst_fifo_gen/gaxi_full_lite.gread_ch.grdch2.axi_rdch/grf.rf/rstblk/grstd1.grst_full.grst_f.rst_d2_reg
  -------------------------------------------------------------------
                         required time                          7.028    
                         arrival time                          -4.958    
  -------------------------------------------------------------------
                         slack                                  2.069    

Slack (MET) :             2.069ns  (required time - arrival time)
  Source:                 kr260_min_i/axi_ic_PS_0_S_AXI_HPC0_FPD/s00_couplers/auto_cc/inst/gen_clock_conv.gen_async_conv.asyncfifo_axi/inst_fifo_gen/gaxi_full_lite.gread_ch.grdch2.axi_rdch/grf.rf/rstblk/ngwrdrst.grst.g7serrst.gnsckt_wrst.rst_wr_reg2_inst/arststages_ff_reg[1]/C
                            (rising edge-triggered cell FDPE clocked by clk_pl_0  {rise@0.000ns fall@2.000ns period=4.000ns})
  Destination:            kr260_min_i/axi_ic_PS_0_S_AXI_HPC0_FPD/s00_couplers/auto_cc/inst/gen_clock_conv.gen_async_conv.asyncfifo_axi/inst_fifo_gen/gaxi_full_lite.gread_ch.grdch2.axi_rdch/grf.rf/rstblk/ngwrdrst.grst.g7serrst.gnsckt_wrst.gic_rst.sckt_wr_rst_ic_reg/PRE
                            (recovery check against rising-edge clock clk_pl_0  {rise@0.000ns fall@2.000ns period=4.000ns})
  Path Group:             **async_default**
  Path Type:              Recovery (Max at Slow Process Corner)
  Requirement:            4.000ns  (clk_pl_0 rise@4.000ns - clk_pl_0 rise@0.000ns)
  Data Path Delay:        1.608ns  (logic 0.116ns (7.213%)  route 1.492ns (92.787%))
  Logic Levels:           0  
  Clock Path Skew:        -0.108ns (DCD - SCD + CPR)
    Destination Clock Delay (DCD):    3.008ns = ( 7.008 - 4.000 ) 
    Source Clock Delay      (SCD):    3.350ns
    Clock Pessimism Removal (CPR):    0.234ns
  Clock Uncertainty:      0.122ns  ((TSJ^2 + DJ^2)^1/2) / 2 + PE
    Total System Jitter     (TSJ):    0.071ns
    Discrete Jitter          (DJ):    0.233ns
    Phase Error              (PE):    0.000ns
  Clock Net Delay (Source):      3.083ns (routing 1.584ns, distribution 1.499ns)
  Clock Net Delay (Destination): 2.792ns (routing 1.450ns, distribution 1.342ns)

    Location             Delay type                Incr(ns)  Path(ns)    Netlist Resource(s)
  -------------------------------------------------------------------    -------------------
                         (clock clk_pl_0 rise edge)
                                                      0.000     0.000 r  
    PS8_X0Y0             PS8                          0.000     0.000 r  kr260_min_i/PS_0/inst/PS8_i/PLCLK[0]
                         net (fo=1, routed)           0.229     0.229    kr260_min_i/PS_0/inst/pl_clk_unbuffered[0]
    BUFG_PS_X0Y80        BUFG_PS (Prop_BUFG_PS_I_O)
                                                      0.038     0.267 r  kr260_min_i/PS_0/inst/buffer_pl_clk_0.PL_CLK_0_BUFG/O
    X1Y1 (CLOCK_ROOT)    net (fo=5669, routed)        3.083     3.350    kr260_min_i/axi_ic_PS_0_S_AXI_HPC0_FPD/s00_couplers/auto_cc/inst/gen_clock_conv.gen_async_conv.asyncfifo_axi/inst_fifo_gen/gaxi_full_lite.gread_ch.grdch2.axi_rdch/grf.rf/rstblk/ngwrdrst.grst.g7serrst.gnsckt_wrst.rst_wr_reg2_inst/dest_clk
    SLICE_X11Y59         FDPE                                         r  kr260_min_i/axi_ic_PS_0_S_AXI_HPC0_FPD/s00_couplers/auto_cc/inst/gen_clock_conv.gen_async_conv.asyncfifo_axi/inst_fifo_gen/gaxi_full_lite.gread_ch.grdch2.axi_rdch/grf.rf/rstblk/ngwrdrst.grst.g7serrst.gnsckt_wrst.rst_wr_reg2_inst/arststages_ff_reg[1]/C
  -------------------------------------------------------------------    -------------------
    SLICE_X11Y59         FDPE (Prop_AFF2_SLICEL_C_Q)
                                                      0.116     3.466 f  kr260_min_i/axi_ic_PS_0_S_AXI_HPC0_FPD/s00_couplers/auto_cc/inst/gen_clock_conv.gen_async_conv.asyncfifo_axi/inst_fifo_gen/gaxi_full_lite.gread_ch.grdch2.axi_rdch/grf.rf/rstblk/ngwrdrst.grst.g7serrst.gnsckt_wrst.rst_wr_reg2_inst/arststages_ff_reg[1]/Q
                         net (fo=9, routed)           1.492     4.958    kr260_min_i/axi_ic_PS_0_S_AXI_HPC0_FPD/s00_couplers/auto_cc/inst/gen_clock_conv.gen_async_conv.asyncfifo_axi/inst_fifo_gen/gaxi_full_lite.gread_ch.grdch2.axi_rdch/grf.rf/rstblk/ngwrdrst.rst_wr_reg2
    SLICE_X20Y59         FDPE                                         f  kr260_min_i/axi_ic_PS_0_S_AXI_HPC0_FPD/s00_couplers/auto_cc/inst/gen_clock_conv.gen_async_conv.asyncfifo_axi/inst_fifo_gen/gaxi_full_lite.gread_ch.grdch2.axi_rdch/grf.rf/rstblk/ngwrdrst.grst.g7serrst.gnsckt_wrst.gic_rst.sckt_wr_rst_ic_reg/PRE
  -------------------------------------------------------------------    -------------------

                         (clock clk_pl_0 rise edge)
                                                      4.000     4.000 r  
    PS8_X0Y0             PS8                          0.000     4.000 r  kr260_min_i/PS_0/inst/PS8_i/PLCLK[0]
                         net (fo=1, routed)           0.181     4.181    kr260_min_i/PS_0/inst/pl_clk_unbuffered[0]
    BUFG_PS_X0Y80        BUFG_PS (Prop_BUFG_PS_I_O)
                                                      0.035     4.216 r  kr260_min_i/PS_0/inst/buffer_pl_clk_0.PL_CLK_0_BUFG/O
    X1Y1 (CLOCK_ROOT)    net (fo=5669, routed)        2.792     7.008    kr260_min_i/axi_ic_PS_0_S_AXI_HPC0_FPD/s00_couplers/auto_cc/inst/gen_clock_conv.gen_async_conv.asyncfifo_axi/inst_fifo_gen/gaxi_full_lite.gread_ch.grdch2.axi_rdch/grf.rf/rstblk/m_aclk
    SLICE_X20Y59         FDPE                                         r  kr260_min_i/axi_ic_PS_0_S_AXI_HPC0_FPD/s00_couplers/auto_cc/inst/gen_clock_conv.gen_async_conv.asyncfifo_axi/inst_fifo_gen/gaxi_full_lite.gread_ch.grdch2.axi_rdch/grf.rf/rstblk/ngwrdrst.grst.g7serrst.gnsckt_wrst.gic_rst.sckt_wr_rst_ic_reg/C
                         clock pessimism              0.234     7.242    
                         clock uncertainty           -0.122     7.121    
    SLICE_X20Y59         FDPE (Recov_DFF2_SLICEM_C_PRE)
                                                     -0.093     7.028    kr260_min_i/axi_ic_PS_0_S_AXI_HPC0_FPD/s00_couplers/auto_cc/inst/gen_clock_conv.gen_async_conv.asyncfifo_axi/inst_fifo_gen/gaxi_full_lite.gread_ch.grdch2.axi_rdch/grf.rf/rstblk/ngwrdrst.grst.g7serrst.gnsckt_wrst.gic_rst.sckt_wr_rst_ic_reg
  -------------------------------------------------------------------
                         required time                          7.028    
                         arrival time                          -4.958    
  -------------------------------------------------------------------
                         slack                                  2.069    

Slack (MET) :             2.069ns  (required time - arrival time)
  Source:                 kr260_min_i/axi_ic_PS_0_S_AXI_HPC0_FPD/s00_couplers/auto_cc/inst/gen_clock_conv.gen_async_conv.asyncfifo_axi/inst_fifo_gen/gaxi_full_lite.gread_ch.grdch2.axi_rdch/grf.rf/rstblk/ngwrdrst.grst.g7serrst.gnsckt_wrst.rst_wr_reg2_inst/arststages_ff_reg[1]/C
                            (rising edge-triggered cell FDPE clocked by clk_pl_0  {rise@0.000ns fall@2.000ns period=4.000ns})
  Destination:            kr260_min_i/axi_ic_PS_0_S_AXI_HPC0_FPD/s00_couplers/auto_cc/inst/gen_clock_conv.gen_async_conv.asyncfifo_axi/inst_fifo_gen/gaxi_full_lite.gread_ch.grdch2.axi_rdch/grf.rf/rstblk/ngwrdrst.grst.g7serrst.gnsckt_wrst.gic_rst.wr_rst_busy_i_reg/PRE
                            (recovery check against rising-edge clock clk_pl_0  {rise@0.000ns fall@2.000ns period=4.000ns})
  Path Group:             **async_default**
  Path Type:              Recovery (Max at Slow Process Corner)
  Requirement:            4.000ns  (clk_pl_0 rise@4.000ns - clk_pl_0 rise@0.000ns)
  Data Path Delay:        1.608ns  (logic 0.116ns (7.213%)  route 1.492ns (92.787%))
  Logic Levels:           0  
  Clock Path Skew:        -0.108ns (DCD - SCD + CPR)
    Destination Clock Delay (DCD):    3.008ns = ( 7.008 - 4.000 ) 
    Source Clock Delay      (SCD):    3.350ns
    Clock Pessimism Removal (CPR):    0.234ns
  Clock Uncertainty:      0.122ns  ((TSJ^2 + DJ^2)^1/2) / 2 + PE
    Total System Jitter     (TSJ):    0.071ns
    Discrete Jitter          (DJ):    0.233ns
    Phase Error              (PE):    0.000ns
  Clock Net Delay (Source):      3.083ns (routing 1.584ns, distribution 1.499ns)
  Clock Net Delay (Destination): 2.792ns (routing 1.450ns, distribution 1.342ns)

    Location             Delay type                Incr(ns)  Path(ns)    Netlist Resource(s)
  -------------------------------------------------------------------    -------------------
                         (clock clk_pl_0 rise edge)
                                                      0.000     0.000 r  
    PS8_X0Y0             PS8                          0.000     0.000 r  kr260_min_i/PS_0/inst/PS8_i/PLCLK[0]
                         net (fo=1, routed)           0.229     0.229    kr260_min_i/PS_0/inst/pl_clk_unbuffered[0]
    BUFG_PS_X0Y80        BUFG_PS (Prop_BUFG_PS_I_O)
                                                      0.038     0.267 r  kr260_min_i/PS_0/inst/buffer_pl_clk_0.PL_CLK_0_BUFG/O
    X1Y1 (CLOCK_ROOT)    net (fo=5669, routed)        3.083     3.350    kr260_min_i/axi_ic_PS_0_S_AXI_HPC0_FPD/s00_couplers/auto_cc/inst/gen_clock_conv.gen_async_conv.asyncfifo_axi/inst_fifo_gen/gaxi_full_lite.gread_ch.grdch2.axi_rdch/grf.rf/rstblk/ngwrdrst.grst.g7serrst.gnsckt_wrst.rst_wr_reg2_inst/dest_clk
    SLICE_X11Y59         FDPE                                         r  kr260_min_i/axi_ic_PS_0_S_AXI_HPC0_FPD/s00_couplers/auto_cc/inst/gen_clock_conv.gen_async_conv.asyncfifo_axi/inst_fifo_gen/gaxi_full_lite.gread_ch.grdch2.axi_rdch/grf.rf/rstblk/ngwrdrst.grst.g7serrst.gnsckt_wrst.rst_wr_reg2_inst/arststages_ff_reg[1]/C
  -------------------------------------------------------------------    -------------------
    SLICE_X11Y59         FDPE (Prop_AFF2_SLICEL_C_Q)
                                                      0.116     3.466 f  kr260_min_i/axi_ic_PS_0_S_AXI_HPC0_FPD/s00_couplers/auto_cc/inst/gen_clock_conv.gen_async_conv.asyncfifo_axi/inst_fifo_gen/gaxi_full_lite.gread_ch.grdch2.axi_rdch/grf.rf/rstblk/ngwrdrst.grst.g7serrst.gnsckt_wrst.rst_wr_reg2_inst/arststages_ff_reg[1]/Q
                         net (fo=9, routed)           1.492     4.958    kr260_min_i/axi_ic_PS_0_S_AXI_HPC0_FPD/s00_couplers/auto_cc/inst/gen_clock_conv.gen_async_conv.asyncfifo_axi/inst_fifo_gen/gaxi_full_lite.gread_ch.grdch2.axi_rdch/grf.rf/rstblk/ngwrdrst.rst_wr_reg2
    SLICE_X20Y59         FDPE                                         f  kr260_min_i/axi_ic_PS_0_S_AXI_HPC0_FPD/s00_couplers/auto_cc/inst/gen_clock_conv.gen_async_conv.asyncfifo_axi/inst_fifo_gen/gaxi_full_lite.gread_ch.grdch2.axi_rdch/grf.rf/rstblk/ngwrdrst.grst.g7serrst.gnsckt_wrst.gic_rst.wr_rst_busy_i_reg/PRE
  -------------------------------------------------------------------    -------------------

                         (clock clk_pl_0 rise edge)
                                                      4.000     4.000 r  
    PS8_X0Y0             PS8                          0.000     4.000 r  kr260_min_i/PS_0/inst/PS8_i/PLCLK[0]
                         net (fo=1, routed)           0.181     4.181    kr260_min_i/PS_0/inst/pl_clk_unbuffered[0]
    BUFG_PS_X0Y80        BUFG_PS (Prop_BUFG_PS_I_O)
                                                      0.035     4.216 r  kr260_min_i/PS_0/inst/buffer_pl_clk_0.PL_CLK_0_BUFG/O
    X1Y1 (CLOCK_ROOT)    net (fo=5669, routed)        2.792     7.008    kr260_min_i/axi_ic_PS_0_S_AXI_HPC0_FPD/s00_couplers/auto_cc/inst/gen_clock_conv.gen_async_conv.asyncfifo_axi/inst_fifo_gen/gaxi_full_lite.gread_ch.grdch2.axi_rdch/grf.rf/rstblk/m_aclk
    SLICE_X20Y59         FDPE                                         r  kr260_min_i/axi_ic_PS_0_S_AXI_HPC0_FPD/s00_couplers/auto_cc/inst/gen_clock_conv.gen_async_conv.asyncfifo_axi/inst_fifo_gen/gaxi_full_lite.gread_ch.grdch2.axi_rdch/grf.rf/rstblk/ngwrdrst.grst.g7serrst.gnsckt_wrst.gic_rst.wr_rst_busy_i_reg/C
                         clock pessimism              0.234     7.242    
                         clock uncertainty           -0.122     7.121    
    SLICE_X20Y59         FDPE (Recov_CFF2_SLICEM_C_PRE)
                                                     -0.093     7.028    kr260_min_i/axi_ic_PS_0_S_AXI_HPC0_FPD/s00_couplers/auto_cc/inst/gen_clock_conv.gen_async_conv.asyncfifo_axi/inst_fifo_gen/gaxi_full_lite.gread_ch.grdch2.axi_rdch/grf.rf/rstblk/ngwrdrst.grst.g7serrst.gnsckt_wrst.gic_rst.wr_rst_busy_i_reg
  -------------------------------------------------------------------
                         required time                          7.028    
                         arrival time                          -4.958    
  -------------------------------------------------------------------
                         slack                                  2.069    

Slack (MET) :             2.072ns  (required time - arrival time)
  Source:                 kr260_min_i/axi_ic_PS_0_S_AXI_HPC0_FPD/s00_couplers/auto_cc/inst/gen_clock_conv.gen_async_conv.asyncfifo_axi/inst_fifo_gen/gaxi_full_lite.gread_ch.grdch2.axi_rdch/grf.rf/rstblk/ngwrdrst.grst.g7serrst.gnsckt_wrst.rst_wr_reg2_inst/arststages_ff_reg[1]/C
                            (rising edge-triggered cell FDPE clocked by clk_pl_0  {rise@0.000ns fall@2.000ns period=4.000ns})
  Destination:            kr260_min_i/axi_ic_PS_0_S_AXI_HPC0_FPD/s00_couplers/auto_cc/inst/gen_clock_conv.gen_async_conv.asyncfifo_axi/inst_fifo_gen/gaxi_full_lite.gread_ch.grdch2.axi_rdch/grf.rf/rstblk/ngwrdrst.grst.g7serrst.gnsckt_wrst.gic_rst.rd_rst_wr_ext_reg[0]/CLR
                            (recovery check against rising-edge clock clk_pl_0  {rise@0.000ns fall@2.000ns period=4.000ns})
  Path Group:             **async_default**
  Path Type:              Recovery (Max at Slow Process Corner)
  Requirement:            4.000ns  (clk_pl_0 rise@4.000ns - clk_pl_0 rise@0.000ns)
  Data Path Delay:        1.605ns  (logic 0.116ns (7.227%)  route 1.489ns (92.773%))
  Logic Levels:           0  
  Clock Path Skew:        -0.108ns (DCD - SCD + CPR)
    Destination Clock Delay (DCD):    3.008ns = ( 7.008 - 4.000 ) 
    Source Clock Delay      (SCD):    3.350ns
    Clock Pessimism Removal (CPR):    0.234ns
  Clock Uncertainty:      0.122ns  ((TSJ^2 + DJ^2)^1/2) / 2 + PE
    Total System Jitter     (TSJ):    0.071ns
    Discrete Jitter          (DJ):    0.233ns
    Phase Error              (PE):    0.000ns
  Clock Net Delay (Source):      3.083ns (routing 1.584ns, distribution 1.499ns)
  Clock Net Delay (Destination): 2.792ns (routing 1.450ns, distribution 1.342ns)

    Location             Delay type                Incr(ns)  Path(ns)    Netlist Resource(s)
  -------------------------------------------------------------------    -------------------
                         (clock clk_pl_0 rise edge)
                                                      0.000     0.000 r  
    PS8_X0Y0             PS8                          0.000     0.000 r  kr260_min_i/PS_0/inst/PS8_i/PLCLK[0]
                         net (fo=1, routed)           0.229     0.229    kr260_min_i/PS_0/inst/pl_clk_unbuffered[0]
    BUFG_PS_X0Y80        BUFG_PS (Prop_BUFG_PS_I_O)
                                                      0.038     0.267 r  kr260_min_i/PS_0/inst/buffer_pl_clk_0.PL_CLK_0_BUFG/O
    X1Y1 (CLOCK_ROOT)    net (fo=5669, routed)        3.083     3.350    kr260_min_i/axi_ic_PS_0_S_AXI_HPC0_FPD/s00_couplers/auto_cc/inst/gen_clock_conv.gen_async_conv.asyncfifo_axi/inst_fifo_gen/gaxi_full_lite.gread_ch.grdch2.axi_rdch/grf.rf/rstblk/ngwrdrst.grst.g7serrst.gnsckt_wrst.rst_wr_reg2_inst/dest_clk
    SLICE_X11Y59         FDPE                                         r  kr260_min_i/axi_ic_PS_0_S_AXI_HPC0_FPD/s00_couplers/auto_cc/inst/gen_clock_conv.gen_async_conv.asyncfifo_axi/inst_fifo_gen/gaxi_full_lite.gread_ch.grdch2.axi_rdch/grf.rf/rstblk/ngwrdrst.grst.g7serrst.gnsckt_wrst.rst_wr_reg2_inst/arststages_ff_reg[1]/C
  -------------------------------------------------------------------    -------------------
    SLICE_X11Y59         FDPE (Prop_AFF2_SLICEL_C_Q)
                                                      0.116     3.466 f  kr260_min_i/axi_ic_PS_0_S_AXI_HPC0_FPD/s00_couplers/auto_cc/inst/gen_clock_conv.gen_async_conv.asyncfifo_axi/inst_fifo_gen/gaxi_full_lite.gread_ch.grdch2.axi_rdch/grf.rf/rstblk/ngwrdrst.grst.g7serrst.gnsckt_wrst.rst_wr_reg2_inst/arststages_ff_reg[1]/Q
                         net (fo=9, routed)           1.489     4.955    kr260_min_i/axi_ic_PS_0_S_AXI_HPC0_FPD/s00_couplers/auto_cc/inst/gen_clock_conv.gen_async_conv.asyncfifo_axi/inst_fifo_gen/gaxi_full_lite.gread_ch.grdch2.axi_rdch/grf.rf/rstblk/ngwrdrst.rst_wr_reg2
    SLICE_X20Y59         FDCE                                         f  kr260_min_i/axi_ic_PS_0_S_AXI_HPC0_FPD/s00_couplers/auto_cc/inst/gen_clock_conv.gen_async_conv.asyncfifo_axi/inst_fifo_gen/gaxi_full_lite.gread_ch.grdch2.axi_rdch/grf.rf/rstblk/ngwrdrst.grst.g7serrst.gnsckt_wrst.gic_rst.rd_rst_wr_ext_reg[0]/CLR
  -------------------------------------------------------------------    -------------------

                         (clock clk_pl_0 rise edge)
                                                      4.000     4.000 r  
    PS8_X0Y0             PS8                          0.000     4.000 r  kr260_min_i/PS_0/inst/PS8_i/PLCLK[0]
                         net (fo=1, routed)           0.181     4.181    kr260_min_i/PS_0/inst/pl_clk_unbuffered[0]
    BUFG_PS_X0Y80        BUFG_PS (Prop_BUFG_PS_I_O)
                                                      0.035     4.216 r  kr260_min_i/PS_0/inst/buffer_pl_clk_0.PL_CLK_0_BUFG/O
    X1Y1 (CLOCK_ROOT)    net (fo=5669, routed)        2.792     7.008    kr260_min_i/axi_ic_PS_0_S_AXI_HPC0_FPD/s00_couplers/auto_cc/inst/gen_clock_conv.gen_async_conv.asyncfifo_axi/inst_fifo_gen/gaxi_full_lite.gread_ch.grdch2.axi_rdch/grf.rf/rstblk/m_aclk
    SLICE_X20Y59         FDCE                                         r  kr260_min_i/axi_ic_PS_0_S_AXI_HPC0_FPD/s00_couplers/auto_cc/inst/gen_clock_conv.gen_async_conv.asyncfifo_axi/inst_fifo_gen/gaxi_full_lite.gread_ch.grdch2.axi_rdch/grf.rf/rstblk/ngwrdrst.grst.g7serrst.gnsckt_wrst.gic_rst.rd_rst_wr_ext_reg[0]/C
                         clock pessimism              0.234     7.242    
                         clock uncertainty           -0.122     7.121    
    SLICE_X20Y59         FDCE (Recov_EFF_SLICEM_C_CLR)
                                                     -0.093     7.028    kr260_min_i/axi_ic_PS_0_S_AXI_HPC0_FPD/s00_couplers/auto_cc/inst/gen_clock_conv.gen_async_conv.asyncfifo_axi/inst_fifo_gen/gaxi_full_lite.gread_ch.grdch2.axi_rdch/grf.rf/rstblk/ngwrdrst.grst.g7serrst.gnsckt_wrst.gic_rst.rd_rst_wr_ext_reg[0]
  -------------------------------------------------------------------
                         required time                          7.028    
                         arrival time                          -4.955    
  -------------------------------------------------------------------
                         slack                                  2.072    

Slack (MET) :             2.072ns  (required time - arrival time)
  Source:                 kr260_min_i/axi_ic_PS_0_S_AXI_HPC0_FPD/s00_couplers/auto_cc/inst/gen_clock_conv.gen_async_conv.asyncfifo_axi/inst_fifo_gen/gaxi_full_lite.gread_ch.grdch2.axi_rdch/grf.rf/rstblk/ngwrdrst.grst.g7serrst.gnsckt_wrst.rst_wr_reg2_inst/arststages_ff_reg[1]/C
                            (rising edge-triggered cell FDPE clocked by clk_pl_0  {rise@0.000ns fall@2.000ns period=4.000ns})
  Destination:            kr260_min_i/axi_ic_PS_0_S_AXI_HPC0_FPD/s00_couplers/auto_cc/inst/gen_clock_conv.gen_async_conv.asyncfifo_axi/inst_fifo_gen/gaxi_full_lite.gread_ch.grdch2.axi_rdch/grf.rf/rstblk/ngwrdrst.grst.g7serrst.gnsckt_wrst.gic_rst.rd_rst_wr_ext_reg[1]/CLR
                            (recovery check against rising-edge clock clk_pl_0  {rise@0.000ns fall@2.000ns period=4.000ns})
  Path Group:             **async_default**
  Path Type:              Recovery (Max at Slow Process Corner)
  Requirement:            4.000ns  (clk_pl_0 rise@4.000ns - clk_pl_0 rise@0.000ns)
  Data Path Delay:        1.605ns  (logic 0.116ns (7.227%)  route 1.489ns (92.773%))
  Logic Levels:           0  
  Clock Path Skew:        -0.108ns (DCD - SCD + CPR)
    Destination Clock Delay (DCD):    3.008ns = ( 7.008 - 4.000 ) 
    Source Clock Delay      (SCD):    3.350ns
    Clock Pessimism Removal (CPR):    0.234ns
  Clock Uncertainty:      0.122ns  ((TSJ^2 + DJ^2)^1/2) / 2 + PE
    Total System Jitter     (TSJ):    0.071ns
    Discrete Jitter          (DJ):    0.233ns
    Phase Error              (PE):    0.000ns
  Clock Net Delay (Source):      3.083ns (routing 1.584ns, distribution 1.499ns)
  Clock Net Delay (Destination): 2.792ns (routing 1.450ns, distribution 1.342ns)

    Location             Delay type                Incr(ns)  Path(ns)    Netlist Resource(s)
  -------------------------------------------------------------------    -------------------
                         (clock clk_pl_0 rise edge)
                                                      0.000     0.000 r  
    PS8_X0Y0             PS8                          0.000     0.000 r  kr260_min_i/PS_0/inst/PS8_i/PLCLK[0]
                         net (fo=1, routed)           0.229     0.229    kr260_min_i/PS_0/inst/pl_clk_unbuffered[0]
    BUFG_PS_X0Y80        BUFG_PS (Prop_BUFG_PS_I_O)
                                                      0.038     0.267 r  kr260_min_i/PS_0/inst/buffer_pl_clk_0.PL_CLK_0_BUFG/O
    X1Y1 (CLOCK_ROOT)    net (fo=5669, routed)        3.083     3.350    kr260_min_i/axi_ic_PS_0_S_AXI_HPC0_FPD/s00_couplers/auto_cc/inst/gen_clock_conv.gen_async_conv.asyncfifo_axi/inst_fifo_gen/gaxi_full_lite.gread_ch.grdch2.axi_rdch/grf.rf/rstblk/ngwrdrst.grst.g7serrst.gnsckt_wrst.rst_wr_reg2_inst/dest_clk
    SLICE_X11Y59         FDPE                                         r  kr260_min_i/axi_ic_PS_0_S_AXI_HPC0_FPD/s00_couplers/auto_cc/inst/gen_clock_conv.gen_async_conv.asyncfifo_axi/inst_fifo_gen/gaxi_full_lite.gread_ch.grdch2.axi_rdch/grf.rf/rstblk/ngwrdrst.grst.g7serrst.gnsckt_wrst.rst_wr_reg2_inst/arststages_ff_reg[1]/C
  -------------------------------------------------------------------    -------------------
    SLICE_X11Y59         FDPE (Prop_AFF2_SLICEL_C_Q)
                                                      0.116     3.466 f  kr260_min_i/axi_ic_PS_0_S_AXI_HPC0_FPD/s00_couplers/auto_cc/inst/gen_clock_conv.gen_async_conv.asyncfifo_axi/inst_fifo_gen/gaxi_full_lite.gread_ch.grdch2.axi_rdch/grf.rf/rstblk/ngwrdrst.grst.g7serrst.gnsckt_wrst.rst_wr_reg2_inst/arststages_ff_reg[1]/Q
                         net (fo=9, routed)           1.489     4.955    kr260_min_i/axi_ic_PS_0_S_AXI_HPC0_FPD/s00_couplers/auto_cc/inst/gen_clock_conv.gen_async_conv.asyncfifo_axi/inst_fifo_gen/gaxi_full_lite.gread_ch.grdch2.axi_rdch/grf.rf/rstblk/ngwrdrst.rst_wr_reg2
    SLICE_X20Y59         FDCE                                         f  kr260_min_i/axi_ic_PS_0_S_AXI_HPC0_FPD/s00_couplers/auto_cc/inst/gen_clock_conv.gen_async_conv.asyncfifo_axi/inst_fifo_gen/gaxi_full_lite.gread_ch.grdch2.axi_rdch/grf.rf/rstblk/ngwrdrst.grst.g7serrst.gnsckt_wrst.gic_rst.rd_rst_wr_ext_reg[1]/CLR
  -------------------------------------------------------------------    -------------------

                         (clock clk_pl_0 rise edge)
                                                      4.000     4.000 r  
    PS8_X0Y0             PS8                          0.000     4.000 r  kr260_min_i/PS_0/inst/PS8_i/PLCLK[0]
                         net (fo=1, routed)           0.181     4.181    kr260_min_i/PS_0/inst/pl_clk_unbuffered[0]
    BUFG_PS_X0Y80        BUFG_PS (Prop_BUFG_PS_I_O)
                                                      0.035     4.216 r  kr260_min_i/PS_0/inst/buffer_pl_clk_0.PL_CLK_0_BUFG/O
    X1Y1 (CLOCK_ROOT)    net (fo=5669, routed)        2.792     7.008    kr260_min_i/axi_ic_PS_0_S_AXI_HPC0_FPD/s00_couplers/auto_cc/inst/gen_clock_conv.gen_async_conv.asyncfifo_axi/inst_fifo_gen/gaxi_full_lite.gread_ch.grdch2.axi_rdch/grf.rf/rstblk/m_aclk
    SLICE_X20Y59         FDCE                                         r  kr260_min_i/axi_ic_PS_0_S_AXI_HPC0_FPD/s00_couplers/auto_cc/inst/gen_clock_conv.gen_async_conv.asyncfifo_axi/inst_fifo_gen/gaxi_full_lite.gread_ch.grdch2.axi_rdch/grf.rf/rstblk/ngwrdrst.grst.g7serrst.gnsckt_wrst.gic_rst.rd_rst_wr_ext_reg[1]/C
                         clock pessimism              0.234     7.242    
                         clock uncertainty           -0.122     7.121    
    SLICE_X20Y59         FDCE (Recov_EFF2_SLICEM_C_CLR)
                                                     -0.093     7.028    kr260_min_i/axi_ic_PS_0_S_AXI_HPC0_FPD/s00_couplers/auto_cc/inst/gen_clock_conv.gen_async_conv.asyncfifo_axi/inst_fifo_gen/gaxi_full_lite.gread_ch.grdch2.axi_rdch/grf.rf/rstblk/ngwrdrst.grst.g7serrst.gnsckt_wrst.gic_rst.rd_rst_wr_ext_reg[1]
  -------------------------------------------------------------------
                         required time                          7.028    
                         arrival time                          -4.955    
  -------------------------------------------------------------------
                         slack                                  2.072    

Slack (MET) :             2.072ns  (required time - arrival time)
  Source:                 kr260_min_i/axi_ic_PS_0_S_AXI_HPC0_FPD/s00_couplers/auto_cc/inst/gen_clock_conv.gen_async_conv.asyncfifo_axi/inst_fifo_gen/gaxi_full_lite.gread_ch.grdch2.axi_rdch/grf.rf/rstblk/ngwrdrst.grst.g7serrst.gnsckt_wrst.rst_wr_reg2_inst/arststages_ff_reg[1]/C
                            (rising edge-triggered cell FDPE clocked by clk_pl_0  {rise@0.000ns fall@2.000ns period=4.000ns})
  Destination:            kr260_min_i/axi_ic_PS_0_S_AXI_HPC0_FPD/s00_couplers/auto_cc/inst/gen_clock_conv.gen_async_conv.asyncfifo_axi/inst_fifo_gen/gaxi_full_lite.gread_ch.grdch2.axi_rdch/grf.rf/rstblk/ngwrdrst.grst.g7serrst.gnsckt_wrst.gic_rst.rd_rst_wr_ext_reg[2]/CLR
                            (recovery check against rising-edge clock clk_pl_0  {rise@0.000ns fall@2.000ns period=4.000ns})
  Path Group:             **async_default**
  Path Type:              Recovery (Max at Slow Process Corner)
  Requirement:            4.000ns  (clk_pl_0 rise@4.000ns - clk_pl_0 rise@0.000ns)
  Data Path Delay:        1.605ns  (logic 0.116ns (7.227%)  route 1.489ns (92.773%))
  Logic Levels:           0  
  Clock Path Skew:        -0.108ns (DCD - SCD + CPR)
    Destination Clock Delay (DCD):    3.008ns = ( 7.008 - 4.000 ) 
    Source Clock Delay      (SCD):    3.350ns
    Clock Pessimism Removal (CPR):    0.234ns
  Clock Uncertainty:      0.122ns  ((TSJ^2 + DJ^2)^1/2) / 2 + PE
    Total System Jitter     (TSJ):    0.071ns
    Discrete Jitter          (DJ):    0.233ns
    Phase Error              (PE):    0.000ns
  Clock Net Delay (Source):      3.083ns (routing 1.584ns, distribution 1.499ns)
  Clock Net Delay (Destination): 2.792ns (routing 1.450ns, distribution 1.342ns)

    Location             Delay type                Incr(ns)  Path(ns)    Netlist Resource(s)
  -------------------------------------------------------------------    -------------------
                         (clock clk_pl_0 rise edge)
                                                      0.000     0.000 r  
    PS8_X0Y0             PS8                          0.000     0.000 r  kr260_min_i/PS_0/inst/PS8_i/PLCLK[0]
                         net (fo=1, routed)           0.229     0.229    kr260_min_i/PS_0/inst/pl_clk_unbuffered[0]
    BUFG_PS_X0Y80        BUFG_PS (Prop_BUFG_PS_I_O)
                                                      0.038     0.267 r  kr260_min_i/PS_0/inst/buffer_pl_clk_0.PL_CLK_0_BUFG/O
    X1Y1 (CLOCK_ROOT)    net (fo=5669, routed)        3.083     3.350    kr260_min_i/axi_ic_PS_0_S_AXI_HPC0_FPD/s00_couplers/auto_cc/inst/gen_clock_conv.gen_async_conv.asyncfifo_axi/inst_fifo_gen/gaxi_full_lite.gread_ch.grdch2.axi_rdch/grf.rf/rstblk/ngwrdrst.grst.g7serrst.gnsckt_wrst.rst_wr_reg2_inst/dest_clk
    SLICE_X11Y59         FDPE                                         r  kr260_min_i/axi_ic_PS_0_S_AXI_HPC0_FPD/s00_couplers/auto_cc/inst/gen_clock_conv.gen_async_conv.asyncfifo_axi/inst_fifo_gen/gaxi_full_lite.gread_ch.grdch2.axi_rdch/grf.rf/rstblk/ngwrdrst.grst.g7serrst.gnsckt_wrst.rst_wr_reg2_inst/arststages_ff_reg[1]/C
  -------------------------------------------------------------------    -------------------
    SLICE_X11Y59         FDPE (Prop_AFF2_SLICEL_C_Q)
                                                      0.116     3.466 f  kr260_min_i/axi_ic_PS_0_S_AXI_HPC0_FPD/s00_couplers/auto_cc/inst/gen_clock_conv.gen_async_conv.asyncfifo_axi/inst_fifo_gen/gaxi_full_lite.gread_ch.grdch2.axi_rdch/grf.rf/rstblk/ngwrdrst.grst.g7serrst.gnsckt_wrst.rst_wr_reg2_inst/arststages_ff_reg[1]/Q
                         net (fo=9, routed)           1.489     4.955    kr260_min_i/axi_ic_PS_0_S_AXI_HPC0_FPD/s00_couplers/auto_cc/inst/gen_clock_conv.gen_async_conv.asyncfifo_axi/inst_fifo_gen/gaxi_full_lite.gread_ch.grdch2.axi_rdch/grf.rf/rstblk/ngwrdrst.rst_wr_reg2
    SLICE_X20Y59         FDCE                                         f  kr260_min_i/axi_ic_PS_0_S_AXI_HPC0_FPD/s00_couplers/auto_cc/inst/gen_clock_conv.gen_async_conv.asyncfifo_axi/inst_fifo_gen/gaxi_full_lite.gread_ch.grdch2.axi_rdch/grf.rf/rstblk/ngwrdrst.grst.g7serrst.gnsckt_wrst.gic_rst.rd_rst_wr_ext_reg[2]/CLR
  -------------------------------------------------------------------    -------------------

                         (clock clk_pl_0 rise edge)
                                                      4.000     4.000 r  
    PS8_X0Y0             PS8                          0.000     4.000 r  kr260_min_i/PS_0/inst/PS8_i/PLCLK[0]
                         net (fo=1, routed)           0.181     4.181    kr260_min_i/PS_0/inst/pl_clk_unbuffered[0]
    BUFG_PS_X0Y80        BUFG_PS (Prop_BUFG_PS_I_O)
                                                      0.035     4.216 r  kr260_min_i/PS_0/inst/buffer_pl_clk_0.PL_CLK_0_BUFG/O
    X1Y1 (CLOCK_ROOT)    net (fo=5669, routed)        2.792     7.008    kr260_min_i/axi_ic_PS_0_S_AXI_HPC0_FPD/s00_couplers/auto_cc/inst/gen_clock_conv.gen_async_conv.asyncfifo_axi/inst_fifo_gen/gaxi_full_lite.gread_ch.grdch2.axi_rdch/grf.rf/rstblk/m_aclk
    SLICE_X20Y59         FDCE                                         r  kr260_min_i/axi_ic_PS_0_S_AXI_HPC0_FPD/s00_couplers/auto_cc/inst/gen_clock_conv.gen_async_conv.asyncfifo_axi/inst_fifo_gen/gaxi_full_lite.gread_ch.grdch2.axi_rdch/grf.rf/rstblk/ngwrdrst.grst.g7serrst.gnsckt_wrst.gic_rst.rd_rst_wr_ext_reg[2]/C
                         clock pessimism              0.234     7.242    
                         clock uncertainty           -0.122     7.121    
    SLICE_X20Y59         FDCE (Recov_FFF_SLICEM_C_CLR)
                                                     -0.093     7.028    kr260_min_i/axi_ic_PS_0_S_AXI_HPC0_FPD/s00_couplers/auto_cc/inst/gen_clock_conv.gen_async_conv.asyncfifo_axi/inst_fifo_gen/gaxi_full_lite.gread_ch.grdch2.axi_rdch/grf.rf/rstblk/ngwrdrst.grst.g7serrst.gnsckt_wrst.gic_rst.rd_rst_wr_ext_reg[2]
  -------------------------------------------------------------------
                         required time                          7.028    
                         arrival time                          -4.955    
  -------------------------------------------------------------------
                         slack                                  2.072    

Slack (MET) :             2.072ns  (required time - arrival time)
  Source:                 kr260_min_i/axi_ic_PS_0_S_AXI_HPC0_FPD/s00_couplers/auto_cc/inst/gen_clock_conv.gen_async_conv.asyncfifo_axi/inst_fifo_gen/gaxi_full_lite.gread_ch.grdch2.axi_rdch/grf.rf/rstblk/ngwrdrst.grst.g7serrst.gnsckt_wrst.rst_wr_reg2_inst/arststages_ff_reg[1]/C
                            (rising edge-triggered cell FDPE clocked by clk_pl_0  {rise@0.000ns fall@2.000ns period=4.000ns})
  Destination:            kr260_min_i/axi_ic_PS_0_S_AXI_HPC0_FPD/s00_couplers/auto_cc/inst/gen_clock_conv.gen_async_conv.asyncfifo_axi/inst_fifo_gen/gaxi_full_lite.gread_ch.grdch2.axi_rdch/grf.rf/rstblk/ngwrdrst.grst.g7serrst.gnsckt_wrst.gic_rst.rd_rst_wr_ext_reg[3]/CLR
                            (recovery check against rising-edge clock clk_pl_0  {rise@0.000ns fall@2.000ns period=4.000ns})
  Path Group:             **async_default**
  Path Type:              Recovery (Max at Slow Process Corner)
  Requirement:            4.000ns  (clk_pl_0 rise@4.000ns - clk_pl_0 rise@0.000ns)
  Data Path Delay:        1.605ns  (logic 0.116ns (7.227%)  route 1.489ns (92.773%))
  Logic Levels:           0  
  Clock Path Skew:        -0.108ns (DCD - SCD + CPR)
    Destination Clock Delay (DCD):    3.008ns = ( 7.008 - 4.000 ) 
    Source Clock Delay      (SCD):    3.350ns
    Clock Pessimism Removal (CPR):    0.234ns
  Clock Uncertainty:      0.122ns  ((TSJ^2 + DJ^2)^1/2) / 2 + PE
    Total System Jitter     (TSJ):    0.071ns
    Discrete Jitter          (DJ):    0.233ns
    Phase Error              (PE):    0.000ns
  Clock Net Delay (Source):      3.083ns (routing 1.584ns, distribution 1.499ns)
  Clock Net Delay (Destination): 2.792ns (routing 1.450ns, distribution 1.342ns)

    Location             Delay type                Incr(ns)  Path(ns)    Netlist Resource(s)
  -------------------------------------------------------------------    -------------------
                         (clock clk_pl_0 rise edge)
                                                      0.000     0.000 r  
    PS8_X0Y0             PS8                          0.000     0.000 r  kr260_min_i/PS_0/inst/PS8_i/PLCLK[0]
                         net (fo=1, routed)           0.229     0.229    kr260_min_i/PS_0/inst/pl_clk_unbuffered[0]
    BUFG_PS_X0Y80        BUFG_PS (Prop_BUFG_PS_I_O)
                                                      0.038     0.267 r  kr260_min_i/PS_0/inst/buffer_pl_clk_0.PL_CLK_0_BUFG/O
    X1Y1 (CLOCK_ROOT)    net (fo=5669, routed)        3.083     3.350    kr260_min_i/axi_ic_PS_0_S_AXI_HPC0_FPD/s00_couplers/auto_cc/inst/gen_clock_conv.gen_async_conv.asyncfifo_axi/inst_fifo_gen/gaxi_full_lite.gread_ch.grdch2.axi_rdch/grf.rf/rstblk/ngwrdrst.grst.g7serrst.gnsckt_wrst.rst_wr_reg2_inst/dest_clk
    SLICE_X11Y59         FDPE                                         r  kr260_min_i/axi_ic_PS_0_S_AXI_HPC0_FPD/s00_couplers/auto_cc/inst/gen_clock_conv.gen_async_conv.asyncfifo_axi/inst_fifo_gen/gaxi_full_lite.gread_ch.grdch2.axi_rdch/grf.rf/rstblk/ngwrdrst.grst.g7serrst.gnsckt_wrst.rst_wr_reg2_inst/arststages_ff_reg[1]/C
  -------------------------------------------------------------------    -------------------
    SLICE_X11Y59         FDPE (Prop_AFF2_SLICEL_C_Q)
                                                      0.116     3.466 f  kr260_min_i/axi_ic_PS_0_S_AXI_HPC0_FPD/s00_couplers/auto_cc/inst/gen_clock_conv.gen_async_conv.asyncfifo_axi/inst_fifo_gen/gaxi_full_lite.gread_ch.grdch2.axi_rdch/grf.rf/rstblk/ngwrdrst.grst.g7serrst.gnsckt_wrst.rst_wr_reg2_inst/arststages_ff_reg[1]/Q
                         net (fo=9, routed)           1.489     4.955    kr260_min_i/axi_ic_PS_0_S_AXI_HPC0_FPD/s00_couplers/auto_cc/inst/gen_clock_conv.gen_async_conv.asyncfifo_axi/inst_fifo_gen/gaxi_full_lite.gread_ch.grdch2.axi_rdch/grf.rf/rstblk/ngwrdrst.rst_wr_reg2
    SLICE_X20Y59         FDCE                                         f  kr260_min_i/axi_ic_PS_0_S_AXI_HPC0_FPD/s00_couplers/auto_cc/inst/gen_clock_conv.gen_async_conv.asyncfifo_axi/inst_fifo_gen/gaxi_full_lite.gread_ch.grdch2.axi_rdch/grf.rf/rstblk/ngwrdrst.grst.g7serrst.gnsckt_wrst.gic_rst.rd_rst_wr_ext_reg[3]/CLR
  -------------------------------------------------------------------    -------------------

                         (clock clk_pl_0 rise edge)
                                                      4.000     4.000 r  
    PS8_X0Y0             PS8                          0.000     4.000 r  kr260_min_i/PS_0/inst/PS8_i/PLCLK[0]
                         net (fo=1, routed)           0.181     4.181    kr260_min_i/PS_0/inst/pl_clk_unbuffered[0]
    BUFG_PS_X0Y80        BUFG_PS (Prop_BUFG_PS_I_O)
                                                      0.035     4.216 r  kr260_min_i/PS_0/inst/buffer_pl_clk_0.PL_CLK_0_BUFG/O
    X1Y1 (CLOCK_ROOT)    net (fo=5669, routed)        2.792     7.008    kr260_min_i/axi_ic_PS_0_S_AXI_HPC0_FPD/s00_couplers/auto_cc/inst/gen_clock_conv.gen_async_conv.asyncfifo_axi/inst_fifo_gen/gaxi_full_lite.gread_ch.grdch2.axi_rdch/grf.rf/rstblk/m_aclk
    SLICE_X20Y59         FDCE                                         r  kr260_min_i/axi_ic_PS_0_S_AXI_HPC0_FPD/s00_couplers/auto_cc/inst/gen_clock_conv.gen_async_conv.asyncfifo_axi/inst_fifo_gen/gaxi_full_lite.gread_ch.grdch2.axi_rdch/grf.rf/rstblk/ngwrdrst.grst.g7serrst.gnsckt_wrst.gic_rst.rd_rst_wr_ext_reg[3]/C
                         clock pessimism              0.234     7.242    
                         clock uncertainty           -0.122     7.121    
    SLICE_X20Y59         FDCE (Recov_FFF2_SLICEM_C_CLR)
                                                     -0.093     7.028    kr260_min_i/axi_ic_PS_0_S_AXI_HPC0_FPD/s00_couplers/auto_cc/inst/gen_clock_conv.gen_async_conv.asyncfifo_axi/inst_fifo_gen/gaxi_full_lite.gread_ch.grdch2.axi_rdch/grf.rf/rstblk/ngwrdrst.grst.g7serrst.gnsckt_wrst.gic_rst.rd_rst_wr_ext_reg[3]
  -------------------------------------------------------------------
                         required time                          7.028    
                         arrival time                          -4.955    
  -------------------------------------------------------------------
                         slack                                  2.072    

Slack (MET) :             2.112ns  (required time - arrival time)
  Source:                 kr260_min_i/axi_ic_PS_0_S_AXI_HPC0_FPD/s00_couplers/auto_cc/inst/gen_clock_conv.gen_async_conv.asyncfifo_axi/inst_fifo_gen/gaxi_full_lite.gread_ch.grdch2.axi_rdch/grf.rf/rstblk/ngwrdrst.grst.g7serrst.gnsckt_wrst.rst_wr_reg2_inst/arststages_ff_reg[1]/C
                            (rising edge-triggered cell FDPE clocked by clk_pl_0  {rise@0.000ns fall@2.000ns period=4.000ns})
  Destination:            kr260_min_i/axi_ic_PS_0_S_AXI_HPC0_FPD/s00_couplers/auto_cc/inst/gen_clock_conv.gen_async_conv.asyncfifo_axi/inst_fifo_gen/gaxi_full_lite.gread_ch.grdch2.axi_rdch/grf.rf/rstblk/grstd1.grst_full.grst_f.rst_d3_reg/PRE
                            (recovery check against rising-edge clock clk_pl_0  {rise@0.000ns fall@2.000ns period=4.000ns})
  Path Group:             **async_default**
  Path Type:              Recovery (Max at Slow Process Corner)
  Requirement:            4.000ns  (clk_pl_0 rise@4.000ns - clk_pl_0 rise@0.000ns)
  Data Path Delay:        1.525ns  (logic 0.116ns (7.607%)  route 1.409ns (92.393%))
  Logic Levels:           0  
  Clock Path Skew:        -0.148ns (DCD - SCD + CPR)
    Destination Clock Delay (DCD):    3.014ns = ( 7.014 - 4.000 ) 
    Source Clock Delay      (SCD):    3.350ns
    Clock Pessimism Removal (CPR):    0.188ns
  Clock Uncertainty:      0.122ns  ((TSJ^2 + DJ^2)^1/2) / 2 + PE
    Total System Jitter     (TSJ):    0.071ns
    Discrete Jitter          (DJ):    0.233ns
    Phase Error              (PE):    0.000ns
  Clock Net Delay (Source):      3.083ns (routing 1.584ns, distribution 1.499ns)
  Clock Net Delay (Destination): 2.798ns (routing 1.450ns, distribution 1.348ns)

    Location             Delay type                Incr(ns)  Path(ns)    Netlist Resource(s)
  -------------------------------------------------------------------    -------------------
                         (clock clk_pl_0 rise edge)
                                                      0.000     0.000 r  
    PS8_X0Y0             PS8                          0.000     0.000 r  kr260_min_i/PS_0/inst/PS8_i/PLCLK[0]
                         net (fo=1, routed)           0.229     0.229    kr260_min_i/PS_0/inst/pl_clk_unbuffered[0]
    BUFG_PS_X0Y80        BUFG_PS (Prop_BUFG_PS_I_O)
                                                      0.038     0.267 r  kr260_min_i/PS_0/inst/buffer_pl_clk_0.PL_CLK_0_BUFG/O
    X1Y1 (CLOCK_ROOT)    net (fo=5669, routed)        3.083     3.350    kr260_min_i/axi_ic_PS_0_S_AXI_HPC0_FPD/s00_couplers/auto_cc/inst/gen_clock_conv.gen_async_conv.asyncfifo_axi/inst_fifo_gen/gaxi_full_lite.gread_ch.grdch2.axi_rdch/grf.rf/rstblk/ngwrdrst.grst.g7serrst.gnsckt_wrst.rst_wr_reg2_inst/dest_clk
    SLICE_X11Y59         FDPE                                         r  kr260_min_i/axi_ic_PS_0_S_AXI_HPC0_FPD/s00_couplers/auto_cc/inst/gen_clock_conv.gen_async_conv.asyncfifo_axi/inst_fifo_gen/gaxi_full_lite.gread_ch.grdch2.axi_rdch/grf.rf/rstblk/ngwrdrst.grst.g7serrst.gnsckt_wrst.rst_wr_reg2_inst/arststages_ff_reg[1]/C
  -------------------------------------------------------------------    -------------------
    SLICE_X11Y59         FDPE (Prop_AFF2_SLICEL_C_Q)
                                                      0.116     3.466 f  kr260_min_i/axi_ic_PS_0_S_AXI_HPC0_FPD/s00_couplers/auto_cc/inst/gen_clock_conv.gen_async_conv.asyncfifo_axi/inst_fifo_gen/gaxi_full_lite.gread_ch.grdch2.axi_rdch/grf.rf/rstblk/ngwrdrst.grst.g7serrst.gnsckt_wrst.rst_wr_reg2_inst/arststages_ff_reg[1]/Q
                         net (fo=9, routed)           1.409     4.875    kr260_min_i/axi_ic_PS_0_S_AXI_HPC0_FPD/s00_couplers/auto_cc/inst/gen_clock_conv.gen_async_conv.asyncfifo_axi/inst_fifo_gen/gaxi_full_lite.gread_ch.grdch2.axi_rdch/grf.rf/rstblk/ngwrdrst.rst_wr_reg2
    SLICE_X16Y60         FDPE                                         f  kr260_min_i/axi_ic_PS_0_S_AXI_HPC0_FPD/s00_couplers/auto_cc/inst/gen_clock_conv.gen_async_conv.asyncfifo_axi/inst_fifo_gen/gaxi_full_lite.gread_ch.grdch2.axi_rdch/grf.rf/rstblk/grstd1.grst_full.grst_f.rst_d3_reg/PRE
  -------------------------------------------------------------------    -------------------

                         (clock clk_pl_0 rise edge)
                                                      4.000     4.000 r  
    PS8_X0Y0             PS8                          0.000     4.000 r  kr260_min_i/PS_0/inst/PS8_i/PLCLK[0]
                         net (fo=1, routed)           0.181     4.181    kr260_min_i/PS_0/inst/pl_clk_unbuffered[0]
    BUFG_PS_X0Y80        BUFG_PS (Prop_BUFG_PS_I_O)
                                                      0.035     4.216 r  kr260_min_i/PS_0/inst/buffer_pl_clk_0.PL_CLK_0_BUFG/O
    X1Y1 (CLOCK_ROOT)    net (fo=5669, routed)        2.798     7.014    kr260_min_i/axi_ic_PS_0_S_AXI_HPC0_FPD/s00_couplers/auto_cc/inst/gen_clock_conv.gen_async_conv.asyncfifo_axi/inst_fifo_gen/gaxi_full_lite.gread_ch.grdch2.axi_rdch/grf.rf/rstblk/m_aclk
    SLICE_X16Y60         FDPE                                         r  kr260_min_i/axi_ic_PS_0_S_AXI_HPC0_FPD/s00_couplers/auto_cc/inst/gen_clock_conv.gen_async_conv.asyncfifo_axi/inst_fifo_gen/gaxi_full_lite.gread_ch.grdch2.axi_rdch/grf.rf/rstblk/grstd1.grst_full.grst_f.rst_d3_reg/C
                         clock pessimism              0.188     7.202    
                         clock uncertainty           -0.122     7.080    
    SLICE_X16Y60         FDPE (Recov_DFF2_SLICEL_C_PRE)
                                                     -0.093     6.987    kr260_min_i/axi_ic_PS_0_S_AXI_HPC0_FPD/s00_couplers/auto_cc/inst/gen_clock_conv.gen_async_conv.asyncfifo_axi/inst_fifo_gen/gaxi_full_lite.gread_ch.grdch2.axi_rdch/grf.rf/rstblk/grstd1.grst_full.grst_f.rst_d3_reg
  -------------------------------------------------------------------
                         required time                          6.987    
                         arrival time                          -4.875    
  -------------------------------------------------------------------
                         slack                                  2.112    

Slack (MET) :             2.546ns  (required time - arrival time)
  Source:                 kr260_min_i/axi_ic_PS_0_S_AXI_HPC0_FPD/s00_couplers/auto_ds/inst/gen_downsizer.gen_simple_downsizer.axi_downsizer_inst/USE_READ.read_addr_inst/cmd_queue/inst/fifo_gen_inst/inst_fifo_gen/gconvfifo.rf/grf.rf/rstblk/ngwrdrst.grst.g7serrst.gnsckt_wrst.gcc_rst.sckt_wr_rst_cc_reg[1]/C
                            (rising edge-triggered cell FDRE clocked by clk_pl_0  {rise@0.000ns fall@2.000ns period=4.000ns})
  Destination:            kr260_min_i/axi_ic_PS_0_S_AXI_HPC0_FPD/s00_couplers/auto_ds/inst/gen_downsizer.gen_simple_downsizer.axi_downsizer_inst/USE_READ.read_addr_inst/cmd_queue/inst/fifo_gen_inst/inst_fifo_gen/gconvfifo.rf/grf.rf/gntv_or_sync_fifo.gl0.wr/wpntr/gcc0.gc0.count_reg[0]/PRE
                            (recovery check against rising-edge clock clk_pl_0  {rise@0.000ns fall@2.000ns period=4.000ns})
  Path Group:             **async_default**
  Path Type:              Recovery (Max at Slow Process Corner)
  Requirement:            4.000ns  (clk_pl_0 rise@4.000ns - clk_pl_0 rise@0.000ns)
  Data Path Delay:        1.148ns  (logic 0.344ns (29.969%)  route 0.804ns (70.031%))
  Logic Levels:           1  (LUT3=1)
  Clock Path Skew:        -0.092ns (DCD - SCD + CPR)
    Destination Clock Delay (DCD):    3.054ns = ( 7.054 - 4.000 ) 
    Source Clock Delay      (SCD):    3.385ns
    Clock Pessimism Removal (CPR):    0.240ns
  Clock Uncertainty:      0.122ns  ((TSJ^2 + DJ^2)^1/2) / 2 + PE
    Total System Jitter     (TSJ):    0.071ns
    Discrete Jitter          (DJ):    0.233ns
    Phase Error              (PE):    0.000ns
  Clock Net Delay (Source):      3.118ns (routing 1.584ns, distribution 1.534ns)
  Clock Net Delay (Destination): 2.838ns (routing 1.450ns, distribution 1.388ns)

    Location             Delay type                Incr(ns)  Path(ns)    Netlist Resource(s)
  -------------------------------------------------------------------    -------------------
                         (clock clk_pl_0 rise edge)
                                                      0.000     0.000 r  
    PS8_X0Y0             PS8                          0.000     0.000 r  kr260_min_i/PS_0/inst/PS8_i/PLCLK[0]
                         net (fo=1, routed)           0.229     0.229    kr260_min_i/PS_0/inst/pl_clk_unbuffered[0]
    BUFG_PS_X0Y80        BUFG_PS (Prop_BUFG_PS_I_O)
                                                      0.038     0.267 r  kr260_min_i/PS_0/inst/buffer_pl_clk_0.PL_CLK_0_BUFG/O
    X1Y1 (CLOCK_ROOT)    net (fo=5669, routed)        3.118     3.385    kr260_min_i/axi_ic_PS_0_S_AXI_HPC0_FPD/s00_couplers/auto_ds/inst/gen_downsizer.gen_simple_downsizer.axi_downsizer_inst/USE_READ.read_addr_inst/cmd_queue/inst/fifo_gen_inst/inst_fifo_gen/gconvfifo.rf/grf.rf/rstblk/clk
    SLICE_X10Y77         FDRE                                         r  kr260_min_i/axi_ic_PS_0_S_AXI_HPC0_FPD/s00_couplers/auto_ds/inst/gen_downsizer.gen_simple_downsizer.axi_downsizer_inst/USE_READ.read_addr_inst/cmd_queue/inst/fifo_gen_inst/inst_fifo_gen/gconvfifo.rf/grf.rf/rstblk/ngwrdrst.grst.g7serrst.gnsckt_wrst.gcc_rst.sckt_wr_rst_cc_reg[1]/C
  -------------------------------------------------------------------    -------------------
    SLICE_X10Y77         FDRE (Prop_EFF2_SLICEM_C_Q)
                                                      0.118     3.503 f  kr260_min_i/axi_ic_PS_0_S_AXI_HPC0_FPD/s00_couplers/auto_ds/inst/gen_downsizer.gen_simple_downsizer.axi_downsizer_inst/USE_READ.read_addr_inst/cmd_queue/inst/fifo_gen_inst/inst_fifo_gen/gconvfifo.rf/grf.rf/rstblk/ngwrdrst.grst.g7serrst.gnsckt_wrst.gcc_rst.sckt_wr_rst_cc_reg[1]/Q
                         net (fo=2, routed)           0.247     3.750    kr260_min_i/axi_ic_PS_0_S_AXI_HPC0_FPD/s00_couplers/auto_ds/inst/gen_downsizer.gen_simple_downsizer.axi_downsizer_inst/USE_READ.read_addr_inst/cmd_queue/inst/fifo_gen_inst/inst_fifo_gen/gconvfifo.rf/grf.rf/rstblk/ngwrdrst.grst.g7serrst.gnsckt_wrst.gcc_rst.sckt_wr_rst_cc[1]
    SLICE_X10Y77         LUT3 (Prop_G6LUT_SLICEM_I0_O)
                                                      0.226     3.976 f  kr260_min_i/axi_ic_PS_0_S_AXI_HPC0_FPD/s00_couplers/auto_ds/inst/gen_downsizer.gen_simple_downsizer.axi_downsizer_inst/USE_READ.read_addr_inst/cmd_queue/inst/fifo_gen_inst/inst_fifo_gen/gconvfifo.rf/grf.rf/rstblk/gpregsm1.curr_fwft_state[1]_i_2/O
                         net (fo=32, routed)          0.557     4.533    kr260_min_i/axi_ic_PS_0_S_AXI_HPC0_FPD/s00_couplers/auto_ds/inst/gen_downsizer.gen_simple_downsizer.axi_downsizer_inst/USE_READ.read_addr_inst/cmd_queue/inst/fifo_gen_inst/inst_fifo_gen/gconvfifo.rf/grf.rf/gntv_or_sync_fifo.gl0.wr/wpntr/AR[0]
    SLICE_X8Y78          FDPE                                         f  kr260_min_i/axi_ic_PS_0_S_AXI_HPC0_FPD/s00_couplers/auto_ds/inst/gen_downsizer.gen_simple_downsizer.axi_downsizer_inst/USE_READ.read_addr_inst/cmd_queue/inst/fifo_gen_inst/inst_fifo_gen/gconvfifo.rf/grf.rf/gntv_or_sync_fifo.gl0.wr/wpntr/gcc0.gc0.count_reg[0]/PRE
  -------------------------------------------------------------------    -------------------

                         (clock clk_pl_0 rise edge)
                                                      4.000     4.000 r  
    PS8_X0Y0             PS8                          0.000     4.000 r  kr260_min_i/PS_0/inst/PS8_i/PLCLK[0]
                         net (fo=1, routed)           0.181     4.181    kr260_min_i/PS_0/inst/pl_clk_unbuffered[0]
    BUFG_PS_X0Y80        BUFG_PS (Prop_BUFG_PS_I_O)
                                                      0.035     4.216 r  kr260_min_i/PS_0/inst/buffer_pl_clk_0.PL_CLK_0_BUFG/O
    X1Y1 (CLOCK_ROOT)    net (fo=5669, routed)        2.838     7.054    kr260_min_i/axi_ic_PS_0_S_AXI_HPC0_FPD/s00_couplers/auto_ds/inst/gen_downsizer.gen_simple_downsizer.axi_downsizer_inst/USE_READ.read_addr_inst/cmd_queue/inst/fifo_gen_inst/inst_fifo_gen/gconvfifo.rf/grf.rf/gntv_or_sync_fifo.gl0.wr/wpntr/clk
    SLICE_X8Y78          FDPE                                         r  kr260_min_i/axi_ic_PS_0_S_AXI_HPC0_FPD/s00_couplers/auto_ds/inst/gen_downsizer.gen_simple_downsizer.axi_downsizer_inst/USE_READ.read_addr_inst/cmd_queue/inst/fifo_gen_inst/inst_fifo_gen/gconvfifo.rf/grf.rf/gntv_or_sync_fifo.gl0.wr/wpntr/gcc0.gc0.count_reg[0]/C
                         clock pessimism              0.240     7.294    
                         clock uncertainty           -0.122     7.172    
    SLICE_X8Y78          FDPE (Recov_BFF2_SLICEM_C_PRE)
                                                     -0.093     7.079    kr260_min_i/axi_ic_PS_0_S_AXI_HPC0_FPD/s00_couplers/auto_ds/inst/gen_downsizer.gen_simple_downsizer.axi_downsizer_inst/USE_READ.read_addr_inst/cmd_queue/inst/fifo_gen_inst/inst_fifo_gen/gconvfifo.rf/grf.rf/gntv_or_sync_fifo.gl0.wr/wpntr/gcc0.gc0.count_reg[0]
  -------------------------------------------------------------------
                         required time                          7.079    
                         arrival time                          -4.533    
  -------------------------------------------------------------------
                         slack                                  2.546    





Min Delay Paths
--------------------------------------------------------------------------------------
Slack (MET) :             0.141ns  (arrival time - required time)
  Source:                 kr260_min_i/axi_ic_PS_0_S_AXI_HP1_FPD/s00_couplers/auto_cc/inst/gen_clock_conv.gen_async_conv.asyncfifo_axi/inst_fifo_gen/gaxi_full_lite.gwrite_ch.gwdch2.axi_wdch/grf.rf/rstblk/ngwrdrst.grst.g7serrst.gnsckt_wrst.gic_rst.rst_rd_reg2_inst/arststages_ff_reg[1]/C
                            (rising edge-triggered cell FDPE clocked by clk_pl_0  {rise@0.000ns fall@2.000ns period=4.000ns})
  Destination:            kr260_min_i/axi_ic_PS_0_S_AXI_HP1_FPD/s00_couplers/auto_cc/inst/gen_clock_conv.gen_async_conv.asyncfifo_axi/inst_fifo_gen/gaxi_full_lite.gwrite_ch.gwdch2.axi_wdch/grf.rf/rstblk/ngwrdrst.grst.g7serrst.gnsckt_wrst.gic_rst.wr_rst_rd_ext_reg[0]/CLR
                            (removal check against rising-edge clock clk_pl_0  {rise@0.000ns fall@2.000ns period=4.000ns})
  Path Group:             **async_default**
  Path Type:              Removal (Min at Fast Process Corner)
  Requirement:            0.000ns  (clk_pl_0 rise@0.000ns - clk_pl_0 rise@0.000ns)
  Data Path Delay:        0.174ns  (logic 0.084ns (48.382%)  route 0.090ns (51.618%))
  Logic Levels:           0  
  Clock Path Skew:        0.050ns (DCD - SCD - CPR)
    Destination Clock Delay (DCD):    2.105ns
    Source Clock Delay      (SCD):    1.911ns
    Clock Pessimism Removal (CPR):    0.144ns
  Clock Net Delay (Source):      1.760ns (routing 0.886ns, distribution 0.874ns)
  Clock Net Delay (Destination): 1.918ns (routing 0.971ns, distribution 0.947ns)

    Location             Delay type                Incr(ns)  Path(ns)    Netlist Resource(s)
  -------------------------------------------------------------------    -------------------
                         (clock clk_pl_0 rise edge)
                                                      0.000     0.000 r  
    PS8_X0Y0             PS8                          0.000     0.000 r  kr260_min_i/PS_0/inst/PS8_i/PLCLK[0]
                         net (fo=1, routed)           0.129     0.129    kr260_min_i/PS_0/inst/pl_clk_unbuffered[0]
    BUFG_PS_X0Y80        BUFG_PS (Prop_BUFG_PS_I_O)
                                                      0.022     0.151 r  kr260_min_i/PS_0/inst/buffer_pl_clk_0.PL_CLK_0_BUFG/O
    X1Y1 (CLOCK_ROOT)    net (fo=5669, routed)        1.760     1.911    kr260_min_i/axi_ic_PS_0_S_AXI_HP1_FPD/s00_couplers/auto_cc/inst/gen_clock_conv.gen_async_conv.asyncfifo_axi/inst_fifo_gen/gaxi_full_lite.gwrite_ch.gwdch2.axi_wdch/grf.rf/rstblk/ngwrdrst.grst.g7serrst.gnsckt_wrst.gic_rst.rst_rd_reg2_inst/dest_clk
    SLICE_X1Y203         FDPE                                         r  kr260_min_i/axi_ic_PS_0_S_AXI_HP1_FPD/s00_couplers/auto_cc/inst/gen_clock_conv.gen_async_conv.asyncfifo_axi/inst_fifo_gen/gaxi_full_lite.gwrite_ch.gwdch2.axi_wdch/grf.rf/rstblk/ngwrdrst.grst.g7serrst.gnsckt_wrst.gic_rst.rst_rd_reg2_inst/arststages_ff_reg[1]/C
  -------------------------------------------------------------------    -------------------
    SLICE_X1Y203         FDPE (Prop_AFF2_SLICEM_C_Q)
                                                      0.084     1.995 f  kr260_min_i/axi_ic_PS_0_S_AXI_HP1_FPD/s00_couplers/auto_cc/inst/gen_clock_conv.gen_async_conv.asyncfifo_axi/inst_fifo_gen/gaxi_full_lite.gwrite_ch.gwdch2.axi_wdch/grf.rf/rstblk/ngwrdrst.grst.g7serrst.gnsckt_wrst.gic_rst.rst_rd_reg2_inst/arststages_ff_reg[1]/Q
                         net (fo=3, routed)           0.090     2.085    kr260_min_i/axi_ic_PS_0_S_AXI_HP1_FPD/s00_couplers/auto_cc/inst/gen_clock_conv.gen_async_conv.asyncfifo_axi/inst_fifo_gen/gaxi_full_lite.gwrite_ch.gwdch2.axi_wdch/grf.rf/rstblk/ngwrdrst.grst.rst_rd_reg2
    SLICE_X0Y203         FDCE                                         f  kr260_min_i/axi_ic_PS_0_S_AXI_HP1_FPD/s00_couplers/auto_cc/inst/gen_clock_conv.gen_async_conv.asyncfifo_axi/inst_fifo_gen/gaxi_full_lite.gwrite_ch.gwdch2.axi_wdch/grf.rf/rstblk/ngwrdrst.grst.g7serrst.gnsckt_wrst.gic_rst.wr_rst_rd_ext_reg[0]/CLR
  -------------------------------------------------------------------    -------------------

                         (clock clk_pl_0 rise edge)
                                                      0.000     0.000 r  
    PS8_X0Y0             PS8                          0.000     0.000 r  kr260_min_i/PS_0/inst/PS8_i/PLCLK[0]
                         net (fo=1, routed)           0.164     0.164    kr260_min_i/PS_0/inst/pl_clk_unbuffered[0]
    BUFG_PS_X0Y80        BUFG_PS (Prop_BUFG_PS_I_O)
                                                      0.023     0.187 r  kr260_min_i/PS_0/inst/buffer_pl_clk_0.PL_CLK_0_BUFG/O
    X1Y1 (CLOCK_ROOT)    net (fo=5669, routed)        1.918     2.105    kr260_min_i/axi_ic_PS_0_S_AXI_HP1_FPD/s00_couplers/auto_cc/inst/gen_clock_conv.gen_async_conv.asyncfifo_axi/inst_fifo_gen/gaxi_full_lite.gwrite_ch.gwdch2.axi_wdch/grf.rf/rstblk/m_aclk
    SLICE_X0Y203         FDCE                                         r  kr260_min_i/axi_ic_PS_0_S_AXI_HP1_FPD/s00_couplers/auto_cc/inst/gen_clock_conv.gen_async_conv.asyncfifo_axi/inst_fifo_gen/gaxi_full_lite.gwrite_ch.gwdch2.axi_wdch/grf.rf/rstblk/ngwrdrst.grst.g7serrst.gnsckt_wrst.gic_rst.wr_rst_rd_ext_reg[0]/C
                         clock pessimism             -0.144     1.961    
    SLICE_X0Y203         FDCE (Remov_EFF_SLICEL_C_CLR)
                                                     -0.018     1.943    kr260_min_i/axi_ic_PS_0_S_AXI_HP1_FPD/s00_couplers/auto_cc/inst/gen_clock_conv.gen_async_conv.asyncfifo_axi/inst_fifo_gen/gaxi_full_lite.gwrite_ch.gwdch2.axi_wdch/grf.rf/rstblk/ngwrdrst.grst.g7serrst.gnsckt_wrst.gic_rst.wr_rst_rd_ext_reg[0]
  -------------------------------------------------------------------
                         required time                         -1.943    
                         arrival time                           2.085    
  -------------------------------------------------------------------
                         slack                                  0.141    

Slack (MET) :             0.141ns  (arrival time - required time)
  Source:                 kr260_min_i/axi_ic_PS_0_S_AXI_HP1_FPD/s00_couplers/auto_cc/inst/gen_clock_conv.gen_async_conv.asyncfifo_axi/inst_fifo_gen/gaxi_full_lite.gwrite_ch.gwdch2.axi_wdch/grf.rf/rstblk/ngwrdrst.grst.g7serrst.gnsckt_wrst.gic_rst.rst_rd_reg2_inst/arststages_ff_reg[1]/C
                            (rising edge-triggered cell FDPE clocked by clk_pl_0  {rise@0.000ns fall@2.000ns period=4.000ns})
  Destination:            kr260_min_i/axi_ic_PS_0_S_AXI_HP1_FPD/s00_couplers/auto_cc/inst/gen_clock_conv.gen_async_conv.asyncfifo_axi/inst_fifo_gen/gaxi_full_lite.gwrite_ch.gwdch2.axi_wdch/grf.rf/rstblk/ngwrdrst.grst.g7serrst.gnsckt_wrst.gic_rst.wr_rst_rd_ext_reg[1]/CLR
                            (removal check against rising-edge clock clk_pl_0  {rise@0.000ns fall@2.000ns period=4.000ns})
  Path Group:             **async_default**
  Path Type:              Removal (Min at Fast Process Corner)
  Requirement:            0.000ns  (clk_pl_0 rise@0.000ns - clk_pl_0 rise@0.000ns)
  Data Path Delay:        0.174ns  (logic 0.084ns (48.382%)  route 0.090ns (51.618%))
  Logic Levels:           0  
  Clock Path Skew:        0.050ns (DCD - SCD - CPR)
    Destination Clock Delay (DCD):    2.105ns
    Source Clock Delay      (SCD):    1.911ns
    Clock Pessimism Removal (CPR):    0.144ns
  Clock Net Delay (Source):      1.760ns (routing 0.886ns, distribution 0.874ns)
  Clock Net Delay (Destination): 1.918ns (routing 0.971ns, distribution 0.947ns)

    Location             Delay type                Incr(ns)  Path(ns)    Netlist Resource(s)
  -------------------------------------------------------------------    -------------------
                         (clock clk_pl_0 rise edge)
                                                      0.000     0.000 r  
    PS8_X0Y0             PS8                          0.000     0.000 r  kr260_min_i/PS_0/inst/PS8_i/PLCLK[0]
                         net (fo=1, routed)           0.129     0.129    kr260_min_i/PS_0/inst/pl_clk_unbuffered[0]
    BUFG_PS_X0Y80        BUFG_PS (Prop_BUFG_PS_I_O)
                                                      0.022     0.151 r  kr260_min_i/PS_0/inst/buffer_pl_clk_0.PL_CLK_0_BUFG/O
    X1Y1 (CLOCK_ROOT)    net (fo=5669, routed)        1.760     1.911    kr260_min_i/axi_ic_PS_0_S_AXI_HP1_FPD/s00_couplers/auto_cc/inst/gen_clock_conv.gen_async_conv.asyncfifo_axi/inst_fifo_gen/gaxi_full_lite.gwrite_ch.gwdch2.axi_wdch/grf.rf/rstblk/ngwrdrst.grst.g7serrst.gnsckt_wrst.gic_rst.rst_rd_reg2_inst/dest_clk
    SLICE_X1Y203         FDPE                                         r  kr260_min_i/axi_ic_PS_0_S_AXI_HP1_FPD/s00_couplers/auto_cc/inst/gen_clock_conv.gen_async_conv.asyncfifo_axi/inst_fifo_gen/gaxi_full_lite.gwrite_ch.gwdch2.axi_wdch/grf.rf/rstblk/ngwrdrst.grst.g7serrst.gnsckt_wrst.gic_rst.rst_rd_reg2_inst/arststages_ff_reg[1]/C
  -------------------------------------------------------------------    -------------------
    SLICE_X1Y203         FDPE (Prop_AFF2_SLICEM_C_Q)
                                                      0.084     1.995 f  kr260_min_i/axi_ic_PS_0_S_AXI_HP1_FPD/s00_couplers/auto_cc/inst/gen_clock_conv.gen_async_conv.asyncfifo_axi/inst_fifo_gen/gaxi_full_lite.gwrite_ch.gwdch2.axi_wdch/grf.rf/rstblk/ngwrdrst.grst.g7serrst.gnsckt_wrst.gic_rst.rst_rd_reg2_inst/arststages_ff_reg[1]/Q
                         net (fo=3, routed)           0.090     2.085    kr260_min_i/axi_ic_PS_0_S_AXI_HP1_FPD/s00_couplers/auto_cc/inst/gen_clock_conv.gen_async_conv.asyncfifo_axi/inst_fifo_gen/gaxi_full_lite.gwrite_ch.gwdch2.axi_wdch/grf.rf/rstblk/ngwrdrst.grst.rst_rd_reg2
    SLICE_X0Y203         FDCE                                         f  kr260_min_i/axi_ic_PS_0_S_AXI_HP1_FPD/s00_couplers/auto_cc/inst/gen_clock_conv.gen_async_conv.asyncfifo_axi/inst_fifo_gen/gaxi_full_lite.gwrite_ch.gwdch2.axi_wdch/grf.rf/rstblk/ngwrdrst.grst.g7serrst.gnsckt_wrst.gic_rst.wr_rst_rd_ext_reg[1]/CLR
  -------------------------------------------------------------------    -------------------

                         (clock clk_pl_0 rise edge)
                                                      0.000     0.000 r  
    PS8_X0Y0             PS8                          0.000     0.000 r  kr260_min_i/PS_0/inst/PS8_i/PLCLK[0]
                         net (fo=1, routed)           0.164     0.164    kr260_min_i/PS_0/inst/pl_clk_unbuffered[0]
    BUFG_PS_X0Y80        BUFG_PS (Prop_BUFG_PS_I_O)
                                                      0.023     0.187 r  kr260_min_i/PS_0/inst/buffer_pl_clk_0.PL_CLK_0_BUFG/O
    X1Y1 (CLOCK_ROOT)    net (fo=5669, routed)        1.918     2.105    kr260_min_i/axi_ic_PS_0_S_AXI_HP1_FPD/s00_couplers/auto_cc/inst/gen_clock_conv.gen_async_conv.asyncfifo_axi/inst_fifo_gen/gaxi_full_lite.gwrite_ch.gwdch2.axi_wdch/grf.rf/rstblk/m_aclk
    SLICE_X0Y203         FDCE                                         r  kr260_min_i/axi_ic_PS_0_S_AXI_HP1_FPD/s00_couplers/auto_cc/inst/gen_clock_conv.gen_async_conv.asyncfifo_axi/inst_fifo_gen/gaxi_full_lite.gwrite_ch.gwdch2.axi_wdch/grf.rf/rstblk/ngwrdrst.grst.g7serrst.gnsckt_wrst.gic_rst.wr_rst_rd_ext_reg[1]/C
                         clock pessimism             -0.144     1.961    
    SLICE_X0Y203         FDCE (Remov_EFF2_SLICEL_C_CLR)
                                                     -0.018     1.943    kr260_min_i/axi_ic_PS_0_S_AXI_HP1_FPD/s00_couplers/auto_cc/inst/gen_clock_conv.gen_async_conv.asyncfifo_axi/inst_fifo_gen/gaxi_full_lite.gwrite_ch.gwdch2.axi_wdch/grf.rf/rstblk/ngwrdrst.grst.g7serrst.gnsckt_wrst.gic_rst.wr_rst_rd_ext_reg[1]
  -------------------------------------------------------------------
                         required time                         -1.943    
                         arrival time                           2.085    
  -------------------------------------------------------------------
                         slack                                  0.141    

Slack (MET) :             0.145ns  (arrival time - required time)
  Source:                 kr260_min_i/axi_ic_PS_0_S_AXI_HP1_FPD/s00_couplers/auto_cc/inst/gen_clock_conv.gen_async_conv.asyncfifo_axi/inst_fifo_gen/gaxi_full_lite.gwrite_ch.gwdch2.axi_wdch/grf.rf/rstblk/ngwrdrst.grst.g7serrst.gnsckt_wrst.gic_rst.rst_rd_reg2_inst/arststages_ff_reg[1]/C
                            (rising edge-triggered cell FDPE clocked by clk_pl_0  {rise@0.000ns fall@2.000ns period=4.000ns})
  Destination:            kr260_min_i/axi_ic_PS_0_S_AXI_HP1_FPD/s00_couplers/auto_cc/inst/gen_clock_conv.gen_async_conv.asyncfifo_axi/inst_fifo_gen/gaxi_full_lite.gwrite_ch.gwdch2.axi_wdch/grf.rf/rstblk/ngwrdrst.grst.g7serrst.gnsckt_wrst.gic_rst.sckt_rd_rst_ic_reg/PRE
                            (removal check against rising-edge clock clk_pl_0  {rise@0.000ns fall@2.000ns period=4.000ns})
  Path Group:             **async_default**
  Path Type:              Removal (Min at Fast Process Corner)
  Requirement:            0.000ns  (clk_pl_0 rise@0.000ns - clk_pl_0 rise@0.000ns)
  Data Path Delay:        0.174ns  (logic 0.084ns (48.382%)  route 0.090ns (51.618%))
  Logic Levels:           0  
  Clock Path Skew:        0.046ns (DCD - SCD - CPR)
    Destination Clock Delay (DCD):    2.101ns
    Source Clock Delay      (SCD):    1.911ns
    Clock Pessimism Removal (CPR):    0.144ns
  Clock Net Delay (Source):      1.760ns (routing 0.886ns, distribution 0.874ns)
  Clock Net Delay (Destination): 1.914ns (routing 0.971ns, distribution 0.943ns)

    Location             Delay type                Incr(ns)  Path(ns)    Netlist Resource(s)
  -------------------------------------------------------------------    -------------------
                         (clock clk_pl_0 rise edge)
                                                      0.000     0.000 r  
    PS8_X0Y0             PS8                          0.000     0.000 r  kr260_min_i/PS_0/inst/PS8_i/PLCLK[0]
                         net (fo=1, routed)           0.129     0.129    kr260_min_i/PS_0/inst/pl_clk_unbuffered[0]
    BUFG_PS_X0Y80        BUFG_PS (Prop_BUFG_PS_I_O)
                                                      0.022     0.151 r  kr260_min_i/PS_0/inst/buffer_pl_clk_0.PL_CLK_0_BUFG/O
    X1Y1 (CLOCK_ROOT)    net (fo=5669, routed)        1.760     1.911    kr260_min_i/axi_ic_PS_0_S_AXI_HP1_FPD/s00_couplers/auto_cc/inst/gen_clock_conv.gen_async_conv.asyncfifo_axi/inst_fifo_gen/gaxi_full_lite.gwrite_ch.gwdch2.axi_wdch/grf.rf/rstblk/ngwrdrst.grst.g7serrst.gnsckt_wrst.gic_rst.rst_rd_reg2_inst/dest_clk
    SLICE_X1Y203         FDPE                                         r  kr260_min_i/axi_ic_PS_0_S_AXI_HP1_FPD/s00_couplers/auto_cc/inst/gen_clock_conv.gen_async_conv.asyncfifo_axi/inst_fifo_gen/gaxi_full_lite.gwrite_ch.gwdch2.axi_wdch/grf.rf/rstblk/ngwrdrst.grst.g7serrst.gnsckt_wrst.gic_rst.rst_rd_reg2_inst/arststages_ff_reg[1]/C
  -------------------------------------------------------------------    -------------------
    SLICE_X1Y203         FDPE (Prop_AFF2_SLICEM_C_Q)
                                                      0.084     1.995 f  kr260_min_i/axi_ic_PS_0_S_AXI_HP1_FPD/s00_couplers/auto_cc/inst/gen_clock_conv.gen_async_conv.asyncfifo_axi/inst_fifo_gen/gaxi_full_lite.gwrite_ch.gwdch2.axi_wdch/grf.rf/rstblk/ngwrdrst.grst.g7serrst.gnsckt_wrst.gic_rst.rst_rd_reg2_inst/arststages_ff_reg[1]/Q
                         net (fo=3, routed)           0.090     2.085    kr260_min_i/axi_ic_PS_0_S_AXI_HP1_FPD/s00_couplers/auto_cc/inst/gen_clock_conv.gen_async_conv.asyncfifo_axi/inst_fifo_gen/gaxi_full_lite.gwrite_ch.gwdch2.axi_wdch/grf.rf/rstblk/ngwrdrst.grst.rst_rd_reg2
    SLICE_X0Y203         FDPE                                         f  kr260_min_i/axi_ic_PS_0_S_AXI_HP1_FPD/s00_couplers/auto_cc/inst/gen_clock_conv.gen_async_conv.asyncfifo_axi/inst_fifo_gen/gaxi_full_lite.gwrite_ch.gwdch2.axi_wdch/grf.rf/rstblk/ngwrdrst.grst.g7serrst.gnsckt_wrst.gic_rst.sckt_rd_rst_ic_reg/PRE
  -------------------------------------------------------------------    -------------------

                         (clock clk_pl_0 rise edge)
                                                      0.000     0.000 r  
    PS8_X0Y0             PS8                          0.000     0.000 r  kr260_min_i/PS_0/inst/PS8_i/PLCLK[0]
                         net (fo=1, routed)           0.164     0.164    kr260_min_i/PS_0/inst/pl_clk_unbuffered[0]
    BUFG_PS_X0Y80        BUFG_PS (Prop_BUFG_PS_I_O)
                                                      0.023     0.187 r  kr260_min_i/PS_0/inst/buffer_pl_clk_0.PL_CLK_0_BUFG/O
    X1Y1 (CLOCK_ROOT)    net (fo=5669, routed)        1.914     2.101    kr260_min_i/axi_ic_PS_0_S_AXI_HP1_FPD/s00_couplers/auto_cc/inst/gen_clock_conv.gen_async_conv.asyncfifo_axi/inst_fifo_gen/gaxi_full_lite.gwrite_ch.gwdch2.axi_wdch/grf.rf/rstblk/m_aclk
    SLICE_X0Y203         FDPE                                         r  kr260_min_i/axi_ic_PS_0_S_AXI_HP1_FPD/s00_couplers/auto_cc/inst/gen_clock_conv.gen_async_conv.asyncfifo_axi/inst_fifo_gen/gaxi_full_lite.gwrite_ch.gwdch2.axi_wdch/grf.rf/rstblk/ngwrdrst.grst.g7serrst.gnsckt_wrst.gic_rst.sckt_rd_rst_ic_reg/C
                         clock pessimism             -0.144     1.957    
    SLICE_X0Y203         FDPE (Remov_DFF2_SLICEL_C_PRE)
                                                     -0.018     1.939    kr260_min_i/axi_ic_PS_0_S_AXI_HP1_FPD/s00_couplers/auto_cc/inst/gen_clock_conv.gen_async_conv.asyncfifo_axi/inst_fifo_gen/gaxi_full_lite.gwrite_ch.gwdch2.axi_wdch/grf.rf/rstblk/ngwrdrst.grst.g7serrst.gnsckt_wrst.gic_rst.sckt_rd_rst_ic_reg
  -------------------------------------------------------------------
                         required time                         -1.939    
                         arrival time                           2.085    
  -------------------------------------------------------------------
                         slack                                  0.145    

Slack (MET) :             0.147ns  (arrival time - required time)
  Source:                 kr260_min_i/axi_ic_PS_0_S_AXI_HPC0_FPD/s00_couplers/auto_cc/inst/gen_clock_conv.gen_async_conv.asyncfifo_axi/inst_fifo_gen/gaxi_full_lite.gwrite_ch.gwdch2.axi_wdch/grf.rf/rstblk/ngwrdrst.grst.g7serrst.gnsckt_wrst.gic_rst.rst_rd_reg2_inst/arststages_ff_reg[1]/C
                            (rising edge-triggered cell FDPE clocked by clk_pl_0  {rise@0.000ns fall@2.000ns period=4.000ns})
  Destination:            kr260_min_i/axi_ic_PS_0_S_AXI_HPC0_FPD/s00_couplers/auto_cc/inst/gen_clock_conv.gen_async_conv.asyncfifo_axi/inst_fifo_gen/gaxi_full_lite.gwrite_ch.gwdch2.axi_wdch/grf.rf/rstblk/ngwrdrst.grst.g7serrst.gnsckt_wrst.gic_rst.wr_rst_rd_ext_reg[0]/CLR
                            (removal check against rising-edge clock clk_pl_0  {rise@0.000ns fall@2.000ns period=4.000ns})
  Path Group:             **async_default**
  Path Type:              Removal (Min at Fast Process Corner)
  Requirement:            0.000ns  (clk_pl_0 rise@0.000ns - clk_pl_0 rise@0.000ns)
  Data Path Delay:        0.172ns  (logic 0.084ns (48.732%)  route 0.088ns (51.268%))
  Logic Levels:           0  
  Clock Path Skew:        0.044ns (DCD - SCD - CPR)
    Destination Clock Delay (DCD):    2.063ns
    Source Clock Delay      (SCD):    1.879ns
    Clock Pessimism Removal (CPR):    0.141ns
  Clock Net Delay (Source):      1.728ns (routing 0.886ns, distribution 0.842ns)
  Clock Net Delay (Destination): 1.876ns (routing 0.971ns, distribution 0.905ns)

    Location             Delay type                Incr(ns)  Path(ns)    Netlist Resource(s)
  -------------------------------------------------------------------    -------------------
                         (clock clk_pl_0 rise edge)
                                                      0.000     0.000 r  
    PS8_X0Y0             PS8                          0.000     0.000 r  kr260_min_i/PS_0/inst/PS8_i/PLCLK[0]
                         net (fo=1, routed)           0.129     0.129    kr260_min_i/PS_0/inst/pl_clk_unbuffered[0]
    BUFG_PS_X0Y80        BUFG_PS (Prop_BUFG_PS_I_O)
                                                      0.022     0.151 r  kr260_min_i/PS_0/inst/buffer_pl_clk_0.PL_CLK_0_BUFG/O
    X1Y1 (CLOCK_ROOT)    net (fo=5669, routed)        1.728     1.879    kr260_min_i/axi_ic_PS_0_S_AXI_HPC0_FPD/s00_couplers/auto_cc/inst/gen_clock_conv.gen_async_conv.asyncfifo_axi/inst_fifo_gen/gaxi_full_lite.gwrite_ch.gwdch2.axi_wdch/grf.rf/rstblk/ngwrdrst.grst.g7serrst.gnsckt_wrst.gic_rst.rst_rd_reg2_inst/dest_clk
    SLICE_X1Y38          FDPE                                         r  kr260_min_i/axi_ic_PS_0_S_AXI_HPC0_FPD/s00_couplers/auto_cc/inst/gen_clock_conv.gen_async_conv.asyncfifo_axi/inst_fifo_gen/gaxi_full_lite.gwrite_ch.gwdch2.axi_wdch/grf.rf/rstblk/ngwrdrst.grst.g7serrst.gnsckt_wrst.gic_rst.rst_rd_reg2_inst/arststages_ff_reg[1]/C
  -------------------------------------------------------------------    -------------------
    SLICE_X1Y38          FDPE (Prop_AFF2_SLICEM_C_Q)
                                                      0.084     1.963 f  kr260_min_i/axi_ic_PS_0_S_AXI_HPC0_FPD/s00_couplers/auto_cc/inst/gen_clock_conv.gen_async_conv.asyncfifo_axi/inst_fifo_gen/gaxi_full_lite.gwrite_ch.gwdch2.axi_wdch/grf.rf/rstblk/ngwrdrst.grst.g7serrst.gnsckt_wrst.gic_rst.rst_rd_reg2_inst/arststages_ff_reg[1]/Q
                         net (fo=3, routed)           0.088     2.051    kr260_min_i/axi_ic_PS_0_S_AXI_HPC0_FPD/s00_couplers/auto_cc/inst/gen_clock_conv.gen_async_conv.asyncfifo_axi/inst_fifo_gen/gaxi_full_lite.gwrite_ch.gwdch2.axi_wdch/grf.rf/rstblk/ngwrdrst.grst.rst_rd_reg2
    SLICE_X0Y38          FDCE                                         f  kr260_min_i/axi_ic_PS_0_S_AXI_HPC0_FPD/s00_couplers/auto_cc/inst/gen_clock_conv.gen_async_conv.asyncfifo_axi/inst_fifo_gen/gaxi_full_lite.gwrite_ch.gwdch2.axi_wdch/grf.rf/rstblk/ngwrdrst.grst.g7serrst.gnsckt_wrst.gic_rst.wr_rst_rd_ext_reg[0]/CLR
  -------------------------------------------------------------------    -------------------

                         (clock clk_pl_0 rise edge)
                                                      0.000     0.000 r  
    PS8_X0Y0             PS8                          0.000     0.000 r  kr260_min_i/PS_0/inst/PS8_i/PLCLK[0]
                         net (fo=1, routed)           0.164     0.164    kr260_min_i/PS_0/inst/pl_clk_unbuffered[0]
    BUFG_PS_X0Y80        BUFG_PS (Prop_BUFG_PS_I_O)
                                                      0.023     0.187 r  kr260_min_i/PS_0/inst/buffer_pl_clk_0.PL_CLK_0_BUFG/O
    X1Y1 (CLOCK_ROOT)    net (fo=5669, routed)        1.876     2.063    kr260_min_i/axi_ic_PS_0_S_AXI_HPC0_FPD/s00_couplers/auto_cc/inst/gen_clock_conv.gen_async_conv.asyncfifo_axi/inst_fifo_gen/gaxi_full_lite.gwrite_ch.gwdch2.axi_wdch/grf.rf/rstblk/m_aclk
    SLICE_X0Y38          FDCE                                         r  kr260_min_i/axi_ic_PS_0_S_AXI_HPC0_FPD/s00_couplers/auto_cc/inst/gen_clock_conv.gen_async_conv.asyncfifo_axi/inst_fifo_gen/gaxi_full_lite.gwrite_ch.gwdch2.axi_wdch/grf.rf/rstblk/ngwrdrst.grst.g7serrst.gnsckt_wrst.gic_rst.wr_rst_rd_ext_reg[0]/C
                         clock pessimism             -0.141     1.922    
    SLICE_X0Y38          FDCE (Remov_EFF_SLICEL_C_CLR)
                                                     -0.018     1.904    kr260_min_i/axi_ic_PS_0_S_AXI_HPC0_FPD/s00_couplers/auto_cc/inst/gen_clock_conv.gen_async_conv.asyncfifo_axi/inst_fifo_gen/gaxi_full_lite.gwrite_ch.gwdch2.axi_wdch/grf.rf/rstblk/ngwrdrst.grst.g7serrst.gnsckt_wrst.gic_rst.wr_rst_rd_ext_reg[0]
  -------------------------------------------------------------------
                         required time                         -1.904    
                         arrival time                           2.051    
  -------------------------------------------------------------------
                         slack                                  0.147    

Slack (MET) :             0.147ns  (arrival time - required time)
  Source:                 kr260_min_i/axi_ic_PS_0_S_AXI_HPC0_FPD/s00_couplers/auto_cc/inst/gen_clock_conv.gen_async_conv.asyncfifo_axi/inst_fifo_gen/gaxi_full_lite.gwrite_ch.gwdch2.axi_wdch/grf.rf/rstblk/ngwrdrst.grst.g7serrst.gnsckt_wrst.gic_rst.rst_rd_reg2_inst/arststages_ff_reg[1]/C
                            (rising edge-triggered cell FDPE clocked by clk_pl_0  {rise@0.000ns fall@2.000ns period=4.000ns})
  Destination:            kr260_min_i/axi_ic_PS_0_S_AXI_HPC0_FPD/s00_couplers/auto_cc/inst/gen_clock_conv.gen_async_conv.asyncfifo_axi/inst_fifo_gen/gaxi_full_lite.gwrite_ch.gwdch2.axi_wdch/grf.rf/rstblk/ngwrdrst.grst.g7serrst.gnsckt_wrst.gic_rst.wr_rst_rd_ext_reg[1]/CLR
                            (removal check against rising-edge clock clk_pl_0  {rise@0.000ns fall@2.000ns period=4.000ns})
  Path Group:             **async_default**
  Path Type:              Removal (Min at Fast Process Corner)
  Requirement:            0.000ns  (clk_pl_0 rise@0.000ns - clk_pl_0 rise@0.000ns)
  Data Path Delay:        0.172ns  (logic 0.084ns (48.732%)  route 0.088ns (51.268%))
  Logic Levels:           0  
  Clock Path Skew:        0.044ns (DCD - SCD - CPR)
    Destination Clock Delay (DCD):    2.063ns
    Source Clock Delay      (SCD):    1.879ns
    Clock Pessimism Removal (CPR):    0.141ns
  Clock Net Delay (Source):      1.728ns (routing 0.886ns, distribution 0.842ns)
  Clock Net Delay (Destination): 1.876ns (routing 0.971ns, distribution 0.905ns)

    Location             Delay type                Incr(ns)  Path(ns)    Netlist Resource(s)
  -------------------------------------------------------------------    -------------------
                         (clock clk_pl_0 rise edge)
                                                      0.000     0.000 r  
    PS8_X0Y0             PS8                          0.000     0.000 r  kr260_min_i/PS_0/inst/PS8_i/PLCLK[0]
                         net (fo=1, routed)           0.129     0.129    kr260_min_i/PS_0/inst/pl_clk_unbuffered[0]
    BUFG_PS_X0Y80        BUFG_PS (Prop_BUFG_PS_I_O)
                                                      0.022     0.151 r  kr260_min_i/PS_0/inst/buffer_pl_clk_0.PL_CLK_0_BUFG/O
    X1Y1 (CLOCK_ROOT)    net (fo=5669, routed)        1.728     1.879    kr260_min_i/axi_ic_PS_0_S_AXI_HPC0_FPD/s00_couplers/auto_cc/inst/gen_clock_conv.gen_async_conv.asyncfifo_axi/inst_fifo_gen/gaxi_full_lite.gwrite_ch.gwdch2.axi_wdch/grf.rf/rstblk/ngwrdrst.grst.g7serrst.gnsckt_wrst.gic_rst.rst_rd_reg2_inst/dest_clk
    SLICE_X1Y38          FDPE                                         r  kr260_min_i/axi_ic_PS_0_S_AXI_HPC0_FPD/s00_couplers/auto_cc/inst/gen_clock_conv.gen_async_conv.asyncfifo_axi/inst_fifo_gen/gaxi_full_lite.gwrite_ch.gwdch2.axi_wdch/grf.rf/rstblk/ngwrdrst.grst.g7serrst.gnsckt_wrst.gic_rst.rst_rd_reg2_inst/arststages_ff_reg[1]/C
  -------------------------------------------------------------------    -------------------
    SLICE_X1Y38          FDPE (Prop_AFF2_SLICEM_C_Q)
                                                      0.084     1.963 f  kr260_min_i/axi_ic_PS_0_S_AXI_HPC0_FPD/s00_couplers/auto_cc/inst/gen_clock_conv.gen_async_conv.asyncfifo_axi/inst_fifo_gen/gaxi_full_lite.gwrite_ch.gwdch2.axi_wdch/grf.rf/rstblk/ngwrdrst.grst.g7serrst.gnsckt_wrst.gic_rst.rst_rd_reg2_inst/arststages_ff_reg[1]/Q
                         net (fo=3, routed)           0.088     2.051    kr260_min_i/axi_ic_PS_0_S_AXI_HPC0_FPD/s00_couplers/auto_cc/inst/gen_clock_conv.gen_async_conv.asyncfifo_axi/inst_fifo_gen/gaxi_full_lite.gwrite_ch.gwdch2.axi_wdch/grf.rf/rstblk/ngwrdrst.grst.rst_rd_reg2
    SLICE_X0Y38          FDCE                                         f  kr260_min_i/axi_ic_PS_0_S_AXI_HPC0_FPD/s00_couplers/auto_cc/inst/gen_clock_conv.gen_async_conv.asyncfifo_axi/inst_fifo_gen/gaxi_full_lite.gwrite_ch.gwdch2.axi_wdch/grf.rf/rstblk/ngwrdrst.grst.g7serrst.gnsckt_wrst.gic_rst.wr_rst_rd_ext_reg[1]/CLR
  -------------------------------------------------------------------    -------------------

                         (clock clk_pl_0 rise edge)
                                                      0.000     0.000 r  
    PS8_X0Y0             PS8                          0.000     0.000 r  kr260_min_i/PS_0/inst/PS8_i/PLCLK[0]
                         net (fo=1, routed)           0.164     0.164    kr260_min_i/PS_0/inst/pl_clk_unbuffered[0]
    BUFG_PS_X0Y80        BUFG_PS (Prop_BUFG_PS_I_O)
                                                      0.023     0.187 r  kr260_min_i/PS_0/inst/buffer_pl_clk_0.PL_CLK_0_BUFG/O
    X1Y1 (CLOCK_ROOT)    net (fo=5669, routed)        1.876     2.063    kr260_min_i/axi_ic_PS_0_S_AXI_HPC0_FPD/s00_couplers/auto_cc/inst/gen_clock_conv.gen_async_conv.asyncfifo_axi/inst_fifo_gen/gaxi_full_lite.gwrite_ch.gwdch2.axi_wdch/grf.rf/rstblk/m_aclk
    SLICE_X0Y38          FDCE                                         r  kr260_min_i/axi_ic_PS_0_S_AXI_HPC0_FPD/s00_couplers/auto_cc/inst/gen_clock_conv.gen_async_conv.asyncfifo_axi/inst_fifo_gen/gaxi_full_lite.gwrite_ch.gwdch2.axi_wdch/grf.rf/rstblk/ngwrdrst.grst.g7serrst.gnsckt_wrst.gic_rst.wr_rst_rd_ext_reg[1]/C
                         clock pessimism             -0.141     1.922    
    SLICE_X0Y38          FDCE (Remov_EFF2_SLICEL_C_CLR)
                                                     -0.018     1.904    kr260_min_i/axi_ic_PS_0_S_AXI_HPC0_FPD/s00_couplers/auto_cc/inst/gen_clock_conv.gen_async_conv.asyncfifo_axi/inst_fifo_gen/gaxi_full_lite.gwrite_ch.gwdch2.axi_wdch/grf.rf/rstblk/ngwrdrst.grst.g7serrst.gnsckt_wrst.gic_rst.wr_rst_rd_ext_reg[1]
  -------------------------------------------------------------------
                         required time                         -1.904    
                         arrival time                           2.051    
  -------------------------------------------------------------------
                         slack                                  0.147    

Slack (MET) :             0.154ns  (arrival time - required time)
  Source:                 kr260_min_i/axi_ic_PS_0_M_AXI_HPM0_FPD/s00_couplers/auto_cc/inst/gen_clock_conv.gen_async_conv.asyncfifo_axi/inst_fifo_gen/gaxi_full_lite.gread_ch.grdch2.axi_rdch/grf.rf/rstblk/ngwrdrst.grst.g7serrst.gnsckt_wrst.gic_rst.rst_rd_reg2_inst/arststages_ff_reg[1]/C
                            (rising edge-triggered cell FDPE clocked by clk_pl_0  {rise@0.000ns fall@2.000ns period=4.000ns})
  Destination:            kr260_min_i/axi_ic_PS_0_M_AXI_HPM0_FPD/s00_couplers/auto_cc/inst/gen_clock_conv.gen_async_conv.asyncfifo_axi/inst_fifo_gen/gaxi_full_lite.gread_ch.grdch2.axi_rdch/grf.rf/rstblk/ngwrdrst.grst.g7serrst.gnsckt_wrst.gic_rst.sckt_rd_rst_ic_reg/PRE
                            (removal check against rising-edge clock clk_pl_0  {rise@0.000ns fall@2.000ns period=4.000ns})
  Path Group:             **async_default**
  Path Type:              Removal (Min at Fast Process Corner)
  Requirement:            0.000ns  (clk_pl_0 rise@0.000ns - clk_pl_0 rise@0.000ns)
  Data Path Delay:        0.178ns  (logic 0.085ns (47.855%)  route 0.093ns (52.145%))
  Logic Levels:           0  
  Clock Path Skew:        0.041ns (DCD - SCD - CPR)
    Destination Clock Delay (DCD):    2.120ns
    Source Clock Delay      (SCD):    1.896ns
    Clock Pessimism Removal (CPR):    0.182ns
  Clock Net Delay (Source):      1.745ns (routing 0.886ns, distribution 0.859ns)
  Clock Net Delay (Destination): 1.933ns (routing 0.971ns, distribution 0.962ns)

    Location             Delay type                Incr(ns)  Path(ns)    Netlist Resource(s)
  -------------------------------------------------------------------    -------------------
                         (clock clk_pl_0 rise edge)
                                                      0.000     0.000 r  
    PS8_X0Y0             PS8                          0.000     0.000 r  kr260_min_i/PS_0/inst/PS8_i/PLCLK[0]
                         net (fo=1, routed)           0.129     0.129    kr260_min_i/PS_0/inst/pl_clk_unbuffered[0]
    BUFG_PS_X0Y80        BUFG_PS (Prop_BUFG_PS_I_O)
                                                      0.022     0.151 r  kr260_min_i/PS_0/inst/buffer_pl_clk_0.PL_CLK_0_BUFG/O
    X1Y1 (CLOCK_ROOT)    net (fo=5669, routed)        1.745     1.896    kr260_min_i/axi_ic_PS_0_M_AXI_HPM0_FPD/s00_couplers/auto_cc/inst/gen_clock_conv.gen_async_conv.asyncfifo_axi/inst_fifo_gen/gaxi_full_lite.gread_ch.grdch2.axi_rdch/grf.rf/rstblk/ngwrdrst.grst.g7serrst.gnsckt_wrst.gic_rst.rst_rd_reg2_inst/dest_clk
    SLICE_X6Y123         FDPE                                         r  kr260_min_i/axi_ic_PS_0_M_AXI_HPM0_FPD/s00_couplers/auto_cc/inst/gen_clock_conv.gen_async_conv.asyncfifo_axi/inst_fifo_gen/gaxi_full_lite.gread_ch.grdch2.axi_rdch/grf.rf/rstblk/ngwrdrst.grst.g7serrst.gnsckt_wrst.gic_rst.rst_rd_reg2_inst/arststages_ff_reg[1]/C
  -------------------------------------------------------------------    -------------------
    SLICE_X6Y123         FDPE (Prop_AFF2_SLICEL_C_Q)
                                                      0.085     1.981 f  kr260_min_i/axi_ic_PS_0_M_AXI_HPM0_FPD/s00_couplers/auto_cc/inst/gen_clock_conv.gen_async_conv.asyncfifo_axi/inst_fifo_gen/gaxi_full_lite.gread_ch.grdch2.axi_rdch/grf.rf/rstblk/ngwrdrst.grst.g7serrst.gnsckt_wrst.gic_rst.rst_rd_reg2_inst/arststages_ff_reg[1]/Q
                         net (fo=3, routed)           0.093     2.074    kr260_min_i/axi_ic_PS_0_M_AXI_HPM0_FPD/s00_couplers/auto_cc/inst/gen_clock_conv.gen_async_conv.asyncfifo_axi/inst_fifo_gen/gaxi_full_lite.gread_ch.grdch2.axi_rdch/grf.rf/rstblk/ngwrdrst.grst.rst_rd_reg2
    SLICE_X5Y122         FDPE                                         f  kr260_min_i/axi_ic_PS_0_M_AXI_HPM0_FPD/s00_couplers/auto_cc/inst/gen_clock_conv.gen_async_conv.asyncfifo_axi/inst_fifo_gen/gaxi_full_lite.gread_ch.grdch2.axi_rdch/grf.rf/rstblk/ngwrdrst.grst.g7serrst.gnsckt_wrst.gic_rst.sckt_rd_rst_ic_reg/PRE
  -------------------------------------------------------------------    -------------------

                         (clock clk_pl_0 rise edge)
                                                      0.000     0.000 r  
    PS8_X0Y0             PS8                          0.000     0.000 r  kr260_min_i/PS_0/inst/PS8_i/PLCLK[0]
                         net (fo=1, routed)           0.164     0.164    kr260_min_i/PS_0/inst/pl_clk_unbuffered[0]
    BUFG_PS_X0Y80        BUFG_PS (Prop_BUFG_PS_I_O)
                                                      0.023     0.187 r  kr260_min_i/PS_0/inst/buffer_pl_clk_0.PL_CLK_0_BUFG/O
    X1Y1 (CLOCK_ROOT)    net (fo=5669, routed)        1.933     2.120    kr260_min_i/axi_ic_PS_0_M_AXI_HPM0_FPD/s00_couplers/auto_cc/inst/gen_clock_conv.gen_async_conv.asyncfifo_axi/inst_fifo_gen/gaxi_full_lite.gread_ch.grdch2.axi_rdch/grf.rf/rstblk/s_aclk
    SLICE_X5Y122         FDPE                                         r  kr260_min_i/axi_ic_PS_0_M_AXI_HPM0_FPD/s00_couplers/auto_cc/inst/gen_clock_conv.gen_async_conv.asyncfifo_axi/inst_fifo_gen/gaxi_full_lite.gread_ch.grdch2.axi_rdch/grf.rf/rstblk/ngwrdrst.grst.g7serrst.gnsckt_wrst.gic_rst.sckt_rd_rst_ic_reg/C
                         clock pessimism             -0.182     1.937    
    SLICE_X5Y122         FDPE (Remov_DFF2_SLICEM_C_PRE)
                                                     -0.018     1.919    kr260_min_i/axi_ic_PS_0_M_AXI_HPM0_FPD/s00_couplers/auto_cc/inst/gen_clock_conv.gen_async_conv.asyncfifo_axi/inst_fifo_gen/gaxi_full_lite.gread_ch.grdch2.axi_rdch/grf.rf/rstblk/ngwrdrst.grst.g7serrst.gnsckt_wrst.gic_rst.sckt_rd_rst_ic_reg
  -------------------------------------------------------------------
                         required time                         -1.919    
                         arrival time                           2.074    
  -------------------------------------------------------------------
                         slack                                  0.154    

Slack (MET) :             0.154ns  (arrival time - required time)
  Source:                 kr260_min_i/axi_ic_PS_0_M_AXI_HPM0_FPD/s00_couplers/auto_cc/inst/gen_clock_conv.gen_async_conv.asyncfifo_axi/inst_fifo_gen/gaxi_full_lite.gread_ch.grdch2.axi_rdch/grf.rf/rstblk/ngwrdrst.grst.g7serrst.gnsckt_wrst.gic_rst.rst_rd_reg2_inst/arststages_ff_reg[1]/C
                            (rising edge-triggered cell FDPE clocked by clk_pl_0  {rise@0.000ns fall@2.000ns period=4.000ns})
  Destination:            kr260_min_i/axi_ic_PS_0_M_AXI_HPM0_FPD/s00_couplers/auto_cc/inst/gen_clock_conv.gen_async_conv.asyncfifo_axi/inst_fifo_gen/gaxi_full_lite.gread_ch.grdch2.axi_rdch/grf.rf/rstblk/ngwrdrst.grst.g7serrst.gnsckt_wrst.gic_rst.wr_rst_rd_ext_reg[0]/CLR
                            (removal check against rising-edge clock clk_pl_0  {rise@0.000ns fall@2.000ns period=4.000ns})
  Path Group:             **async_default**
  Path Type:              Removal (Min at Fast Process Corner)
  Requirement:            0.000ns  (clk_pl_0 rise@0.000ns - clk_pl_0 rise@0.000ns)
  Data Path Delay:        0.177ns  (logic 0.085ns (48.126%)  route 0.092ns (51.874%))
  Logic Levels:           0  
  Clock Path Skew:        0.040ns (DCD - SCD - CPR)
    Destination Clock Delay (DCD):    2.119ns
    Source Clock Delay      (SCD):    1.896ns
    Clock Pessimism Removal (CPR):    0.182ns
  Clock Net Delay (Source):      1.745ns (routing 0.886ns, distribution 0.859ns)
  Clock Net Delay (Destination): 1.932ns (routing 0.971ns, distribution 0.961ns)

    Location             Delay type                Incr(ns)  Path(ns)    Netlist Resource(s)
  -------------------------------------------------------------------    -------------------
                         (clock clk_pl_0 rise edge)
                                                      0.000     0.000 r  
    PS8_X0Y0             PS8                          0.000     0.000 r  kr260_min_i/PS_0/inst/PS8_i/PLCLK[0]
                         net (fo=1, routed)           0.129     0.129    kr260_min_i/PS_0/inst/pl_clk_unbuffered[0]
    BUFG_PS_X0Y80        BUFG_PS (Prop_BUFG_PS_I_O)
                                                      0.022     0.151 r  kr260_min_i/PS_0/inst/buffer_pl_clk_0.PL_CLK_0_BUFG/O
    X1Y1 (CLOCK_ROOT)    net (fo=5669, routed)        1.745     1.896    kr260_min_i/axi_ic_PS_0_M_AXI_HPM0_FPD/s00_couplers/auto_cc/inst/gen_clock_conv.gen_async_conv.asyncfifo_axi/inst_fifo_gen/gaxi_full_lite.gread_ch.grdch2.axi_rdch/grf.rf/rstblk/ngwrdrst.grst.g7serrst.gnsckt_wrst.gic_rst.rst_rd_reg2_inst/dest_clk
    SLICE_X6Y123         FDPE                                         r  kr260_min_i/axi_ic_PS_0_M_AXI_HPM0_FPD/s00_couplers/auto_cc/inst/gen_clock_conv.gen_async_conv.asyncfifo_axi/inst_fifo_gen/gaxi_full_lite.gread_ch.grdch2.axi_rdch/grf.rf/rstblk/ngwrdrst.grst.g7serrst.gnsckt_wrst.gic_rst.rst_rd_reg2_inst/arststages_ff_reg[1]/C
  -------------------------------------------------------------------    -------------------
    SLICE_X6Y123         FDPE (Prop_AFF2_SLICEL_C_Q)
                                                      0.085     1.981 f  kr260_min_i/axi_ic_PS_0_M_AXI_HPM0_FPD/s00_couplers/auto_cc/inst/gen_clock_conv.gen_async_conv.asyncfifo_axi/inst_fifo_gen/gaxi_full_lite.gread_ch.grdch2.axi_rdch/grf.rf/rstblk/ngwrdrst.grst.g7serrst.gnsckt_wrst.gic_rst.rst_rd_reg2_inst/arststages_ff_reg[1]/Q
                         net (fo=3, routed)           0.092     2.073    kr260_min_i/axi_ic_PS_0_M_AXI_HPM0_FPD/s00_couplers/auto_cc/inst/gen_clock_conv.gen_async_conv.asyncfifo_axi/inst_fifo_gen/gaxi_full_lite.gread_ch.grdch2.axi_rdch/grf.rf/rstblk/ngwrdrst.grst.rst_rd_reg2
    SLICE_X5Y122         FDCE                                         f  kr260_min_i/axi_ic_PS_0_M_AXI_HPM0_FPD/s00_couplers/auto_cc/inst/gen_clock_conv.gen_async_conv.asyncfifo_axi/inst_fifo_gen/gaxi_full_lite.gread_ch.grdch2.axi_rdch/grf.rf/rstblk/ngwrdrst.grst.g7serrst.gnsckt_wrst.gic_rst.wr_rst_rd_ext_reg[0]/CLR
  -------------------------------------------------------------------    -------------------

                         (clock clk_pl_0 rise edge)
                                                      0.000     0.000 r  
    PS8_X0Y0             PS8                          0.000     0.000 r  kr260_min_i/PS_0/inst/PS8_i/PLCLK[0]
                         net (fo=1, routed)           0.164     0.164    kr260_min_i/PS_0/inst/pl_clk_unbuffered[0]
    BUFG_PS_X0Y80        BUFG_PS (Prop_BUFG_PS_I_O)
                                                      0.023     0.187 r  kr260_min_i/PS_0/inst/buffer_pl_clk_0.PL_CLK_0_BUFG/O
    X1Y1 (CLOCK_ROOT)    net (fo=5669, routed)        1.932     2.119    kr260_min_i/axi_ic_PS_0_M_AXI_HPM0_FPD/s00_couplers/auto_cc/inst/gen_clock_conv.gen_async_conv.asyncfifo_axi/inst_fifo_gen/gaxi_full_lite.gread_ch.grdch2.axi_rdch/grf.rf/rstblk/s_aclk
    SLICE_X5Y122         FDCE                                         r  kr260_min_i/axi_ic_PS_0_M_AXI_HPM0_FPD/s00_couplers/auto_cc/inst/gen_clock_conv.gen_async_conv.asyncfifo_axi/inst_fifo_gen/gaxi_full_lite.gread_ch.grdch2.axi_rdch/grf.rf/rstblk/ngwrdrst.grst.g7serrst.gnsckt_wrst.gic_rst.wr_rst_rd_ext_reg[0]/C
                         clock pessimism             -0.182     1.936    
    SLICE_X5Y122         FDCE (Remov_EFF_SLICEM_C_CLR)
                                                     -0.018     1.918    kr260_min_i/axi_ic_PS_0_M_AXI_HPM0_FPD/s00_couplers/auto_cc/inst/gen_clock_conv.gen_async_conv.asyncfifo_axi/inst_fifo_gen/gaxi_full_lite.gread_ch.grdch2.axi_rdch/grf.rf/rstblk/ngwrdrst.grst.g7serrst.gnsckt_wrst.gic_rst.wr_rst_rd_ext_reg[0]
  -------------------------------------------------------------------
                         required time                         -1.918    
                         arrival time                           2.073    
  -------------------------------------------------------------------
                         slack                                  0.154    

Slack (MET) :             0.154ns  (arrival time - required time)
  Source:                 kr260_min_i/axi_ic_PS_0_M_AXI_HPM0_FPD/s00_couplers/auto_cc/inst/gen_clock_conv.gen_async_conv.asyncfifo_axi/inst_fifo_gen/gaxi_full_lite.gread_ch.grdch2.axi_rdch/grf.rf/rstblk/ngwrdrst.grst.g7serrst.gnsckt_wrst.gic_rst.rst_rd_reg2_inst/arststages_ff_reg[1]/C
                            (rising edge-triggered cell FDPE clocked by clk_pl_0  {rise@0.000ns fall@2.000ns period=4.000ns})
  Destination:            kr260_min_i/axi_ic_PS_0_M_AXI_HPM0_FPD/s00_couplers/auto_cc/inst/gen_clock_conv.gen_async_conv.asyncfifo_axi/inst_fifo_gen/gaxi_full_lite.gread_ch.grdch2.axi_rdch/grf.rf/rstblk/ngwrdrst.grst.g7serrst.gnsckt_wrst.gic_rst.wr_rst_rd_ext_reg[1]/CLR
                            (removal check against rising-edge clock clk_pl_0  {rise@0.000ns fall@2.000ns period=4.000ns})
  Path Group:             **async_default**
  Path Type:              Removal (Min at Fast Process Corner)
  Requirement:            0.000ns  (clk_pl_0 rise@0.000ns - clk_pl_0 rise@0.000ns)
  Data Path Delay:        0.177ns  (logic 0.085ns (48.126%)  route 0.092ns (51.874%))
  Logic Levels:           0  
  Clock Path Skew:        0.040ns (DCD - SCD - CPR)
    Destination Clock Delay (DCD):    2.119ns
    Source Clock Delay      (SCD):    1.896ns
    Clock Pessimism Removal (CPR):    0.182ns
  Clock Net Delay (Source):      1.745ns (routing 0.886ns, distribution 0.859ns)
  Clock Net Delay (Destination): 1.932ns (routing 0.971ns, distribution 0.961ns)

    Location             Delay type                Incr(ns)  Path(ns)    Netlist Resource(s)
  -------------------------------------------------------------------    -------------------
                         (clock clk_pl_0 rise edge)
                                                      0.000     0.000 r  
    PS8_X0Y0             PS8                          0.000     0.000 r  kr260_min_i/PS_0/inst/PS8_i/PLCLK[0]
                         net (fo=1, routed)           0.129     0.129    kr260_min_i/PS_0/inst/pl_clk_unbuffered[0]
    BUFG_PS_X0Y80        BUFG_PS (Prop_BUFG_PS_I_O)
                                                      0.022     0.151 r  kr260_min_i/PS_0/inst/buffer_pl_clk_0.PL_CLK_0_BUFG/O
    X1Y1 (CLOCK_ROOT)    net (fo=5669, routed)        1.745     1.896    kr260_min_i/axi_ic_PS_0_M_AXI_HPM0_FPD/s00_couplers/auto_cc/inst/gen_clock_conv.gen_async_conv.asyncfifo_axi/inst_fifo_gen/gaxi_full_lite.gread_ch.grdch2.axi_rdch/grf.rf/rstblk/ngwrdrst.grst.g7serrst.gnsckt_wrst.gic_rst.rst_rd_reg2_inst/dest_clk
    SLICE_X6Y123         FDPE                                         r  kr260_min_i/axi_ic_PS_0_M_AXI_HPM0_FPD/s00_couplers/auto_cc/inst/gen_clock_conv.gen_async_conv.asyncfifo_axi/inst_fifo_gen/gaxi_full_lite.gread_ch.grdch2.axi_rdch/grf.rf/rstblk/ngwrdrst.grst.g7serrst.gnsckt_wrst.gic_rst.rst_rd_reg2_inst/arststages_ff_reg[1]/C
  -------------------------------------------------------------------    -------------------
    SLICE_X6Y123         FDPE (Prop_AFF2_SLICEL_C_Q)
                                                      0.085     1.981 f  kr260_min_i/axi_ic_PS_0_M_AXI_HPM0_FPD/s00_couplers/auto_cc/inst/gen_clock_conv.gen_async_conv.asyncfifo_axi/inst_fifo_gen/gaxi_full_lite.gread_ch.grdch2.axi_rdch/grf.rf/rstblk/ngwrdrst.grst.g7serrst.gnsckt_wrst.gic_rst.rst_rd_reg2_inst/arststages_ff_reg[1]/Q
                         net (fo=3, routed)           0.092     2.073    kr260_min_i/axi_ic_PS_0_M_AXI_HPM0_FPD/s00_couplers/auto_cc/inst/gen_clock_conv.gen_async_conv.asyncfifo_axi/inst_fifo_gen/gaxi_full_lite.gread_ch.grdch2.axi_rdch/grf.rf/rstblk/ngwrdrst.grst.rst_rd_reg2
    SLICE_X5Y122         FDCE                                         f  kr260_min_i/axi_ic_PS_0_M_AXI_HPM0_FPD/s00_couplers/auto_cc/inst/gen_clock_conv.gen_async_conv.asyncfifo_axi/inst_fifo_gen/gaxi_full_lite.gread_ch.grdch2.axi_rdch/grf.rf/rstblk/ngwrdrst.grst.g7serrst.gnsckt_wrst.gic_rst.wr_rst_rd_ext_reg[1]/CLR
  -------------------------------------------------------------------    -------------------

                         (clock clk_pl_0 rise edge)
                                                      0.000     0.000 r  
    PS8_X0Y0             PS8                          0.000     0.000 r  kr260_min_i/PS_0/inst/PS8_i/PLCLK[0]
                         net (fo=1, routed)           0.164     0.164    kr260_min_i/PS_0/inst/pl_clk_unbuffered[0]
    BUFG_PS_X0Y80        BUFG_PS (Prop_BUFG_PS_I_O)
                                                      0.023     0.187 r  kr260_min_i/PS_0/inst/buffer_pl_clk_0.PL_CLK_0_BUFG/O
    X1Y1 (CLOCK_ROOT)    net (fo=5669, routed)        1.932     2.119    kr260_min_i/axi_ic_PS_0_M_AXI_HPM0_FPD/s00_couplers/auto_cc/inst/gen_clock_conv.gen_async_conv.asyncfifo_axi/inst_fifo_gen/gaxi_full_lite.gread_ch.grdch2.axi_rdch/grf.rf/rstblk/s_aclk
    SLICE_X5Y122         FDCE                                         r  kr260_min_i/axi_ic_PS_0_M_AXI_HPM0_FPD/s00_couplers/auto_cc/inst/gen_clock_conv.gen_async_conv.asyncfifo_axi/inst_fifo_gen/gaxi_full_lite.gread_ch.grdch2.axi_rdch/grf.rf/rstblk/ngwrdrst.grst.g7serrst.gnsckt_wrst.gic_rst.wr_rst_rd_ext_reg[1]/C
                         clock pessimism             -0.182     1.936    
    SLICE_X5Y122         FDCE (Remov_EFF2_SLICEM_C_CLR)
                                                     -0.018     1.918    kr260_min_i/axi_ic_PS_0_M_AXI_HPM0_FPD/s00_couplers/auto_cc/inst/gen_clock_conv.gen_async_conv.asyncfifo_axi/inst_fifo_gen/gaxi_full_lite.gread_ch.grdch2.axi_rdch/grf.rf/rstblk/ngwrdrst.grst.g7serrst.gnsckt_wrst.gic_rst.wr_rst_rd_ext_reg[1]
  -------------------------------------------------------------------
                         required time                         -1.918    
                         arrival time                           2.073    
  -------------------------------------------------------------------
                         slack                                  0.154    

Slack (MET) :             0.159ns  (arrival time - required time)
  Source:                 kr260_min_i/axi_ic_PS_0_S_AXI_HP0_FPD/s00_couplers/auto_cc/inst/gen_clock_conv.gen_async_conv.asyncfifo_axi/inst_fifo_gen/gaxi_full_lite.gread_ch.grach2.axi_rach/grf.rf/rstblk/ngwrdrst.grst.g7serrst.gnsckt_wrst.gic_rst.sckt_rd_rst_ic_reg/C
                            (rising edge-triggered cell FDPE clocked by clk_pl_0  {rise@0.000ns fall@2.000ns period=4.000ns})
  Destination:            kr260_min_i/axi_ic_PS_0_S_AXI_HP0_FPD/s00_couplers/auto_cc/inst/gen_clock_conv.gen_async_conv.asyncfifo_axi/inst_fifo_gen/gaxi_full_lite.gread_ch.grach2.axi_rach/grf.rf/gntv_or_sync_fifo.gl0.rd/gr1.gr1_int.rfwft/aempty_fwft_fb_i_reg/PRE
                            (removal check against rising-edge clock clk_pl_0  {rise@0.000ns fall@2.000ns period=4.000ns})
  Path Group:             **async_default**
  Path Type:              Removal (Min at Fast Process Corner)
  Requirement:            0.000ns  (clk_pl_0 rise@0.000ns - clk_pl_0 rise@0.000ns)
  Data Path Delay:        0.191ns  (logic 0.086ns (45.118%)  route 0.105ns (54.882%))
  Logic Levels:           0  
  Clock Path Skew:        0.050ns (DCD - SCD - CPR)
    Destination Clock Delay (DCD):    2.055ns
    Source Clock Delay      (SCD):    1.857ns
    Clock Pessimism Removal (CPR):    0.149ns
  Clock Net Delay (Source):      1.706ns (routing 0.886ns, distribution 0.820ns)
  Clock Net Delay (Destination): 1.868ns (routing 0.971ns, distribution 0.897ns)

    Location             Delay type                Incr(ns)  Path(ns)    Netlist Resource(s)
  -------------------------------------------------------------------    -------------------
                         (clock clk_pl_0 rise edge)
                                                      0.000     0.000 r  
    PS8_X0Y0             PS8                          0.000     0.000 r  kr260_min_i/PS_0/inst/PS8_i/PLCLK[0]
                         net (fo=1, routed)           0.129     0.129    kr260_min_i/PS_0/inst/pl_clk_unbuffered[0]
    BUFG_PS_X0Y80        BUFG_PS (Prop_BUFG_PS_I_O)
                                                      0.022     0.151 r  kr260_min_i/PS_0/inst/buffer_pl_clk_0.PL_CLK_0_BUFG/O
    X1Y1 (CLOCK_ROOT)    net (fo=5669, routed)        1.706     1.857    kr260_min_i/axi_ic_PS_0_S_AXI_HP0_FPD/s00_couplers/auto_cc/inst/gen_clock_conv.gen_async_conv.asyncfifo_axi/inst_fifo_gen/gaxi_full_lite.gread_ch.grach2.axi_rach/grf.rf/rstblk/m_aclk
    SLICE_X3Y93          FDPE                                         r  kr260_min_i/axi_ic_PS_0_S_AXI_HP0_FPD/s00_couplers/auto_cc/inst/gen_clock_conv.gen_async_conv.asyncfifo_axi/inst_fifo_gen/gaxi_full_lite.gread_ch.grach2.axi_rach/grf.rf/rstblk/ngwrdrst.grst.g7serrst.gnsckt_wrst.gic_rst.sckt_rd_rst_ic_reg/C
  -------------------------------------------------------------------    -------------------
    SLICE_X3Y93          FDPE (Prop_DFF2_SLICEL_C_Q)
                                                      0.086     1.943 f  kr260_min_i/axi_ic_PS_0_S_AXI_HP0_FPD/s00_couplers/auto_cc/inst/gen_clock_conv.gen_async_conv.asyncfifo_axi/inst_fifo_gen/gaxi_full_lite.gread_ch.grach2.axi_rach/grf.rf/rstblk/ngwrdrst.grst.g7serrst.gnsckt_wrst.gic_rst.sckt_rd_rst_ic_reg/Q
                         net (fo=21, routed)          0.105     2.047    kr260_min_i/axi_ic_PS_0_S_AXI_HP0_FPD/s00_couplers/auto_cc/inst/gen_clock_conv.gen_async_conv.asyncfifo_axi/inst_fifo_gen/gaxi_full_lite.gread_ch.grach2.axi_rach/grf.rf/gntv_or_sync_fifo.gl0.rd/gr1.gr1_int.rfwft/gpregsm1.user_valid_reg_0
    SLICE_X0Y93          FDPE                                         f  kr260_min_i/axi_ic_PS_0_S_AXI_HP0_FPD/s00_couplers/auto_cc/inst/gen_clock_conv.gen_async_conv.asyncfifo_axi/inst_fifo_gen/gaxi_full_lite.gread_ch.grach2.axi_rach/grf.rf/gntv_or_sync_fifo.gl0.rd/gr1.gr1_int.rfwft/aempty_fwft_fb_i_reg/PRE
  -------------------------------------------------------------------    -------------------

                         (clock clk_pl_0 rise edge)
                                                      0.000     0.000 r  
    PS8_X0Y0             PS8                          0.000     0.000 r  kr260_min_i/PS_0/inst/PS8_i/PLCLK[0]
                         net (fo=1, routed)           0.164     0.164    kr260_min_i/PS_0/inst/pl_clk_unbuffered[0]
    BUFG_PS_X0Y80        BUFG_PS (Prop_BUFG_PS_I_O)
                                                      0.023     0.187 r  kr260_min_i/PS_0/inst/buffer_pl_clk_0.PL_CLK_0_BUFG/O
    X1Y1 (CLOCK_ROOT)    net (fo=5669, routed)        1.868     2.055    kr260_min_i/axi_ic_PS_0_S_AXI_HP0_FPD/s00_couplers/auto_cc/inst/gen_clock_conv.gen_async_conv.asyncfifo_axi/inst_fifo_gen/gaxi_full_lite.gread_ch.grach2.axi_rach/grf.rf/gntv_or_sync_fifo.gl0.rd/gr1.gr1_int.rfwft/m_aclk
    SLICE_X0Y93          FDPE                                         r  kr260_min_i/axi_ic_PS_0_S_AXI_HP0_FPD/s00_couplers/auto_cc/inst/gen_clock_conv.gen_async_conv.asyncfifo_axi/inst_fifo_gen/gaxi_full_lite.gread_ch.grach2.axi_rach/grf.rf/gntv_or_sync_fifo.gl0.rd/gr1.gr1_int.rfwft/aempty_fwft_fb_i_reg/C
                         clock pessimism             -0.149     1.906    
    SLICE_X0Y93          FDPE (Remov_EFF_SLICEL_C_PRE)
                                                     -0.018     1.888    kr260_min_i/axi_ic_PS_0_S_AXI_HP0_FPD/s00_couplers/auto_cc/inst/gen_clock_conv.gen_async_conv.asyncfifo_axi/inst_fifo_gen/gaxi_full_lite.gread_ch.grach2.axi_rach/grf.rf/gntv_or_sync_fifo.gl0.rd/gr1.gr1_int.rfwft/aempty_fwft_fb_i_reg
  -------------------------------------------------------------------
                         required time                         -1.888    
                         arrival time                           2.047    
  -------------------------------------------------------------------
                         slack                                  0.159    

Slack (MET) :             0.159ns  (arrival time - required time)
  Source:                 kr260_min_i/axi_ic_PS_0_S_AXI_HP0_FPD/s00_couplers/auto_cc/inst/gen_clock_conv.gen_async_conv.asyncfifo_axi/inst_fifo_gen/gaxi_full_lite.gread_ch.grach2.axi_rach/grf.rf/rstblk/ngwrdrst.grst.g7serrst.gnsckt_wrst.gic_rst.sckt_rd_rst_ic_reg/C
                            (rising edge-triggered cell FDPE clocked by clk_pl_0  {rise@0.000ns fall@2.000ns period=4.000ns})
  Destination:            kr260_min_i/axi_ic_PS_0_S_AXI_HP0_FPD/s00_couplers/auto_cc/inst/gen_clock_conv.gen_async_conv.asyncfifo_axi/inst_fifo_gen/gaxi_full_lite.gread_ch.grach2.axi_rach/grf.rf/gntv_or_sync_fifo.gl0.rd/gr1.gr1_int.rfwft/aempty_fwft_i_reg/PRE
                            (removal check against rising-edge clock clk_pl_0  {rise@0.000ns fall@2.000ns period=4.000ns})
  Path Group:             **async_default**
  Path Type:              Removal (Min at Fast Process Corner)
  Requirement:            0.000ns  (clk_pl_0 rise@0.000ns - clk_pl_0 rise@0.000ns)
  Data Path Delay:        0.191ns  (logic 0.086ns (45.118%)  route 0.105ns (54.882%))
  Logic Levels:           0  
  Clock Path Skew:        0.050ns (DCD - SCD - CPR)
    Destination Clock Delay (DCD):    2.055ns
    Source Clock Delay      (SCD):    1.857ns
    Clock Pessimism Removal (CPR):    0.149ns
  Clock Net Delay (Source):      1.706ns (routing 0.886ns, distribution 0.820ns)
  Clock Net Delay (Destination): 1.868ns (routing 0.971ns, distribution 0.897ns)

    Location             Delay type                Incr(ns)  Path(ns)    Netlist Resource(s)
  -------------------------------------------------------------------    -------------------
                         (clock clk_pl_0 rise edge)
                                                      0.000     0.000 r  
    PS8_X0Y0             PS8                          0.000     0.000 r  kr260_min_i/PS_0/inst/PS8_i/PLCLK[0]
                         net (fo=1, routed)           0.129     0.129    kr260_min_i/PS_0/inst/pl_clk_unbuffered[0]
    BUFG_PS_X0Y80        BUFG_PS (Prop_BUFG_PS_I_O)
                                                      0.022     0.151 r  kr260_min_i/PS_0/inst/buffer_pl_clk_0.PL_CLK_0_BUFG/O
    X1Y1 (CLOCK_ROOT)    net (fo=5669, routed)        1.706     1.857    kr260_min_i/axi_ic_PS_0_S_AXI_HP0_FPD/s00_couplers/auto_cc/inst/gen_clock_conv.gen_async_conv.asyncfifo_axi/inst_fifo_gen/gaxi_full_lite.gread_ch.grach2.axi_rach/grf.rf/rstblk/m_aclk
    SLICE_X3Y93          FDPE                                         r  kr260_min_i/axi_ic_PS_0_S_AXI_HP0_FPD/s00_couplers/auto_cc/inst/gen_clock_conv.gen_async_conv.asyncfifo_axi/inst_fifo_gen/gaxi_full_lite.gread_ch.grach2.axi_rach/grf.rf/rstblk/ngwrdrst.grst.g7serrst.gnsckt_wrst.gic_rst.sckt_rd_rst_ic_reg/C
  -------------------------------------------------------------------    -------------------
    SLICE_X3Y93          FDPE (Prop_DFF2_SLICEL_C_Q)
                                                      0.086     1.943 f  kr260_min_i/axi_ic_PS_0_S_AXI_HP0_FPD/s00_couplers/auto_cc/inst/gen_clock_conv.gen_async_conv.asyncfifo_axi/inst_fifo_gen/gaxi_full_lite.gread_ch.grach2.axi_rach/grf.rf/rstblk/ngwrdrst.grst.g7serrst.gnsckt_wrst.gic_rst.sckt_rd_rst_ic_reg/Q
                         net (fo=21, routed)          0.105     2.047    kr260_min_i/axi_ic_PS_0_S_AXI_HP0_FPD/s00_couplers/auto_cc/inst/gen_clock_conv.gen_async_conv.asyncfifo_axi/inst_fifo_gen/gaxi_full_lite.gread_ch.grach2.axi_rach/grf.rf/gntv_or_sync_fifo.gl0.rd/gr1.gr1_int.rfwft/gpregsm1.user_valid_reg_0
    SLICE_X0Y93          FDPE                                         f  kr260_min_i/axi_ic_PS_0_S_AXI_HP0_FPD/s00_couplers/auto_cc/inst/gen_clock_conv.gen_async_conv.asyncfifo_axi/inst_fifo_gen/gaxi_full_lite.gread_ch.grach2.axi_rach/grf.rf/gntv_or_sync_fifo.gl0.rd/gr1.gr1_int.rfwft/aempty_fwft_i_reg/PRE
  -------------------------------------------------------------------    -------------------

                         (clock clk_pl_0 rise edge)
                                                      0.000     0.000 r  
    PS8_X0Y0             PS8                          0.000     0.000 r  kr260_min_i/PS_0/inst/PS8_i/PLCLK[0]
                         net (fo=1, routed)           0.164     0.164    kr260_min_i/PS_0/inst/pl_clk_unbuffered[0]
    BUFG_PS_X0Y80        BUFG_PS (Prop_BUFG_PS_I_O)
                                                      0.023     0.187 r  kr260_min_i/PS_0/inst/buffer_pl_clk_0.PL_CLK_0_BUFG/O
    X1Y1 (CLOCK_ROOT)    net (fo=5669, routed)        1.868     2.055    kr260_min_i/axi_ic_PS_0_S_AXI_HP0_FPD/s00_couplers/auto_cc/inst/gen_clock_conv.gen_async_conv.asyncfifo_axi/inst_fifo_gen/gaxi_full_lite.gread_ch.grach2.axi_rach/grf.rf/gntv_or_sync_fifo.gl0.rd/gr1.gr1_int.rfwft/m_aclk
    SLICE_X0Y93          FDPE                                         r  kr260_min_i/axi_ic_PS_0_S_AXI_HP0_FPD/s00_couplers/auto_cc/inst/gen_clock_conv.gen_async_conv.asyncfifo_axi/inst_fifo_gen/gaxi_full_lite.gread_ch.grach2.axi_rach/grf.rf/gntv_or_sync_fifo.gl0.rd/gr1.gr1_int.rfwft/aempty_fwft_i_reg/C
                         clock pessimism             -0.149     1.906    
    SLICE_X0Y93          FDPE (Remov_EFF2_SLICEL_C_PRE)
                                                     -0.018     1.888    kr260_min_i/axi_ic_PS_0_S_AXI_HP0_FPD/s00_couplers/auto_cc/inst/gen_clock_conv.gen_async_conv.asyncfifo_axi/inst_fifo_gen/gaxi_full_lite.gread_ch.grach2.axi_rach/grf.rf/gntv_or_sync_fifo.gl0.rd/gr1.gr1_int.rfwft/aempty_fwft_i_reg
  -------------------------------------------------------------------
                         required time                         -1.888    
                         arrival time                           2.047    
  -------------------------------------------------------------------
                         slack                                  0.159    





