Copyright 1986-2022 Xilinx, Inc. All Rights Reserved.
------------------------------------------------------------------------------------------------------------------------------------------------------------------------------------------------------------
| Tool Version      : Vivado v.2022.1 (lin64) Build 3526262 Mon Apr 18 15:47:01 MDT 2022
| Date              : Sat Sep  5 23:26:11 2026
| Host              : vivado running 64-bit Ubuntu 22.04.5 LTS
| Command           : report_timing_summary -max_paths 10 -file kr260_min_wrapper_timing_summary_routed.rpt -pb kr260_min_wrapper_timing_summary_routed.pb -rpx kr260_min_wrapper_timing_summary_routed.rpx
| Design            : kr260_min_wrapper
| Device            : xck26-sfvc784
| Speed File        : -2LV  PRODUCTION 1.29 08-03-2020
| Temperature Grade : C
------------------------------------------------------------------------------------------------------------------------------------------------------------------------------------------------------------

Timing Summary Report

------------------------------------------------------------------------------------------------
| Timer Settings
| --------------
------------------------------------------------------------------------------------------------

  Enable Multi Corner Analysis               :  Yes
  Enable Pessimism Removal                   :  Yes
  Pessimism Removal Resolution               :  Nearest Common Node
  Enable Input Delay Default Clock           :  No
  Enable Preset / Clear Arcs                 :  No
  Disable Flight Delays                      :  No
  Ignore I/O Paths                           :  No
  Timing Early Launch at Borrowing Latches   :  No
  Borrow Time for Max Delay Exceptions       :  Yes
  Merge Timing Exceptions                    :  Yes

  Corner  Analyze    Analyze    
  Name    Max Paths  Min Paths  
  ------  ---------  ---------  
  Slow    Yes        Yes        
  Fast    Yes        Yes        


------------------------------------------------------------------------------------------------
| Report Methodology
| ------------------
------------------------------------------------------------------------------------------------

No report available as report_methodology has not been run prior. Run report_methodology on the current design for the summary of methodology violations.



check_timing report

Table of Contents
-----------------
1. checking no_clock (0)
2. checking constant_clock (0)
3. checking pulse_width_clock (0)
4. checking unconstrained_internal_endpoints (0)
5. checking no_input_delay (0)
6. checking no_output_delay (0)
7. checking multiple_clock (0)
8. checking generated_clocks (0)
9. checking loops (0)
10. checking partial_input_delay (0)
11. checking partial_output_delay (0)
12. checking latch_loops (0)

1. checking no_clock (0)
------------------------
 There are 0 register/latch pins with no clock.


2. checking constant_clock (0)
------------------------------
 There are 0 register/latch pins with constant_clock.


3. checking pulse_width_clock (0)
---------------------------------
 There are 0 register/latch pins which need pulse_width check


4. checking unconstrained_internal_endpoints (0)
------------------------------------------------
 There are 0 pins that are not constrained for maximum delay.

 There are 0 pins that are not constrained for maximum delay due to constant clock.


5. checking no_input_delay (0)
------------------------------
 There are 0 input ports with no input delay specified.

 There are 0 input ports with no input delay but user has a false path constraint.


6. checking no_output_delay (0)
-------------------------------
 There are 0 ports with no output delay specified.

 There are 0 ports with no output delay but user has a false path constraint

 There are 0 ports with no output delay but with a timing clock defined on it or propagating through it


7. checking multiple_clock (0)
------------------------------
 There are 0 register/latch pins with multiple clocks.


8. checking generated_clocks (0)
--------------------------------
 There are 0 generated clocks that are not connected to a clock source.


9. checking loops (0)
---------------------
 There are 0 combinational loops in the design.


10. checking partial_input_delay (0)
------------------------------------
 There are 0 input ports with partial input delay specified.


11. checking partial_output_delay (0)
-------------------------------------
 There are 0 ports with partial output delay specified.


12. checking latch_loops (0)
----------------------------
 There are 0 combinational latch loops in the design through latch input



------------------------------------------------------------------------------------------------
| Design Timing Summary
| ---------------------
------------------------------------------------------------------------------------------------

    WNS(ns)      TNS(ns)  TNS Failing Endpoints  TNS Total Endpoints      WHS(ns)      THS(ns)  THS Failing Endpoints  THS Total Endpoints     WPWS(ns)     TPWS(ns)  TPWS Failing Endpoints  TPWS Total Endpoints  
    -------      -------  ---------------------  -------------------      -------      -------  ---------------------  -------------------     --------     --------  ----------------------  --------------------  
      0.075        0.000                      0               177213        0.005        0.000                      0               177077        0.500        0.000                       0                 66825  


All user specified timing constraints are met.


------------------------------------------------------------------------------------------------
| Clock Summary
| -------------
------------------------------------------------------------------------------------------------

Clock                             Waveform(ns)         Period(ns)      Frequency(MHz)
-----                             ------------         ----------      --------------
clk_pl_0                          {0.000 2.000}        4.000           250.000         
clk_pl_1                          {0.000 5.000}        10.000          100.000         
kr260_min_i/clk_wiz/inst/clk_in1  {0.000 2.000}        4.000           250.000         
  clk_out1_kr260_min_clk_wiz_0    {0.000 2.500}        5.000           200.000         


------------------------------------------------------------------------------------------------
| Intra Clock Table
| -----------------
------------------------------------------------------------------------------------------------

Clock                                 WNS(ns)      TNS(ns)  TNS Failing Endpoints  TNS Total Endpoints      WHS(ns)      THS(ns)  THS Failing Endpoints  THS Total Endpoints     WPWS(ns)     TPWS(ns)  TPWS Failing Endpoints  TPWS Total Endpoints  
-----                                 -------      -------  ---------------------  -------------------      -------      -------  ---------------------  -------------------     --------     --------  ----------------------  --------------------  
clk_pl_0                                0.100        0.000                      0                16677        0.015        0.000                      0                16677        0.500        0.000                       0                  5669  
kr260_min_i/clk_wiz/inst/clk_in1                                                                                                                                                    0.600        0.000                       0                     1  
  clk_out1_kr260_min_clk_wiz_0          0.075        0.000                      0               159556        0.005        0.000                      0               159556        1.700        0.000                       0                 61155  


------------------------------------------------------------------------------------------------
| Inter Clock Table
| -----------------
------------------------------------------------------------------------------------------------

From Clock                    To Clock                          WNS(ns)      TNS(ns)  TNS Failing Endpoints  TNS Total Endpoints      WHS(ns)      THS(ns)  THS Failing Endpoints  THS Total Endpoints  
----------                    --------                          -------      -------  ---------------------  -------------------      -------      -------  ---------------------  -------------------  
clk_out1_kr260_min_clk_wiz_0  clk_pl_0                            4.084        0.000                      0                   68                                                                        
clk_pl_0                      clk_out1_kr260_min_clk_wiz_0        3.331        0.000                      0                   68                                                                        


------------------------------------------------------------------------------------------------
| Other Path Groups Table
| -----------------------
------------------------------------------------------------------------------------------------

Path Group                    From Clock                    To Clock                          WNS(ns)      TNS(ns)  TNS Failing Endpoints  TNS Total Endpoints      WHS(ns)      THS(ns)  THS Failing Endpoints  THS Total Endpoints  
----------                    ----------                    --------                          -------      -------  ---------------------  -------------------      -------      -------  ---------------------  -------------------  
**async_default**             clk_out1_kr260_min_clk_wiz_0  clk_out1_kr260_min_clk_wiz_0        3.420        0.000                      0                  375        0.139        0.000                      0                  375  
**async_default**             clk_pl_0                      clk_pl_0                            2.066        0.000                      0                  469        0.144        0.000                      0                  469  


------------------------------------------------------------------------------------------------
| Timing Details
| --------------
------------------------------------------------------------------------------------------------


---------------------------------------------------------------------------------------------------
From Clock:  clk_pl_0
  To Clock:  clk_pl_0

Setup :            0  Failing Endpoints,  Worst Slack        0.100ns,  Total Violation        0.000ns
Hold  :            0  Failing Endpoints,  Worst Slack        0.015ns,  Total Violation        0.000ns
PW    :            0  Failing Endpoints,  Worst Slack        0.500ns,  Total Violation        0.000ns
---------------------------------------------------------------------------------------------------


Max Delay Paths
--------------------------------------------------------------------------------------
Slack (MET) :             0.100ns  (required time - arrival time)
  Source:                 kr260_min_i/axi_ic_PS_0_S_AXI_HPC0_FPD/s00_couplers/auto_ds/inst/gen_downsizer.gen_simple_downsizer.axi_downsizer_inst/USE_READ.read_data_inst/current_word_1_reg[1]/C
                            (rising edge-triggered cell FDRE clocked by clk_pl_0  {rise@0.000ns fall@2.000ns period=4.000ns})
  Destination:            kr260_min_i/PS_0/inst/PS8_i/SAXIGP0RREADY
                            (rising edge-triggered cell PS8 clocked by clk_pl_0  {rise@0.000ns fall@2.000ns period=4.000ns})
  Path Group:             clk_pl_0
  Path Type:              Setup (Max at Slow Process Corner)
  Requirement:            4.000ns  (clk_pl_0 rise@4.000ns - clk_pl_0 rise@0.000ns)
  Data Path Delay:        2.864ns  (logic 0.944ns (32.957%)  route 1.920ns (67.043%))
  Logic Levels:           7  (LUT3=1 LUT4=2 LUT5=1 LUT6=3)
  Clock Path Skew:        -0.208ns (DCD - SCD + CPR)
    Destination Clock Delay (DCD):    2.323ns = ( 6.323 - 4.000 ) 
    Source Clock Delay      (SCD):    2.672ns
    Clock Pessimism Removal (CPR):    0.141ns
  Clock Uncertainty:      0.122ns  ((TSJ^2 + DJ^2)^1/2) / 2 + PE
    Total System Jitter     (TSJ):    0.071ns
    Discrete Jitter          (DJ):    0.233ns
    Phase Error              (PE):    0.000ns
  Clock Net Delay (Source):      2.405ns (routing 1.045ns, distribution 1.360ns)
  Clock Net Delay (Destination): 2.107ns (routing 0.955ns, distribution 1.152ns)

    Location             Delay type                Incr(ns)  Path(ns)    Netlist Resource(s)
  -------------------------------------------------------------------    -------------------
                         (clock clk_pl_0 rise edge)
                                                      0.000     0.000 r  
    PS8_X0Y0             PS8                          0.000     0.000 r  kr260_min_i/PS_0/inst/PS8_i/PLCLK[0]
                         net (fo=1, routed)           0.229     0.229    kr260_min_i/PS_0/inst/pl_clk_unbuffered[0]
    BUFG_PS_X0Y80        BUFG_PS (Prop_BUFG_PS_I_O)
                                                      0.038     0.267 r  kr260_min_i/PS_0/inst/buffer_pl_clk_0.PL_CLK_0_BUFG/O
    X0Y1 (CLOCK_ROOT)    net (fo=5670, routed)        2.405     2.672    kr260_min_i/axi_ic_PS_0_S_AXI_HPC0_FPD/s00_couplers/auto_ds/inst/gen_downsizer.gen_simple_downsizer.axi_downsizer_inst/USE_READ.read_data_inst/CLK
    SLICE_X0Y124         FDRE                                         r  kr260_min_i/axi_ic_PS_0_S_AXI_HPC0_FPD/s00_couplers/auto_ds/inst/gen_downsizer.gen_simple_downsizer.axi_downsizer_inst/USE_READ.read_data_inst/current_word_1_reg[1]/C
  -------------------------------------------------------------------    -------------------
    SLICE_X0Y124         FDRE (Prop_AFF2_SLICEL_C_Q)
                                                      0.116     2.788 r  kr260_min_i/axi_ic_PS_0_S_AXI_HPC0_FPD/s00_couplers/auto_ds/inst/gen_downsizer.gen_simple_downsizer.axi_downsizer_inst/USE_READ.read_data_inst/current_word_1_reg[1]/Q
                         net (fo=1, routed)           0.218     3.006    kr260_min_i/axi_ic_PS_0_S_AXI_HPC0_FPD/s00_couplers/auto_ds/inst/gen_downsizer.gen_simple_downsizer.axi_downsizer_inst/USE_READ.read_data_inst/current_word_1[1]
    SLICE_X0Y124         LUT4 (Prop_D6LUT_SLICEL_I0_O)
                                                      0.185     3.191 r  kr260_min_i/axi_ic_PS_0_S_AXI_HPC0_FPD/s00_couplers/auto_ds/inst/gen_downsizer.gen_simple_downsizer.axi_downsizer_inst/USE_READ.read_data_inst/s_axi_rresp[1]_INST_0_i_4/O
                         net (fo=5, routed)           0.246     3.437    kr260_min_i/axi_ic_PS_0_S_AXI_HPC0_FPD/s00_couplers/auto_ds/inst/gen_downsizer.gen_simple_downsizer.axi_downsizer_inst/USE_READ.read_data_inst/current_word_1_reg[1]_0
    SLICE_X2Y125         LUT6 (Prop_F6LUT_SLICEM_I0_O)
                                                      0.149     3.586 r  kr260_min_i/axi_ic_PS_0_S_AXI_HPC0_FPD/s00_couplers/auto_ds/inst/gen_downsizer.gen_simple_downsizer.axi_downsizer_inst/USE_READ.read_data_inst/current_word_1[3]_i_3/O
                         net (fo=2, routed)           0.058     3.644    kr260_min_i/axi_ic_PS_0_S_AXI_HPC0_FPD/s00_couplers/auto_ds/inst/gen_downsizer.gen_simple_downsizer.axi_downsizer_inst/USE_READ.read_addr_inst/cmd_queue/inst/current_word_1_reg[3]_0
    SLICE_X2Y125         LUT5 (Prop_E6LUT_SLICEM_I4_O)
                                                      0.138     3.782 r  kr260_min_i/axi_ic_PS_0_S_AXI_HPC0_FPD/s00_couplers/auto_ds/inst/gen_downsizer.gen_simple_downsizer.axi_downsizer_inst/USE_READ.read_addr_inst/cmd_queue/inst/current_word_1[5]_i_2/O
                         net (fo=2, routed)           0.163     3.945    kr260_min_i/axi_ic_PS_0_S_AXI_HPC0_FPD/s00_couplers/auto_ds/inst/gen_downsizer.gen_simple_downsizer.axi_downsizer_inst/USE_READ.read_addr_inst/cmd_queue/inst/current_word_1[5]_i_2_n_0
    SLICE_X2Y125         LUT6 (Prop_G6LUT_SLICEM_I5_O)
                                                      0.057     4.002 r  kr260_min_i/axi_ic_PS_0_S_AXI_HPC0_FPD/s00_couplers/auto_ds/inst/gen_downsizer.gen_simple_downsizer.axi_downsizer_inst/USE_READ.read_addr_inst/cmd_queue/inst/current_word_1[4]_i_1/O
                         net (fo=2, routed)           0.197     4.199    kr260_min_i/axi_ic_PS_0_S_AXI_HPC0_FPD/s00_couplers/auto_ds/inst/gen_downsizer.gen_simple_downsizer.axi_downsizer_inst/USE_READ.read_addr_inst/cmd_queue/inst/D[4]
    SLICE_X3Y125         LUT6 (Prop_D6LUT_SLICEL_I4_O)
                                                      0.081     4.280 r  kr260_min_i/axi_ic_PS_0_S_AXI_HPC0_FPD/s00_couplers/auto_ds/inst/gen_downsizer.gen_simple_downsizer.axi_downsizer_inst/USE_READ.read_addr_inst/cmd_queue/inst/s_axi_rvalid_INST_0_i_2/O
                         net (fo=1, routed)           0.045     4.325    kr260_min_i/axi_ic_PS_0_S_AXI_HPC0_FPD/s00_couplers/auto_ds/inst/gen_downsizer.gen_simple_downsizer.axi_downsizer_inst/USE_READ.read_addr_inst/cmd_queue/inst/s_axi_rvalid_INST_0_i_2_n_0
    SLICE_X3Y125         LUT4 (Prop_A6LUT_SLICEL_I0_O)
                                                      0.082     4.407 r  kr260_min_i/axi_ic_PS_0_S_AXI_HPC0_FPD/s00_couplers/auto_ds/inst/gen_downsizer.gen_simple_downsizer.axi_downsizer_inst/USE_READ.read_addr_inst/cmd_queue/inst/s_axi_rvalid_INST_0_i_1/O
                         net (fo=9, routed)           0.115     4.523    kr260_min_i/axi_ic_PS_0_S_AXI_HPC0_FPD/s00_couplers/auto_ds/inst/gen_downsizer.gen_simple_downsizer.axi_downsizer_inst/USE_READ.read_addr_inst/cmd_queue/inst/goreg_dm.dout_i_reg[34]
    SLICE_X3Y125         LUT3 (Prop_F6LUT_SLICEL_I1_O)
                                                      0.136     4.659 r  kr260_min_i/axi_ic_PS_0_S_AXI_HPC0_FPD/s00_couplers/auto_ds/inst/gen_downsizer.gen_simple_downsizer.axi_downsizer_inst/USE_READ.read_addr_inst/cmd_queue/inst/m_axi_rready_INST_0/O
                         net (fo=1, routed)           0.878     5.537    kr260_min_i/PS_0/inst/saxigp0_rready
    PS8_X0Y0             PS8                                          r  kr260_min_i/PS_0/inst/PS8_i/SAXIGP0RREADY
  -------------------------------------------------------------------    -------------------

                         (clock clk_pl_0 rise edge)
                                                      4.000     4.000 r  
    PS8_X0Y0             PS8                          0.000     4.000 r  kr260_min_i/PS_0/inst/PS8_i/PLCLK[0]
                         net (fo=1, routed)           0.181     4.181    kr260_min_i/PS_0/inst/pl_clk_unbuffered[0]
    BUFG_PS_X0Y80        BUFG_PS (Prop_BUFG_PS_I_O)
                                                      0.035     4.216 r  kr260_min_i/PS_0/inst/buffer_pl_clk_0.PL_CLK_0_BUFG/O
    X0Y1 (CLOCK_ROOT)    net (fo=5670, routed)        2.107     6.323    kr260_min_i/PS_0/inst/saxihpc0_fpd_aclk
    PS8_X0Y0             PS8                                          r  kr260_min_i/PS_0/inst/PS8_i/SAXIGP0RCLK
                         clock pessimism              0.141     6.464    
                         clock uncertainty           -0.122     6.342    
    PS8_X0Y0             PS8 (Setup_PS8_SAXIGP0RCLK_SAXIGP0RREADY)
                                                     -0.706     5.636    kr260_min_i/PS_0/inst/PS8_i
  -------------------------------------------------------------------
                         required time                          5.636    
                         arrival time                          -5.537    
  -------------------------------------------------------------------
                         slack                                  0.100    

Slack (MET) :             0.252ns  (required time - arrival time)
  Source:                 kr260_min_i/axi_ic_PS_0_S_AXI_HPC0_FPD/s00_couplers/auto_ds/inst/gen_downsizer.gen_simple_downsizer.axi_downsizer_inst/USE_WRITE.write_data_inst/first_word_reg/C
                            (rising edge-triggered cell FDSE clocked by clk_pl_0  {rise@0.000ns fall@2.000ns period=4.000ns})
  Destination:            kr260_min_i/PS_0/inst/PS8_i/SAXIGP0WDATA[5]
                            (rising edge-triggered cell PS8 clocked by clk_pl_0  {rise@0.000ns fall@2.000ns period=4.000ns})
  Path Group:             clk_pl_0
  Path Type:              Setup (Max at Slow Process Corner)
  Requirement:            4.000ns  (clk_pl_0 rise@4.000ns - clk_pl_0 rise@0.000ns)
  Data Path Delay:        2.732ns  (logic 0.852ns (31.183%)  route 1.880ns (68.817%))
  Logic Levels:           5  (LUT4=1 LUT5=1 LUT6=3)
  Clock Path Skew:        -0.152ns (DCD - SCD + CPR)
    Destination Clock Delay (DCD):    2.323ns = ( 6.323 - 4.000 ) 
    Source Clock Delay      (SCD):    2.619ns
    Clock Pessimism Removal (CPR):    0.144ns
  Clock Uncertainty:      0.122ns  ((TSJ^2 + DJ^2)^1/2) / 2 + PE
    Total System Jitter     (TSJ):    0.071ns
    Discrete Jitter          (DJ):    0.233ns
    Phase Error              (PE):    0.000ns
  Clock Net Delay (Source):      2.352ns (routing 1.045ns, distribution 1.307ns)
  Clock Net Delay (Destination): 2.107ns (routing 0.955ns, distribution 1.152ns)

    Location             Delay type                Incr(ns)  Path(ns)    Netlist Resource(s)
  -------------------------------------------------------------------    -------------------
                         (clock clk_pl_0 rise edge)
                                                      0.000     0.000 r  
    PS8_X0Y0             PS8                          0.000     0.000 r  kr260_min_i/PS_0/inst/PS8_i/PLCLK[0]
                         net (fo=1, routed)           0.229     0.229    kr260_min_i/PS_0/inst/pl_clk_unbuffered[0]
    BUFG_PS_X0Y80        BUFG_PS (Prop_BUFG_PS_I_O)
                                                      0.038     0.267 r  kr260_min_i/PS_0/inst/buffer_pl_clk_0.PL_CLK_0_BUFG/O
    X0Y1 (CLOCK_ROOT)    net (fo=5670, routed)        2.352     2.619    kr260_min_i/axi_ic_PS_0_S_AXI_HPC0_FPD/s00_couplers/auto_ds/inst/gen_downsizer.gen_simple_downsizer.axi_downsizer_inst/USE_WRITE.write_data_inst/CLK
    SLICE_X3Y51          FDSE                                         r  kr260_min_i/axi_ic_PS_0_S_AXI_HPC0_FPD/s00_couplers/auto_ds/inst/gen_downsizer.gen_simple_downsizer.axi_downsizer_inst/USE_WRITE.write_data_inst/first_word_reg/C
  -------------------------------------------------------------------    -------------------
    SLICE_X3Y51          FDSE (Prop_BFF_SLICEL_C_Q)
                                                      0.113     2.732 r  kr260_min_i/axi_ic_PS_0_S_AXI_HPC0_FPD/s00_couplers/auto_ds/inst/gen_downsizer.gen_simple_downsizer.axi_downsizer_inst/USE_WRITE.write_data_inst/first_word_reg/Q
                         net (fo=23, routed)          0.078     2.810    kr260_min_i/axi_ic_PS_0_S_AXI_HPC0_FPD/s00_couplers/auto_ds/inst/gen_downsizer.gen_simple_downsizer.axi_downsizer_inst/USE_WRITE.write_data_inst/first_mi_word
    SLICE_X3Y51          LUT4 (Prop_E6LUT_SLICEL_I2_O)
                                                      0.223     3.033 r  kr260_min_i/axi_ic_PS_0_S_AXI_HPC0_FPD/s00_couplers/auto_ds/inst/gen_downsizer.gen_simple_downsizer.axi_downsizer_inst/USE_WRITE.write_data_inst/current_word_1[2]_i_2__0/O
                         net (fo=3, routed)           0.290     3.324    kr260_min_i/axi_ic_PS_0_S_AXI_HPC0_FPD/s00_couplers/auto_ds/inst/gen_downsizer.gen_simple_downsizer.axi_downsizer_inst/USE_WRITE.write_data_inst/current_word_1_reg[2]_0
    SLICE_X4Y53          LUT6 (Prop_G6LUT_SLICEM_I0_O)
                                                      0.226     3.550 r  kr260_min_i/axi_ic_PS_0_S_AXI_HPC0_FPD/s00_couplers/auto_ds/inst/gen_downsizer.gen_simple_downsizer.axi_downsizer_inst/USE_WRITE.write_data_inst/m_axi_wdata[127]_INST_0_i_6/O
                         net (fo=1, routed)           0.059     3.609    kr260_min_i/axi_ic_PS_0_S_AXI_HPC0_FPD/s00_couplers/auto_ds/inst/gen_downsizer.gen_simple_downsizer.axi_downsizer_inst/USE_WRITE.write_data_inst/m_axi_wdata[127]_INST_0_i_6_n_0
    SLICE_X4Y53          LUT6 (Prop_H6LUT_SLICEM_I0_O)
                                                      0.084     3.693 r  kr260_min_i/axi_ic_PS_0_S_AXI_HPC0_FPD/s00_couplers/auto_ds/inst/gen_downsizer.gen_simple_downsizer.axi_downsizer_inst/USE_WRITE.write_data_inst/m_axi_wdata[127]_INST_0_i_4/O
                         net (fo=2, routed)           0.108     3.801    kr260_min_i/axi_ic_PS_0_S_AXI_HPC0_FPD/s00_couplers/auto_ds/inst/gen_downsizer.gen_simple_downsizer.axi_downsizer_inst/USE_WRITE.write_data_inst/m_axi_wdata[127]_INST_0_i_4_n_0
    SLICE_X4Y53          LUT5 (Prop_C6LUT_SLICEM_I2_O)
                                                      0.149     3.950 r  kr260_min_i/axi_ic_PS_0_S_AXI_HPC0_FPD/s00_couplers/auto_ds/inst/gen_downsizer.gen_simple_downsizer.axi_downsizer_inst/USE_WRITE.write_data_inst/m_axi_wdata[127]_INST_0_i_1/O
                         net (fo=144, routed)         0.684     4.634    kr260_min_i/axi_ic_PS_0_S_AXI_HPC0_FPD/s00_couplers/auto_ds/inst/gen_downsizer.gen_simple_downsizer.axi_downsizer_inst/USE_WRITE.write_data_inst/m_axi_wdata[127]_INST_0_i_1_n_0
    SLICE_X11Y51         LUT6 (Prop_D6LUT_SLICEL_I1_O)
                                                      0.057     4.691 r  kr260_min_i/axi_ic_PS_0_S_AXI_HPC0_FPD/s00_couplers/auto_ds/inst/gen_downsizer.gen_simple_downsizer.axi_downsizer_inst/USE_WRITE.write_data_inst/m_axi_wdata[5]_INST_0/O
                         net (fo=1, routed)           0.660     5.351    kr260_min_i/PS_0/inst/saxigp0_wdata[5]
    PS8_X0Y0             PS8                                          r  kr260_min_i/PS_0/inst/PS8_i/SAXIGP0WDATA[5]
  -------------------------------------------------------------------    -------------------

                         (clock clk_pl_0 rise edge)
                                                      4.000     4.000 r  
    PS8_X0Y0             PS8                          0.000     4.000 r  kr260_min_i/PS_0/inst/PS8_i/PLCLK[0]
                         net (fo=1, routed)           0.181     4.181    kr260_min_i/PS_0/inst/pl_clk_unbuffered[0]
    BUFG_PS_X0Y80        BUFG_PS (Prop_BUFG_PS_I_O)
                                                      0.035     4.216 r  kr260_min_i/PS_0/inst/buffer_pl_clk_0.PL_CLK_0_BUFG/O
    X0Y1 (CLOCK_ROOT)    net (fo=5670, routed)        2.107     6.323    kr260_min_i/PS_0/inst/saxihpc0_fpd_aclk
    PS8_X0Y0             PS8                                          r  kr260_min_i/PS_0/inst/PS8_i/SAXIGP0WCLK
                         clock pessimism              0.144     6.467    
                         clock uncertainty           -0.122     6.345    
    PS8_X0Y0             PS8 (Setup_PS8_SAXIGP0WCLK_SAXIGP0WDATA[5])
                                                     -0.742     5.603    kr260_min_i/PS_0/inst/PS8_i
  -------------------------------------------------------------------
                         required time                          5.603    
                         arrival time                          -5.351    
  -------------------------------------------------------------------
                         slack                                  0.252    

Slack (MET) :             0.262ns  (required time - arrival time)
  Source:                 kr260_min_i/axi_ic_PS_0_S_AXI_HPC0_FPD/s00_couplers/auto_ds/inst/gen_downsizer.gen_simple_downsizer.axi_downsizer_inst/USE_WRITE.write_addr_inst/pushed_commands_reg[1]/C
                            (rising edge-triggered cell FDRE clocked by clk_pl_0  {rise@0.000ns fall@2.000ns period=4.000ns})
  Destination:            kr260_min_i/PS_0/inst/PS8_i/SAXIGP0AWLEN[6]
                            (rising edge-triggered cell PS8 clocked by clk_pl_0  {rise@0.000ns fall@2.000ns period=4.000ns})
  Path Group:             clk_pl_0
  Path Type:              Setup (Max at Slow Process Corner)
  Requirement:            4.000ns  (clk_pl_0 rise@4.000ns - clk_pl_0 rise@0.000ns)
  Data Path Delay:        2.717ns  (logic 0.930ns (34.232%)  route 1.787ns (65.768%))
  Logic Levels:           7  (LUT5=1 LUT6=6)
  Clock Path Skew:        -0.138ns (DCD - SCD + CPR)
    Destination Clock Delay (DCD):    2.323ns = ( 6.323 - 4.000 ) 
    Source Clock Delay      (SCD):    2.605ns
    Clock Pessimism Removal (CPR):    0.144ns
  Clock Uncertainty:      0.122ns  ((TSJ^2 + DJ^2)^1/2) / 2 + PE
    Total System Jitter     (TSJ):    0.071ns
    Discrete Jitter          (DJ):    0.233ns
    Phase Error              (PE):    0.000ns
  Clock Net Delay (Source):      2.338ns (routing 1.045ns, distribution 1.293ns)
  Clock Net Delay (Destination): 2.107ns (routing 0.955ns, distribution 1.152ns)

    Location             Delay type                Incr(ns)  Path(ns)    Netlist Resource(s)
  -------------------------------------------------------------------    -------------------
                         (clock clk_pl_0 rise edge)
                                                      0.000     0.000 r  
    PS8_X0Y0             PS8                          0.000     0.000 r  kr260_min_i/PS_0/inst/PS8_i/PLCLK[0]
                         net (fo=1, routed)           0.229     0.229    kr260_min_i/PS_0/inst/pl_clk_unbuffered[0]
    BUFG_PS_X0Y80        BUFG_PS (Prop_BUFG_PS_I_O)
                                                      0.038     0.267 r  kr260_min_i/PS_0/inst/buffer_pl_clk_0.PL_CLK_0_BUFG/O
    X0Y1 (CLOCK_ROOT)    net (fo=5670, routed)        2.338     2.605    kr260_min_i/axi_ic_PS_0_S_AXI_HPC0_FPD/s00_couplers/auto_ds/inst/gen_downsizer.gen_simple_downsizer.axi_downsizer_inst/USE_WRITE.write_addr_inst/CLK
    SLICE_X0Y34          FDRE                                         r  kr260_min_i/axi_ic_PS_0_S_AXI_HPC0_FPD/s00_couplers/auto_ds/inst/gen_downsizer.gen_simple_downsizer.axi_downsizer_inst/USE_WRITE.write_addr_inst/pushed_commands_reg[1]/C
  -------------------------------------------------------------------    -------------------
    SLICE_X0Y34          FDRE (Prop_CFF_SLICEL_C_Q)
                                                      0.114     2.719 r  kr260_min_i/axi_ic_PS_0_S_AXI_HPC0_FPD/s00_couplers/auto_ds/inst/gen_downsizer.gen_simple_downsizer.axi_downsizer_inst/USE_WRITE.write_addr_inst/pushed_commands_reg[1]/Q
                         net (fo=8, routed)           0.141     2.860    kr260_min_i/axi_ic_PS_0_S_AXI_HPC0_FPD/s00_couplers/auto_ds/inst/gen_downsizer.gen_simple_downsizer.axi_downsizer_inst/USE_WRITE.write_addr_inst/USE_B_CHANNEL.cmd_b_queue/inst/Q[1]
    SLICE_X0Y33          LUT6 (Prop_G6LUT_SLICEL_I0_O)
                                                      0.226     3.086 f  kr260_min_i/axi_ic_PS_0_S_AXI_HPC0_FPD/s00_couplers/auto_ds/inst/gen_downsizer.gen_simple_downsizer.axi_downsizer_inst/USE_WRITE.write_addr_inst/USE_B_CHANNEL.cmd_b_queue/inst/m_axi_awlen[7]_INST_0_i_16/O
                         net (fo=1, routed)           0.054     3.140    kr260_min_i/axi_ic_PS_0_S_AXI_HPC0_FPD/s00_couplers/auto_ds/inst/gen_downsizer.gen_simple_downsizer.axi_downsizer_inst/USE_WRITE.write_addr_inst/USE_B_CHANNEL.cmd_b_queue/inst/m_axi_awlen[7]_INST_0_i_16_n_0
    SLICE_X0Y33          LUT6 (Prop_H6LUT_SLICEL_I3_O)
                                                      0.083     3.223 f  kr260_min_i/axi_ic_PS_0_S_AXI_HPC0_FPD/s00_couplers/auto_ds/inst/gen_downsizer.gen_simple_downsizer.axi_downsizer_inst/USE_WRITE.write_addr_inst/USE_B_CHANNEL.cmd_b_queue/inst/m_axi_awlen[7]_INST_0_i_12/O
                         net (fo=2, routed)           0.166     3.389    kr260_min_i/axi_ic_PS_0_S_AXI_HPC0_FPD/s00_couplers/auto_ds/inst/gen_downsizer.gen_simple_downsizer.axi_downsizer_inst/USE_WRITE.write_addr_inst/cmd_queue/inst/m_axi_awlen[7]_INST_0_i_7_0
    SLICE_X1Y35          LUT6 (Prop_D6LUT_SLICEM_I2_O)
                                                      0.151     3.540 r  kr260_min_i/axi_ic_PS_0_S_AXI_HPC0_FPD/s00_couplers/auto_ds/inst/gen_downsizer.gen_simple_downsizer.axi_downsizer_inst/USE_WRITE.write_addr_inst/cmd_queue/inst/m_axi_awlen[7]_INST_0_i_8/O
                         net (fo=9, routed)           0.257     3.797    kr260_min_i/axi_ic_PS_0_S_AXI_HPC0_FPD/s00_couplers/auto_ds/inst/gen_downsizer.gen_simple_downsizer.axi_downsizer_inst/USE_WRITE.write_addr_inst/cmd_queue/inst/m_axi_awlen[7]_INST_0_i_8_n_0
    SLICE_X0Y38          LUT6 (Prop_F6LUT_SLICEL_I1_O)
                                                      0.081     3.878 r  kr260_min_i/axi_ic_PS_0_S_AXI_HPC0_FPD/s00_couplers/auto_ds/inst/gen_downsizer.gen_simple_downsizer.axi_downsizer_inst/USE_WRITE.write_addr_inst/cmd_queue/inst/m_axi_awlen[1]_INST_0_i_1/O
                         net (fo=3, routed)           0.207     4.085    kr260_min_i/axi_ic_PS_0_S_AXI_HPC0_FPD/s00_couplers/auto_ds/inst/gen_downsizer.gen_simple_downsizer.axi_downsizer_inst/USE_WRITE.write_addr_inst/cmd_queue/inst/m_axi_awlen[1]_INST_0_i_1_n_0
    SLICE_X0Y36          LUT5 (Prop_D6LUT_SLICEL_I3_O)
                                                      0.136     4.221 r  kr260_min_i/axi_ic_PS_0_S_AXI_HPC0_FPD/s00_couplers/auto_ds/inst/gen_downsizer.gen_simple_downsizer.axi_downsizer_inst/USE_WRITE.write_addr_inst/cmd_queue/inst/m_axi_awlen[3]_INST_0_i_1/O
                         net (fo=3, routed)           0.104     4.325    kr260_min_i/axi_ic_PS_0_S_AXI_HPC0_FPD/s00_couplers/auto_ds/inst/gen_downsizer.gen_simple_downsizer.axi_downsizer_inst/USE_WRITE.write_addr_inst/cmd_queue/inst/m_axi_awlen[3]_INST_0_i_1_n_0
    SLICE_X0Y38          LUT6 (Prop_C6LUT_SLICEL_I3_O)
                                                      0.081     4.406 r  kr260_min_i/axi_ic_PS_0_S_AXI_HPC0_FPD/s00_couplers/auto_ds/inst/gen_downsizer.gen_simple_downsizer.axi_downsizer_inst/USE_WRITE.write_addr_inst/cmd_queue/inst/m_axi_awlen[7]_INST_0_i_4/O
                         net (fo=3, routed)           0.304     4.711    kr260_min_i/axi_ic_PS_0_S_AXI_HPC0_FPD/s00_couplers/auto_ds/inst/gen_downsizer.gen_simple_downsizer.axi_downsizer_inst/USE_WRITE.write_addr_inst/cmd_queue/inst/m_axi_awlen[7]_INST_0_i_4_n_0
    SLICE_X0Y46          LUT6 (Prop_H6LUT_SLICEL_I1_O)
                                                      0.058     4.769 r  kr260_min_i/axi_ic_PS_0_S_AXI_HPC0_FPD/s00_couplers/auto_ds/inst/gen_downsizer.gen_simple_downsizer.axi_downsizer_inst/USE_WRITE.write_addr_inst/cmd_queue/inst/m_axi_awlen[6]_INST_0/O
                         net (fo=2, routed)           0.553     5.322    kr260_min_i/PS_0/inst/saxigp0_awlen[6]
    PS8_X0Y0             PS8                                          r  kr260_min_i/PS_0/inst/PS8_i/SAXIGP0AWLEN[6]
  -------------------------------------------------------------------    -------------------

                         (clock clk_pl_0 rise edge)
                                                      4.000     4.000 r  
    PS8_X0Y0             PS8                          0.000     4.000 r  kr260_min_i/PS_0/inst/PS8_i/PLCLK[0]
                         net (fo=1, routed)           0.181     4.181    kr260_min_i/PS_0/inst/pl_clk_unbuffered[0]
    BUFG_PS_X0Y80        BUFG_PS (Prop_BUFG_PS_I_O)
                                                      0.035     4.216 r  kr260_min_i/PS_0/inst/buffer_pl_clk_0.PL_CLK_0_BUFG/O
    X0Y1 (CLOCK_ROOT)    net (fo=5670, routed)        2.107     6.323    kr260_min_i/PS_0/inst/saxihpc0_fpd_aclk
    PS8_X0Y0             PS8                                          r  kr260_min_i/PS_0/inst/PS8_i/SAXIGP0WCLK
                         clock pessimism              0.144     6.467    
                         clock uncertainty           -0.122     6.345    
    PS8_X0Y0             PS8 (Setup_PS8_SAXIGP0WCLK_SAXIGP0AWLEN[6])
                                                     -0.762     5.583    kr260_min_i/PS_0/inst/PS8_i
  -------------------------------------------------------------------
                         required time                          5.583    
                         arrival time                          -5.322    
  -------------------------------------------------------------------
                         slack                                  0.262    

Slack (MET) :             0.305ns  (required time - arrival time)
  Source:                 kr260_min_i/axi_ic_PS_0_S_AXI_HPC0_FPD/s00_couplers/auto_ds/inst/gen_downsizer.gen_simple_downsizer.axi_downsizer_inst/USE_WRITE.write_data_inst/first_word_reg/C
                            (rising edge-triggered cell FDSE clocked by clk_pl_0  {rise@0.000ns fall@2.000ns period=4.000ns})
  Destination:            kr260_min_i/PS_0/inst/PS8_i/SAXIGP0WDATA[57]
                            (rising edge-triggered cell PS8 clocked by clk_pl_0  {rise@0.000ns fall@2.000ns period=4.000ns})
  Path Group:             clk_pl_0
  Path Type:              Setup (Max at Slow Process Corner)
  Requirement:            4.000ns  (clk_pl_0 rise@4.000ns - clk_pl_0 rise@0.000ns)
  Data Path Delay:        2.692ns  (logic 0.879ns (32.653%)  route 1.813ns (67.347%))
  Logic Levels:           5  (LUT4=1 LUT6=4)
  Clock Path Skew:        -0.152ns (DCD - SCD + CPR)
    Destination Clock Delay (DCD):    2.323ns = ( 6.323 - 4.000 ) 
    Source Clock Delay      (SCD):    2.619ns
    Clock Pessimism Removal (CPR):    0.144ns
  Clock Uncertainty:      0.122ns  ((TSJ^2 + DJ^2)^1/2) / 2 + PE
    Total System Jitter     (TSJ):    0.071ns
    Discrete Jitter          (DJ):    0.233ns
    Phase Error              (PE):    0.000ns
  Clock Net Delay (Source):      2.352ns (routing 1.045ns, distribution 1.307ns)
  Clock Net Delay (Destination): 2.107ns (routing 0.955ns, distribution 1.152ns)

    Location             Delay type                Incr(ns)  Path(ns)    Netlist Resource(s)
  -------------------------------------------------------------------    -------------------
                         (clock clk_pl_0 rise edge)
                                                      0.000     0.000 r  
    PS8_X0Y0             PS8                          0.000     0.000 r  kr260_min_i/PS_0/inst/PS8_i/PLCLK[0]
                         net (fo=1, routed)           0.229     0.229    kr260_min_i/PS_0/inst/pl_clk_unbuffered[0]
    BUFG_PS_X0Y80        BUFG_PS (Prop_BUFG_PS_I_O)
                                                      0.038     0.267 r  kr260_min_i/PS_0/inst/buffer_pl_clk_0.PL_CLK_0_BUFG/O
    X0Y1 (CLOCK_ROOT)    net (fo=5670, routed)        2.352     2.619    kr260_min_i/axi_ic_PS_0_S_AXI_HPC0_FPD/s00_couplers/auto_ds/inst/gen_downsizer.gen_simple_downsizer.axi_downsizer_inst/USE_WRITE.write_data_inst/CLK
    SLICE_X3Y51          FDSE                                         r  kr260_min_i/axi_ic_PS_0_S_AXI_HPC0_FPD/s00_couplers/auto_ds/inst/gen_downsizer.gen_simple_downsizer.axi_downsizer_inst/USE_WRITE.write_data_inst/first_word_reg/C
  -------------------------------------------------------------------    -------------------
    SLICE_X3Y51          FDSE (Prop_BFF_SLICEL_C_Q)
                                                      0.113     2.732 r  kr260_min_i/axi_ic_PS_0_S_AXI_HPC0_FPD/s00_couplers/auto_ds/inst/gen_downsizer.gen_simple_downsizer.axi_downsizer_inst/USE_WRITE.write_data_inst/first_word_reg/Q
                         net (fo=23, routed)          0.078     2.810    kr260_min_i/axi_ic_PS_0_S_AXI_HPC0_FPD/s00_couplers/auto_ds/inst/gen_downsizer.gen_simple_downsizer.axi_downsizer_inst/USE_WRITE.write_data_inst/first_mi_word
    SLICE_X3Y51          LUT4 (Prop_E6LUT_SLICEL_I2_O)
                                                      0.223     3.033 r  kr260_min_i/axi_ic_PS_0_S_AXI_HPC0_FPD/s00_couplers/auto_ds/inst/gen_downsizer.gen_simple_downsizer.axi_downsizer_inst/USE_WRITE.write_data_inst/current_word_1[2]_i_2__0/O
                         net (fo=3, routed)           0.290     3.324    kr260_min_i/axi_ic_PS_0_S_AXI_HPC0_FPD/s00_couplers/auto_ds/inst/gen_downsizer.gen_simple_downsizer.axi_downsizer_inst/USE_WRITE.write_data_inst/current_word_1_reg[2]_0
    SLICE_X4Y53          LUT6 (Prop_G6LUT_SLICEM_I0_O)
                                                      0.226     3.550 r  kr260_min_i/axi_ic_PS_0_S_AXI_HPC0_FPD/s00_couplers/auto_ds/inst/gen_downsizer.gen_simple_downsizer.axi_downsizer_inst/USE_WRITE.write_data_inst/m_axi_wdata[127]_INST_0_i_6/O
                         net (fo=1, routed)           0.059     3.609    kr260_min_i/axi_ic_PS_0_S_AXI_HPC0_FPD/s00_couplers/auto_ds/inst/gen_downsizer.gen_simple_downsizer.axi_downsizer_inst/USE_WRITE.write_data_inst/m_axi_wdata[127]_INST_0_i_6_n_0
    SLICE_X4Y53          LUT6 (Prop_H6LUT_SLICEM_I0_O)
                                                      0.084     3.693 r  kr260_min_i/axi_ic_PS_0_S_AXI_HPC0_FPD/s00_couplers/auto_ds/inst/gen_downsizer.gen_simple_downsizer.axi_downsizer_inst/USE_WRITE.write_data_inst/m_axi_wdata[127]_INST_0_i_4/O
                         net (fo=2, routed)           0.111     3.804    kr260_min_i/axi_ic_PS_0_S_AXI_HPC0_FPD/s00_couplers/auto_ds/inst/gen_downsizer.gen_simple_downsizer.axi_downsizer_inst/USE_WRITE.write_data_inst/m_axi_wdata[127]_INST_0_i_4_n_0
    SLICE_X4Y53          LUT6 (Prop_D6LUT_SLICEM_I5_O)
                                                      0.151     3.955 r  kr260_min_i/axi_ic_PS_0_S_AXI_HPC0_FPD/s00_couplers/auto_ds/inst/gen_downsizer.gen_simple_downsizer.axi_downsizer_inst/USE_WRITE.write_data_inst/m_axi_wdata[127]_INST_0_i_2/O
                         net (fo=144, routed)         0.639     4.594    kr260_min_i/axi_ic_PS_0_S_AXI_HPC0_FPD/s00_couplers/auto_ds/inst/gen_downsizer.gen_simple_downsizer.axi_downsizer_inst/USE_WRITE.write_data_inst/m_axi_wdata[127]_INST_0_i_2_n_0
    SLICE_X10Y46         LUT6 (Prop_G6LUT_SLICEM_I0_O)
                                                      0.082     4.676 r  kr260_min_i/axi_ic_PS_0_S_AXI_HPC0_FPD/s00_couplers/auto_ds/inst/gen_downsizer.gen_simple_downsizer.axi_downsizer_inst/USE_WRITE.write_data_inst/m_axi_wdata[57]_INST_0/O
                         net (fo=1, routed)           0.635     5.311    kr260_min_i/PS_0/inst/saxigp0_wdata[57]
    PS8_X0Y0             PS8                                          r  kr260_min_i/PS_0/inst/PS8_i/SAXIGP0WDATA[57]
  -------------------------------------------------------------------    -------------------

                         (clock clk_pl_0 rise edge)
                                                      4.000     4.000 r  
    PS8_X0Y0             PS8                          0.000     4.000 r  kr260_min_i/PS_0/inst/PS8_i/PLCLK[0]
                         net (fo=1, routed)           0.181     4.181    kr260_min_i/PS_0/inst/pl_clk_unbuffered[0]
    BUFG_PS_X0Y80        BUFG_PS (Prop_BUFG_PS_I_O)
                                                      0.035     4.216 r  kr260_min_i/PS_0/inst/buffer_pl_clk_0.PL_CLK_0_BUFG/O
    X0Y1 (CLOCK_ROOT)    net (fo=5670, routed)        2.107     6.323    kr260_min_i/PS_0/inst/saxihpc0_fpd_aclk
    PS8_X0Y0             PS8                                          r  kr260_min_i/PS_0/inst/PS8_i/SAXIGP0WCLK
                         clock pessimism              0.144     6.467    
                         clock uncertainty           -0.122     6.345    
    PS8_X0Y0             PS8 (Setup_PS8_SAXIGP0WCLK_SAXIGP0WDATA[57])
                                                     -0.729     5.616    kr260_min_i/PS_0/inst/PS8_i
  -------------------------------------------------------------------
                         required time                          5.616    
                         arrival time                          -5.311    
  -------------------------------------------------------------------
                         slack                                  0.305    

Slack (MET) :             0.324ns  (required time - arrival time)
  Source:                 kr260_min_i/axi_ic_PS_0_S_AXI_HPC0_FPD/s00_couplers/auto_ds/inst/gen_downsizer.gen_simple_downsizer.axi_downsizer_inst/USE_WRITE.write_addr_inst/pushed_commands_reg[1]/C
                            (rising edge-triggered cell FDRE clocked by clk_pl_0  {rise@0.000ns fall@2.000ns period=4.000ns})
  Destination:            kr260_min_i/PS_0/inst/PS8_i/SAXIGP0AWLEN[7]
                            (rising edge-triggered cell PS8 clocked by clk_pl_0  {rise@0.000ns fall@2.000ns period=4.000ns})
  Path Group:             clk_pl_0
  Path Type:              Setup (Max at Slow Process Corner)
  Requirement:            4.000ns  (clk_pl_0 rise@4.000ns - clk_pl_0 rise@0.000ns)
  Data Path Delay:        2.680ns  (logic 0.929ns (34.669%)  route 1.751ns (65.331%))
  Logic Levels:           7  (LUT5=1 LUT6=6)
  Clock Path Skew:        -0.138ns (DCD - SCD + CPR)
    Destination Clock Delay (DCD):    2.323ns = ( 6.323 - 4.000 ) 
    Source Clock Delay      (SCD):    2.605ns
    Clock Pessimism Removal (CPR):    0.144ns
  Clock Uncertainty:      0.122ns  ((TSJ^2 + DJ^2)^1/2) / 2 + PE
    Total System Jitter     (TSJ):    0.071ns
    Discrete Jitter          (DJ):    0.233ns
    Phase Error              (PE):    0.000ns
  Clock Net Delay (Source):      2.338ns (routing 1.045ns, distribution 1.293ns)
  Clock Net Delay (Destination): 2.107ns (routing 0.955ns, distribution 1.152ns)

    Location             Delay type                Incr(ns)  Path(ns)    Netlist Resource(s)
  -------------------------------------------------------------------    -------------------
                         (clock clk_pl_0 rise edge)
                                                      0.000     0.000 r  
    PS8_X0Y0             PS8                          0.000     0.000 r  kr260_min_i/PS_0/inst/PS8_i/PLCLK[0]
                         net (fo=1, routed)           0.229     0.229    kr260_min_i/PS_0/inst/pl_clk_unbuffered[0]
    BUFG_PS_X0Y80        BUFG_PS (Prop_BUFG_PS_I_O)
                                                      0.038     0.267 r  kr260_min_i/PS_0/inst/buffer_pl_clk_0.PL_CLK_0_BUFG/O
    X0Y1 (CLOCK_ROOT)    net (fo=5670, routed)        2.338     2.605    kr260_min_i/axi_ic_PS_0_S_AXI_HPC0_FPD/s00_couplers/auto_ds/inst/gen_downsizer.gen_simple_downsizer.axi_downsizer_inst/USE_WRITE.write_addr_inst/CLK
    SLICE_X0Y34          FDRE                                         r  kr260_min_i/axi_ic_PS_0_S_AXI_HPC0_FPD/s00_couplers/auto_ds/inst/gen_downsizer.gen_simple_downsizer.axi_downsizer_inst/USE_WRITE.write_addr_inst/pushed_commands_reg[1]/C
  -------------------------------------------------------------------    -------------------
    SLICE_X0Y34          FDRE (Prop_CFF_SLICEL_C_Q)
                                                      0.114     2.719 r  kr260_min_i/axi_ic_PS_0_S_AXI_HPC0_FPD/s00_couplers/auto_ds/inst/gen_downsizer.gen_simple_downsizer.axi_downsizer_inst/USE_WRITE.write_addr_inst/pushed_commands_reg[1]/Q
                         net (fo=8, routed)           0.141     2.860    kr260_min_i/axi_ic_PS_0_S_AXI_HPC0_FPD/s00_couplers/auto_ds/inst/gen_downsizer.gen_simple_downsizer.axi_downsizer_inst/USE_WRITE.write_addr_inst/USE_B_CHANNEL.cmd_b_queue/inst/Q[1]
    SLICE_X0Y33          LUT6 (Prop_G6LUT_SLICEL_I0_O)
                                                      0.226     3.086 f  kr260_min_i/axi_ic_PS_0_S_AXI_HPC0_FPD/s00_couplers/auto_ds/inst/gen_downsizer.gen_simple_downsizer.axi_downsizer_inst/USE_WRITE.write_addr_inst/USE_B_CHANNEL.cmd_b_queue/inst/m_axi_awlen[7]_INST_0_i_16/O
                         net (fo=1, routed)           0.054     3.140    kr260_min_i/axi_ic_PS_0_S_AXI_HPC0_FPD/s00_couplers/auto_ds/inst/gen_downsizer.gen_simple_downsizer.axi_downsizer_inst/USE_WRITE.write_addr_inst/USE_B_CHANNEL.cmd_b_queue/inst/m_axi_awlen[7]_INST_0_i_16_n_0
    SLICE_X0Y33          LUT6 (Prop_H6LUT_SLICEL_I3_O)
                                                      0.083     3.223 f  kr260_min_i/axi_ic_PS_0_S_AXI_HPC0_FPD/s00_couplers/auto_ds/inst/gen_downsizer.gen_simple_downsizer.axi_downsizer_inst/USE_WRITE.write_addr_inst/USE_B_CHANNEL.cmd_b_queue/inst/m_axi_awlen[7]_INST_0_i_12/O
                         net (fo=2, routed)           0.166     3.389    kr260_min_i/axi_ic_PS_0_S_AXI_HPC0_FPD/s00_couplers/auto_ds/inst/gen_downsizer.gen_simple_downsizer.axi_downsizer_inst/USE_WRITE.write_addr_inst/cmd_queue/inst/m_axi_awlen[7]_INST_0_i_7_0
    SLICE_X1Y35          LUT6 (Prop_D6LUT_SLICEM_I2_O)
                                                      0.151     3.540 r  kr260_min_i/axi_ic_PS_0_S_AXI_HPC0_FPD/s00_couplers/auto_ds/inst/gen_downsizer.gen_simple_downsizer.axi_downsizer_inst/USE_WRITE.write_addr_inst/cmd_queue/inst/m_axi_awlen[7]_INST_0_i_8/O
                         net (fo=9, routed)           0.257     3.797    kr260_min_i/axi_ic_PS_0_S_AXI_HPC0_FPD/s00_couplers/auto_ds/inst/gen_downsizer.gen_simple_downsizer.axi_downsizer_inst/USE_WRITE.write_addr_inst/cmd_queue/inst/m_axi_awlen[7]_INST_0_i_8_n_0
    SLICE_X0Y38          LUT6 (Prop_F6LUT_SLICEL_I1_O)
                                                      0.081     3.878 r  kr260_min_i/axi_ic_PS_0_S_AXI_HPC0_FPD/s00_couplers/auto_ds/inst/gen_downsizer.gen_simple_downsizer.axi_downsizer_inst/USE_WRITE.write_addr_inst/cmd_queue/inst/m_axi_awlen[1]_INST_0_i_1/O
                         net (fo=3, routed)           0.207     4.085    kr260_min_i/axi_ic_PS_0_S_AXI_HPC0_FPD/s00_couplers/auto_ds/inst/gen_downsizer.gen_simple_downsizer.axi_downsizer_inst/USE_WRITE.write_addr_inst/cmd_queue/inst/m_axi_awlen[1]_INST_0_i_1_n_0
    SLICE_X0Y36          LUT5 (Prop_D6LUT_SLICEL_I3_O)
                                                      0.136     4.221 r  kr260_min_i/axi_ic_PS_0_S_AXI_HPC0_FPD/s00_couplers/auto_ds/inst/gen_downsizer.gen_simple_downsizer.axi_downsizer_inst/USE_WRITE.write_addr_inst/cmd_queue/inst/m_axi_awlen[3]_INST_0_i_1/O
                         net (fo=3, routed)           0.104     4.325    kr260_min_i/axi_ic_PS_0_S_AXI_HPC0_FPD/s00_couplers/auto_ds/inst/gen_downsizer.gen_simple_downsizer.axi_downsizer_inst/USE_WRITE.write_addr_inst/cmd_queue/inst/m_axi_awlen[3]_INST_0_i_1_n_0
    SLICE_X0Y38          LUT6 (Prop_C6LUT_SLICEL_I3_O)
                                                      0.081     4.406 r  kr260_min_i/axi_ic_PS_0_S_AXI_HPC0_FPD/s00_couplers/auto_ds/inst/gen_downsizer.gen_simple_downsizer.axi_downsizer_inst/USE_WRITE.write_addr_inst/cmd_queue/inst/m_axi_awlen[7]_INST_0_i_4/O
                         net (fo=3, routed)           0.304     4.711    kr260_min_i/axi_ic_PS_0_S_AXI_HPC0_FPD/s00_couplers/auto_ds/inst/gen_downsizer.gen_simple_downsizer.axi_downsizer_inst/USE_WRITE.write_addr_inst/cmd_queue/inst/m_axi_awlen[7]_INST_0_i_4_n_0
    SLICE_X0Y46          LUT6 (Prop_G6LUT_SLICEL_I3_O)
                                                      0.057     4.768 r  kr260_min_i/axi_ic_PS_0_S_AXI_HPC0_FPD/s00_couplers/auto_ds/inst/gen_downsizer.gen_simple_downsizer.axi_downsizer_inst/USE_WRITE.write_addr_inst/cmd_queue/inst/m_axi_awlen[7]_INST_0/O
                         net (fo=2, routed)           0.517     5.285    kr260_min_i/PS_0/inst/saxigp0_awlen[7]
    PS8_X0Y0             PS8                                          r  kr260_min_i/PS_0/inst/PS8_i/SAXIGP0AWLEN[7]
  -------------------------------------------------------------------    -------------------

                         (clock clk_pl_0 rise edge)
                                                      4.000     4.000 r  
    PS8_X0Y0             PS8                          0.000     4.000 r  kr260_min_i/PS_0/inst/PS8_i/PLCLK[0]
                         net (fo=1, routed)           0.181     4.181    kr260_min_i/PS_0/inst/pl_clk_unbuffered[0]
    BUFG_PS_X0Y80        BUFG_PS (Prop_BUFG_PS_I_O)
                                                      0.035     4.216 r  kr260_min_i/PS_0/inst/buffer_pl_clk_0.PL_CLK_0_BUFG/O
    X0Y1 (CLOCK_ROOT)    net (fo=5670, routed)        2.107     6.323    kr260_min_i/PS_0/inst/saxihpc0_fpd_aclk
    PS8_X0Y0             PS8                                          r  kr260_min_i/PS_0/inst/PS8_i/SAXIGP0WCLK
                         clock pessimism              0.144     6.467    
                         clock uncertainty           -0.122     6.345    
    PS8_X0Y0             PS8 (Setup_PS8_SAXIGP0WCLK_SAXIGP0AWLEN[7])
                                                     -0.737     5.608    kr260_min_i/PS_0/inst/PS8_i
  -------------------------------------------------------------------
                         required time                          5.608    
                         arrival time                          -5.285    
  -------------------------------------------------------------------
                         slack                                  0.324    

Slack (MET) :             0.325ns  (required time - arrival time)
  Source:                 kr260_min_i/axi_ic_PS_0_S_AXI_HPC0_FPD/s00_couplers/auto_ds/inst/gen_downsizer.gen_simple_downsizer.axi_downsizer_inst/USE_READ.read_addr_inst/S_AXI_ALEN_Q_reg[0]/C
                            (rising edge-triggered cell FDRE clocked by clk_pl_0  {rise@0.000ns fall@2.000ns period=4.000ns})
  Destination:            kr260_min_i/PS_0/inst/PS8_i/SAXIGP0ARLEN[7]
                            (rising edge-triggered cell PS8 clocked by clk_pl_0  {rise@0.000ns fall@2.000ns period=4.000ns})
  Path Group:             clk_pl_0
  Path Type:              Setup (Max at Slow Process Corner)
  Requirement:            4.000ns  (clk_pl_0 rise@4.000ns - clk_pl_0 rise@0.000ns)
  Data Path Delay:        2.689ns  (logic 1.306ns (48.576%)  route 1.383ns (51.424%))
  Logic Levels:           7  (LUT5=2 LUT6=5)
  Clock Path Skew:        -0.139ns (DCD - SCD + CPR)
    Destination Clock Delay (DCD):    2.323ns = ( 6.323 - 4.000 ) 
    Source Clock Delay      (SCD):    2.606ns
    Clock Pessimism Removal (CPR):    0.144ns
  Clock Uncertainty:      0.122ns  ((TSJ^2 + DJ^2)^1/2) / 2 + PE
    Total System Jitter     (TSJ):    0.071ns
    Discrete Jitter          (DJ):    0.233ns
    Phase Error              (PE):    0.000ns
  Clock Net Delay (Source):      2.339ns (routing 1.045ns, distribution 1.294ns)
  Clock Net Delay (Destination): 2.107ns (routing 0.955ns, distribution 1.152ns)

    Location             Delay type                Incr(ns)  Path(ns)    Netlist Resource(s)
  -------------------------------------------------------------------    -------------------
                         (clock clk_pl_0 rise edge)
                                                      0.000     0.000 r  
    PS8_X0Y0             PS8                          0.000     0.000 r  kr260_min_i/PS_0/inst/PS8_i/PLCLK[0]
                         net (fo=1, routed)           0.229     0.229    kr260_min_i/PS_0/inst/pl_clk_unbuffered[0]
    BUFG_PS_X0Y80        BUFG_PS (Prop_BUFG_PS_I_O)
                                                      0.038     0.267 r  kr260_min_i/PS_0/inst/buffer_pl_clk_0.PL_CLK_0_BUFG/O
    X0Y1 (CLOCK_ROOT)    net (fo=5670, routed)        2.339     2.606    kr260_min_i/axi_ic_PS_0_S_AXI_HPC0_FPD/s00_couplers/auto_ds/inst/gen_downsizer.gen_simple_downsizer.axi_downsizer_inst/USE_READ.read_addr_inst/CLK
    SLICE_X0Y55          FDRE                                         r  kr260_min_i/axi_ic_PS_0_S_AXI_HPC0_FPD/s00_couplers/auto_ds/inst/gen_downsizer.gen_simple_downsizer.axi_downsizer_inst/USE_READ.read_addr_inst/S_AXI_ALEN_Q_reg[0]/C
  -------------------------------------------------------------------    -------------------
    SLICE_X0Y55          FDRE (Prop_AFF_SLICEL_C_Q)
                                                      0.114     2.720 r  kr260_min_i/axi_ic_PS_0_S_AXI_HPC0_FPD/s00_couplers/auto_ds/inst/gen_downsizer.gen_simple_downsizer.axi_downsizer_inst/USE_READ.read_addr_inst/S_AXI_ALEN_Q_reg[0]/Q
                         net (fo=3, routed)           0.174     2.894    kr260_min_i/axi_ic_PS_0_S_AXI_HPC0_FPD/s00_couplers/auto_ds/inst/gen_downsizer.gen_simple_downsizer.axi_downsizer_inst/USE_READ.read_addr_inst/cmd_queue/inst/m_axi_arlen[7]_0[0]
    SLICE_X0Y55          LUT6 (Prop_D6LUT_SLICEL_I0_O)
                                                      0.221     3.115 f  kr260_min_i/axi_ic_PS_0_S_AXI_HPC0_FPD/s00_couplers/auto_ds/inst/gen_downsizer.gen_simple_downsizer.axi_downsizer_inst/USE_READ.read_addr_inst/cmd_queue/inst/m_axi_arlen[7]_INST_0_i_15/O
                         net (fo=1, routed)           0.052     3.167    kr260_min_i/axi_ic_PS_0_S_AXI_HPC0_FPD/s00_couplers/auto_ds/inst/gen_downsizer.gen_simple_downsizer.axi_downsizer_inst/USE_READ.read_addr_inst/cmd_queue/inst/m_axi_arlen[7]_INST_0_i_15_n_0
    SLICE_X0Y55          LUT6 (Prop_H6LUT_SLICEL_I2_O)
                                                      0.153     3.320 f  kr260_min_i/axi_ic_PS_0_S_AXI_HPC0_FPD/s00_couplers/auto_ds/inst/gen_downsizer.gen_simple_downsizer.axi_downsizer_inst/USE_READ.read_addr_inst/cmd_queue/inst/m_axi_arlen[7]_INST_0_i_12/O
                         net (fo=2, routed)           0.107     3.427    kr260_min_i/axi_ic_PS_0_S_AXI_HPC0_FPD/s00_couplers/auto_ds/inst/gen_downsizer.gen_simple_downsizer.axi_downsizer_inst/USE_READ.read_addr_inst/cmd_queue/inst/m_axi_arlen[7]_INST_0_i_12_n_0
    SLICE_X0Y56          LUT6 (Prop_G6LUT_SLICEL_I2_O)
                                                      0.186     3.613 r  kr260_min_i/axi_ic_PS_0_S_AXI_HPC0_FPD/s00_couplers/auto_ds/inst/gen_downsizer.gen_simple_downsizer.axi_downsizer_inst/USE_READ.read_addr_inst/cmd_queue/inst/m_axi_arlen[7]_INST_0_i_8/O
                         net (fo=9, routed)           0.182     3.794    kr260_min_i/axi_ic_PS_0_S_AXI_HPC0_FPD/s00_couplers/auto_ds/inst/gen_downsizer.gen_simple_downsizer.axi_downsizer_inst/USE_READ.read_addr_inst/cmd_queue/inst/m_axi_arlen[7]_INST_0_i_8_n_0
    SLICE_X1Y55          LUT5 (Prop_G6LUT_SLICEM_I1_O)
                                                      0.137     3.931 f  kr260_min_i/axi_ic_PS_0_S_AXI_HPC0_FPD/s00_couplers/auto_ds/inst/gen_downsizer.gen_simple_downsizer.axi_downsizer_inst/USE_READ.read_addr_inst/cmd_queue/inst/m_axi_arlen[2]_INST_0_i_3/O
                         net (fo=2, routed)           0.176     4.107    kr260_min_i/axi_ic_PS_0_S_AXI_HPC0_FPD/s00_couplers/auto_ds/inst/gen_downsizer.gen_simple_downsizer.axi_downsizer_inst/USE_READ.read_addr_inst/cmd_queue/inst/m_axi_arlen[2]_INST_0_i_3_n_0
    SLICE_X1Y58          LUT5 (Prop_D6LUT_SLICEM_I1_O)
                                                      0.185     4.292 r  kr260_min_i/axi_ic_PS_0_S_AXI_HPC0_FPD/s00_couplers/auto_ds/inst/gen_downsizer.gen_simple_downsizer.axi_downsizer_inst/USE_READ.read_addr_inst/cmd_queue/inst/m_axi_arlen[3]_INST_0_i_1/O
                         net (fo=3, routed)           0.130     4.422    kr260_min_i/axi_ic_PS_0_S_AXI_HPC0_FPD/s00_couplers/auto_ds/inst/gen_downsizer.gen_simple_downsizer.axi_downsizer_inst/USE_READ.read_addr_inst/cmd_queue/inst/m_axi_arlen[3]_INST_0_i_1_n_0
    SLICE_X2Y58          LUT6 (Prop_H6LUT_SLICEM_I3_O)
                                                      0.084     4.506 r  kr260_min_i/axi_ic_PS_0_S_AXI_HPC0_FPD/s00_couplers/auto_ds/inst/gen_downsizer.gen_simple_downsizer.axi_downsizer_inst/USE_READ.read_addr_inst/cmd_queue/inst/m_axi_arlen[7]_INST_0_i_4/O
                         net (fo=3, routed)           0.191     4.697    kr260_min_i/axi_ic_PS_0_S_AXI_HPC0_FPD/s00_couplers/auto_ds/inst/gen_downsizer.gen_simple_downsizer.axi_downsizer_inst/USE_READ.read_addr_inst/cmd_queue/inst/m_axi_arlen[7]_INST_0_i_4_n_0
    SLICE_X1Y59          LUT6 (Prop_G6LUT_SLICEM_I3_O)
                                                      0.226     4.923 r  kr260_min_i/axi_ic_PS_0_S_AXI_HPC0_FPD/s00_couplers/auto_ds/inst/gen_downsizer.gen_simple_downsizer.axi_downsizer_inst/USE_READ.read_addr_inst/cmd_queue/inst/m_axi_arlen[7]_INST_0/O
                         net (fo=2, routed)           0.371     5.295    kr260_min_i/PS_0/inst/saxigp0_arlen[7]
    PS8_X0Y0             PS8                                          r  kr260_min_i/PS_0/inst/PS8_i/SAXIGP0ARLEN[7]
  -------------------------------------------------------------------    -------------------

                         (clock clk_pl_0 rise edge)
                                                      4.000     4.000 r  
    PS8_X0Y0             PS8                          0.000     4.000 r  kr260_min_i/PS_0/inst/PS8_i/PLCLK[0]
                         net (fo=1, routed)           0.181     4.181    kr260_min_i/PS_0/inst/pl_clk_unbuffered[0]
    BUFG_PS_X0Y80        BUFG_PS (Prop_BUFG_PS_I_O)
                                                      0.035     4.216 r  kr260_min_i/PS_0/inst/buffer_pl_clk_0.PL_CLK_0_BUFG/O
    X0Y1 (CLOCK_ROOT)    net (fo=5670, routed)        2.107     6.323    kr260_min_i/PS_0/inst/saxihpc0_fpd_aclk
    PS8_X0Y0             PS8                                          r  kr260_min_i/PS_0/inst/PS8_i/SAXIGP0RCLK
                         clock pessimism              0.144     6.467    
                         clock uncertainty           -0.122     6.345    
    PS8_X0Y0             PS8 (Setup_PS8_SAXIGP0RCLK_SAXIGP0ARLEN[7])
                                                     -0.726     5.619    kr260_min_i/PS_0/inst/PS8_i
  -------------------------------------------------------------------
                         required time                          5.619    
                         arrival time                          -5.295    
  -------------------------------------------------------------------
                         slack                                  0.325    

Slack (MET) :             0.332ns  (required time - arrival time)
  Source:                 kr260_min_i/axi_ic_PS_0_S_AXI_HPC0_FPD/s00_couplers/auto_ds/inst/gen_downsizer.gen_simple_downsizer.axi_downsizer_inst/USE_WRITE.write_data_inst/first_word_reg/C
                            (rising edge-triggered cell FDSE clocked by clk_pl_0  {rise@0.000ns fall@2.000ns period=4.000ns})
  Destination:            kr260_min_i/PS_0/inst/PS8_i/SAXIGP0WSTRB[10]
                            (rising edge-triggered cell PS8 clocked by clk_pl_0  {rise@0.000ns fall@2.000ns period=4.000ns})
  Path Group:             clk_pl_0
  Path Type:              Setup (Max at Slow Process Corner)
  Requirement:            4.000ns  (clk_pl_0 rise@4.000ns - clk_pl_0 rise@0.000ns)
  Data Path Delay:        2.693ns  (logic 1.023ns (37.983%)  route 1.670ns (62.017%))
  Logic Levels:           5  (LUT4=1 LUT5=1 LUT6=3)
  Clock Path Skew:        -0.152ns (DCD - SCD + CPR)
    Destination Clock Delay (DCD):    2.323ns = ( 6.323 - 4.000 ) 
    Source Clock Delay      (SCD):    2.619ns
    Clock Pessimism Removal (CPR):    0.144ns
  Clock Uncertainty:      0.122ns  ((TSJ^2 + DJ^2)^1/2) / 2 + PE
    Total System Jitter     (TSJ):    0.071ns
    Discrete Jitter          (DJ):    0.233ns
    Phase Error              (PE):    0.000ns
  Clock Net Delay (Source):      2.352ns (routing 1.045ns, distribution 1.307ns)
  Clock Net Delay (Destination): 2.107ns (routing 0.955ns, distribution 1.152ns)

    Location             Delay type                Incr(ns)  Path(ns)    Netlist Resource(s)
  -------------------------------------------------------------------    -------------------
                         (clock clk_pl_0 rise edge)
                                                      0.000     0.000 r  
    PS8_X0Y0             PS8                          0.000     0.000 r  kr260_min_i/PS_0/inst/PS8_i/PLCLK[0]
                         net (fo=1, routed)           0.229     0.229    kr260_min_i/PS_0/inst/pl_clk_unbuffered[0]
    BUFG_PS_X0Y80        BUFG_PS (Prop_BUFG_PS_I_O)
                                                      0.038     0.267 r  kr260_min_i/PS_0/inst/buffer_pl_clk_0.PL_CLK_0_BUFG/O
    X0Y1 (CLOCK_ROOT)    net (fo=5670, routed)        2.352     2.619    kr260_min_i/axi_ic_PS_0_S_AXI_HPC0_FPD/s00_couplers/auto_ds/inst/gen_downsizer.gen_simple_downsizer.axi_downsizer_inst/USE_WRITE.write_data_inst/CLK
    SLICE_X3Y51          FDSE                                         r  kr260_min_i/axi_ic_PS_0_S_AXI_HPC0_FPD/s00_couplers/auto_ds/inst/gen_downsizer.gen_simple_downsizer.axi_downsizer_inst/USE_WRITE.write_data_inst/first_word_reg/C
  -------------------------------------------------------------------    -------------------
    SLICE_X3Y51          FDSE (Prop_BFF_SLICEL_C_Q)
                                                      0.113     2.732 r  kr260_min_i/axi_ic_PS_0_S_AXI_HPC0_FPD/s00_couplers/auto_ds/inst/gen_downsizer.gen_simple_downsizer.axi_downsizer_inst/USE_WRITE.write_data_inst/first_word_reg/Q
                         net (fo=23, routed)          0.078     2.810    kr260_min_i/axi_ic_PS_0_S_AXI_HPC0_FPD/s00_couplers/auto_ds/inst/gen_downsizer.gen_simple_downsizer.axi_downsizer_inst/USE_WRITE.write_data_inst/first_mi_word
    SLICE_X3Y51          LUT4 (Prop_E6LUT_SLICEL_I2_O)
                                                      0.223     3.033 r  kr260_min_i/axi_ic_PS_0_S_AXI_HPC0_FPD/s00_couplers/auto_ds/inst/gen_downsizer.gen_simple_downsizer.axi_downsizer_inst/USE_WRITE.write_data_inst/current_word_1[2]_i_2__0/O
                         net (fo=3, routed)           0.290     3.324    kr260_min_i/axi_ic_PS_0_S_AXI_HPC0_FPD/s00_couplers/auto_ds/inst/gen_downsizer.gen_simple_downsizer.axi_downsizer_inst/USE_WRITE.write_data_inst/current_word_1_reg[2]_0
    SLICE_X4Y53          LUT6 (Prop_G6LUT_SLICEM_I0_O)
                                                      0.226     3.550 r  kr260_min_i/axi_ic_PS_0_S_AXI_HPC0_FPD/s00_couplers/auto_ds/inst/gen_downsizer.gen_simple_downsizer.axi_downsizer_inst/USE_WRITE.write_data_inst/m_axi_wdata[127]_INST_0_i_6/O
                         net (fo=1, routed)           0.059     3.609    kr260_min_i/axi_ic_PS_0_S_AXI_HPC0_FPD/s00_couplers/auto_ds/inst/gen_downsizer.gen_simple_downsizer.axi_downsizer_inst/USE_WRITE.write_data_inst/m_axi_wdata[127]_INST_0_i_6_n_0
    SLICE_X4Y53          LUT6 (Prop_H6LUT_SLICEM_I0_O)
                                                      0.084     3.693 r  kr260_min_i/axi_ic_PS_0_S_AXI_HPC0_FPD/s00_couplers/auto_ds/inst/gen_downsizer.gen_simple_downsizer.axi_downsizer_inst/USE_WRITE.write_data_inst/m_axi_wdata[127]_INST_0_i_4/O
                         net (fo=2, routed)           0.108     3.801    kr260_min_i/axi_ic_PS_0_S_AXI_HPC0_FPD/s00_couplers/auto_ds/inst/gen_downsizer.gen_simple_downsizer.axi_downsizer_inst/USE_WRITE.write_data_inst/m_axi_wdata[127]_INST_0_i_4_n_0
    SLICE_X4Y53          LUT5 (Prop_C6LUT_SLICEM_I2_O)
                                                      0.149     3.950 r  kr260_min_i/axi_ic_PS_0_S_AXI_HPC0_FPD/s00_couplers/auto_ds/inst/gen_downsizer.gen_simple_downsizer.axi_downsizer_inst/USE_WRITE.write_data_inst/m_axi_wdata[127]_INST_0_i_1/O
                         net (fo=144, routed)         0.583     4.533    kr260_min_i/axi_ic_PS_0_S_AXI_HPC0_FPD/s00_couplers/auto_ds/inst/gen_downsizer.gen_simple_downsizer.axi_downsizer_inst/USE_WRITE.write_data_inst/m_axi_wdata[127]_INST_0_i_1_n_0
    SLICE_X10Y58         LUT6 (Prop_H6LUT_SLICEM_I2_O)
                                                      0.228     4.761 r  kr260_min_i/axi_ic_PS_0_S_AXI_HPC0_FPD/s00_couplers/auto_ds/inst/gen_downsizer.gen_simple_downsizer.axi_downsizer_inst/USE_WRITE.write_data_inst/m_axi_wstrb[10]_INST_0/O
                         net (fo=1, routed)           0.551     5.312    kr260_min_i/PS_0/inst/saxigp0_wstrb[10]
    PS8_X0Y0             PS8                                          r  kr260_min_i/PS_0/inst/PS8_i/SAXIGP0WSTRB[10]
  -------------------------------------------------------------------    -------------------

                         (clock clk_pl_0 rise edge)
                                                      4.000     4.000 r  
    PS8_X0Y0             PS8                          0.000     4.000 r  kr260_min_i/PS_0/inst/PS8_i/PLCLK[0]
                         net (fo=1, routed)           0.181     4.181    kr260_min_i/PS_0/inst/pl_clk_unbuffered[0]
    BUFG_PS_X0Y80        BUFG_PS (Prop_BUFG_PS_I_O)
                                                      0.035     4.216 r  kr260_min_i/PS_0/inst/buffer_pl_clk_0.PL_CLK_0_BUFG/O
    X0Y1 (CLOCK_ROOT)    net (fo=5670, routed)        2.107     6.323    kr260_min_i/PS_0/inst/saxihpc0_fpd_aclk
    PS8_X0Y0             PS8                                          r  kr260_min_i/PS_0/inst/PS8_i/SAXIGP0WCLK
                         clock pessimism              0.144     6.467    
                         clock uncertainty           -0.122     6.345    
    PS8_X0Y0             PS8 (Setup_PS8_SAXIGP0WCLK_SAXIGP0WSTRB[10])
                                                     -0.701     5.644    kr260_min_i/PS_0/inst/PS8_i
  -------------------------------------------------------------------
                         required time                          5.644    
                         arrival time                          -5.312    
  -------------------------------------------------------------------
                         slack                                  0.332    

Slack (MET) :             0.333ns  (required time - arrival time)
  Source:                 kr260_min_i/axi_ic_PS_0_S_AXI_HPC0_FPD/s00_couplers/auto_ds/inst/gen_downsizer.gen_simple_downsizer.axi_downsizer_inst/USE_READ.read_addr_inst/S_AXI_ALEN_Q_reg[0]/C
                            (rising edge-triggered cell FDRE clocked by clk_pl_0  {rise@0.000ns fall@2.000ns period=4.000ns})
  Destination:            kr260_min_i/PS_0/inst/PS8_i/SAXIGP0ARLEN[4]
                            (rising edge-triggered cell PS8 clocked by clk_pl_0  {rise@0.000ns fall@2.000ns period=4.000ns})
  Path Group:             clk_pl_0
  Path Type:              Setup (Max at Slow Process Corner)
  Requirement:            4.000ns  (clk_pl_0 rise@4.000ns - clk_pl_0 rise@0.000ns)
  Data Path Delay:        2.669ns  (logic 1.275ns (47.772%)  route 1.394ns (52.228%))
  Logic Levels:           7  (LUT5=4 LUT6=3)
  Clock Path Skew:        -0.139ns (DCD - SCD + CPR)
    Destination Clock Delay (DCD):    2.323ns = ( 6.323 - 4.000 ) 
    Source Clock Delay      (SCD):    2.606ns
    Clock Pessimism Removal (CPR):    0.144ns
  Clock Uncertainty:      0.122ns  ((TSJ^2 + DJ^2)^1/2) / 2 + PE
    Total System Jitter     (TSJ):    0.071ns
    Discrete Jitter          (DJ):    0.233ns
    Phase Error              (PE):    0.000ns
  Clock Net Delay (Source):      2.339ns (routing 1.045ns, distribution 1.294ns)
  Clock Net Delay (Destination): 2.107ns (routing 0.955ns, distribution 1.152ns)

    Location             Delay type                Incr(ns)  Path(ns)    Netlist Resource(s)
  -------------------------------------------------------------------    -------------------
                         (clock clk_pl_0 rise edge)
                                                      0.000     0.000 r  
    PS8_X0Y0             PS8                          0.000     0.000 r  kr260_min_i/PS_0/inst/PS8_i/PLCLK[0]
                         net (fo=1, routed)           0.229     0.229    kr260_min_i/PS_0/inst/pl_clk_unbuffered[0]
    BUFG_PS_X0Y80        BUFG_PS (Prop_BUFG_PS_I_O)
                                                      0.038     0.267 r  kr260_min_i/PS_0/inst/buffer_pl_clk_0.PL_CLK_0_BUFG/O
    X0Y1 (CLOCK_ROOT)    net (fo=5670, routed)        2.339     2.606    kr260_min_i/axi_ic_PS_0_S_AXI_HPC0_FPD/s00_couplers/auto_ds/inst/gen_downsizer.gen_simple_downsizer.axi_downsizer_inst/USE_READ.read_addr_inst/CLK
    SLICE_X0Y55          FDRE                                         r  kr260_min_i/axi_ic_PS_0_S_AXI_HPC0_FPD/s00_couplers/auto_ds/inst/gen_downsizer.gen_simple_downsizer.axi_downsizer_inst/USE_READ.read_addr_inst/S_AXI_ALEN_Q_reg[0]/C
  -------------------------------------------------------------------    -------------------
    SLICE_X0Y55          FDRE (Prop_AFF_SLICEL_C_Q)
                                                      0.114     2.720 r  kr260_min_i/axi_ic_PS_0_S_AXI_HPC0_FPD/s00_couplers/auto_ds/inst/gen_downsizer.gen_simple_downsizer.axi_downsizer_inst/USE_READ.read_addr_inst/S_AXI_ALEN_Q_reg[0]/Q
                         net (fo=3, routed)           0.174     2.894    kr260_min_i/axi_ic_PS_0_S_AXI_HPC0_FPD/s00_couplers/auto_ds/inst/gen_downsizer.gen_simple_downsizer.axi_downsizer_inst/USE_READ.read_addr_inst/cmd_queue/inst/m_axi_arlen[7]_0[0]
    SLICE_X0Y55          LUT6 (Prop_D6LUT_SLICEL_I0_O)
                                                      0.221     3.115 f  kr260_min_i/axi_ic_PS_0_S_AXI_HPC0_FPD/s00_couplers/auto_ds/inst/gen_downsizer.gen_simple_downsizer.axi_downsizer_inst/USE_READ.read_addr_inst/cmd_queue/inst/m_axi_arlen[7]_INST_0_i_15/O
                         net (fo=1, routed)           0.052     3.167    kr260_min_i/axi_ic_PS_0_S_AXI_HPC0_FPD/s00_couplers/auto_ds/inst/gen_downsizer.gen_simple_downsizer.axi_downsizer_inst/USE_READ.read_addr_inst/cmd_queue/inst/m_axi_arlen[7]_INST_0_i_15_n_0
    SLICE_X0Y55          LUT6 (Prop_H6LUT_SLICEL_I2_O)
                                                      0.153     3.320 f  kr260_min_i/axi_ic_PS_0_S_AXI_HPC0_FPD/s00_couplers/auto_ds/inst/gen_downsizer.gen_simple_downsizer.axi_downsizer_inst/USE_READ.read_addr_inst/cmd_queue/inst/m_axi_arlen[7]_INST_0_i_12/O
                         net (fo=2, routed)           0.107     3.427    kr260_min_i/axi_ic_PS_0_S_AXI_HPC0_FPD/s00_couplers/auto_ds/inst/gen_downsizer.gen_simple_downsizer.axi_downsizer_inst/USE_READ.read_addr_inst/cmd_queue/inst/m_axi_arlen[7]_INST_0_i_12_n_0
    SLICE_X0Y56          LUT6 (Prop_G6LUT_SLICEL_I2_O)
                                                      0.186     3.613 r  kr260_min_i/axi_ic_PS_0_S_AXI_HPC0_FPD/s00_couplers/auto_ds/inst/gen_downsizer.gen_simple_downsizer.axi_downsizer_inst/USE_READ.read_addr_inst/cmd_queue/inst/m_axi_arlen[7]_INST_0_i_8/O
                         net (fo=9, routed)           0.182     3.794    kr260_min_i/axi_ic_PS_0_S_AXI_HPC0_FPD/s00_couplers/auto_ds/inst/gen_downsizer.gen_simple_downsizer.axi_downsizer_inst/USE_READ.read_addr_inst/cmd_queue/inst/m_axi_arlen[7]_INST_0_i_8_n_0
    SLICE_X1Y55          LUT5 (Prop_G6LUT_SLICEM_I1_O)
                                                      0.137     3.931 f  kr260_min_i/axi_ic_PS_0_S_AXI_HPC0_FPD/s00_couplers/auto_ds/inst/gen_downsizer.gen_simple_downsizer.axi_downsizer_inst/USE_READ.read_addr_inst/cmd_queue/inst/m_axi_arlen[2]_INST_0_i_3/O
                         net (fo=2, routed)           0.176     4.107    kr260_min_i/axi_ic_PS_0_S_AXI_HPC0_FPD/s00_couplers/auto_ds/inst/gen_downsizer.gen_simple_downsizer.axi_downsizer_inst/USE_READ.read_addr_inst/cmd_queue/inst/m_axi_arlen[2]_INST_0_i_3_n_0
    SLICE_X1Y58          LUT5 (Prop_D6LUT_SLICEM_I1_O)
                                                      0.185     4.292 r  kr260_min_i/axi_ic_PS_0_S_AXI_HPC0_FPD/s00_couplers/auto_ds/inst/gen_downsizer.gen_simple_downsizer.axi_downsizer_inst/USE_READ.read_addr_inst/cmd_queue/inst/m_axi_arlen[3]_INST_0_i_1/O
                         net (fo=3, routed)           0.119     4.411    kr260_min_i/axi_ic_PS_0_S_AXI_HPC0_FPD/s00_couplers/auto_ds/inst/gen_downsizer.gen_simple_downsizer.axi_downsizer_inst/USE_READ.read_addr_inst/cmd_queue/inst/m_axi_arlen[3]_INST_0_i_1_n_0
    SLICE_X2Y58          LUT5 (Prop_C5LUT_SLICEM_I3_O)
                                                      0.093     4.504 r  kr260_min_i/axi_ic_PS_0_S_AXI_HPC0_FPD/s00_couplers/auto_ds/inst/gen_downsizer.gen_simple_downsizer.axi_downsizer_inst/USE_READ.read_addr_inst/cmd_queue/inst/m_axi_arlen[4]_INST_0_i_1/O
                         net (fo=1, routed)           0.201     4.705    kr260_min_i/axi_ic_PS_0_S_AXI_HPC0_FPD/s00_couplers/auto_ds/inst/gen_downsizer.gen_simple_downsizer.axi_downsizer_inst/USE_READ.read_addr_inst/cmd_queue/inst/m_axi_arlen[4]_INST_0_i_1_n_0
    SLICE_X2Y58          LUT5 (Prop_G6LUT_SLICEM_I0_O)
                                                      0.186     4.891 r  kr260_min_i/axi_ic_PS_0_S_AXI_HPC0_FPD/s00_couplers/auto_ds/inst/gen_downsizer.gen_simple_downsizer.axi_downsizer_inst/USE_READ.read_addr_inst/cmd_queue/inst/m_axi_arlen[4]_INST_0/O
                         net (fo=2, routed)           0.384     5.275    kr260_min_i/PS_0/inst/saxigp0_arlen[4]
    PS8_X0Y0             PS8                                          r  kr260_min_i/PS_0/inst/PS8_i/SAXIGP0ARLEN[4]
  -------------------------------------------------------------------    -------------------

                         (clock clk_pl_0 rise edge)
                                                      4.000     4.000 r  
    PS8_X0Y0             PS8                          0.000     4.000 r  kr260_min_i/PS_0/inst/PS8_i/PLCLK[0]
                         net (fo=1, routed)           0.181     4.181    kr260_min_i/PS_0/inst/pl_clk_unbuffered[0]
    BUFG_PS_X0Y80        BUFG_PS (Prop_BUFG_PS_I_O)
                                                      0.035     4.216 r  kr260_min_i/PS_0/inst/buffer_pl_clk_0.PL_CLK_0_BUFG/O
    X0Y1 (CLOCK_ROOT)    net (fo=5670, routed)        2.107     6.323    kr260_min_i/PS_0/inst/saxihpc0_fpd_aclk
    PS8_X0Y0             PS8                                          r  kr260_min_i/PS_0/inst/PS8_i/SAXIGP0RCLK
                         clock pessimism              0.144     6.467    
                         clock uncertainty           -0.122     6.345    
    PS8_X0Y0             PS8 (Setup_PS8_SAXIGP0RCLK_SAXIGP0ARLEN[4])
                                                     -0.737     5.608    kr260_min_i/PS_0/inst/PS8_i
  -------------------------------------------------------------------
                         required time                          5.608    
                         arrival time                          -5.275    
  -------------------------------------------------------------------
                         slack                                  0.333    

Slack (MET) :             0.337ns  (required time - arrival time)
  Source:                 kr260_min_i/axi_ic_PS_0_S_AXI_HPC0_FPD/s00_couplers/auto_ds/inst/gen_downsizer.gen_simple_downsizer.axi_downsizer_inst/USE_WRITE.write_addr_inst/pushed_commands_reg[1]/C
                            (rising edge-triggered cell FDRE clocked by clk_pl_0  {rise@0.000ns fall@2.000ns period=4.000ns})
  Destination:            kr260_min_i/PS_0/inst/PS8_i/SAXIGP0AWLEN[5]
                            (rising edge-triggered cell PS8 clocked by clk_pl_0  {rise@0.000ns fall@2.000ns period=4.000ns})
  Path Group:             clk_pl_0
  Path Type:              Setup (Max at Slow Process Corner)
  Requirement:            4.000ns  (clk_pl_0 rise@4.000ns - clk_pl_0 rise@0.000ns)
  Data Path Delay:        2.673ns  (logic 1.024ns (38.316%)  route 1.649ns (61.684%))
  Logic Levels:           7  (LUT5=2 LUT6=5)
  Clock Path Skew:        -0.138ns (DCD - SCD + CPR)
    Destination Clock Delay (DCD):    2.323ns = ( 6.323 - 4.000 ) 
    Source Clock Delay      (SCD):    2.605ns
    Clock Pessimism Removal (CPR):    0.144ns
  Clock Uncertainty:      0.122ns  ((TSJ^2 + DJ^2)^1/2) / 2 + PE
    Total System Jitter     (TSJ):    0.071ns
    Discrete Jitter          (DJ):    0.233ns
    Phase Error              (PE):    0.000ns
  Clock Net Delay (Source):      2.338ns (routing 1.045ns, distribution 1.293ns)
  Clock Net Delay (Destination): 2.107ns (routing 0.955ns, distribution 1.152ns)

    Location             Delay type                Incr(ns)  Path(ns)    Netlist Resource(s)
  -------------------------------------------------------------------    -------------------
                         (clock clk_pl_0 rise edge)
                                                      0.000     0.000 r  
    PS8_X0Y0             PS8                          0.000     0.000 r  kr260_min_i/PS_0/inst/PS8_i/PLCLK[0]
                         net (fo=1, routed)           0.229     0.229    kr260_min_i/PS_0/inst/pl_clk_unbuffered[0]
    BUFG_PS_X0Y80        BUFG_PS (Prop_BUFG_PS_I_O)
                                                      0.038     0.267 r  kr260_min_i/PS_0/inst/buffer_pl_clk_0.PL_CLK_0_BUFG/O
    X0Y1 (CLOCK_ROOT)    net (fo=5670, routed)        2.338     2.605    kr260_min_i/axi_ic_PS_0_S_AXI_HPC0_FPD/s00_couplers/auto_ds/inst/gen_downsizer.gen_simple_downsizer.axi_downsizer_inst/USE_WRITE.write_addr_inst/CLK
    SLICE_X0Y34          FDRE                                         r  kr260_min_i/axi_ic_PS_0_S_AXI_HPC0_FPD/s00_couplers/auto_ds/inst/gen_downsizer.gen_simple_downsizer.axi_downsizer_inst/USE_WRITE.write_addr_inst/pushed_commands_reg[1]/C
  -------------------------------------------------------------------    -------------------
    SLICE_X0Y34          FDRE (Prop_CFF_SLICEL_C_Q)
                                                      0.114     2.719 r  kr260_min_i/axi_ic_PS_0_S_AXI_HPC0_FPD/s00_couplers/auto_ds/inst/gen_downsizer.gen_simple_downsizer.axi_downsizer_inst/USE_WRITE.write_addr_inst/pushed_commands_reg[1]/Q
                         net (fo=8, routed)           0.141     2.860    kr260_min_i/axi_ic_PS_0_S_AXI_HPC0_FPD/s00_couplers/auto_ds/inst/gen_downsizer.gen_simple_downsizer.axi_downsizer_inst/USE_WRITE.write_addr_inst/USE_B_CHANNEL.cmd_b_queue/inst/Q[1]
    SLICE_X0Y33          LUT6 (Prop_G6LUT_SLICEL_I0_O)
                                                      0.226     3.086 f  kr260_min_i/axi_ic_PS_0_S_AXI_HPC0_FPD/s00_couplers/auto_ds/inst/gen_downsizer.gen_simple_downsizer.axi_downsizer_inst/USE_WRITE.write_addr_inst/USE_B_CHANNEL.cmd_b_queue/inst/m_axi_awlen[7]_INST_0_i_16/O
                         net (fo=1, routed)           0.054     3.140    kr260_min_i/axi_ic_PS_0_S_AXI_HPC0_FPD/s00_couplers/auto_ds/inst/gen_downsizer.gen_simple_downsizer.axi_downsizer_inst/USE_WRITE.write_addr_inst/USE_B_CHANNEL.cmd_b_queue/inst/m_axi_awlen[7]_INST_0_i_16_n_0
    SLICE_X0Y33          LUT6 (Prop_H6LUT_SLICEL_I3_O)
                                                      0.083     3.223 f  kr260_min_i/axi_ic_PS_0_S_AXI_HPC0_FPD/s00_couplers/auto_ds/inst/gen_downsizer.gen_simple_downsizer.axi_downsizer_inst/USE_WRITE.write_addr_inst/USE_B_CHANNEL.cmd_b_queue/inst/m_axi_awlen[7]_INST_0_i_12/O
                         net (fo=2, routed)           0.166     3.389    kr260_min_i/axi_ic_PS_0_S_AXI_HPC0_FPD/s00_couplers/auto_ds/inst/gen_downsizer.gen_simple_downsizer.axi_downsizer_inst/USE_WRITE.write_addr_inst/cmd_queue/inst/m_axi_awlen[7]_INST_0_i_7_0
    SLICE_X1Y35          LUT6 (Prop_D6LUT_SLICEM_I2_O)
                                                      0.151     3.540 r  kr260_min_i/axi_ic_PS_0_S_AXI_HPC0_FPD/s00_couplers/auto_ds/inst/gen_downsizer.gen_simple_downsizer.axi_downsizer_inst/USE_WRITE.write_addr_inst/cmd_queue/inst/m_axi_awlen[7]_INST_0_i_8/O
                         net (fo=9, routed)           0.257     3.797    kr260_min_i/axi_ic_PS_0_S_AXI_HPC0_FPD/s00_couplers/auto_ds/inst/gen_downsizer.gen_simple_downsizer.axi_downsizer_inst/USE_WRITE.write_addr_inst/cmd_queue/inst/m_axi_awlen[7]_INST_0_i_8_n_0
    SLICE_X0Y38          LUT6 (Prop_F6LUT_SLICEL_I1_O)
                                                      0.081     3.878 r  kr260_min_i/axi_ic_PS_0_S_AXI_HPC0_FPD/s00_couplers/auto_ds/inst/gen_downsizer.gen_simple_downsizer.axi_downsizer_inst/USE_WRITE.write_addr_inst/cmd_queue/inst/m_axi_awlen[1]_INST_0_i_1/O
                         net (fo=3, routed)           0.207     4.085    kr260_min_i/axi_ic_PS_0_S_AXI_HPC0_FPD/s00_couplers/auto_ds/inst/gen_downsizer.gen_simple_downsizer.axi_downsizer_inst/USE_WRITE.write_addr_inst/cmd_queue/inst/m_axi_awlen[1]_INST_0_i_1_n_0
    SLICE_X0Y36          LUT5 (Prop_D6LUT_SLICEL_I3_O)
                                                      0.136     4.221 r  kr260_min_i/axi_ic_PS_0_S_AXI_HPC0_FPD/s00_couplers/auto_ds/inst/gen_downsizer.gen_simple_downsizer.axi_downsizer_inst/USE_WRITE.write_addr_inst/cmd_queue/inst/m_axi_awlen[3]_INST_0_i_1/O
                         net (fo=3, routed)           0.104     4.325    kr260_min_i/axi_ic_PS_0_S_AXI_HPC0_FPD/s00_couplers/auto_ds/inst/gen_downsizer.gen_simple_downsizer.axi_downsizer_inst/USE_WRITE.write_addr_inst/cmd_queue/inst/m_axi_awlen[3]_INST_0_i_1_n_0
    SLICE_X0Y38          LUT6 (Prop_C6LUT_SLICEL_I3_O)
                                                      0.081     4.406 r  kr260_min_i/axi_ic_PS_0_S_AXI_HPC0_FPD/s00_couplers/auto_ds/inst/gen_downsizer.gen_simple_downsizer.axi_downsizer_inst/USE_WRITE.write_addr_inst/cmd_queue/inst/m_axi_awlen[7]_INST_0_i_4/O
                         net (fo=3, routed)           0.259     4.665    kr260_min_i/axi_ic_PS_0_S_AXI_HPC0_FPD/s00_couplers/auto_ds/inst/gen_downsizer.gen_simple_downsizer.axi_downsizer_inst/USE_WRITE.write_addr_inst/cmd_queue/inst/m_axi_awlen[7]_INST_0_i_4_n_0
    SLICE_X0Y46          LUT5 (Prop_D6LUT_SLICEL_I0_O)
                                                      0.152     4.817 r  kr260_min_i/axi_ic_PS_0_S_AXI_HPC0_FPD/s00_couplers/auto_ds/inst/gen_downsizer.gen_simple_downsizer.axi_downsizer_inst/USE_WRITE.write_addr_inst/cmd_queue/inst/m_axi_awlen[5]_INST_0/O
                         net (fo=2, routed)           0.460     5.277    kr260_min_i/PS_0/inst/saxigp0_awlen[5]
    PS8_X0Y0             PS8                                          r  kr260_min_i/PS_0/inst/PS8_i/SAXIGP0AWLEN[5]
  -------------------------------------------------------------------    -------------------

                         (clock clk_pl_0 rise edge)
                                                      4.000     4.000 r  
    PS8_X0Y0             PS8                          0.000     4.000 r  kr260_min_i/PS_0/inst/PS8_i/PLCLK[0]
                         net (fo=1, routed)           0.181     4.181    kr260_min_i/PS_0/inst/pl_clk_unbuffered[0]
    BUFG_PS_X0Y80        BUFG_PS (Prop_BUFG_PS_I_O)
                                                      0.035     4.216 r  kr260_min_i/PS_0/inst/buffer_pl_clk_0.PL_CLK_0_BUFG/O
    X0Y1 (CLOCK_ROOT)    net (fo=5670, routed)        2.107     6.323    kr260_min_i/PS_0/inst/saxihpc0_fpd_aclk
    PS8_X0Y0             PS8                                          r  kr260_min_i/PS_0/inst/PS8_i/SAXIGP0WCLK
                         clock pessimism              0.144     6.467    
                         clock uncertainty           -0.122     6.345    
    PS8_X0Y0             PS8 (Setup_PS8_SAXIGP0WCLK_SAXIGP0AWLEN[5])
                                                     -0.731     5.614    kr260_min_i/PS_0/inst/PS8_i
  -------------------------------------------------------------------
                         required time                          5.614    
                         arrival time                          -5.277    
  -------------------------------------------------------------------
                         slack                                  0.337    

Slack (MET) :             0.356ns  (required time - arrival time)
  Source:                 kr260_min_i/axi_ic_PS_0_S_AXI_HPC0_FPD/s00_couplers/auto_ds/inst/gen_downsizer.gen_simple_downsizer.axi_downsizer_inst/USE_WRITE.write_data_inst/first_word_reg/C
                            (rising edge-triggered cell FDSE clocked by clk_pl_0  {rise@0.000ns fall@2.000ns period=4.000ns})
  Destination:            kr260_min_i/PS_0/inst/PS8_i/SAXIGP0WDATA[80]
                            (rising edge-triggered cell PS8 clocked by clk_pl_0  {rise@0.000ns fall@2.000ns period=4.000ns})
  Path Group:             clk_pl_0
  Path Type:              Setup (Max at Slow Process Corner)
  Requirement:            4.000ns  (clk_pl_0 rise@4.000ns - clk_pl_0 rise@0.000ns)
  Data Path Delay:        2.652ns  (logic 0.880ns (33.181%)  route 1.772ns (66.819%))
  Logic Levels:           5  (LUT4=1 LUT6=4)
  Clock Path Skew:        -0.152ns (DCD - SCD + CPR)
    Destination Clock Delay (DCD):    2.323ns = ( 6.323 - 4.000 ) 
    Source Clock Delay      (SCD):    2.619ns
    Clock Pessimism Removal (CPR):    0.144ns
  Clock Uncertainty:      0.122ns  ((TSJ^2 + DJ^2)^1/2) / 2 + PE
    Total System Jitter     (TSJ):    0.071ns
    Discrete Jitter          (DJ):    0.233ns
    Phase Error              (PE):    0.000ns
  Clock Net Delay (Source):      2.352ns (routing 1.045ns, distribution 1.307ns)
  Clock Net Delay (Destination): 2.107ns (routing 0.955ns, distribution 1.152ns)

    Location             Delay type                Incr(ns)  Path(ns)    Netlist Resource(s)
  -------------------------------------------------------------------    -------------------
                         (clock clk_pl_0 rise edge)
                                                      0.000     0.000 r  
    PS8_X0Y0             PS8                          0.000     0.000 r  kr260_min_i/PS_0/inst/PS8_i/PLCLK[0]
                         net (fo=1, routed)           0.229     0.229    kr260_min_i/PS_0/inst/pl_clk_unbuffered[0]
    BUFG_PS_X0Y80        BUFG_PS (Prop_BUFG_PS_I_O)
                                                      0.038     0.267 r  kr260_min_i/PS_0/inst/buffer_pl_clk_0.PL_CLK_0_BUFG/O
    X0Y1 (CLOCK_ROOT)    net (fo=5670, routed)        2.352     2.619    kr260_min_i/axi_ic_PS_0_S_AXI_HPC0_FPD/s00_couplers/auto_ds/inst/gen_downsizer.gen_simple_downsizer.axi_downsizer_inst/USE_WRITE.write_data_inst/CLK
    SLICE_X3Y51          FDSE                                         r  kr260_min_i/axi_ic_PS_0_S_AXI_HPC0_FPD/s00_couplers/auto_ds/inst/gen_downsizer.gen_simple_downsizer.axi_downsizer_inst/USE_WRITE.write_data_inst/first_word_reg/C
  -------------------------------------------------------------------    -------------------
    SLICE_X3Y51          FDSE (Prop_BFF_SLICEL_C_Q)
                                                      0.113     2.732 r  kr260_min_i/axi_ic_PS_0_S_AXI_HPC0_FPD/s00_couplers/auto_ds/inst/gen_downsizer.gen_simple_downsizer.axi_downsizer_inst/USE_WRITE.write_data_inst/first_word_reg/Q
                         net (fo=23, routed)          0.078     2.810    kr260_min_i/axi_ic_PS_0_S_AXI_HPC0_FPD/s00_couplers/auto_ds/inst/gen_downsizer.gen_simple_downsizer.axi_downsizer_inst/USE_WRITE.write_data_inst/first_mi_word
    SLICE_X3Y51          LUT4 (Prop_E6LUT_SLICEL_I2_O)
                                                      0.223     3.033 r  kr260_min_i/axi_ic_PS_0_S_AXI_HPC0_FPD/s00_couplers/auto_ds/inst/gen_downsizer.gen_simple_downsizer.axi_downsizer_inst/USE_WRITE.write_data_inst/current_word_1[2]_i_2__0/O
                         net (fo=3, routed)           0.290     3.324    kr260_min_i/axi_ic_PS_0_S_AXI_HPC0_FPD/s00_couplers/auto_ds/inst/gen_downsizer.gen_simple_downsizer.axi_downsizer_inst/USE_WRITE.write_data_inst/current_word_1_reg[2]_0
    SLICE_X4Y53          LUT6 (Prop_G6LUT_SLICEM_I0_O)
                                                      0.226     3.550 r  kr260_min_i/axi_ic_PS_0_S_AXI_HPC0_FPD/s00_couplers/auto_ds/inst/gen_downsizer.gen_simple_downsizer.axi_downsizer_inst/USE_WRITE.write_data_inst/m_axi_wdata[127]_INST_0_i_6/O
                         net (fo=1, routed)           0.059     3.609    kr260_min_i/axi_ic_PS_0_S_AXI_HPC0_FPD/s00_couplers/auto_ds/inst/gen_downsizer.gen_simple_downsizer.axi_downsizer_inst/USE_WRITE.write_data_inst/m_axi_wdata[127]_INST_0_i_6_n_0
    SLICE_X4Y53          LUT6 (Prop_H6LUT_SLICEM_I0_O)
                                                      0.084     3.693 r  kr260_min_i/axi_ic_PS_0_S_AXI_HPC0_FPD/s00_couplers/auto_ds/inst/gen_downsizer.gen_simple_downsizer.axi_downsizer_inst/USE_WRITE.write_data_inst/m_axi_wdata[127]_INST_0_i_4/O
                         net (fo=2, routed)           0.111     3.804    kr260_min_i/axi_ic_PS_0_S_AXI_HPC0_FPD/s00_couplers/auto_ds/inst/gen_downsizer.gen_simple_downsizer.axi_downsizer_inst/USE_WRITE.write_data_inst/m_axi_wdata[127]_INST_0_i_4_n_0
    SLICE_X4Y53          LUT6 (Prop_D6LUT_SLICEM_I5_O)
                                                      0.151     3.955 r  kr260_min_i/axi_ic_PS_0_S_AXI_HPC0_FPD/s00_couplers/auto_ds/inst/gen_downsizer.gen_simple_downsizer.axi_downsizer_inst/USE_WRITE.write_data_inst/m_axi_wdata[127]_INST_0_i_2/O
                         net (fo=144, routed)         0.567     4.522    kr260_min_i/axi_ic_PS_0_S_AXI_HPC0_FPD/s00_couplers/auto_ds/inst/gen_downsizer.gen_simple_downsizer.axi_downsizer_inst/USE_WRITE.write_data_inst/m_axi_wdata[127]_INST_0_i_2_n_0
    SLICE_X6Y43          LUT6 (Prop_H6LUT_SLICEL_I0_O)
                                                      0.083     4.605 r  kr260_min_i/axi_ic_PS_0_S_AXI_HPC0_FPD/s00_couplers/auto_ds/inst/gen_downsizer.gen_simple_downsizer.axi_downsizer_inst/USE_WRITE.write_data_inst/m_axi_wdata[80]_INST_0/O
                         net (fo=1, routed)           0.666     5.271    kr260_min_i/PS_0/inst/saxigp0_wdata[80]
    PS8_X0Y0             PS8                                          r  kr260_min_i/PS_0/inst/PS8_i/SAXIGP0WDATA[80]
  -------------------------------------------------------------------    -------------------

                         (clock clk_pl_0 rise edge)
                                                      4.000     4.000 r  
    PS8_X0Y0             PS8                          0.000     4.000 r  kr260_min_i/PS_0/inst/PS8_i/PLCLK[0]
                         net (fo=1, routed)           0.181     4.181    kr260_min_i/PS_0/inst/pl_clk_unbuffered[0]
    BUFG_PS_X0Y80        BUFG_PS (Prop_BUFG_PS_I_O)
                                                      0.035     4.216 r  kr260_min_i/PS_0/inst/buffer_pl_clk_0.PL_CLK_0_BUFG/O
    X0Y1 (CLOCK_ROOT)    net (fo=5670, routed)        2.107     6.323    kr260_min_i/PS_0/inst/saxihpc0_fpd_aclk
    PS8_X0Y0             PS8                                          r  kr260_min_i/PS_0/inst/PS8_i/SAXIGP0WCLK
                         clock pessimism              0.144     6.467    
                         clock uncertainty           -0.122     6.345    
    PS8_X0Y0             PS8 (Setup_PS8_SAXIGP0WCLK_SAXIGP0WDATA[80])
                                                     -0.718     5.627    kr260_min_i/PS_0/inst/PS8_i
  -------------------------------------------------------------------
                         required time                          5.627    
                         arrival time                          -5.271    
  -------------------------------------------------------------------
                         slack                                  0.356    





Min Delay Paths
--------------------------------------------------------------------------------------
Slack (MET) :             0.015ns  (arrival time - required time)
  Source:                 kr260_min_i/axi_ic_PS_0_S_AXI_HPC0_FPD/s00_couplers/auto_cc/inst/gen_clock_conv.gen_async_conv.asyncfifo_axi/inst_fifo_gen/gaxi_full_lite.gwrite_ch.gwdch2.axi_wdch/grf.rf/gntv_or_sync_fifo.mem/gdm.dm_gen.dm/gpr1.dout_i_reg[256]/C
                            (rising edge-triggered cell FDRE clocked by clk_pl_0  {rise@0.000ns fall@2.000ns period=4.000ns})
  Destination:            kr260_min_i/axi_ic_PS_0_S_AXI_HPC0_FPD/s00_couplers/auto_cc/inst/gen_clock_conv.gen_async_conv.asyncfifo_axi/inst_fifo_gen/gaxi_full_lite.gwrite_ch.gwdch2.axi_wdch/grf.rf/gntv_or_sync_fifo.mem/goreg_dm.dout_i_reg[256]/D
                            (rising edge-triggered cell FDRE clocked by clk_pl_0  {rise@0.000ns fall@2.000ns period=4.000ns})
  Path Group:             clk_pl_0
  Path Type:              Hold (Min at Slow Process Corner)
  Requirement:            0.000ns  (clk_pl_0 rise@0.000ns - clk_pl_0 rise@0.000ns)
  Data Path Delay:        0.228ns  (logic 0.113ns (49.561%)  route 0.115ns (50.439%))
  Logic Levels:           0  
  Clock Path Skew:        0.112ns (DCD - SCD - CPR)
    Destination Clock Delay (DCD):    2.647ns
    Source Clock Delay      (SCD):    2.349ns
    Clock Pessimism Removal (CPR):    0.185ns
  Clock Net Delay (Source):      2.133ns (routing 0.955ns, distribution 1.178ns)
  Clock Net Delay (Destination): 2.380ns (routing 1.045ns, distribution 1.335ns)

    Location             Delay type                Incr(ns)  Path(ns)    Netlist Resource(s)
  -------------------------------------------------------------------    -------------------
                         (clock clk_pl_0 rise edge)
                                                      0.000     0.000 r  
    PS8_X0Y0             PS8                          0.000     0.000 r  kr260_min_i/PS_0/inst/PS8_i/PLCLK[0]
                         net (fo=1, routed)           0.181     0.181    kr260_min_i/PS_0/inst/pl_clk_unbuffered[0]
    BUFG_PS_X0Y80        BUFG_PS (Prop_BUFG_PS_I_O)
                                                      0.035     0.216 r  kr260_min_i/PS_0/inst/buffer_pl_clk_0.PL_CLK_0_BUFG/O
    X0Y1 (CLOCK_ROOT)    net (fo=5670, routed)        2.133     2.349    kr260_min_i/axi_ic_PS_0_S_AXI_HPC0_FPD/s00_couplers/auto_cc/inst/gen_clock_conv.gen_async_conv.asyncfifo_axi/inst_fifo_gen/gaxi_full_lite.gwrite_ch.gwdch2.axi_wdch/grf.rf/gntv_or_sync_fifo.mem/gdm.dm_gen.dm/m_aclk
    SLICE_X10Y42         FDRE                                         r  kr260_min_i/axi_ic_PS_0_S_AXI_HPC0_FPD/s00_couplers/auto_cc/inst/gen_clock_conv.gen_async_conv.asyncfifo_axi/inst_fifo_gen/gaxi_full_lite.gwrite_ch.gwdch2.axi_wdch/grf.rf/gntv_or_sync_fifo.mem/gdm.dm_gen.dm/gpr1.dout_i_reg[256]/C
  -------------------------------------------------------------------    -------------------
    SLICE_X10Y42         FDRE (Prop_CFF2_SLICEM_C_Q)
                                                      0.113     2.462 r  kr260_min_i/axi_ic_PS_0_S_AXI_HPC0_FPD/s00_couplers/auto_cc/inst/gen_clock_conv.gen_async_conv.asyncfifo_axi/inst_fifo_gen/gaxi_full_lite.gwrite_ch.gwdch2.axi_wdch/grf.rf/gntv_or_sync_fifo.mem/gdm.dm_gen.dm/gpr1.dout_i_reg[256]/Q
                         net (fo=1, routed)           0.115     2.577    kr260_min_i/axi_ic_PS_0_S_AXI_HPC0_FPD/s00_couplers/auto_cc/inst/gen_clock_conv.gen_async_conv.asyncfifo_axi/inst_fifo_gen/gaxi_full_lite.gwrite_ch.gwdch2.axi_wdch/grf.rf/gntv_or_sync_fifo.mem/gdm.dm_gen.dm_n_320
    SLICE_X9Y43          FDRE                                         r  kr260_min_i/axi_ic_PS_0_S_AXI_HPC0_FPD/s00_couplers/auto_cc/inst/gen_clock_conv.gen_async_conv.asyncfifo_axi/inst_fifo_gen/gaxi_full_lite.gwrite_ch.gwdch2.axi_wdch/grf.rf/gntv_or_sync_fifo.mem/goreg_dm.dout_i_reg[256]/D
  -------------------------------------------------------------------    -------------------

                         (clock clk_pl_0 rise edge)
                                                      0.000     0.000 r  
    PS8_X0Y0             PS8                          0.000     0.000 r  kr260_min_i/PS_0/inst/PS8_i/PLCLK[0]
                         net (fo=1, routed)           0.229     0.229    kr260_min_i/PS_0/inst/pl_clk_unbuffered[0]
    BUFG_PS_X0Y80        BUFG_PS (Prop_BUFG_PS_I_O)
                                                      0.038     0.267 r  kr260_min_i/PS_0/inst/buffer_pl_clk_0.PL_CLK_0_BUFG/O
    X0Y1 (CLOCK_ROOT)    net (fo=5670, routed)        2.380     2.647    kr260_min_i/axi_ic_PS_0_S_AXI_HPC0_FPD/s00_couplers/auto_cc/inst/gen_clock_conv.gen_async_conv.asyncfifo_axi/inst_fifo_gen/gaxi_full_lite.gwrite_ch.gwdch2.axi_wdch/grf.rf/gntv_or_sync_fifo.mem/m_aclk
    SLICE_X9Y43          FDRE                                         r  kr260_min_i/axi_ic_PS_0_S_AXI_HPC0_FPD/s00_couplers/auto_cc/inst/gen_clock_conv.gen_async_conv.asyncfifo_axi/inst_fifo_gen/gaxi_full_lite.gwrite_ch.gwdch2.axi_wdch/grf.rf/gntv_or_sync_fifo.mem/goreg_dm.dout_i_reg[256]/C
                         clock pessimism             -0.185     2.462    
    SLICE_X9Y43          FDRE (Hold_CFF_SLICEL_C_D)
                                                      0.101     2.563    kr260_min_i/axi_ic_PS_0_S_AXI_HPC0_FPD/s00_couplers/auto_cc/inst/gen_clock_conv.gen_async_conv.asyncfifo_axi/inst_fifo_gen/gaxi_full_lite.gwrite_ch.gwdch2.axi_wdch/grf.rf/gntv_or_sync_fifo.mem/goreg_dm.dout_i_reg[256]
  -------------------------------------------------------------------
                         required time                         -2.563    
                         arrival time                           2.577    
  -------------------------------------------------------------------
                         slack                                  0.015    

Slack (MET) :             0.017ns  (arrival time - required time)
  Source:                 kr260_min_i/axi_ic_PS_0_S_AXI_HPC0_FPD/s00_couplers/auto_cc/inst/gen_clock_conv.gen_async_conv.asyncfifo_axi/inst_fifo_gen/gaxi_full_lite.gread_ch.grach2.axi_rach/grf.rf/gntv_or_sync_fifo.mem/goreg_dm.dout_i_reg[53]/C
                            (rising edge-triggered cell FDRE clocked by clk_pl_0  {rise@0.000ns fall@2.000ns period=4.000ns})
  Destination:            kr260_min_i/axi_ic_PS_0_S_AXI_HPC0_FPD/s00_couplers/auto_ds/inst/gen_downsizer.gen_simple_downsizer.axi_downsizer_inst/USE_READ.read_addr_inst/S_AXI_AADDR_Q_reg[24]/D
                            (rising edge-triggered cell FDRE clocked by clk_pl_0  {rise@0.000ns fall@2.000ns period=4.000ns})
  Path Group:             clk_pl_0
  Path Type:              Hold (Min at Slow Process Corner)
  Requirement:            0.000ns  (clk_pl_0 rise@0.000ns - clk_pl_0 rise@0.000ns)
  Data Path Delay:        0.238ns  (logic 0.114ns (47.899%)  route 0.124ns (52.101%))
  Logic Levels:           0  
  Clock Path Skew:        0.118ns (DCD - SCD - CPR)
    Destination Clock Delay (DCD):    2.649ns
    Source Clock Delay      (SCD):    2.345ns
    Clock Pessimism Removal (CPR):    0.185ns
  Clock Net Delay (Source):      2.129ns (routing 0.955ns, distribution 1.174ns)
  Clock Net Delay (Destination): 2.382ns (routing 1.045ns, distribution 1.337ns)

    Location             Delay type                Incr(ns)  Path(ns)    Netlist Resource(s)
  -------------------------------------------------------------------    -------------------
                         (clock clk_pl_0 rise edge)
                                                      0.000     0.000 r  
    PS8_X0Y0             PS8                          0.000     0.000 r  kr260_min_i/PS_0/inst/PS8_i/PLCLK[0]
                         net (fo=1, routed)           0.181     0.181    kr260_min_i/PS_0/inst/pl_clk_unbuffered[0]
    BUFG_PS_X0Y80        BUFG_PS (Prop_BUFG_PS_I_O)
                                                      0.035     0.216 r  kr260_min_i/PS_0/inst/buffer_pl_clk_0.PL_CLK_0_BUFG/O
    X0Y1 (CLOCK_ROOT)    net (fo=5670, routed)        2.129     2.345    kr260_min_i/axi_ic_PS_0_S_AXI_HPC0_FPD/s00_couplers/auto_cc/inst/gen_clock_conv.gen_async_conv.asyncfifo_axi/inst_fifo_gen/gaxi_full_lite.gread_ch.grach2.axi_rach/grf.rf/gntv_or_sync_fifo.mem/m_aclk
    SLICE_X4Y22          FDRE                                         r  kr260_min_i/axi_ic_PS_0_S_AXI_HPC0_FPD/s00_couplers/auto_cc/inst/gen_clock_conv.gen_async_conv.asyncfifo_axi/inst_fifo_gen/gaxi_full_lite.gread_ch.grach2.axi_rach/grf.rf/gntv_or_sync_fifo.mem/goreg_dm.dout_i_reg[53]/C
  -------------------------------------------------------------------    -------------------
    SLICE_X4Y22          FDRE (Prop_AFF2_SLICEM_C_Q)
                                                      0.114     2.459 r  kr260_min_i/axi_ic_PS_0_S_AXI_HPC0_FPD/s00_couplers/auto_cc/inst/gen_clock_conv.gen_async_conv.asyncfifo_axi/inst_fifo_gen/gaxi_full_lite.gread_ch.grach2.axi_rach/grf.rf/gntv_or_sync_fifo.mem/goreg_dm.dout_i_reg[53]/Q
                         net (fo=2, routed)           0.124     2.583    kr260_min_i/axi_ic_PS_0_S_AXI_HPC0_FPD/s00_couplers/auto_ds/inst/gen_downsizer.gen_simple_downsizer.axi_downsizer_inst/USE_READ.read_addr_inst/s_axi_araddr[24]
    SLICE_X3Y23          FDRE                                         r  kr260_min_i/axi_ic_PS_0_S_AXI_HPC0_FPD/s00_couplers/auto_ds/inst/gen_downsizer.gen_simple_downsizer.axi_downsizer_inst/USE_READ.read_addr_inst/S_AXI_AADDR_Q_reg[24]/D
  -------------------------------------------------------------------    -------------------

                         (clock clk_pl_0 rise edge)
                                                      0.000     0.000 r  
    PS8_X0Y0             PS8                          0.000     0.000 r  kr260_min_i/PS_0/inst/PS8_i/PLCLK[0]
                         net (fo=1, routed)           0.229     0.229    kr260_min_i/PS_0/inst/pl_clk_unbuffered[0]
    BUFG_PS_X0Y80        BUFG_PS (Prop_BUFG_PS_I_O)
                                                      0.038     0.267 r  kr260_min_i/PS_0/inst/buffer_pl_clk_0.PL_CLK_0_BUFG/O
    X0Y1 (CLOCK_ROOT)    net (fo=5670, routed)        2.382     2.649    kr260_min_i/axi_ic_PS_0_S_AXI_HPC0_FPD/s00_couplers/auto_ds/inst/gen_downsizer.gen_simple_downsizer.axi_downsizer_inst/USE_READ.read_addr_inst/CLK
    SLICE_X3Y23          FDRE                                         r  kr260_min_i/axi_ic_PS_0_S_AXI_HPC0_FPD/s00_couplers/auto_ds/inst/gen_downsizer.gen_simple_downsizer.axi_downsizer_inst/USE_READ.read_addr_inst/S_AXI_AADDR_Q_reg[24]/C
                         clock pessimism             -0.185     2.464    
    SLICE_X3Y23          FDRE (Hold_GFF2_SLICEL_C_D)
                                                      0.103     2.567    kr260_min_i/axi_ic_PS_0_S_AXI_HPC0_FPD/s00_couplers/auto_ds/inst/gen_downsizer.gen_simple_downsizer.axi_downsizer_inst/USE_READ.read_addr_inst/S_AXI_AADDR_Q_reg[24]
  -------------------------------------------------------------------
                         required time                         -2.567    
                         arrival time                           2.583    
  -------------------------------------------------------------------
                         slack                                  0.017    

Slack (MET) :             0.020ns  (arrival time - required time)
  Source:                 kr260_min_i/axi_ic_PS_0_S_AXI_HPC0_FPD/s00_couplers/auto_ds/inst/gen_downsizer.gen_simple_downsizer.axi_downsizer_inst/USE_READ.read_addr_inst/cmd_queue/inst/fifo_gen_inst/inst_fifo_gen/gconvfifo.rf/grf.rf/gntv_or_sync_fifo.mem/gdm.dm_gen.dm/gpr1.dout_i_reg[15]/C
                            (rising edge-triggered cell FDRE clocked by clk_pl_0  {rise@0.000ns fall@2.000ns period=4.000ns})
  Destination:            kr260_min_i/axi_ic_PS_0_S_AXI_HPC0_FPD/s00_couplers/auto_ds/inst/gen_downsizer.gen_simple_downsizer.axi_downsizer_inst/USE_READ.read_addr_inst/cmd_queue/inst/fifo_gen_inst/inst_fifo_gen/gconvfifo.rf/grf.rf/gntv_or_sync_fifo.mem/goreg_dm.dout_i_reg[15]/D
                            (rising edge-triggered cell FDRE clocked by clk_pl_0  {rise@0.000ns fall@2.000ns period=4.000ns})
  Path Group:             clk_pl_0
  Path Type:              Hold (Min at Slow Process Corner)
  Requirement:            0.000ns  (clk_pl_0 rise@0.000ns - clk_pl_0 rise@0.000ns)
  Data Path Delay:        0.355ns  (logic 0.112ns (31.549%)  route 0.243ns (68.451%))
  Logic Levels:           0  
  Clock Path Skew:        0.234ns (DCD - SCD - CPR)
    Destination Clock Delay (DCD):    2.715ns
    Source Clock Delay      (SCD):    2.340ns
    Clock Pessimism Removal (CPR):    0.141ns
  Clock Net Delay (Source):      2.124ns (routing 0.955ns, distribution 1.169ns)
  Clock Net Delay (Destination): 2.448ns (routing 1.045ns, distribution 1.403ns)

    Location             Delay type                Incr(ns)  Path(ns)    Netlist Resource(s)
  -------------------------------------------------------------------    -------------------
                         (clock clk_pl_0 rise edge)
                                                      0.000     0.000 r  
    PS8_X0Y0             PS8                          0.000     0.000 r  kr260_min_i/PS_0/inst/PS8_i/PLCLK[0]
                         net (fo=1, routed)           0.181     0.181    kr260_min_i/PS_0/inst/pl_clk_unbuffered[0]
    BUFG_PS_X0Y80        BUFG_PS (Prop_BUFG_PS_I_O)
                                                      0.035     0.216 r  kr260_min_i/PS_0/inst/buffer_pl_clk_0.PL_CLK_0_BUFG/O
    X0Y1 (CLOCK_ROOT)    net (fo=5670, routed)        2.124     2.340    kr260_min_i/axi_ic_PS_0_S_AXI_HPC0_FPD/s00_couplers/auto_ds/inst/gen_downsizer.gen_simple_downsizer.axi_downsizer_inst/USE_READ.read_addr_inst/cmd_queue/inst/fifo_gen_inst/inst_fifo_gen/gconvfifo.rf/grf.rf/gntv_or_sync_fifo.mem/gdm.dm_gen.dm/clk
    SLICE_X2Y117         FDRE                                         r  kr260_min_i/axi_ic_PS_0_S_AXI_HPC0_FPD/s00_couplers/auto_ds/inst/gen_downsizer.gen_simple_downsizer.axi_downsizer_inst/USE_READ.read_addr_inst/cmd_queue/inst/fifo_gen_inst/inst_fifo_gen/gconvfifo.rf/grf.rf/gntv_or_sync_fifo.mem/gdm.dm_gen.dm/gpr1.dout_i_reg[15]/C
  -------------------------------------------------------------------    -------------------
    SLICE_X2Y117         FDRE (Prop_AFF_SLICEM_C_Q)
                                                      0.112     2.452 r  kr260_min_i/axi_ic_PS_0_S_AXI_HPC0_FPD/s00_couplers/auto_ds/inst/gen_downsizer.gen_simple_downsizer.axi_downsizer_inst/USE_READ.read_addr_inst/cmd_queue/inst/fifo_gen_inst/inst_fifo_gen/gconvfifo.rf/grf.rf/gntv_or_sync_fifo.mem/gdm.dm_gen.dm/gpr1.dout_i_reg[15]/Q
                         net (fo=1, routed)           0.243     2.695    kr260_min_i/axi_ic_PS_0_S_AXI_HPC0_FPD/s00_couplers/auto_ds/inst/gen_downsizer.gen_simple_downsizer.axi_downsizer_inst/USE_READ.read_addr_inst/cmd_queue/inst/fifo_gen_inst/inst_fifo_gen/gconvfifo.rf/grf.rf/gntv_or_sync_fifo.mem/dout_i[15]
    SLICE_X2Y125         FDRE                                         r  kr260_min_i/axi_ic_PS_0_S_AXI_HPC0_FPD/s00_couplers/auto_ds/inst/gen_downsizer.gen_simple_downsizer.axi_downsizer_inst/USE_READ.read_addr_inst/cmd_queue/inst/fifo_gen_inst/inst_fifo_gen/gconvfifo.rf/grf.rf/gntv_or_sync_fifo.mem/goreg_dm.dout_i_reg[15]/D
  -------------------------------------------------------------------    -------------------

                         (clock clk_pl_0 rise edge)
                                                      0.000     0.000 r  
    PS8_X0Y0             PS8                          0.000     0.000 r  kr260_min_i/PS_0/inst/PS8_i/PLCLK[0]
                         net (fo=1, routed)           0.229     0.229    kr260_min_i/PS_0/inst/pl_clk_unbuffered[0]
    BUFG_PS_X0Y80        BUFG_PS (Prop_BUFG_PS_I_O)
                                                      0.038     0.267 r  kr260_min_i/PS_0/inst/buffer_pl_clk_0.PL_CLK_0_BUFG/O
    X0Y1 (CLOCK_ROOT)    net (fo=5670, routed)        2.448     2.715    kr260_min_i/axi_ic_PS_0_S_AXI_HPC0_FPD/s00_couplers/auto_ds/inst/gen_downsizer.gen_simple_downsizer.axi_downsizer_inst/USE_READ.read_addr_inst/cmd_queue/inst/fifo_gen_inst/inst_fifo_gen/gconvfifo.rf/grf.rf/gntv_or_sync_fifo.mem/clk
    SLICE_X2Y125         FDRE                                         r  kr260_min_i/axi_ic_PS_0_S_AXI_HPC0_FPD/s00_couplers/auto_ds/inst/gen_downsizer.gen_simple_downsizer.axi_downsizer_inst/USE_READ.read_addr_inst/cmd_queue/inst/fifo_gen_inst/inst_fifo_gen/gconvfifo.rf/grf.rf/gntv_or_sync_fifo.mem/goreg_dm.dout_i_reg[15]/C
                         clock pessimism             -0.141     2.574    
    SLICE_X2Y125         FDRE (Hold_AFF_SLICEM_C_D)
                                                      0.101     2.675    kr260_min_i/axi_ic_PS_0_S_AXI_HPC0_FPD/s00_couplers/auto_ds/inst/gen_downsizer.gen_simple_downsizer.axi_downsizer_inst/USE_READ.read_addr_inst/cmd_queue/inst/fifo_gen_inst/inst_fifo_gen/gconvfifo.rf/grf.rf/gntv_or_sync_fifo.mem/goreg_dm.dout_i_reg[15]
  -------------------------------------------------------------------
                         required time                         -2.675    
                         arrival time                           2.695    
  -------------------------------------------------------------------
                         slack                                  0.020    

Slack (MET) :             0.027ns  (arrival time - required time)
  Source:                 kr260_min_i/axi_ic_PS_0_S_AXI_HPC0_FPD/s00_couplers/auto_ds/inst/gen_downsizer.gen_simple_downsizer.axi_downsizer_inst/USE_READ.read_addr_inst/cmd_queue/inst/fifo_gen_inst/inst_fifo_gen/gconvfifo.rf/grf.rf/gntv_or_sync_fifo.mem/gdm.dm_gen.dm/gpr1.dout_i_reg[20]/C
                            (rising edge-triggered cell FDRE clocked by clk_pl_0  {rise@0.000ns fall@2.000ns period=4.000ns})
  Destination:            kr260_min_i/axi_ic_PS_0_S_AXI_HPC0_FPD/s00_couplers/auto_ds/inst/gen_downsizer.gen_simple_downsizer.axi_downsizer_inst/USE_READ.read_addr_inst/cmd_queue/inst/fifo_gen_inst/inst_fifo_gen/gconvfifo.rf/grf.rf/gntv_or_sync_fifo.mem/goreg_dm.dout_i_reg[20]/D
                            (rising edge-triggered cell FDRE clocked by clk_pl_0  {rise@0.000ns fall@2.000ns period=4.000ns})
  Path Group:             clk_pl_0
  Path Type:              Hold (Min at Slow Process Corner)
  Requirement:            0.000ns  (clk_pl_0 rise@0.000ns - clk_pl_0 rise@0.000ns)
  Data Path Delay:        0.316ns  (logic 0.115ns (36.392%)  route 0.201ns (63.608%))
  Logic Levels:           0  
  Clock Path Skew:        0.188ns (DCD - SCD - CPR)
    Destination Clock Delay (DCD):    2.669ns
    Source Clock Delay      (SCD):    2.340ns
    Clock Pessimism Removal (CPR):    0.141ns
  Clock Net Delay (Source):      2.124ns (routing 0.955ns, distribution 1.169ns)
  Clock Net Delay (Destination): 2.402ns (routing 1.045ns, distribution 1.357ns)

    Location             Delay type                Incr(ns)  Path(ns)    Netlist Resource(s)
  -------------------------------------------------------------------    -------------------
                         (clock clk_pl_0 rise edge)
                                                      0.000     0.000 r  
    PS8_X0Y0             PS8                          0.000     0.000 r  kr260_min_i/PS_0/inst/PS8_i/PLCLK[0]
                         net (fo=1, routed)           0.181     0.181    kr260_min_i/PS_0/inst/pl_clk_unbuffered[0]
    BUFG_PS_X0Y80        BUFG_PS (Prop_BUFG_PS_I_O)
                                                      0.035     0.216 r  kr260_min_i/PS_0/inst/buffer_pl_clk_0.PL_CLK_0_BUFG/O
    X0Y1 (CLOCK_ROOT)    net (fo=5670, routed)        2.124     2.340    kr260_min_i/axi_ic_PS_0_S_AXI_HPC0_FPD/s00_couplers/auto_ds/inst/gen_downsizer.gen_simple_downsizer.axi_downsizer_inst/USE_READ.read_addr_inst/cmd_queue/inst/fifo_gen_inst/inst_fifo_gen/gconvfifo.rf/grf.rf/gntv_or_sync_fifo.mem/gdm.dm_gen.dm/clk
    SLICE_X2Y117         FDRE                                         r  kr260_min_i/axi_ic_PS_0_S_AXI_HPC0_FPD/s00_couplers/auto_ds/inst/gen_downsizer.gen_simple_downsizer.axi_downsizer_inst/USE_READ.read_addr_inst/cmd_queue/inst/fifo_gen_inst/inst_fifo_gen/gconvfifo.rf/grf.rf/gntv_or_sync_fifo.mem/gdm.dm_gen.dm/gpr1.dout_i_reg[20]/C
  -------------------------------------------------------------------    -------------------
    SLICE_X2Y117         FDRE (Prop_DFF2_SLICEM_C_Q)
                                                      0.115     2.455 r  kr260_min_i/axi_ic_PS_0_S_AXI_HPC0_FPD/s00_couplers/auto_ds/inst/gen_downsizer.gen_simple_downsizer.axi_downsizer_inst/USE_READ.read_addr_inst/cmd_queue/inst/fifo_gen_inst/inst_fifo_gen/gconvfifo.rf/grf.rf/gntv_or_sync_fifo.mem/gdm.dm_gen.dm/gpr1.dout_i_reg[20]/Q
                         net (fo=1, routed)           0.201     2.656    kr260_min_i/axi_ic_PS_0_S_AXI_HPC0_FPD/s00_couplers/auto_ds/inst/gen_downsizer.gen_simple_downsizer.axi_downsizer_inst/USE_READ.read_addr_inst/cmd_queue/inst/fifo_gen_inst/inst_fifo_gen/gconvfifo.rf/grf.rf/gntv_or_sync_fifo.mem/dout_i[20]
    SLICE_X2Y122         FDRE                                         r  kr260_min_i/axi_ic_PS_0_S_AXI_HPC0_FPD/s00_couplers/auto_ds/inst/gen_downsizer.gen_simple_downsizer.axi_downsizer_inst/USE_READ.read_addr_inst/cmd_queue/inst/fifo_gen_inst/inst_fifo_gen/gconvfifo.rf/grf.rf/gntv_or_sync_fifo.mem/goreg_dm.dout_i_reg[20]/D
  -------------------------------------------------------------------    -------------------

                         (clock clk_pl_0 rise edge)
                                                      0.000     0.000 r  
    PS8_X0Y0             PS8                          0.000     0.000 r  kr260_min_i/PS_0/inst/PS8_i/PLCLK[0]
                         net (fo=1, routed)           0.229     0.229    kr260_min_i/PS_0/inst/pl_clk_unbuffered[0]
    BUFG_PS_X0Y80        BUFG_PS (Prop_BUFG_PS_I_O)
                                                      0.038     0.267 r  kr260_min_i/PS_0/inst/buffer_pl_clk_0.PL_CLK_0_BUFG/O
    X0Y1 (CLOCK_ROOT)    net (fo=5670, routed)        2.402     2.669    kr260_min_i/axi_ic_PS_0_S_AXI_HPC0_FPD/s00_couplers/auto_ds/inst/gen_downsizer.gen_simple_downsizer.axi_downsizer_inst/USE_READ.read_addr_inst/cmd_queue/inst/fifo_gen_inst/inst_fifo_gen/gconvfifo.rf/grf.rf/gntv_or_sync_fifo.mem/clk
    SLICE_X2Y122         FDRE                                         r  kr260_min_i/axi_ic_PS_0_S_AXI_HPC0_FPD/s00_couplers/auto_ds/inst/gen_downsizer.gen_simple_downsizer.axi_downsizer_inst/USE_READ.read_addr_inst/cmd_queue/inst/fifo_gen_inst/inst_fifo_gen/gconvfifo.rf/grf.rf/gntv_or_sync_fifo.mem/goreg_dm.dout_i_reg[20]/C
                         clock pessimism             -0.141     2.528    
    SLICE_X2Y122         FDRE (Hold_EFF_SLICEM_C_D)
                                                      0.101     2.629    kr260_min_i/axi_ic_PS_0_S_AXI_HPC0_FPD/s00_couplers/auto_ds/inst/gen_downsizer.gen_simple_downsizer.axi_downsizer_inst/USE_READ.read_addr_inst/cmd_queue/inst/fifo_gen_inst/inst_fifo_gen/gconvfifo.rf/grf.rf/gntv_or_sync_fifo.mem/goreg_dm.dout_i_reg[20]
  -------------------------------------------------------------------
                         required time                         -2.629    
                         arrival time                           2.656    
  -------------------------------------------------------------------
                         slack                                  0.027    

Slack (MET) :             0.028ns  (arrival time - required time)
  Source:                 kr260_min_i/axi_ic_PS_0_S_AXI_HPC0_FPD/s00_couplers/auto_cc/inst/gen_clock_conv.gen_async_conv.asyncfifo_axi/inst_fifo_gen/gaxi_full_lite.gwrite_ch.gwdch2.axi_wdch/grf.rf/gntv_or_sync_fifo.mem/gdm.dm_gen.dm/gpr1.dout_i_reg[129]/C
                            (rising edge-triggered cell FDRE clocked by clk_pl_0  {rise@0.000ns fall@2.000ns period=4.000ns})
  Destination:            kr260_min_i/axi_ic_PS_0_S_AXI_HPC0_FPD/s00_couplers/auto_cc/inst/gen_clock_conv.gen_async_conv.asyncfifo_axi/inst_fifo_gen/gaxi_full_lite.gwrite_ch.gwdch2.axi_wdch/grf.rf/gntv_or_sync_fifo.mem/goreg_dm.dout_i_reg[129]/D
                            (rising edge-triggered cell FDRE clocked by clk_pl_0  {rise@0.000ns fall@2.000ns period=4.000ns})
  Path Group:             clk_pl_0
  Path Type:              Hold (Min at Slow Process Corner)
  Requirement:            0.000ns  (clk_pl_0 rise@0.000ns - clk_pl_0 rise@0.000ns)
  Data Path Delay:        0.247ns  (logic 0.112ns (45.344%)  route 0.135ns (54.656%))
  Logic Levels:           0  
  Clock Path Skew:        0.118ns (DCD - SCD - CPR)
    Destination Clock Delay (DCD):    2.646ns
    Source Clock Delay      (SCD):    2.342ns
    Clock Pessimism Removal (CPR):    0.185ns
  Clock Net Delay (Source):      2.126ns (routing 0.955ns, distribution 1.171ns)
  Clock Net Delay (Destination): 2.379ns (routing 1.045ns, distribution 1.334ns)

    Location             Delay type                Incr(ns)  Path(ns)    Netlist Resource(s)
  -------------------------------------------------------------------    -------------------
                         (clock clk_pl_0 rise edge)
                                                      0.000     0.000 r  
    PS8_X0Y0             PS8                          0.000     0.000 r  kr260_min_i/PS_0/inst/PS8_i/PLCLK[0]
                         net (fo=1, routed)           0.181     0.181    kr260_min_i/PS_0/inst/pl_clk_unbuffered[0]
    BUFG_PS_X0Y80        BUFG_PS (Prop_BUFG_PS_I_O)
                                                      0.035     0.216 r  kr260_min_i/PS_0/inst/buffer_pl_clk_0.PL_CLK_0_BUFG/O
    X0Y1 (CLOCK_ROOT)    net (fo=5670, routed)        2.126     2.342    kr260_min_i/axi_ic_PS_0_S_AXI_HPC0_FPD/s00_couplers/auto_cc/inst/gen_clock_conv.gen_async_conv.asyncfifo_axi/inst_fifo_gen/gaxi_full_lite.gwrite_ch.gwdch2.axi_wdch/grf.rf/gntv_or_sync_fifo.mem/gdm.dm_gen.dm/m_aclk
    SLICE_X7Y48          FDRE                                         r  kr260_min_i/axi_ic_PS_0_S_AXI_HPC0_FPD/s00_couplers/auto_cc/inst/gen_clock_conv.gen_async_conv.asyncfifo_axi/inst_fifo_gen/gaxi_full_lite.gwrite_ch.gwdch2.axi_wdch/grf.rf/gntv_or_sync_fifo.mem/gdm.dm_gen.dm/gpr1.dout_i_reg[129]/C
  -------------------------------------------------------------------    -------------------
    SLICE_X7Y48          FDRE (Prop_DFF_SLICEM_C_Q)
                                                      0.112     2.454 r  kr260_min_i/axi_ic_PS_0_S_AXI_HPC0_FPD/s00_couplers/auto_cc/inst/gen_clock_conv.gen_async_conv.asyncfifo_axi/inst_fifo_gen/gaxi_full_lite.gwrite_ch.gwdch2.axi_wdch/grf.rf/gntv_or_sync_fifo.mem/gdm.dm_gen.dm/gpr1.dout_i_reg[129]/Q
                         net (fo=1, routed)           0.135     2.589    kr260_min_i/axi_ic_PS_0_S_AXI_HPC0_FPD/s00_couplers/auto_cc/inst/gen_clock_conv.gen_async_conv.asyncfifo_axi/inst_fifo_gen/gaxi_full_lite.gwrite_ch.gwdch2.axi_wdch/grf.rf/gntv_or_sync_fifo.mem/gdm.dm_gen.dm_n_447
    SLICE_X6Y48          FDRE                                         r  kr260_min_i/axi_ic_PS_0_S_AXI_HPC0_FPD/s00_couplers/auto_cc/inst/gen_clock_conv.gen_async_conv.asyncfifo_axi/inst_fifo_gen/gaxi_full_lite.gwrite_ch.gwdch2.axi_wdch/grf.rf/gntv_or_sync_fifo.mem/goreg_dm.dout_i_reg[129]/D
  -------------------------------------------------------------------    -------------------

                         (clock clk_pl_0 rise edge)
                                                      0.000     0.000 r  
    PS8_X0Y0             PS8                          0.000     0.000 r  kr260_min_i/PS_0/inst/PS8_i/PLCLK[0]
                         net (fo=1, routed)           0.229     0.229    kr260_min_i/PS_0/inst/pl_clk_unbuffered[0]
    BUFG_PS_X0Y80        BUFG_PS (Prop_BUFG_PS_I_O)
                                                      0.038     0.267 r  kr260_min_i/PS_0/inst/buffer_pl_clk_0.PL_CLK_0_BUFG/O
    X0Y1 (CLOCK_ROOT)    net (fo=5670, routed)        2.379     2.646    kr260_min_i/axi_ic_PS_0_S_AXI_HPC0_FPD/s00_couplers/auto_cc/inst/gen_clock_conv.gen_async_conv.asyncfifo_axi/inst_fifo_gen/gaxi_full_lite.gwrite_ch.gwdch2.axi_wdch/grf.rf/gntv_or_sync_fifo.mem/m_aclk
    SLICE_X6Y48          FDRE                                         r  kr260_min_i/axi_ic_PS_0_S_AXI_HPC0_FPD/s00_couplers/auto_cc/inst/gen_clock_conv.gen_async_conv.asyncfifo_axi/inst_fifo_gen/gaxi_full_lite.gwrite_ch.gwdch2.axi_wdch/grf.rf/gntv_or_sync_fifo.mem/goreg_dm.dout_i_reg[129]/C
                         clock pessimism             -0.185     2.460    
    SLICE_X6Y48          FDRE (Hold_DFF_SLICEL_C_D)
                                                      0.101     2.561    kr260_min_i/axi_ic_PS_0_S_AXI_HPC0_FPD/s00_couplers/auto_cc/inst/gen_clock_conv.gen_async_conv.asyncfifo_axi/inst_fifo_gen/gaxi_full_lite.gwrite_ch.gwdch2.axi_wdch/grf.rf/gntv_or_sync_fifo.mem/goreg_dm.dout_i_reg[129]
  -------------------------------------------------------------------
                         required time                         -2.561    
                         arrival time                           2.589    
  -------------------------------------------------------------------
                         slack                                  0.028    

Slack (MET) :             0.028ns  (arrival time - required time)
  Source:                 kr260_min_i/axi_ic_PS_0_S_AXI_HPC0_FPD/s00_couplers/auto_cc/inst/gen_clock_conv.gen_async_conv.asyncfifo_axi/inst_fifo_gen/gaxi_full_lite.gwrite_ch.gwdch2.axi_wdch/grf.rf/gntv_or_sync_fifo.mem/gdm.dm_gen.dm/gpr1.dout_i_reg[412]/C
                            (rising edge-triggered cell FDRE clocked by clk_pl_0  {rise@0.000ns fall@2.000ns period=4.000ns})
  Destination:            kr260_min_i/axi_ic_PS_0_S_AXI_HPC0_FPD/s00_couplers/auto_cc/inst/gen_clock_conv.gen_async_conv.asyncfifo_axi/inst_fifo_gen/gaxi_full_lite.gwrite_ch.gwdch2.axi_wdch/grf.rf/gntv_or_sync_fifo.mem/goreg_dm.dout_i_reg[412]/D
                            (rising edge-triggered cell FDRE clocked by clk_pl_0  {rise@0.000ns fall@2.000ns period=4.000ns})
  Path Group:             clk_pl_0
  Path Type:              Hold (Min at Slow Process Corner)
  Requirement:            0.000ns  (clk_pl_0 rise@0.000ns - clk_pl_0 rise@0.000ns)
  Data Path Delay:        0.184ns  (logic 0.112ns (60.870%)  route 0.072ns (39.130%))
  Logic Levels:           0  
  Clock Path Skew:        0.055ns (DCD - SCD - CPR)
    Destination Clock Delay (DCD):    2.645ns
    Source Clock Delay      (SCD):    2.353ns
    Clock Pessimism Removal (CPR):    0.236ns
  Clock Net Delay (Source):      2.137ns (routing 0.955ns, distribution 1.182ns)
  Clock Net Delay (Destination): 2.378ns (routing 1.045ns, distribution 1.333ns)

    Location             Delay type                Incr(ns)  Path(ns)    Netlist Resource(s)
  -------------------------------------------------------------------    -------------------
                         (clock clk_pl_0 rise edge)
                                                      0.000     0.000 r  
    PS8_X0Y0             PS8                          0.000     0.000 r  kr260_min_i/PS_0/inst/PS8_i/PLCLK[0]
                         net (fo=1, routed)           0.181     0.181    kr260_min_i/PS_0/inst/pl_clk_unbuffered[0]
    BUFG_PS_X0Y80        BUFG_PS (Prop_BUFG_PS_I_O)
                                                      0.035     0.216 r  kr260_min_i/PS_0/inst/buffer_pl_clk_0.PL_CLK_0_BUFG/O
    X0Y1 (CLOCK_ROOT)    net (fo=5670, routed)        2.137     2.353    kr260_min_i/axi_ic_PS_0_S_AXI_HPC0_FPD/s00_couplers/auto_cc/inst/gen_clock_conv.gen_async_conv.asyncfifo_axi/inst_fifo_gen/gaxi_full_lite.gwrite_ch.gwdch2.axi_wdch/grf.rf/gntv_or_sync_fifo.mem/gdm.dm_gen.dm/m_aclk
    SLICE_X6Y45          FDRE                                         r  kr260_min_i/axi_ic_PS_0_S_AXI_HPC0_FPD/s00_couplers/auto_cc/inst/gen_clock_conv.gen_async_conv.asyncfifo_axi/inst_fifo_gen/gaxi_full_lite.gwrite_ch.gwdch2.axi_wdch/grf.rf/gntv_or_sync_fifo.mem/gdm.dm_gen.dm/gpr1.dout_i_reg[412]/C
  -------------------------------------------------------------------    -------------------
    SLICE_X6Y45          FDRE (Prop_EFF_SLICEL_C_Q)
                                                      0.112     2.465 r  kr260_min_i/axi_ic_PS_0_S_AXI_HPC0_FPD/s00_couplers/auto_cc/inst/gen_clock_conv.gen_async_conv.asyncfifo_axi/inst_fifo_gen/gaxi_full_lite.gwrite_ch.gwdch2.axi_wdch/grf.rf/gntv_or_sync_fifo.mem/gdm.dm_gen.dm/gpr1.dout_i_reg[412]/Q
                         net (fo=1, routed)           0.072     2.537    kr260_min_i/axi_ic_PS_0_S_AXI_HPC0_FPD/s00_couplers/auto_cc/inst/gen_clock_conv.gen_async_conv.asyncfifo_axi/inst_fifo_gen/gaxi_full_lite.gwrite_ch.gwdch2.axi_wdch/grf.rf/gntv_or_sync_fifo.mem/gdm.dm_gen.dm_n_164
    SLICE_X6Y46          FDRE                                         r  kr260_min_i/axi_ic_PS_0_S_AXI_HPC0_FPD/s00_couplers/auto_cc/inst/gen_clock_conv.gen_async_conv.asyncfifo_axi/inst_fifo_gen/gaxi_full_lite.gwrite_ch.gwdch2.axi_wdch/grf.rf/gntv_or_sync_fifo.mem/goreg_dm.dout_i_reg[412]/D
  -------------------------------------------------------------------    -------------------

                         (clock clk_pl_0 rise edge)
                                                      0.000     0.000 r  
    PS8_X0Y0             PS8                          0.000     0.000 r  kr260_min_i/PS_0/inst/PS8_i/PLCLK[0]
                         net (fo=1, routed)           0.229     0.229    kr260_min_i/PS_0/inst/pl_clk_unbuffered[0]
    BUFG_PS_X0Y80        BUFG_PS (Prop_BUFG_PS_I_O)
                                                      0.038     0.267 r  kr260_min_i/PS_0/inst/buffer_pl_clk_0.PL_CLK_0_BUFG/O
    X0Y1 (CLOCK_ROOT)    net (fo=5670, routed)        2.378     2.645    kr260_min_i/axi_ic_PS_0_S_AXI_HPC0_FPD/s00_couplers/auto_cc/inst/gen_clock_conv.gen_async_conv.asyncfifo_axi/inst_fifo_gen/gaxi_full_lite.gwrite_ch.gwdch2.axi_wdch/grf.rf/gntv_or_sync_fifo.mem/m_aclk
    SLICE_X6Y46          FDRE                                         r  kr260_min_i/axi_ic_PS_0_S_AXI_HPC0_FPD/s00_couplers/auto_cc/inst/gen_clock_conv.gen_async_conv.asyncfifo_axi/inst_fifo_gen/gaxi_full_lite.gwrite_ch.gwdch2.axi_wdch/grf.rf/gntv_or_sync_fifo.mem/goreg_dm.dout_i_reg[412]/C
                         clock pessimism             -0.236     2.408    
    SLICE_X6Y46          FDRE (Hold_CFF_SLICEL_C_D)
                                                      0.101     2.509    kr260_min_i/axi_ic_PS_0_S_AXI_HPC0_FPD/s00_couplers/auto_cc/inst/gen_clock_conv.gen_async_conv.asyncfifo_axi/inst_fifo_gen/gaxi_full_lite.gwrite_ch.gwdch2.axi_wdch/grf.rf/gntv_or_sync_fifo.mem/goreg_dm.dout_i_reg[412]
  -------------------------------------------------------------------
                         required time                         -2.509    
                         arrival time                           2.537    
  -------------------------------------------------------------------
                         slack                                  0.028    

Slack (MET) :             0.030ns  (arrival time - required time)
  Source:                 kr260_min_i/axi_ic_PS_0_S_AXI_HPC0_FPD/s00_couplers/auto_cc/inst/gen_clock_conv.gen_async_conv.asyncfifo_axi/inst_fifo_gen/gaxi_full_lite.gwrite_ch.gwdch2.axi_wdch/grf.rf/gntv_or_sync_fifo.mem/gdm.dm_gen.dm/gpr1.dout_i_reg[314]/C
                            (rising edge-triggered cell FDRE clocked by clk_pl_0  {rise@0.000ns fall@2.000ns period=4.000ns})
  Destination:            kr260_min_i/axi_ic_PS_0_S_AXI_HPC0_FPD/s00_couplers/auto_cc/inst/gen_clock_conv.gen_async_conv.asyncfifo_axi/inst_fifo_gen/gaxi_full_lite.gwrite_ch.gwdch2.axi_wdch/grf.rf/gntv_or_sync_fifo.mem/goreg_dm.dout_i_reg[314]/D
                            (rising edge-triggered cell FDRE clocked by clk_pl_0  {rise@0.000ns fall@2.000ns period=4.000ns})
  Path Group:             clk_pl_0
  Path Type:              Hold (Min at Slow Process Corner)
  Requirement:            0.000ns  (clk_pl_0 rise@0.000ns - clk_pl_0 rise@0.000ns)
  Data Path Delay:        0.256ns  (logic 0.111ns (43.359%)  route 0.145ns (56.641%))
  Logic Levels:           0  
  Clock Path Skew:        0.125ns (DCD - SCD - CPR)
    Destination Clock Delay (DCD):    2.651ns
    Source Clock Delay      (SCD):    2.340ns
    Clock Pessimism Removal (CPR):    0.185ns
  Clock Net Delay (Source):      2.124ns (routing 0.955ns, distribution 1.169ns)
  Clock Net Delay (Destination): 2.384ns (routing 1.045ns, distribution 1.339ns)

    Location             Delay type                Incr(ns)  Path(ns)    Netlist Resource(s)
  -------------------------------------------------------------------    -------------------
                         (clock clk_pl_0 rise edge)
                                                      0.000     0.000 r  
    PS8_X0Y0             PS8                          0.000     0.000 r  kr260_min_i/PS_0/inst/PS8_i/PLCLK[0]
                         net (fo=1, routed)           0.181     0.181    kr260_min_i/PS_0/inst/pl_clk_unbuffered[0]
    BUFG_PS_X0Y80        BUFG_PS (Prop_BUFG_PS_I_O)
                                                      0.035     0.216 r  kr260_min_i/PS_0/inst/buffer_pl_clk_0.PL_CLK_0_BUFG/O
    X0Y1 (CLOCK_ROOT)    net (fo=5670, routed)        2.124     2.340    kr260_min_i/axi_ic_PS_0_S_AXI_HPC0_FPD/s00_couplers/auto_cc/inst/gen_clock_conv.gen_async_conv.asyncfifo_axi/inst_fifo_gen/gaxi_full_lite.gwrite_ch.gwdch2.axi_wdch/grf.rf/gntv_or_sync_fifo.mem/gdm.dm_gen.dm/m_aclk
    SLICE_X7Y44          FDRE                                         r  kr260_min_i/axi_ic_PS_0_S_AXI_HPC0_FPD/s00_couplers/auto_cc/inst/gen_clock_conv.gen_async_conv.asyncfifo_axi/inst_fifo_gen/gaxi_full_lite.gwrite_ch.gwdch2.axi_wdch/grf.rf/gntv_or_sync_fifo.mem/gdm.dm_gen.dm/gpr1.dout_i_reg[314]/C
  -------------------------------------------------------------------    -------------------
    SLICE_X7Y44          FDRE (Prop_FFF_SLICEM_C_Q)
                                                      0.111     2.451 r  kr260_min_i/axi_ic_PS_0_S_AXI_HPC0_FPD/s00_couplers/auto_cc/inst/gen_clock_conv.gen_async_conv.asyncfifo_axi/inst_fifo_gen/gaxi_full_lite.gwrite_ch.gwdch2.axi_wdch/grf.rf/gntv_or_sync_fifo.mem/gdm.dm_gen.dm/gpr1.dout_i_reg[314]/Q
                         net (fo=1, routed)           0.145     2.596    kr260_min_i/axi_ic_PS_0_S_AXI_HPC0_FPD/s00_couplers/auto_cc/inst/gen_clock_conv.gen_async_conv.asyncfifo_axi/inst_fifo_gen/gaxi_full_lite.gwrite_ch.gwdch2.axi_wdch/grf.rf/gntv_or_sync_fifo.mem/gdm.dm_gen.dm_n_262
    SLICE_X6Y46          FDRE                                         r  kr260_min_i/axi_ic_PS_0_S_AXI_HPC0_FPD/s00_couplers/auto_cc/inst/gen_clock_conv.gen_async_conv.asyncfifo_axi/inst_fifo_gen/gaxi_full_lite.gwrite_ch.gwdch2.axi_wdch/grf.rf/gntv_or_sync_fifo.mem/goreg_dm.dout_i_reg[314]/D
  -------------------------------------------------------------------    -------------------

                         (clock clk_pl_0 rise edge)
                                                      0.000     0.000 r  
    PS8_X0Y0             PS8                          0.000     0.000 r  kr260_min_i/PS_0/inst/PS8_i/PLCLK[0]
                         net (fo=1, routed)           0.229     0.229    kr260_min_i/PS_0/inst/pl_clk_unbuffered[0]
    BUFG_PS_X0Y80        BUFG_PS (Prop_BUFG_PS_I_O)
                                                      0.038     0.267 r  kr260_min_i/PS_0/inst/buffer_pl_clk_0.PL_CLK_0_BUFG/O
    X0Y1 (CLOCK_ROOT)    net (fo=5670, routed)        2.384     2.651    kr260_min_i/axi_ic_PS_0_S_AXI_HPC0_FPD/s00_couplers/auto_cc/inst/gen_clock_conv.gen_async_conv.asyncfifo_axi/inst_fifo_gen/gaxi_full_lite.gwrite_ch.gwdch2.axi_wdch/grf.rf/gntv_or_sync_fifo.mem/m_aclk
    SLICE_X6Y46          FDRE                                         r  kr260_min_i/axi_ic_PS_0_S_AXI_HPC0_FPD/s00_couplers/auto_cc/inst/gen_clock_conv.gen_async_conv.asyncfifo_axi/inst_fifo_gen/gaxi_full_lite.gwrite_ch.gwdch2.axi_wdch/grf.rf/gntv_or_sync_fifo.mem/goreg_dm.dout_i_reg[314]/C
                         clock pessimism             -0.185     2.465    
    SLICE_X6Y46          FDRE (Hold_FFF_SLICEL_C_D)
                                                      0.101     2.566    kr260_min_i/axi_ic_PS_0_S_AXI_HPC0_FPD/s00_couplers/auto_cc/inst/gen_clock_conv.gen_async_conv.asyncfifo_axi/inst_fifo_gen/gaxi_full_lite.gwrite_ch.gwdch2.axi_wdch/grf.rf/gntv_or_sync_fifo.mem/goreg_dm.dout_i_reg[314]
  -------------------------------------------------------------------
                         required time                         -2.566    
                         arrival time                           2.596    
  -------------------------------------------------------------------
                         slack                                  0.030    

Slack (MET) :             0.030ns  (arrival time - required time)
  Source:                 kr260_min_i/axi_ic_PS_0_S_AXI_HPC0_FPD/s00_couplers/auto_ds/inst/gen_downsizer.gen_simple_downsizer.axi_downsizer_inst/USE_READ.read_addr_inst/wrap_unaligned_len_q_reg[6]/C
                            (rising edge-triggered cell FDRE clocked by clk_pl_0  {rise@0.000ns fall@2.000ns period=4.000ns})
  Destination:            kr260_min_i/axi_ic_PS_0_S_AXI_HPC0_FPD/s00_couplers/auto_ds/inst/gen_downsizer.gen_simple_downsizer.axi_downsizer_inst/USE_READ.read_addr_inst/wrap_rest_len_reg[7]/D
                            (rising edge-triggered cell FDRE clocked by clk_pl_0  {rise@0.000ns fall@2.000ns period=4.000ns})
  Path Group:             clk_pl_0
  Path Type:              Hold (Min at Slow Process Corner)
  Requirement:            0.000ns  (clk_pl_0 rise@0.000ns - clk_pl_0 rise@0.000ns)
  Data Path Delay:        0.264ns  (logic 0.162ns (61.392%)  route 0.102ns (38.608%))
  Logic Levels:           1  (LUT3=1)
  Clock Path Skew:        0.132ns (DCD - SCD - CPR)
    Destination Clock Delay (DCD):    2.659ns
    Source Clock Delay      (SCD):    2.342ns
    Clock Pessimism Removal (CPR):    0.185ns
  Clock Net Delay (Source):      2.126ns (routing 0.955ns, distribution 1.171ns)
  Clock Net Delay (Destination): 2.392ns (routing 1.045ns, distribution 1.347ns)

    Location             Delay type                Incr(ns)  Path(ns)    Netlist Resource(s)
  -------------------------------------------------------------------    -------------------
                         (clock clk_pl_0 rise edge)
                                                      0.000     0.000 r  
    PS8_X0Y0             PS8                          0.000     0.000 r  kr260_min_i/PS_0/inst/PS8_i/PLCLK[0]
                         net (fo=1, routed)           0.181     0.181    kr260_min_i/PS_0/inst/pl_clk_unbuffered[0]
    BUFG_PS_X0Y80        BUFG_PS (Prop_BUFG_PS_I_O)
                                                      0.035     0.216 r  kr260_min_i/PS_0/inst/buffer_pl_clk_0.PL_CLK_0_BUFG/O
    X0Y1 (CLOCK_ROOT)    net (fo=5670, routed)        2.126     2.342    kr260_min_i/axi_ic_PS_0_S_AXI_HPC0_FPD/s00_couplers/auto_ds/inst/gen_downsizer.gen_simple_downsizer.axi_downsizer_inst/USE_READ.read_addr_inst/CLK
    SLICE_X1Y59          FDRE                                         r  kr260_min_i/axi_ic_PS_0_S_AXI_HPC0_FPD/s00_couplers/auto_ds/inst/gen_downsizer.gen_simple_downsizer.axi_downsizer_inst/USE_READ.read_addr_inst/wrap_unaligned_len_q_reg[6]/C
  -------------------------------------------------------------------    -------------------
    SLICE_X1Y59          FDRE (Prop_BFF_SLICEM_C_Q)
                                                      0.111     2.453 r  kr260_min_i/axi_ic_PS_0_S_AXI_HPC0_FPD/s00_couplers/auto_ds/inst/gen_downsizer.gen_simple_downsizer.axi_downsizer_inst/USE_READ.read_addr_inst/wrap_unaligned_len_q_reg[6]/Q
                         net (fo=4, routed)           0.088     2.541    kr260_min_i/axi_ic_PS_0_S_AXI_HPC0_FPD/s00_couplers/auto_ds/inst/gen_downsizer.gen_simple_downsizer.axi_downsizer_inst/USE_READ.read_addr_inst/wrap_unaligned_len_q[6]
    SLICE_X2Y59          LUT3 (Prop_B5LUT_SLICEM_I1_O)
                                                      0.051     2.592 r  kr260_min_i/axi_ic_PS_0_S_AXI_HPC0_FPD/s00_couplers/auto_ds/inst/gen_downsizer.gen_simple_downsizer.axi_downsizer_inst/USE_READ.read_addr_inst/wrap_rest_len[7]_i_1__0/O
                         net (fo=1, routed)           0.014     2.606    kr260_min_i/axi_ic_PS_0_S_AXI_HPC0_FPD/s00_couplers/auto_ds/inst/gen_downsizer.gen_simple_downsizer.axi_downsizer_inst/USE_READ.read_addr_inst/wrap_rest_len0[7]
    SLICE_X2Y59          FDRE                                         r  kr260_min_i/axi_ic_PS_0_S_AXI_HPC0_FPD/s00_couplers/auto_ds/inst/gen_downsizer.gen_simple_downsizer.axi_downsizer_inst/USE_READ.read_addr_inst/wrap_rest_len_reg[7]/D
  -------------------------------------------------------------------    -------------------

                         (clock clk_pl_0 rise edge)
                                                      0.000     0.000 r  
    PS8_X0Y0             PS8                          0.000     0.000 r  kr260_min_i/PS_0/inst/PS8_i/PLCLK[0]
                         net (fo=1, routed)           0.229     0.229    kr260_min_i/PS_0/inst/pl_clk_unbuffered[0]
    BUFG_PS_X0Y80        BUFG_PS (Prop_BUFG_PS_I_O)
                                                      0.038     0.267 r  kr260_min_i/PS_0/inst/buffer_pl_clk_0.PL_CLK_0_BUFG/O
    X0Y1 (CLOCK_ROOT)    net (fo=5670, routed)        2.392     2.659    kr260_min_i/axi_ic_PS_0_S_AXI_HPC0_FPD/s00_couplers/auto_ds/inst/gen_downsizer.gen_simple_downsizer.axi_downsizer_inst/USE_READ.read_addr_inst/CLK
    SLICE_X2Y59          FDRE                                         r  kr260_min_i/axi_ic_PS_0_S_AXI_HPC0_FPD/s00_couplers/auto_ds/inst/gen_downsizer.gen_simple_downsizer.axi_downsizer_inst/USE_READ.read_addr_inst/wrap_rest_len_reg[7]/C
                         clock pessimism             -0.185     2.474    
    SLICE_X2Y59          FDRE (Hold_BFF2_SLICEM_C_D)
                                                      0.102     2.576    kr260_min_i/axi_ic_PS_0_S_AXI_HPC0_FPD/s00_couplers/auto_ds/inst/gen_downsizer.gen_simple_downsizer.axi_downsizer_inst/USE_READ.read_addr_inst/wrap_rest_len_reg[7]
  -------------------------------------------------------------------
                         required time                         -2.576    
                         arrival time                           2.606    
  -------------------------------------------------------------------
                         slack                                  0.030    

Slack (MET) :             0.031ns  (arrival time - required time)
  Source:                 kr260_min_i/axi_ic_PS_0_S_AXI_HPC0_FPD/s00_couplers/auto_cc/inst/gen_clock_conv.gen_async_conv.asyncfifo_axi/inst_fifo_gen/gaxi_full_lite.gwrite_ch.gwdch2.axi_wdch/grf.rf/gntv_or_sync_fifo.mem/gdm.dm_gen.dm/gpr1.dout_i_reg[251]/C
                            (rising edge-triggered cell FDRE clocked by clk_pl_0  {rise@0.000ns fall@2.000ns period=4.000ns})
  Destination:            kr260_min_i/axi_ic_PS_0_S_AXI_HPC0_FPD/s00_couplers/auto_cc/inst/gen_clock_conv.gen_async_conv.asyncfifo_axi/inst_fifo_gen/gaxi_full_lite.gwrite_ch.gwdch2.axi_wdch/grf.rf/gntv_or_sync_fifo.mem/goreg_dm.dout_i_reg[251]/D
                            (rising edge-triggered cell FDRE clocked by clk_pl_0  {rise@0.000ns fall@2.000ns period=4.000ns})
  Path Group:             clk_pl_0
  Path Type:              Hold (Min at Slow Process Corner)
  Requirement:            0.000ns  (clk_pl_0 rise@0.000ns - clk_pl_0 rise@0.000ns)
  Data Path Delay:        0.210ns  (logic 0.114ns (54.286%)  route 0.096ns (45.714%))
  Logic Levels:           0  
  Clock Path Skew:        0.076ns (DCD - SCD - CPR)
    Destination Clock Delay (DCD):    2.655ns
    Source Clock Delay      (SCD):    2.342ns
    Clock Pessimism Removal (CPR):    0.237ns
  Clock Net Delay (Source):      2.126ns (routing 0.955ns, distribution 1.171ns)
  Clock Net Delay (Destination): 2.388ns (routing 1.045ns, distribution 1.343ns)

    Location             Delay type                Incr(ns)  Path(ns)    Netlist Resource(s)
  -------------------------------------------------------------------    -------------------
                         (clock clk_pl_0 rise edge)
                                                      0.000     0.000 r  
    PS8_X0Y0             PS8                          0.000     0.000 r  kr260_min_i/PS_0/inst/PS8_i/PLCLK[0]
                         net (fo=1, routed)           0.181     0.181    kr260_min_i/PS_0/inst/pl_clk_unbuffered[0]
    BUFG_PS_X0Y80        BUFG_PS (Prop_BUFG_PS_I_O)
                                                      0.035     0.216 r  kr260_min_i/PS_0/inst/buffer_pl_clk_0.PL_CLK_0_BUFG/O
    X0Y1 (CLOCK_ROOT)    net (fo=5670, routed)        2.126     2.342    kr260_min_i/axi_ic_PS_0_S_AXI_HPC0_FPD/s00_couplers/auto_cc/inst/gen_clock_conv.gen_async_conv.asyncfifo_axi/inst_fifo_gen/gaxi_full_lite.gwrite_ch.gwdch2.axi_wdch/grf.rf/gntv_or_sync_fifo.mem/gdm.dm_gen.dm/m_aclk
    SLICE_X9Y44          FDRE                                         r  kr260_min_i/axi_ic_PS_0_S_AXI_HPC0_FPD/s00_couplers/auto_cc/inst/gen_clock_conv.gen_async_conv.asyncfifo_axi/inst_fifo_gen/gaxi_full_lite.gwrite_ch.gwdch2.axi_wdch/grf.rf/gntv_or_sync_fifo.mem/gdm.dm_gen.dm/gpr1.dout_i_reg[251]/C
  -------------------------------------------------------------------    -------------------
    SLICE_X9Y44          FDRE (Prop_AFF2_SLICEL_C_Q)
                                                      0.114     2.456 r  kr260_min_i/axi_ic_PS_0_S_AXI_HPC0_FPD/s00_couplers/auto_cc/inst/gen_clock_conv.gen_async_conv.asyncfifo_axi/inst_fifo_gen/gaxi_full_lite.gwrite_ch.gwdch2.axi_wdch/grf.rf/gntv_or_sync_fifo.mem/gdm.dm_gen.dm/gpr1.dout_i_reg[251]/Q
                         net (fo=1, routed)           0.096     2.552    kr260_min_i/axi_ic_PS_0_S_AXI_HPC0_FPD/s00_couplers/auto_cc/inst/gen_clock_conv.gen_async_conv.asyncfifo_axi/inst_fifo_gen/gaxi_full_lite.gwrite_ch.gwdch2.axi_wdch/grf.rf/gntv_or_sync_fifo.mem/gdm.dm_gen.dm_n_325
    SLICE_X9Y46          FDRE                                         r  kr260_min_i/axi_ic_PS_0_S_AXI_HPC0_FPD/s00_couplers/auto_cc/inst/gen_clock_conv.gen_async_conv.asyncfifo_axi/inst_fifo_gen/gaxi_full_lite.gwrite_ch.gwdch2.axi_wdch/grf.rf/gntv_or_sync_fifo.mem/goreg_dm.dout_i_reg[251]/D
  -------------------------------------------------------------------    -------------------

                         (clock clk_pl_0 rise edge)
                                                      0.000     0.000 r  
    PS8_X0Y0             PS8                          0.000     0.000 r  kr260_min_i/PS_0/inst/PS8_i/PLCLK[0]
                         net (fo=1, routed)           0.229     0.229    kr260_min_i/PS_0/inst/pl_clk_unbuffered[0]
    BUFG_PS_X0Y80        BUFG_PS (Prop_BUFG_PS_I_O)
                                                      0.038     0.267 r  kr260_min_i/PS_0/inst/buffer_pl_clk_0.PL_CLK_0_BUFG/O
    X0Y1 (CLOCK_ROOT)    net (fo=5670, routed)        2.388     2.655    kr260_min_i/axi_ic_PS_0_S_AXI_HPC0_FPD/s00_couplers/auto_cc/inst/gen_clock_conv.gen_async_conv.asyncfifo_axi/inst_fifo_gen/gaxi_full_lite.gwrite_ch.gwdch2.axi_wdch/grf.rf/gntv_or_sync_fifo.mem/m_aclk
    SLICE_X9Y46          FDRE                                         r  kr260_min_i/axi_ic_PS_0_S_AXI_HPC0_FPD/s00_couplers/auto_cc/inst/gen_clock_conv.gen_async_conv.asyncfifo_axi/inst_fifo_gen/gaxi_full_lite.gwrite_ch.gwdch2.axi_wdch/grf.rf/gntv_or_sync_fifo.mem/goreg_dm.dout_i_reg[251]/C
                         clock pessimism             -0.237     2.418    
    SLICE_X9Y46          FDRE (Hold_GFF2_SLICEL_C_D)
                                                      0.103     2.521    kr260_min_i/axi_ic_PS_0_S_AXI_HPC0_FPD/s00_couplers/auto_cc/inst/gen_clock_conv.gen_async_conv.asyncfifo_axi/inst_fifo_gen/gaxi_full_lite.gwrite_ch.gwdch2.axi_wdch/grf.rf/gntv_or_sync_fifo.mem/goreg_dm.dout_i_reg[251]
  -------------------------------------------------------------------
                         required time                         -2.521    
                         arrival time                           2.552    
  -------------------------------------------------------------------
                         slack                                  0.031    

Slack (MET) :             0.032ns  (arrival time - required time)
  Source:                 kr260_min_i/axi_ic_PS_0_S_AXI_HPC0_FPD/s00_couplers/auto_ds/inst/gen_downsizer.gen_simple_downsizer.axi_downsizer_inst/USE_READ.read_addr_inst/cmd_queue/inst/fifo_gen_inst/inst_fifo_gen/gconvfifo.rf/grf.rf/gntv_or_sync_fifo.mem/gdm.dm_gen.dm/gpr1.dout_i_reg[29]/C
                            (rising edge-triggered cell FDRE clocked by clk_pl_0  {rise@0.000ns fall@2.000ns period=4.000ns})
  Destination:            kr260_min_i/axi_ic_PS_0_S_AXI_HPC0_FPD/s00_couplers/auto_ds/inst/gen_downsizer.gen_simple_downsizer.axi_downsizer_inst/USE_READ.read_addr_inst/cmd_queue/inst/fifo_gen_inst/inst_fifo_gen/gconvfifo.rf/grf.rf/gntv_or_sync_fifo.mem/goreg_dm.dout_i_reg[29]/D
                            (rising edge-triggered cell FDRE clocked by clk_pl_0  {rise@0.000ns fall@2.000ns period=4.000ns})
  Path Group:             clk_pl_0
  Path Type:              Hold (Min at Slow Process Corner)
  Requirement:            0.000ns  (clk_pl_0 rise@0.000ns - clk_pl_0 rise@0.000ns)
  Data Path Delay:        0.338ns  (logic 0.112ns (33.136%)  route 0.226ns (66.864%))
  Logic Levels:           0  
  Clock Path Skew:        0.203ns (DCD - SCD - CPR)
    Destination Clock Delay (DCD):    2.678ns
    Source Clock Delay      (SCD):    2.334ns
    Clock Pessimism Removal (CPR):    0.141ns
  Clock Net Delay (Source):      2.118ns (routing 0.955ns, distribution 1.163ns)
  Clock Net Delay (Destination): 2.411ns (routing 1.045ns, distribution 1.366ns)

    Location             Delay type                Incr(ns)  Path(ns)    Netlist Resource(s)
  -------------------------------------------------------------------    -------------------
                         (clock clk_pl_0 rise edge)
                                                      0.000     0.000 r  
    PS8_X0Y0             PS8                          0.000     0.000 r  kr260_min_i/PS_0/inst/PS8_i/PLCLK[0]
                         net (fo=1, routed)           0.181     0.181    kr260_min_i/PS_0/inst/pl_clk_unbuffered[0]
    BUFG_PS_X0Y80        BUFG_PS (Prop_BUFG_PS_I_O)
                                                      0.035     0.216 r  kr260_min_i/PS_0/inst/buffer_pl_clk_0.PL_CLK_0_BUFG/O
    X0Y1 (CLOCK_ROOT)    net (fo=5670, routed)        2.118     2.334    kr260_min_i/axi_ic_PS_0_S_AXI_HPC0_FPD/s00_couplers/auto_ds/inst/gen_downsizer.gen_simple_downsizer.axi_downsizer_inst/USE_READ.read_addr_inst/cmd_queue/inst/fifo_gen_inst/inst_fifo_gen/gconvfifo.rf/grf.rf/gntv_or_sync_fifo.mem/gdm.dm_gen.dm/clk
    SLICE_X1Y117         FDRE                                         r  kr260_min_i/axi_ic_PS_0_S_AXI_HPC0_FPD/s00_couplers/auto_ds/inst/gen_downsizer.gen_simple_downsizer.axi_downsizer_inst/USE_READ.read_addr_inst/cmd_queue/inst/fifo_gen_inst/inst_fifo_gen/gconvfifo.rf/grf.rf/gntv_or_sync_fifo.mem/gdm.dm_gen.dm/gpr1.dout_i_reg[29]/C
  -------------------------------------------------------------------    -------------------
    SLICE_X1Y117         FDRE (Prop_AFF_SLICEM_C_Q)
                                                      0.112     2.446 r  kr260_min_i/axi_ic_PS_0_S_AXI_HPC0_FPD/s00_couplers/auto_ds/inst/gen_downsizer.gen_simple_downsizer.axi_downsizer_inst/USE_READ.read_addr_inst/cmd_queue/inst/fifo_gen_inst/inst_fifo_gen/gconvfifo.rf/grf.rf/gntv_or_sync_fifo.mem/gdm.dm_gen.dm/gpr1.dout_i_reg[29]/Q
                         net (fo=1, routed)           0.226     2.672    kr260_min_i/axi_ic_PS_0_S_AXI_HPC0_FPD/s00_couplers/auto_ds/inst/gen_downsizer.gen_simple_downsizer.axi_downsizer_inst/USE_READ.read_addr_inst/cmd_queue/inst/fifo_gen_inst/inst_fifo_gen/gconvfifo.rf/grf.rf/gntv_or_sync_fifo.mem/dout_i[29]
    SLICE_X0Y124         FDRE                                         r  kr260_min_i/axi_ic_PS_0_S_AXI_HPC0_FPD/s00_couplers/auto_ds/inst/gen_downsizer.gen_simple_downsizer.axi_downsizer_inst/USE_READ.read_addr_inst/cmd_queue/inst/fifo_gen_inst/inst_fifo_gen/gconvfifo.rf/grf.rf/gntv_or_sync_fifo.mem/goreg_dm.dout_i_reg[29]/D
  -------------------------------------------------------------------    -------------------

                         (clock clk_pl_0 rise edge)
                                                      0.000     0.000 r  
    PS8_X0Y0             PS8                          0.000     0.000 r  kr260_min_i/PS_0/inst/PS8_i/PLCLK[0]
                         net (fo=1, routed)           0.229     0.229    kr260_min_i/PS_0/inst/pl_clk_unbuffered[0]
    BUFG_PS_X0Y80        BUFG_PS (Prop_BUFG_PS_I_O)
                                                      0.038     0.267 r  kr260_min_i/PS_0/inst/buffer_pl_clk_0.PL_CLK_0_BUFG/O
    X0Y1 (CLOCK_ROOT)    net (fo=5670, routed)        2.411     2.678    kr260_min_i/axi_ic_PS_0_S_AXI_HPC0_FPD/s00_couplers/auto_ds/inst/gen_downsizer.gen_simple_downsizer.axi_downsizer_inst/USE_READ.read_addr_inst/cmd_queue/inst/fifo_gen_inst/inst_fifo_gen/gconvfifo.rf/grf.rf/gntv_or_sync_fifo.mem/clk
    SLICE_X0Y124         FDRE                                         r  kr260_min_i/axi_ic_PS_0_S_AXI_HPC0_FPD/s00_couplers/auto_ds/inst/gen_downsizer.gen_simple_downsizer.axi_downsizer_inst/USE_READ.read_addr_inst/cmd_queue/inst/fifo_gen_inst/inst_fifo_gen/gconvfifo.rf/grf.rf/gntv_or_sync_fifo.mem/goreg_dm.dout_i_reg[29]/C
                         clock pessimism             -0.141     2.537    
    SLICE_X0Y124         FDRE (Hold_FFF2_SLICEL_C_D)
                                                      0.103     2.640    kr260_min_i/axi_ic_PS_0_S_AXI_HPC0_FPD/s00_couplers/auto_ds/inst/gen_downsizer.gen_simple_downsizer.axi_downsizer_inst/USE_READ.read_addr_inst/cmd_queue/inst/fifo_gen_inst/inst_fifo_gen/gconvfifo.rf/grf.rf/gntv_or_sync_fifo.mem/goreg_dm.dout_i_reg[29]
  -------------------------------------------------------------------
                         required time                         -2.640    
                         arrival time                           2.672    
  -------------------------------------------------------------------
                         slack                                  0.032    





Pulse Width Checks
--------------------------------------------------------------------------------------
Clock Name:         clk_pl_0
Waveform(ns):       { 0.000 2.000 }
Period(ns):         4.000
Sources:            { kr260_min_i/PS_0/inst/PS8_i/PLCLK[0] }

Check Type        Corner  Lib Pin          Reference Pin  Required(ns)  Actual(ns)  Slack(ns)  Location      Pin
Min Period        n/a     PS8/MAXIGP0ACLK  n/a            3.000         4.000       1.000      PS8_X0Y0      kr260_min_i/PS_0/inst/PS8_i/MAXIGP0ACLK
Min Period        n/a     PS8/SAXIGP0RCLK  n/a            3.000         4.000       1.000      PS8_X0Y0      kr260_min_i/PS_0/inst/PS8_i/SAXIGP0RCLK
Min Period        n/a     PS8/SAXIGP0WCLK  n/a            3.000         4.000       1.000      PS8_X0Y0      kr260_min_i/PS_0/inst/PS8_i/SAXIGP0WCLK
Min Period        n/a     PS8/SAXIGP2RCLK  n/a            3.000         4.000       1.000      PS8_X0Y0      kr260_min_i/PS_0/inst/PS8_i/SAXIGP2RCLK
Min Period        n/a     PS8/SAXIGP2WCLK  n/a            3.000         4.000       1.000      PS8_X0Y0      kr260_min_i/PS_0/inst/PS8_i/SAXIGP2WCLK
Min Period        n/a     PS8/SAXIGP3RCLK  n/a            3.000         4.000       1.000      PS8_X0Y0      kr260_min_i/PS_0/inst/PS8_i/SAXIGP3RCLK
Min Period        n/a     PS8/SAXIGP3WCLK  n/a            3.000         4.000       1.000      PS8_X0Y0      kr260_min_i/PS_0/inst/PS8_i/SAXIGP3WCLK
Min Period        n/a     PS8/SAXIGP4RCLK  n/a            3.000         4.000       1.000      PS8_X0Y0      kr260_min_i/PS_0/inst/PS8_i/SAXIGP4RCLK
Min Period        n/a     PS8/SAXIGP4WCLK  n/a            3.000         4.000       1.000      PS8_X0Y0      kr260_min_i/PS_0/inst/PS8_i/SAXIGP4WCLK
Min Period        n/a     RAMD32/CLK       n/a            1.524         4.000       2.476      SLICE_X1Y100  kr260_min_i/axi_ic_PS_0_M_AXI_HPM0_FPD/s00_couplers/auto_cc/inst/gen_clock_conv.gen_async_conv.asyncfifo_axi/inst_fifo_gen/gaxi_full_lite.gread_ch.grach2.axi_rach/grf.rf/gntv_or_sync_fifo.mem/gdm.dm_gen.dm/RAM_reg_0_15_28_41/RAMA/CLK
Low Pulse Width   Slow    PS8/MAXIGP0ACLK  n/a            1.500         2.000       0.500      PS8_X0Y0      kr260_min_i/PS_0/inst/PS8_i/MAXIGP0ACLK
Low Pulse Width   Fast    PS8/MAXIGP0ACLK  n/a            1.500         2.000       0.500      PS8_X0Y0      kr260_min_i/PS_0/inst/PS8_i/MAXIGP0ACLK
Low Pulse Width   Slow    PS8/SAXIGP0RCLK  n/a            1.500         2.000       0.500      PS8_X0Y0      kr260_min_i/PS_0/inst/PS8_i/SAXIGP0RCLK
Low Pulse Width   Fast    PS8/SAXIGP0RCLK  n/a            1.500         2.000       0.500      PS8_X0Y0      kr260_min_i/PS_0/inst/PS8_i/SAXIGP0RCLK
Low Pulse Width   Slow    PS8/SAXIGP0WCLK  n/a            1.500         2.000       0.500      PS8_X0Y0      kr260_min_i/PS_0/inst/PS8_i/SAXIGP0WCLK
Low Pulse Width   Fast    PS8/SAXIGP0WCLK  n/a            1.500         2.000       0.500      PS8_X0Y0      kr260_min_i/PS_0/inst/PS8_i/SAXIGP0WCLK
Low Pulse Width   Slow    PS8/SAXIGP2RCLK  n/a            1.500         2.000       0.500      PS8_X0Y0      kr260_min_i/PS_0/inst/PS8_i/SAXIGP2RCLK
Low Pulse Width   Fast    PS8/SAXIGP2RCLK  n/a            1.500         2.000       0.500      PS8_X0Y0      kr260_min_i/PS_0/inst/PS8_i/SAXIGP2RCLK
Low Pulse Width   Slow    PS8/SAXIGP2WCLK  n/a            1.500         2.000       0.500      PS8_X0Y0      kr260_min_i/PS_0/inst/PS8_i/SAXIGP2WCLK
Low Pulse Width   Fast    PS8/SAXIGP2WCLK  n/a            1.500         2.000       0.500      PS8_X0Y0      kr260_min_i/PS_0/inst/PS8_i/SAXIGP2WCLK
High Pulse Width  Slow    PS8/MAXIGP0ACLK  n/a            1.500         2.000       0.500      PS8_X0Y0      kr260_min_i/PS_0/inst/PS8_i/MAXIGP0ACLK
High Pulse Width  Fast    PS8/MAXIGP0ACLK  n/a            1.500         2.000       0.500      PS8_X0Y0      kr260_min_i/PS_0/inst/PS8_i/MAXIGP0ACLK
High Pulse Width  Slow    PS8/SAXIGP0RCLK  n/a            1.500         2.000       0.500      PS8_X0Y0      kr260_min_i/PS_0/inst/PS8_i/SAXIGP0RCLK
High Pulse Width  Fast    PS8/SAXIGP0RCLK  n/a            1.500         2.000       0.500      PS8_X0Y0      kr260_min_i/PS_0/inst/PS8_i/SAXIGP0RCLK
High Pulse Width  Slow    PS8/SAXIGP0WCLK  n/a            1.500         2.000       0.500      PS8_X0Y0      kr260_min_i/PS_0/inst/PS8_i/SAXIGP0WCLK
High Pulse Width  Fast    PS8/SAXIGP0WCLK  n/a            1.500         2.000       0.500      PS8_X0Y0      kr260_min_i/PS_0/inst/PS8_i/SAXIGP0WCLK
High Pulse Width  Slow    PS8/SAXIGP2RCLK  n/a            1.500         2.000       0.500      PS8_X0Y0      kr260_min_i/PS_0/inst/PS8_i/SAXIGP2RCLK
High Pulse Width  Fast    PS8/SAXIGP2RCLK  n/a            1.500         2.000       0.500      PS8_X0Y0      kr260_min_i/PS_0/inst/PS8_i/SAXIGP2RCLK
High Pulse Width  Slow    PS8/SAXIGP2WCLK  n/a            1.500         2.000       0.500      PS8_X0Y0      kr260_min_i/PS_0/inst/PS8_i/SAXIGP2WCLK
High Pulse Width  Fast    PS8/SAXIGP2WCLK  n/a            1.500         2.000       0.500      PS8_X0Y0      kr260_min_i/PS_0/inst/PS8_i/SAXIGP2WCLK



---------------------------------------------------------------------------------------------------
From Clock:  kr260_min_i/clk_wiz/inst/clk_in1
  To Clock:  kr260_min_i/clk_wiz/inst/clk_in1

Setup :           NA  Failing Endpoints,  Worst Slack           NA  ,  Total Violation           NA
Hold  :           NA  Failing Endpoints,  Worst Slack           NA  ,  Total Violation           NA
PW    :            0  Failing Endpoints,  Worst Slack        0.600ns,  Total Violation        0.000ns
---------------------------------------------------------------------------------------------------


Pulse Width Checks
--------------------------------------------------------------------------------------
Clock Name:         kr260_min_i/clk_wiz/inst/clk_in1
Waveform(ns):       { 0.000 2.000 }
Period(ns):         4.000
Sources:            { kr260_min_i/clk_wiz/inst/clk_in1 }

Check Type        Corner  Lib Pin            Reference Pin  Required(ns)  Actual(ns)  Slack(ns)  Location   Pin
Min Period        n/a     MMCME4_ADV/CLKIN1  n/a            1.071         4.000       2.929      MMCM_X0Y0  kr260_min_i/clk_wiz/inst/mmcme4_adv_inst/CLKIN1
Max Period        n/a     MMCME4_ADV/CLKIN1  n/a            100.000       4.000       96.000     MMCM_X0Y0  kr260_min_i/clk_wiz/inst/mmcme4_adv_inst/CLKIN1
Low Pulse Width   Slow    MMCME4_ADV/CLKIN1  n/a            1.400         2.000       0.600      MMCM_X0Y0  kr260_min_i/clk_wiz/inst/mmcme4_adv_inst/CLKIN1
Low Pulse Width   Fast    MMCME4_ADV/CLKIN1  n/a            1.400         2.000       0.600      MMCM_X0Y0  kr260_min_i/clk_wiz/inst/mmcme4_adv_inst/CLKIN1
High Pulse Width  Slow    MMCME4_ADV/CLKIN1  n/a            1.400         2.000       0.600      MMCM_X0Y0  kr260_min_i/clk_wiz/inst/mmcme4_adv_inst/CLKIN1
High Pulse Width  Fast    MMCME4_ADV/CLKIN1  n/a            1.400         2.000       0.600      MMCM_X0Y0  kr260_min_i/clk_wiz/inst/mmcme4_adv_inst/CLKIN1



---------------------------------------------------------------------------------------------------
From Clock:  clk_out1_kr260_min_clk_wiz_0
  To Clock:  clk_out1_kr260_min_clk_wiz_0

Setup :            0  Failing Endpoints,  Worst Slack        0.075ns,  Total Violation        0.000ns
Hold  :            0  Failing Endpoints,  Worst Slack        0.005ns,  Total Violation        0.000ns
PW    :            0  Failing Endpoints,  Worst Slack        1.700ns,  Total Violation        0.000ns
---------------------------------------------------------------------------------------------------


Max Delay Paths
--------------------------------------------------------------------------------------
Slack (MET) :             0.075ns  (required time - arrival time)
  Source:                 kr260_min_i/snn_qp_v06_1/inst/g2_m_axi_U/load_unit/buff_rdata/U_fifo_mem/mem_reg_5/CLKARDCLK
                            (rising edge-triggered cell RAMB36E2 clocked by clk_out1_kr260_min_clk_wiz_0  {rise@0.000ns fall@2.500ns period=5.000ns})
  Destination:            kr260_min_i/snn_qp_v06_1/inst/g2_addr_14_read_reg_3262_reg[390]/D
                            (rising edge-triggered cell FDRE clocked by clk_out1_kr260_min_clk_wiz_0  {rise@0.000ns fall@2.500ns period=5.000ns})
  Path Group:             clk_out1_kr260_min_clk_wiz_0
  Path Type:              Setup (Max at Slow Process Corner)
  Requirement:            5.000ns  (clk_out1_kr260_min_clk_wiz_0 rise@5.000ns - clk_out1_kr260_min_clk_wiz_0 rise@0.000ns)
  Data Path Delay:        4.788ns  (logic 1.201ns (25.083%)  route 3.587ns (74.917%))
  Logic Levels:           0  
  Clock Path Skew:        -0.124ns (DCD - SCD + CPR)
    Destination Clock Delay (DCD):    5.145ns = ( 10.145 - 5.000 ) 
    Source Clock Delay      (SCD):    4.782ns
    Clock Pessimism Removal (CPR):    -0.487ns
  Clock Uncertainty:      0.057ns  ((TSJ^2 + DJ^2)^1/2) / 2 + PE
    Total System Jitter     (TSJ):    0.071ns
    Discrete Jitter          (DJ):    0.091ns
    Phase Error              (PE):    0.000ns
  Clock Net Delay (Source):      2.219ns (routing 0.724ns, distribution 1.495ns)
  Clock Net Delay (Destination): 1.982ns (routing 0.669ns, distribution 1.313ns)

    Location             Delay type                Incr(ns)  Path(ns)    Netlist Resource(s)
  -------------------------------------------------------------------    -------------------
                         (clock clk_out1_kr260_min_clk_wiz_0 rise edge)
                                                      0.000     0.000 r  
    BUFG_PS_X0Y80        BUFG_PS                      0.000     0.000 r  kr260_min_i/PS_0/inst/buffer_pl_clk_0.PL_CLK_0_BUFG/O
                         net (fo=5670, routed)        2.274     2.274    kr260_min_i/clk_wiz/inst/clk_in1
    MMCM_X0Y0            MMCME4_ADV (Prop_MMCM_CLKIN1_CLKOUT0)
                                                     -0.103     2.171 r  kr260_min_i/clk_wiz/inst/mmcme4_adv_inst/CLKOUT0
                         net (fo=1, routed)           0.348     2.519    kr260_min_i/clk_wiz/inst/clk_out1_kr260_min_clk_wiz_0
    BUFGCE_X0Y1          BUFGCE (Prop_BUFCE_BUFGCE_I_O)
                                                      0.044     2.563 r  kr260_min_i/clk_wiz/inst/clkout1_buf/O
    X1Y1 (CLOCK_ROOT)    net (fo=62375, routed)       2.219     4.782    kr260_min_i/snn_qp_v06_1/inst/g2_m_axi_U/load_unit/buff_rdata/U_fifo_mem/ap_clk
    RAMB36_X0Y30         RAMB36E2                                     r  kr260_min_i/snn_qp_v06_1/inst/g2_m_axi_U/load_unit/buff_rdata/U_fifo_mem/mem_reg_5/CLKARDCLK
  -------------------------------------------------------------------    -------------------
    RAMB36_X0Y30         RAMB36E2 (Prop_RAMB36E2_RAMB36_CLKARDCLK_DOUTADOUT[30])
                                                      1.201     5.983 r  kr260_min_i/snn_qp_v06_1/inst/g2_m_axi_U/load_unit/buff_rdata/U_fifo_mem/mem_reg_5/DOUTADOUT[30]
                         net (fo=15, routed)          3.587     9.570    kr260_min_i/snn_qp_v06_1/inst/g2_RDATA[390]
    SLICE_X38Y179        FDRE                                         r  kr260_min_i/snn_qp_v06_1/inst/g2_addr_14_read_reg_3262_reg[390]/D
  -------------------------------------------------------------------    -------------------

                         (clock clk_out1_kr260_min_clk_wiz_0 rise edge)
                                                      5.000     5.000 r  
    BUFG_PS_X0Y80        BUFG_PS                      0.000     5.000 r  kr260_min_i/PS_0/inst/buffer_pl_clk_0.PL_CLK_0_BUFG/O
                         net (fo=5670, routed)        2.078     7.078    kr260_min_i/clk_wiz/inst/clk_in1
    MMCM_X0Y0            MMCME4_ADV (Prop_MMCM_CLKIN1_CLKOUT0)
                                                      0.739     7.817 r  kr260_min_i/clk_wiz/inst/mmcme4_adv_inst/CLKOUT0
                         net (fo=1, routed)           0.307     8.124    kr260_min_i/clk_wiz/inst/clk_out1_kr260_min_clk_wiz_0
    BUFGCE_X0Y1          BUFGCE (Prop_BUFCE_BUFGCE_I_O)
                                                      0.039     8.163 r  kr260_min_i/clk_wiz/inst/clkout1_buf/O
    X1Y1 (CLOCK_ROOT)    net (fo=62375, routed)       1.982    10.145    kr260_min_i/snn_qp_v06_1/inst/ap_clk
    SLICE_X38Y179        FDRE                                         r  kr260_min_i/snn_qp_v06_1/inst/g2_addr_14_read_reg_3262_reg[390]/C
                         clock pessimism             -0.487     9.658    
                         clock uncertainty           -0.057     9.600    
    SLICE_X38Y179        FDRE (Setup_FFF2_SLICEM_C_D)
                                                      0.045     9.645    kr260_min_i/snn_qp_v06_1/inst/g2_addr_14_read_reg_3262_reg[390]
  -------------------------------------------------------------------
                         required time                          9.645    
                         arrival time                          -9.570    
  -------------------------------------------------------------------
                         slack                                  0.075    

Slack (MET) :             0.081ns  (required time - arrival time)
  Source:                 kr260_min_i/snn_qp_v06_1/inst/grp_p_anonymous_namespace_dispatch_command_fu_1083/grp_p_anonymous_namespace_solve_current_fu_550/grp_p_anonymous_namespace_solve_current_Pipeline_update_residual_facet_fu_1437/mul_40s_40s_80_1_1_U352/dout__0/DSP_A_B_DATA_INST/CLK
                            (rising edge-triggered cell DSP_A_B_DATA clocked by clk_out1_kr260_min_clk_wiz_0  {rise@0.000ns fall@2.500ns period=5.000ns})
  Destination:            kr260_min_i/snn_qp_v06_1/inst/grp_p_anonymous_namespace_dispatch_command_fu_1083/grp_p_anonymous_namespace_solve_current_fu_550/grp_p_anonymous_namespace_solve_current_Pipeline_update_residual_facet_fu_1437/r_V_9_reg_2537_reg[67]/D
                            (rising edge-triggered cell FDRE clocked by clk_out1_kr260_min_clk_wiz_0  {rise@0.000ns fall@2.500ns period=5.000ns})
  Path Group:             clk_out1_kr260_min_clk_wiz_0
  Path Type:              Setup (Max at Slow Process Corner)
  Requirement:            5.000ns  (clk_out1_kr260_min_clk_wiz_0 rise@5.000ns - clk_out1_kr260_min_clk_wiz_0 rise@0.000ns)
  Data Path Delay:        4.633ns  (logic 3.547ns (76.567%)  route 1.086ns (23.433%))
  Logic Levels:           11  (CARRY8=3 DSP_ALU=2 DSP_M_DATA=1 DSP_MULTIPLIER=1 DSP_OUTPUT=2 DSP_PREADD_DATA=1 LUT5=1)
  Clock Path Skew:        -0.272ns (DCD - SCD + CPR)
    Destination Clock Delay (DCD):    5.018ns = ( 10.018 - 5.000 ) 
    Source Clock Delay      (SCD):    4.789ns
    Clock Pessimism Removal (CPR):    -0.501ns
  Clock Uncertainty:      0.057ns  ((TSJ^2 + DJ^2)^1/2) / 2 + PE
    Total System Jitter     (TSJ):    0.071ns
    Discrete Jitter          (DJ):    0.091ns
    Phase Error              (PE):    0.000ns
  Clock Net Delay (Source):      2.226ns (routing 0.724ns, distribution 1.502ns)
  Clock Net Delay (Destination): 1.855ns (routing 0.669ns, distribution 1.186ns)

    Location             Delay type                Incr(ns)  Path(ns)    Netlist Resource(s)
  -------------------------------------------------------------------    -------------------
                         (clock clk_out1_kr260_min_clk_wiz_0 rise edge)
                                                      0.000     0.000 r  
    BUFG_PS_X0Y80        BUFG_PS                      0.000     0.000 r  kr260_min_i/PS_0/inst/buffer_pl_clk_0.PL_CLK_0_BUFG/O
                         net (fo=5670, routed)        2.274     2.274    kr260_min_i/clk_wiz/inst/clk_in1
    MMCM_X0Y0            MMCME4_ADV (Prop_MMCM_CLKIN1_CLKOUT0)
                                                     -0.103     2.171 r  kr260_min_i/clk_wiz/inst/mmcme4_adv_inst/CLKOUT0
                         net (fo=1, routed)           0.348     2.519    kr260_min_i/clk_wiz/inst/clk_out1_kr260_min_clk_wiz_0
    BUFGCE_X0Y1          BUFGCE (Prop_BUFCE_BUFGCE_I_O)
                                                      0.044     2.563 r  kr260_min_i/clk_wiz/inst/clkout1_buf/O
    X1Y1 (CLOCK_ROOT)    net (fo=62375, routed)       2.226     4.789    kr260_min_i/snn_qp_v06_1/inst/grp_p_anonymous_namespace_dispatch_command_fu_1083/grp_p_anonymous_namespace_solve_current_fu_550/grp_p_anonymous_namespace_solve_current_Pipeline_update_residual_facet_fu_1437/mul_40s_40s_80_1_1_U352/dout__0/CLK
    DSP48E2_X11Y19       DSP_A_B_DATA                                 r  kr260_min_i/snn_qp_v06_1/inst/grp_p_anonymous_namespace_dispatch_command_fu_1083/grp_p_anonymous_namespace_solve_current_fu_550/grp_p_anonymous_namespace_solve_current_Pipeline_update_residual_facet_fu_1437/mul_40s_40s_80_1_1_U352/dout__0/DSP_A_B_DATA_INST/CLK
  -------------------------------------------------------------------    -------------------
    DSP48E2_X11Y19       DSP_A_B_DATA (Prop_DSP_A_B_DATA_DSP48E2_CLK_B2_DATA[17])
                                                      0.264     5.053 r  kr260_min_i/snn_qp_v06_1/inst/grp_p_anonymous_namespace_dispatch_command_fu_1083/grp_p_anonymous_namespace_solve_current_fu_550/grp_p_anonymous_namespace_solve_current_Pipeline_update_residual_facet_fu_1437/mul_40s_40s_80_1_1_U352/dout__0/DSP_A_B_DATA_INST/B2_DATA[17]
                         net (fo=1, routed)           0.000     5.053    kr260_min_i/snn_qp_v06_1/inst/grp_p_anonymous_namespace_dispatch_command_fu_1083/grp_p_anonymous_namespace_solve_current_fu_550/grp_p_anonymous_namespace_solve_current_Pipeline_update_residual_facet_fu_1437/mul_40s_40s_80_1_1_U352/dout__0/DSP_A_B_DATA.B2_DATA<17>
    DSP48E2_X11Y19       DSP_PREADD_DATA (Prop_DSP_PREADD_DATA_DSP48E2_B2_DATA[17]_B2B1[17])
                                                      0.097     5.150 r  kr260_min_i/snn_qp_v06_1/inst/grp_p_anonymous_namespace_dispatch_command_fu_1083/grp_p_anonymous_namespace_solve_current_fu_550/grp_p_anonymous_namespace_solve_current_Pipeline_update_residual_facet_fu_1437/mul_40s_40s_80_1_1_U352/dout__0/DSP_PREADD_DATA_INST/B2B1[17]
                         net (fo=1, routed)           0.000     5.150    kr260_min_i/snn_qp_v06_1/inst/grp_p_anonymous_namespace_dispatch_command_fu_1083/grp_p_anonymous_namespace_solve_current_fu_550/grp_p_anonymous_namespace_solve_current_Pipeline_update_residual_facet_fu_1437/mul_40s_40s_80_1_1_U352/dout__0/DSP_PREADD_DATA.B2B1<17>
    DSP48E2_X11Y19       DSP_MULTIPLIER (Prop_DSP_MULTIPLIER_DSP48E2_B2B1[17]_U[43])
                                                      0.773     5.923 f  kr260_min_i/snn_qp_v06_1/inst/grp_p_anonymous_namespace_dispatch_command_fu_1083/grp_p_anonymous_namespace_solve_current_fu_550/grp_p_anonymous_namespace_solve_current_Pipeline_update_residual_facet_fu_1437/mul_40s_40s_80_1_1_U352/dout__0/DSP_MULTIPLIER_INST/U[43]
                         net (fo=1, routed)           0.000     5.923    kr260_min_i/snn_qp_v06_1/inst/grp_p_anonymous_namespace_dispatch_command_fu_1083/grp_p_anonymous_namespace_solve_current_fu_550/grp_p_anonymous_namespace_solve_current_Pipeline_update_residual_facet_fu_1437/mul_40s_40s_80_1_1_U352/dout__0/DSP_MULTIPLIER.U<43>
    DSP48E2_X11Y19       DSP_M_DATA (Prop_DSP_M_DATA_DSP48E2_U[43]_U_DATA[43])
                                                      0.067     5.990 r  kr260_min_i/snn_qp_v06_1/inst/grp_p_anonymous_namespace_dispatch_command_fu_1083/grp_p_anonymous_namespace_solve_current_fu_550/grp_p_anonymous_namespace_solve_current_Pipeline_update_residual_facet_fu_1437/mul_40s_40s_80_1_1_U352/dout__0/DSP_M_DATA_INST/U_DATA[43]
                         net (fo=1, routed)           0.000     5.990    kr260_min_i/snn_qp_v06_1/inst/grp_p_anonymous_namespace_dispatch_command_fu_1083/grp_p_anonymous_namespace_solve_current_fu_550/grp_p_anonymous_namespace_solve_current_Pipeline_update_residual_facet_fu_1437/mul_40s_40s_80_1_1_U352/dout__0/DSP_M_DATA.U_DATA<43>
    DSP48E2_X11Y19       DSP_ALU (Prop_DSP_ALU_DSP48E2_U_DATA[43]_ALU_OUT[47])
                                                      0.727     6.717 f  kr260_min_i/snn_qp_v06_1/inst/grp_p_anonymous_namespace_dispatch_command_fu_1083/grp_p_anonymous_namespace_solve_current_fu_550/grp_p_anonymous_namespace_solve_current_Pipeline_update_residual_facet_fu_1437/mul_40s_40s_80_1_1_U352/dout__0/DSP_ALU_INST/ALU_OUT[47]
                         net (fo=1, routed)           0.000     6.717    kr260_min_i/snn_qp_v06_1/inst/grp_p_anonymous_namespace_dispatch_command_fu_1083/grp_p_anonymous_namespace_solve_current_fu_550/grp_p_anonymous_namespace_solve_current_Pipeline_update_residual_facet_fu_1437/mul_40s_40s_80_1_1_U352/dout__0/DSP_ALU.ALU_OUT<47>
    DSP48E2_X11Y19       DSP_OUTPUT (Prop_DSP_OUTPUT_DSP48E2_ALU_OUT[47]_PCOUT[47])
                                                      0.167     6.884 r  kr260_min_i/snn_qp_v06_1/inst/grp_p_anonymous_namespace_dispatch_command_fu_1083/grp_p_anonymous_namespace_solve_current_fu_550/grp_p_anonymous_namespace_solve_current_Pipeline_update_residual_facet_fu_1437/mul_40s_40s_80_1_1_U352/dout__0/DSP_OUTPUT_INST/PCOUT[47]
                         net (fo=1, routed)           0.038     6.922    kr260_min_i/snn_qp_v06_1/inst/grp_p_anonymous_namespace_dispatch_command_fu_1083/grp_p_anonymous_namespace_solve_current_fu_550/grp_p_anonymous_namespace_solve_current_Pipeline_update_residual_facet_fu_1437/mul_40s_40s_80_1_1_U352/dout__1/PCIN[47]
    DSP48E2_X11Y20       DSP_ALU (Prop_DSP_ALU_DSP48E2_PCIN[47]_ALU_OUT[17])
                                                      0.739     7.661 f  kr260_min_i/snn_qp_v06_1/inst/grp_p_anonymous_namespace_dispatch_command_fu_1083/grp_p_anonymous_namespace_solve_current_fu_550/grp_p_anonymous_namespace_solve_current_Pipeline_update_residual_facet_fu_1437/mul_40s_40s_80_1_1_U352/dout__1/DSP_ALU_INST/ALU_OUT[17]
                         net (fo=1, routed)           0.000     7.661    kr260_min_i/snn_qp_v06_1/inst/grp_p_anonymous_namespace_dispatch_command_fu_1083/grp_p_anonymous_namespace_solve_current_fu_550/grp_p_anonymous_namespace_solve_current_Pipeline_update_residual_facet_fu_1437/mul_40s_40s_80_1_1_U352/dout__1/DSP_ALU.ALU_OUT<17>
    DSP48E2_X11Y20       DSP_OUTPUT (Prop_DSP_OUTPUT_DSP48E2_ALU_OUT[17]_P[17])
                                                      0.146     7.807 r  kr260_min_i/snn_qp_v06_1/inst/grp_p_anonymous_namespace_dispatch_command_fu_1083/grp_p_anonymous_namespace_solve_current_fu_550/grp_p_anonymous_namespace_solve_current_Pipeline_update_residual_facet_fu_1437/mul_40s_40s_80_1_1_U352/dout__1/DSP_OUTPUT_INST/P[17]
                         net (fo=2, routed)           0.936     8.743    kr260_min_i/snn_qp_v06_1/inst/grp_p_anonymous_namespace_dispatch_command_fu_1083/grp_p_anonymous_namespace_solve_current_fu_550/grp_p_anonymous_namespace_solve_current_Pipeline_update_residual_facet_fu_1437/mul_40s_40s_80_1_1_U352/dout__1_n_108
    SLICE_X40Y44         LUT5 (Prop_E6LUT_SLICEM_I3_O)
                                                      0.152     8.895 r  kr260_min_i/snn_qp_v06_1/inst/grp_p_anonymous_namespace_dispatch_command_fu_1083/grp_p_anonymous_namespace_solve_current_fu_550/grp_p_anonymous_namespace_solve_current_Pipeline_update_residual_facet_fu_1437/mul_40s_40s_80_1_1_U352/r_V_9_reg_2537[55]_i_9/O
                         net (fo=1, routed)           0.018     8.913    kr260_min_i/snn_qp_v06_1/inst/grp_p_anonymous_namespace_dispatch_command_fu_1083_n_3784
    SLICE_X40Y44         CARRY8 (Prop_CARRY8_SLICEM_S[4]_CO[7])
                                                      0.236     9.149 r  kr260_min_i/snn_qp_v06_1/inst/grp_p_anonymous_namespace_solve_current_Pipeline_update_residual_facet_fu_1437/mul_40s_40s_80_1_1_U352/r_V_9_reg_2537_reg[55]_i_1/CO[7]
                         net (fo=1, routed)           0.030     9.179    kr260_min_i/snn_qp_v06_1/inst/grp_p_anonymous_namespace_solve_current_Pipeline_update_residual_facet_fu_1437/mul_40s_40s_80_1_1_U352/r_V_9_reg_2537_reg[55]_i_1_n_20
    SLICE_X40Y45         CARRY8 (Prop_CARRY8_SLICEM_CI_CO[7])
                                                      0.065     9.244 r  kr260_min_i/snn_qp_v06_1/inst/grp_p_anonymous_namespace_solve_current_Pipeline_update_residual_facet_fu_1437/mul_40s_40s_80_1_1_U352/r_V_9_reg_2537_reg[63]_i_1/CO[7]
                         net (fo=1, routed)           0.030     9.274    kr260_min_i/snn_qp_v06_1/inst/grp_p_anonymous_namespace_solve_current_Pipeline_update_residual_facet_fu_1437/mul_40s_40s_80_1_1_U352/r_V_9_reg_2537_reg[63]_i_1_n_20
    SLICE_X40Y46         CARRY8 (Prop_CARRY8_SLICEM_CI_O[3])
                                                      0.114     9.388 r  kr260_min_i/snn_qp_v06_1/inst/grp_p_anonymous_namespace_solve_current_Pipeline_update_residual_facet_fu_1437/mul_40s_40s_80_1_1_U352/r_V_9_reg_2537_reg[71]_i_1/O[3]
                         net (fo=1, routed)           0.034     9.422    kr260_min_i/snn_qp_v06_1/inst/grp_p_anonymous_namespace_dispatch_command_fu_1083/grp_p_anonymous_namespace_solve_current_fu_550/grp_p_anonymous_namespace_solve_current_Pipeline_update_residual_facet_fu_1437/r_V_9_reg_2537_reg[71]_0[51]
    SLICE_X40Y46         FDRE                                         r  kr260_min_i/snn_qp_v06_1/inst/grp_p_anonymous_namespace_dispatch_command_fu_1083/grp_p_anonymous_namespace_solve_current_fu_550/grp_p_anonymous_namespace_solve_current_Pipeline_update_residual_facet_fu_1437/r_V_9_reg_2537_reg[67]/D
  -------------------------------------------------------------------    -------------------

                         (clock clk_out1_kr260_min_clk_wiz_0 rise edge)
                                                      5.000     5.000 r  
    BUFG_PS_X0Y80        BUFG_PS                      0.000     5.000 r  kr260_min_i/PS_0/inst/buffer_pl_clk_0.PL_CLK_0_BUFG/O
                         net (fo=5670, routed)        2.078     7.078    kr260_min_i/clk_wiz/inst/clk_in1
    MMCM_X0Y0            MMCME4_ADV (Prop_MMCM_CLKIN1_CLKOUT0)
                                                      0.739     7.817 r  kr260_min_i/clk_wiz/inst/mmcme4_adv_inst/CLKOUT0
                         net (fo=1, routed)           0.307     8.124    kr260_min_i/clk_wiz/inst/clk_out1_kr260_min_clk_wiz_0
    BUFGCE_X0Y1          BUFGCE (Prop_BUFCE_BUFGCE_I_O)
                                                      0.039     8.163 r  kr260_min_i/clk_wiz/inst/clkout1_buf/O
    X1Y1 (CLOCK_ROOT)    net (fo=62375, routed)       1.855    10.018    kr260_min_i/snn_qp_v06_1/inst/grp_p_anonymous_namespace_dispatch_command_fu_1083/grp_p_anonymous_namespace_solve_current_fu_550/grp_p_anonymous_namespace_solve_current_Pipeline_update_residual_facet_fu_1437/ap_clk
    SLICE_X40Y46         FDRE                                         r  kr260_min_i/snn_qp_v06_1/inst/grp_p_anonymous_namespace_dispatch_command_fu_1083/grp_p_anonymous_namespace_solve_current_fu_550/grp_p_anonymous_namespace_solve_current_Pipeline_update_residual_facet_fu_1437/r_V_9_reg_2537_reg[67]/C
                         clock pessimism             -0.501     9.517    
                         clock uncertainty           -0.057     9.460    
    SLICE_X40Y46         FDRE (Setup_DFF_SLICEM_C_D)
                                                      0.043     9.503    kr260_min_i/snn_qp_v06_1/inst/grp_p_anonymous_namespace_dispatch_command_fu_1083/grp_p_anonymous_namespace_solve_current_fu_550/grp_p_anonymous_namespace_solve_current_Pipeline_update_residual_facet_fu_1437/r_V_9_reg_2537_reg[67]
  -------------------------------------------------------------------
                         required time                          9.503    
                         arrival time                          -9.422    
  -------------------------------------------------------------------
                         slack                                  0.081    

Slack (MET) :             0.086ns  (required time - arrival time)
  Source:                 kr260_min_i/snn_qp_v06_1/inst/g2_m_axi_U/load_unit/buff_rdata/U_fifo_mem/mem_reg_4/CLKARDCLK
                            (rising edge-triggered cell RAMB36E2 clocked by clk_out1_kr260_min_clk_wiz_0  {rise@0.000ns fall@2.500ns period=5.000ns})
  Destination:            kr260_min_i/snn_qp_v06_1/inst/grp_p_anonymous_namespace_dispatch_command_fu_1083/g2_addr_28_read_reg_1258_reg[328]/D
                            (rising edge-triggered cell FDRE clocked by clk_out1_kr260_min_clk_wiz_0  {rise@0.000ns fall@2.500ns period=5.000ns})
  Path Group:             clk_out1_kr260_min_clk_wiz_0
  Path Type:              Setup (Max at Slow Process Corner)
  Requirement:            5.000ns  (clk_out1_kr260_min_clk_wiz_0 rise@5.000ns - clk_out1_kr260_min_clk_wiz_0 rise@0.000ns)
  Data Path Delay:        4.840ns  (logic 1.208ns (24.957%)  route 3.632ns (75.043%))
  Logic Levels:           0  
  Clock Path Skew:        -0.062ns (DCD - SCD + CPR)
    Destination Clock Delay (DCD):    5.317ns = ( 10.317 - 5.000 ) 
    Source Clock Delay      (SCD):    4.840ns
    Clock Pessimism Removal (CPR):    -0.539ns
  Clock Uncertainty:      0.057ns  ((TSJ^2 + DJ^2)^1/2) / 2 + PE
    Total System Jitter     (TSJ):    0.071ns
    Discrete Jitter          (DJ):    0.091ns
    Phase Error              (PE):    0.000ns
  Clock Net Delay (Source):      2.277ns (routing 0.724ns, distribution 1.553ns)
  Clock Net Delay (Destination): 2.154ns (routing 0.669ns, distribution 1.485ns)

    Location             Delay type                Incr(ns)  Path(ns)    Netlist Resource(s)
  -------------------------------------------------------------------    -------------------
                         (clock clk_out1_kr260_min_clk_wiz_0 rise edge)
                                                      0.000     0.000 r  
    BUFG_PS_X0Y80        BUFG_PS                      0.000     0.000 r  kr260_min_i/PS_0/inst/buffer_pl_clk_0.PL_CLK_0_BUFG/O
                         net (fo=5670, routed)        2.274     2.274    kr260_min_i/clk_wiz/inst/clk_in1
    MMCM_X0Y0            MMCME4_ADV (Prop_MMCM_CLKIN1_CLKOUT0)
                                                     -0.103     2.171 r  kr260_min_i/clk_wiz/inst/mmcme4_adv_inst/CLKOUT0
                         net (fo=1, routed)           0.348     2.519    kr260_min_i/clk_wiz/inst/clk_out1_kr260_min_clk_wiz_0
    BUFGCE_X0Y1          BUFGCE (Prop_BUFCE_BUFGCE_I_O)
                                                      0.044     2.563 r  kr260_min_i/clk_wiz/inst/clkout1_buf/O
    X1Y1 (CLOCK_ROOT)    net (fo=62375, routed)       2.277     4.840    kr260_min_i/snn_qp_v06_1/inst/g2_m_axi_U/load_unit/buff_rdata/U_fifo_mem/ap_clk
    RAMB36_X0Y28         RAMB36E2                                     r  kr260_min_i/snn_qp_v06_1/inst/g2_m_axi_U/load_unit/buff_rdata/U_fifo_mem/mem_reg_4/CLKARDCLK
  -------------------------------------------------------------------    -------------------
    RAMB36_X0Y28         RAMB36E2 (Prop_RAMB36E2_RAMB36_CLKARDCLK_DOUTBDOUT[8])
                                                      1.208     6.048 r  kr260_min_i/snn_qp_v06_1/inst/g2_m_axi_U/load_unit/buff_rdata/U_fifo_mem/mem_reg_4/DOUTBDOUT[8]
                         net (fo=17, routed)          3.632     9.680    kr260_min_i/snn_qp_v06_1/inst/grp_p_anonymous_namespace_dispatch_command_fu_1083/g2_addr_read_reg_646_reg[511]_0[328]
    SLICE_X7Y206         FDRE                                         r  kr260_min_i/snn_qp_v06_1/inst/grp_p_anonymous_namespace_dispatch_command_fu_1083/g2_addr_28_read_reg_1258_reg[328]/D
  -------------------------------------------------------------------    -------------------

                         (clock clk_out1_kr260_min_clk_wiz_0 rise edge)
                                                      5.000     5.000 r  
    BUFG_PS_X0Y80        BUFG_PS                      0.000     5.000 r  kr260_min_i/PS_0/inst/buffer_pl_clk_0.PL_CLK_0_BUFG/O
                         net (fo=5670, routed)        2.078     7.078    kr260_min_i/clk_wiz/inst/clk_in1
    MMCM_X0Y0            MMCME4_ADV (Prop_MMCM_CLKIN1_CLKOUT0)
                                                      0.739     7.817 r  kr260_min_i/clk_wiz/inst/mmcme4_adv_inst/CLKOUT0
                         net (fo=1, routed)           0.307     8.124    kr260_min_i/clk_wiz/inst/clk_out1_kr260_min_clk_wiz_0
    BUFGCE_X0Y1          BUFGCE (Prop_BUFCE_BUFGCE_I_O)
                                                      0.039     8.163 r  kr260_min_i/clk_wiz/inst/clkout1_buf/O
    X1Y1 (CLOCK_ROOT)    net (fo=62375, routed)       2.154    10.317    kr260_min_i/snn_qp_v06_1/inst/grp_p_anonymous_namespace_dispatch_command_fu_1083/ap_clk
    SLICE_X7Y206         FDRE                                         r  kr260_min_i/snn_qp_v06_1/inst/grp_p_anonymous_namespace_dispatch_command_fu_1083/g2_addr_28_read_reg_1258_reg[328]/C
                         clock pessimism             -0.539     9.778    
                         clock uncertainty           -0.057     9.721    
    SLICE_X7Y206         FDRE (Setup_AFF2_SLICEM_C_D)
                                                      0.045     9.766    kr260_min_i/snn_qp_v06_1/inst/grp_p_anonymous_namespace_dispatch_command_fu_1083/g2_addr_28_read_reg_1258_reg[328]
  -------------------------------------------------------------------
                         required time                          9.766    
                         arrival time                          -9.680    
  -------------------------------------------------------------------
                         slack                                  0.086    

Slack (MET) :             0.086ns  (required time - arrival time)
  Source:                 kr260_min_i/snn_qp_v06_1/inst/g2_m_axi_U/load_unit/buff_rdata/U_fifo_mem/mem_reg_5/CLKARDCLK
                            (rising edge-triggered cell RAMB36E2 clocked by clk_out1_kr260_min_clk_wiz_0  {rise@0.000ns fall@2.500ns period=5.000ns})
  Destination:            kr260_min_i/snn_qp_v06_1/inst/g2_addr_12_read_reg_3240_reg[390]/D
                            (rising edge-triggered cell FDRE clocked by clk_out1_kr260_min_clk_wiz_0  {rise@0.000ns fall@2.500ns period=5.000ns})
  Path Group:             clk_out1_kr260_min_clk_wiz_0
  Path Type:              Setup (Max at Slow Process Corner)
  Requirement:            5.000ns  (clk_out1_kr260_min_clk_wiz_0 rise@5.000ns - clk_out1_kr260_min_clk_wiz_0 rise@0.000ns)
  Data Path Delay:        4.739ns  (logic 1.201ns (25.342%)  route 3.538ns (74.658%))
  Logic Levels:           0  
  Clock Path Skew:        -0.163ns (DCD - SCD + CPR)
    Destination Clock Delay (DCD):    5.158ns = ( 10.158 - 5.000 ) 
    Source Clock Delay      (SCD):    4.782ns
    Clock Pessimism Removal (CPR):    -0.539ns
  Clock Uncertainty:      0.057ns  ((TSJ^2 + DJ^2)^1/2) / 2 + PE
    Total System Jitter     (TSJ):    0.071ns
    Discrete Jitter          (DJ):    0.091ns
    Phase Error              (PE):    0.000ns
  Clock Net Delay (Source):      2.219ns (routing 0.724ns, distribution 1.495ns)
  Clock Net Delay (Destination): 1.995ns (routing 0.669ns, distribution 1.326ns)

    Location             Delay type                Incr(ns)  Path(ns)    Netlist Resource(s)
  -------------------------------------------------------------------    -------------------
                         (clock clk_out1_kr260_min_clk_wiz_0 rise edge)
                                                      0.000     0.000 r  
    BUFG_PS_X0Y80        BUFG_PS                      0.000     0.000 r  kr260_min_i/PS_0/inst/buffer_pl_clk_0.PL_CLK_0_BUFG/O
                         net (fo=5670, routed)        2.274     2.274    kr260_min_i/clk_wiz/inst/clk_in1
    MMCM_X0Y0            MMCME4_ADV (Prop_MMCM_CLKIN1_CLKOUT0)
                                                     -0.103     2.171 r  kr260_min_i/clk_wiz/inst/mmcme4_adv_inst/CLKOUT0
                         net (fo=1, routed)           0.348     2.519    kr260_min_i/clk_wiz/inst/clk_out1_kr260_min_clk_wiz_0
    BUFGCE_X0Y1          BUFGCE (Prop_BUFCE_BUFGCE_I_O)
                                                      0.044     2.563 r  kr260_min_i/clk_wiz/inst/clkout1_buf/O
    X1Y1 (CLOCK_ROOT)    net (fo=62375, routed)       2.219     4.782    kr260_min_i/snn_qp_v06_1/inst/g2_m_axi_U/load_unit/buff_rdata/U_fifo_mem/ap_clk
    RAMB36_X0Y30         RAMB36E2                                     r  kr260_min_i/snn_qp_v06_1/inst/g2_m_axi_U/load_unit/buff_rdata/U_fifo_mem/mem_reg_5/CLKARDCLK
  -------------------------------------------------------------------    -------------------
    RAMB36_X0Y30         RAMB36E2 (Prop_RAMB36E2_RAMB36_CLKARDCLK_DOUTADOUT[30])
                                                      1.201     5.983 r  kr260_min_i/snn_qp_v06_1/inst/g2_m_axi_U/load_unit/buff_rdata/U_fifo_mem/mem_reg_5/DOUTADOUT[30]
                         net (fo=15, routed)          3.538     9.521    kr260_min_i/snn_qp_v06_1/inst/g2_RDATA[390]
    SLICE_X37Y182        FDRE                                         r  kr260_min_i/snn_qp_v06_1/inst/g2_addr_12_read_reg_3240_reg[390]/D
  -------------------------------------------------------------------    -------------------

                         (clock clk_out1_kr260_min_clk_wiz_0 rise edge)
                                                      5.000     5.000 r  
    BUFG_PS_X0Y80        BUFG_PS                      0.000     5.000 r  kr260_min_i/PS_0/inst/buffer_pl_clk_0.PL_CLK_0_BUFG/O
                         net (fo=5670, routed)        2.078     7.078    kr260_min_i/clk_wiz/inst/clk_in1
    MMCM_X0Y0            MMCME4_ADV (Prop_MMCM_CLKIN1_CLKOUT0)
                                                      0.739     7.817 r  kr260_min_i/clk_wiz/inst/mmcme4_adv_inst/CLKOUT0
                         net (fo=1, routed)           0.307     8.124    kr260_min_i/clk_wiz/inst/clk_out1_kr260_min_clk_wiz_0
    BUFGCE_X0Y1          BUFGCE (Prop_BUFCE_BUFGCE_I_O)
                                                      0.039     8.163 r  kr260_min_i/clk_wiz/inst/clkout1_buf/O
    X1Y1 (CLOCK_ROOT)    net (fo=62375, routed)       1.995    10.158    kr260_min_i/snn_qp_v06_1/inst/ap_clk
    SLICE_X37Y182        FDRE                                         r  kr260_min_i/snn_qp_v06_1/inst/g2_addr_12_read_reg_3240_reg[390]/C
                         clock pessimism             -0.539     9.619    
                         clock uncertainty           -0.057     9.562    
    SLICE_X37Y182        FDRE (Setup_AFF2_SLICEM_C_D)
                                                      0.045     9.607    kr260_min_i/snn_qp_v06_1/inst/g2_addr_12_read_reg_3240_reg[390]
  -------------------------------------------------------------------
                         required time                          9.607    
                         arrival time                          -9.521    
  -------------------------------------------------------------------
                         slack                                  0.086    

Slack (MET) :             0.087ns  (required time - arrival time)
  Source:                 kr260_min_i/snn_qp_v06_1/inst/g2_m_axi_U/load_unit/buff_rdata/U_fifo_mem/mem_reg_1/CLKARDCLK
                            (rising edge-triggered cell RAMB36E2 clocked by clk_out1_kr260_min_clk_wiz_0  {rise@0.000ns fall@2.500ns period=5.000ns})
  Destination:            kr260_min_i/snn_qp_v06_1/inst/grp_p_anonymous_namespace_write_litmus_pattern_fu_1183/g2_addr_read_reg_318_reg[95]/D
                            (rising edge-triggered cell FDRE clocked by clk_out1_kr260_min_clk_wiz_0  {rise@0.000ns fall@2.500ns period=5.000ns})
  Path Group:             clk_out1_kr260_min_clk_wiz_0
  Path Type:              Setup (Max at Slow Process Corner)
  Requirement:            5.000ns  (clk_out1_kr260_min_clk_wiz_0 rise@5.000ns - clk_out1_kr260_min_clk_wiz_0 rise@0.000ns)
  Data Path Delay:        4.715ns  (logic 1.215ns (25.768%)  route 3.500ns (74.232%))
  Logic Levels:           0  
  Clock Path Skew:        -0.184ns (DCD - SCD + CPR)
    Destination Clock Delay (DCD):    5.203ns = ( 10.203 - 5.000 ) 
    Source Clock Delay      (SCD):    4.849ns
    Clock Pessimism Removal (CPR):    -0.539ns
  Clock Uncertainty:      0.057ns  ((TSJ^2 + DJ^2)^1/2) / 2 + PE
    Total System Jitter     (TSJ):    0.071ns
    Discrete Jitter          (DJ):    0.091ns
    Phase Error              (PE):    0.000ns
  Clock Net Delay (Source):      2.286ns (routing 0.724ns, distribution 1.562ns)
  Clock Net Delay (Destination): 2.040ns (routing 0.669ns, distribution 1.371ns)

    Location             Delay type                Incr(ns)  Path(ns)    Netlist Resource(s)
  -------------------------------------------------------------------    -------------------
                         (clock clk_out1_kr260_min_clk_wiz_0 rise edge)
                                                      0.000     0.000 r  
    BUFG_PS_X0Y80        BUFG_PS                      0.000     0.000 r  kr260_min_i/PS_0/inst/buffer_pl_clk_0.PL_CLK_0_BUFG/O
                         net (fo=5670, routed)        2.274     2.274    kr260_min_i/clk_wiz/inst/clk_in1
    MMCM_X0Y0            MMCME4_ADV (Prop_MMCM_CLKIN1_CLKOUT0)
                                                     -0.103     2.171 r  kr260_min_i/clk_wiz/inst/mmcme4_adv_inst/CLKOUT0
                         net (fo=1, routed)           0.348     2.519    kr260_min_i/clk_wiz/inst/clk_out1_kr260_min_clk_wiz_0
    BUFGCE_X0Y1          BUFGCE (Prop_BUFCE_BUFGCE_I_O)
                                                      0.044     2.563 r  kr260_min_i/clk_wiz/inst/clkout1_buf/O
    X1Y1 (CLOCK_ROOT)    net (fo=62375, routed)       2.286     4.849    kr260_min_i/snn_qp_v06_1/inst/g2_m_axi_U/load_unit/buff_rdata/U_fifo_mem/ap_clk
    RAMB36_X0Y26         RAMB36E2                                     r  kr260_min_i/snn_qp_v06_1/inst/g2_m_axi_U/load_unit/buff_rdata/U_fifo_mem/mem_reg_1/CLKARDCLK
  -------------------------------------------------------------------    -------------------
    RAMB36_X0Y26         RAMB36E2 (Prop_RAMB36E2_RAMB36_CLKARDCLK_DOUTADOUT[23])
                                                      1.215     6.064 r  kr260_min_i/snn_qp_v06_1/inst/g2_m_axi_U/load_unit/buff_rdata/U_fifo_mem/mem_reg_1/DOUTADOUT[23]
                         net (fo=15, routed)          3.500     9.564    kr260_min_i/snn_qp_v06_1/inst/grp_p_anonymous_namespace_write_litmus_pattern_fu_1183/g2_addr_read_reg_318_reg[511]_0[95]
    SLICE_X19Y217        FDRE                                         r  kr260_min_i/snn_qp_v06_1/inst/grp_p_anonymous_namespace_write_litmus_pattern_fu_1183/g2_addr_read_reg_318_reg[95]/D
  -------------------------------------------------------------------    -------------------

                         (clock clk_out1_kr260_min_clk_wiz_0 rise edge)
                                                      5.000     5.000 r  
    BUFG_PS_X0Y80        BUFG_PS                      0.000     5.000 r  kr260_min_i/PS_0/inst/buffer_pl_clk_0.PL_CLK_0_BUFG/O
                         net (fo=5670, routed)        2.078     7.078    kr260_min_i/clk_wiz/inst/clk_in1
    MMCM_X0Y0            MMCME4_ADV (Prop_MMCM_CLKIN1_CLKOUT0)
                                                      0.739     7.817 r  kr260_min_i/clk_wiz/inst/mmcme4_adv_inst/CLKOUT0
                         net (fo=1, routed)           0.307     8.124    kr260_min_i/clk_wiz/inst/clk_out1_kr260_min_clk_wiz_0
    BUFGCE_X0Y1          BUFGCE (Prop_BUFCE_BUFGCE_I_O)
                                                      0.039     8.163 r  kr260_min_i/clk_wiz/inst/clkout1_buf/O
    X1Y1 (CLOCK_ROOT)    net (fo=62375, routed)       2.040    10.203    kr260_min_i/snn_qp_v06_1/inst/grp_p_anonymous_namespace_write_litmus_pattern_fu_1183/ap_clk
    SLICE_X19Y217        FDRE                                         r  kr260_min_i/snn_qp_v06_1/inst/grp_p_anonymous_namespace_write_litmus_pattern_fu_1183/g2_addr_read_reg_318_reg[95]/C
                         clock pessimism             -0.539     9.664    
                         clock uncertainty           -0.057     9.607    
    SLICE_X19Y217        FDRE (Setup_FFF_SLICEL_C_D)
                                                      0.044     9.651    kr260_min_i/snn_qp_v06_1/inst/grp_p_anonymous_namespace_write_litmus_pattern_fu_1183/g2_addr_read_reg_318_reg[95]
  -------------------------------------------------------------------
                         required time                          9.651    
                         arrival time                          -9.564    
  -------------------------------------------------------------------
                         slack                                  0.087    

Slack (MET) :             0.089ns  (required time - arrival time)
  Source:                 kr260_min_i/snn_qp_v06_1/inst/grp_p_anonymous_namespace_dispatch_command_fu_1083/grp_p_anonymous_namespace_solve_current_fu_550/matrix_rows_V_9_U/ram_reg_bram_0/CLKARDCLK
                            (rising edge-triggered cell RAMB36E2 clocked by clk_out1_kr260_min_clk_wiz_0  {rise@0.000ns fall@2.500ns period=5.000ns})
  Destination:            kr260_min_i/snn_qp_v06_1/inst/grp_p_anonymous_namespace_dispatch_command_fu_1083/grp_p_anonymous_namespace_solve_current_fu_550/grp_p_anonymous_namespace_solve_current_Pipeline_update_residual_row_fu_1418/r_V_5_reg_2532_reg__1/DSP_A_B_DATA_INST/B[16]
                            (rising edge-triggered cell DSP_A_B_DATA clocked by clk_out1_kr260_min_clk_wiz_0  {rise@0.000ns fall@2.500ns period=5.000ns})
  Path Group:             clk_out1_kr260_min_clk_wiz_0
  Path Type:              Setup (Max at Slow Process Corner)
  Requirement:            5.000ns  (clk_out1_kr260_min_clk_wiz_0 rise@5.000ns - clk_out1_kr260_min_clk_wiz_0 rise@0.000ns)
  Data Path Delay:        3.977ns  (logic 1.288ns (32.384%)  route 2.689ns (67.616%))
  Logic Levels:           0  
  Clock Path Skew:        -0.380ns (DCD - SCD + CPR)
    Destination Clock Delay (DCD):    5.185ns = ( 10.185 - 5.000 ) 
    Source Clock Delay      (SCD):    5.020ns
    Clock Pessimism Removal (CPR):    -0.545ns
  Clock Uncertainty:      0.057ns  ((TSJ^2 + DJ^2)^1/2) / 2 + PE
    Total System Jitter     (TSJ):    0.071ns
    Discrete Jitter          (DJ):    0.091ns
    Phase Error              (PE):    0.000ns
  Clock Net Delay (Source):      2.457ns (routing 0.724ns, distribution 1.733ns)
  Clock Net Delay (Destination): 2.022ns (routing 0.669ns, distribution 1.353ns)

    Location             Delay type                Incr(ns)  Path(ns)    Netlist Resource(s)
  -------------------------------------------------------------------    -------------------
                         (clock clk_out1_kr260_min_clk_wiz_0 rise edge)
                                                      0.000     0.000 r  
    BUFG_PS_X0Y80        BUFG_PS                      0.000     0.000 r  kr260_min_i/PS_0/inst/buffer_pl_clk_0.PL_CLK_0_BUFG/O
                         net (fo=5670, routed)        2.274     2.274    kr260_min_i/clk_wiz/inst/clk_in1
    MMCM_X0Y0            MMCME4_ADV (Prop_MMCM_CLKIN1_CLKOUT0)
                                                     -0.103     2.171 r  kr260_min_i/clk_wiz/inst/mmcme4_adv_inst/CLKOUT0
                         net (fo=1, routed)           0.348     2.519    kr260_min_i/clk_wiz/inst/clk_out1_kr260_min_clk_wiz_0
    BUFGCE_X0Y1          BUFGCE (Prop_BUFCE_BUFGCE_I_O)
                                                      0.044     2.563 r  kr260_min_i/clk_wiz/inst/clkout1_buf/O
    X1Y1 (CLOCK_ROOT)    net (fo=62375, routed)       2.457     5.020    kr260_min_i/snn_qp_v06_1/inst/grp_p_anonymous_namespace_dispatch_command_fu_1083/grp_p_anonymous_namespace_solve_current_fu_550/matrix_rows_V_9_U/ap_clk
    RAMB36_X2Y24         RAMB36E2                                     r  kr260_min_i/snn_qp_v06_1/inst/grp_p_anonymous_namespace_dispatch_command_fu_1083/grp_p_anonymous_namespace_solve_current_fu_550/matrix_rows_V_9_U/ram_reg_bram_0/CLKARDCLK
  -------------------------------------------------------------------    -------------------
    RAMB36_X2Y24         RAMB36E2 (Prop_RAMB36E2_RAMB36_CLKARDCLK_DOUTADOUT[8])
                                                      1.288     6.308 r  kr260_min_i/snn_qp_v06_1/inst/grp_p_anonymous_namespace_dispatch_command_fu_1083/grp_p_anonymous_namespace_solve_current_fu_550/matrix_rows_V_9_U/ram_reg_bram_0/DOUTADOUT[8]
                         net (fo=9, routed)           2.689     8.997    kr260_min_i/snn_qp_v06_1/inst/grp_p_anonymous_namespace_dispatch_command_fu_1083/grp_p_anonymous_namespace_solve_current_fu_550/grp_p_anonymous_namespace_solve_current_Pipeline_update_residual_row_fu_1418/r_V_5_reg_2532_reg__1/B[16]
    DSP48E2_X12Y23       DSP_A_B_DATA                                 r  kr260_min_i/snn_qp_v06_1/inst/grp_p_anonymous_namespace_dispatch_command_fu_1083/grp_p_anonymous_namespace_solve_current_fu_550/grp_p_anonymous_namespace_solve_current_Pipeline_update_residual_row_fu_1418/r_V_5_reg_2532_reg__1/DSP_A_B_DATA_INST/B[16]
  -------------------------------------------------------------------    -------------------

                         (clock clk_out1_kr260_min_clk_wiz_0 rise edge)
                                                      5.000     5.000 r  
    BUFG_PS_X0Y80        BUFG_PS                      0.000     5.000 r  kr260_min_i/PS_0/inst/buffer_pl_clk_0.PL_CLK_0_BUFG/O
                         net (fo=5670, routed)        2.078     7.078    kr260_min_i/clk_wiz/inst/clk_in1
    MMCM_X0Y0            MMCME4_ADV (Prop_MMCM_CLKIN1_CLKOUT0)
                                                      0.739     7.817 r  kr260_min_i/clk_wiz/inst/mmcme4_adv_inst/CLKOUT0
                         net (fo=1, routed)           0.307     8.124    kr260_min_i/clk_wiz/inst/clk_out1_kr260_min_clk_wiz_0
    BUFGCE_X0Y1          BUFGCE (Prop_BUFCE_BUFGCE_I_O)
                                                      0.039     8.163 r  kr260_min_i/clk_wiz/inst/clkout1_buf/O
    X1Y1 (CLOCK_ROOT)    net (fo=62375, routed)       2.022    10.185    kr260_min_i/snn_qp_v06_1/inst/grp_p_anonymous_namespace_dispatch_command_fu_1083/grp_p_anonymous_namespace_solve_current_fu_550/grp_p_anonymous_namespace_solve_current_Pipeline_update_residual_row_fu_1418/r_V_5_reg_2532_reg__1/CLK
    DSP48E2_X12Y23       DSP_A_B_DATA                                 r  kr260_min_i/snn_qp_v06_1/inst/grp_p_anonymous_namespace_dispatch_command_fu_1083/grp_p_anonymous_namespace_solve_current_fu_550/grp_p_anonymous_namespace_solve_current_Pipeline_update_residual_row_fu_1418/r_V_5_reg_2532_reg__1/DSP_A_B_DATA_INST/CLK
                         clock pessimism             -0.545     9.640    
                         clock uncertainty           -0.057     9.583    
    DSP48E2_X12Y23       DSP_A_B_DATA (Setup_DSP_A_B_DATA_DSP48E2_CLK_B[16])
                                                     -0.497     9.086    kr260_min_i/snn_qp_v06_1/inst/grp_p_anonymous_namespace_dispatch_command_fu_1083/grp_p_anonymous_namespace_solve_current_fu_550/grp_p_anonymous_namespace_solve_current_Pipeline_update_residual_row_fu_1418/r_V_5_reg_2532_reg__1/DSP_A_B_DATA_INST
  -------------------------------------------------------------------
                         required time                          9.086    
                         arrival time                          -8.997    
  -------------------------------------------------------------------
                         slack                                  0.089    

Slack (MET) :             0.089ns  (required time - arrival time)
  Source:                 kr260_min_i/snn_qp_v06_1/inst/grp_p_anonymous_namespace_dispatch_command_fu_1083/ap_CS_fsm_reg[86]_replica_4/C
                            (rising edge-triggered cell FDRE clocked by clk_out1_kr260_min_clk_wiz_0  {rise@0.000ns fall@2.500ns period=5.000ns})
  Destination:            kr260_min_i/snn_qp_v06_1/inst/grp_p_anonymous_namespace_dispatch_command_fu_1083/grp_p_anonymous_namespace_load_geometry_matrix_fu_640/bound_reg_295_reg[39]/D
                            (rising edge-triggered cell FDRE clocked by clk_out1_kr260_min_clk_wiz_0  {rise@0.000ns fall@2.500ns period=5.000ns})
  Path Group:             clk_out1_kr260_min_clk_wiz_0
  Path Type:              Setup (Max at Slow Process Corner)
  Requirement:            5.000ns  (clk_out1_kr260_min_clk_wiz_0 rise@5.000ns - clk_out1_kr260_min_clk_wiz_0 rise@0.000ns)
  Data Path Delay:        4.759ns  (logic 3.729ns (78.351%)  route 1.030ns (21.649%))
  Logic Levels:           13  (CARRY8=3 DSP_A_B_DATA=1 DSP_ALU=2 DSP_M_DATA=1 DSP_MULTIPLIER=1 DSP_OUTPUT=2 DSP_PREADD_DATA=1 LUT2=1 LUT3=1)
  Clock Path Skew:        -0.139ns (DCD - SCD + CPR)
    Destination Clock Delay (DCD):    5.034ns = ( 10.034 - 5.000 ) 
    Source Clock Delay      (SCD):    4.683ns
    Clock Pessimism Removal (CPR):    -0.490ns
  Clock Uncertainty:      0.057ns  ((TSJ^2 + DJ^2)^1/2) / 2 + PE
    Total System Jitter     (TSJ):    0.071ns
    Discrete Jitter          (DJ):    0.091ns
    Phase Error              (PE):    0.000ns
  Clock Net Delay (Source):      2.120ns (routing 0.724ns, distribution 1.396ns)
  Clock Net Delay (Destination): 1.871ns (routing 0.669ns, distribution 1.202ns)

    Location             Delay type                Incr(ns)  Path(ns)    Netlist Resource(s)
  -------------------------------------------------------------------    -------------------
                         (clock clk_out1_kr260_min_clk_wiz_0 rise edge)
                                                      0.000     0.000 r  
    BUFG_PS_X0Y80        BUFG_PS                      0.000     0.000 r  kr260_min_i/PS_0/inst/buffer_pl_clk_0.PL_CLK_0_BUFG/O
                         net (fo=5670, routed)        2.274     2.274    kr260_min_i/clk_wiz/inst/clk_in1
    MMCM_X0Y0            MMCME4_ADV (Prop_MMCM_CLKIN1_CLKOUT0)
                                                     -0.103     2.171 r  kr260_min_i/clk_wiz/inst/mmcme4_adv_inst/CLKOUT0
                         net (fo=1, routed)           0.348     2.519    kr260_min_i/clk_wiz/inst/clk_out1_kr260_min_clk_wiz_0
    BUFGCE_X0Y1          BUFGCE (Prop_BUFCE_BUFGCE_I_O)
                                                      0.044     2.563 r  kr260_min_i/clk_wiz/inst/clkout1_buf/O
    X1Y1 (CLOCK_ROOT)    net (fo=62375, routed)       2.120     4.683    kr260_min_i/snn_qp_v06_1/inst/grp_p_anonymous_namespace_dispatch_command_fu_1083/ap_clk
    SLICE_X29Y148        FDRE                                         r  kr260_min_i/snn_qp_v06_1/inst/grp_p_anonymous_namespace_dispatch_command_fu_1083/ap_CS_fsm_reg[86]_replica_4/C
  -------------------------------------------------------------------    -------------------
    SLICE_X29Y148        FDRE (Prop_HFF2_SLICEM_C_Q)
                                                      0.114     4.797 r  kr260_min_i/snn_qp_v06_1/inst/grp_p_anonymous_namespace_dispatch_command_fu_1083/ap_CS_fsm_reg[86]_replica_4/Q
                         net (fo=16, routed)          0.127     4.923    kr260_min_i/snn_qp_v06_1/inst/c_s_axi_U/ap_CS_fsm_reg[86]_0[4]_repN_4_alias
    SLICE_X29Y147        LUT3 (Prop_H6LUT_SLICEM_I1_O)
                                                      0.154     5.077 f  kr260_min_i/snn_qp_v06_1/inst/c_s_axi_U/dout_i_11__9/O
                         net (fo=7, routed)           0.309     5.386    kr260_min_i/snn_qp_v06_1/inst/grp_p_anonymous_namespace_dispatch_command_fu_1083/grp_p_anonymous_namespace_load_geometry_matrix_fu_640/mul_32ns_32ns_64_1_1_U512/dout__1/B[7]
    DSP48E2_X7Y59        DSP_A_B_DATA (Prop_DSP_A_B_DATA_DSP48E2_B[7]_B2_DATA[7])
                                                      0.216     5.602 r  kr260_min_i/snn_qp_v06_1/inst/grp_p_anonymous_namespace_dispatch_command_fu_1083/grp_p_anonymous_namespace_load_geometry_matrix_fu_640/mul_32ns_32ns_64_1_1_U512/dout__1/DSP_A_B_DATA_INST/B2_DATA[7]
                         net (fo=1, routed)           0.000     5.602    kr260_min_i/snn_qp_v06_1/inst/grp_p_anonymous_namespace_dispatch_command_fu_1083/grp_p_anonymous_namespace_load_geometry_matrix_fu_640/mul_32ns_32ns_64_1_1_U512/dout__1/DSP_A_B_DATA.B2_DATA<7>
    DSP48E2_X7Y59        DSP_PREADD_DATA (Prop_DSP_PREADD_DATA_DSP48E2_B2_DATA[7]_B2B1[7])
                                                      0.097     5.699 r  kr260_min_i/snn_qp_v06_1/inst/grp_p_anonymous_namespace_dispatch_command_fu_1083/grp_p_anonymous_namespace_load_geometry_matrix_fu_640/mul_32ns_32ns_64_1_1_U512/dout__1/DSP_PREADD_DATA_INST/B2B1[7]
                         net (fo=1, routed)           0.000     5.699    kr260_min_i/snn_qp_v06_1/inst/grp_p_anonymous_namespace_dispatch_command_fu_1083/grp_p_anonymous_namespace_load_geometry_matrix_fu_640/mul_32ns_32ns_64_1_1_U512/dout__1/DSP_PREADD_DATA.B2B1<7>
    DSP48E2_X7Y59        DSP_MULTIPLIER (Prop_DSP_MULTIPLIER_DSP48E2_B2B1[7]_U[38])
                                                      0.773     6.472 f  kr260_min_i/snn_qp_v06_1/inst/grp_p_anonymous_namespace_dispatch_command_fu_1083/grp_p_anonymous_namespace_load_geometry_matrix_fu_640/mul_32ns_32ns_64_1_1_U512/dout__1/DSP_MULTIPLIER_INST/U[38]
                         net (fo=1, routed)           0.000     6.472    kr260_min_i/snn_qp_v06_1/inst/grp_p_anonymous_namespace_dispatch_command_fu_1083/grp_p_anonymous_namespace_load_geometry_matrix_fu_640/mul_32ns_32ns_64_1_1_U512/dout__1/DSP_MULTIPLIER.U<38>
    DSP48E2_X7Y59        DSP_M_DATA (Prop_DSP_M_DATA_DSP48E2_U[38]_U_DATA[38])
                                                      0.067     6.539 r  kr260_min_i/snn_qp_v06_1/inst/grp_p_anonymous_namespace_dispatch_command_fu_1083/grp_p_anonymous_namespace_load_geometry_matrix_fu_640/mul_32ns_32ns_64_1_1_U512/dout__1/DSP_M_DATA_INST/U_DATA[38]
                         net (fo=1, routed)           0.000     6.539    kr260_min_i/snn_qp_v06_1/inst/grp_p_anonymous_namespace_dispatch_command_fu_1083/grp_p_anonymous_namespace_load_geometry_matrix_fu_640/mul_32ns_32ns_64_1_1_U512/dout__1/DSP_M_DATA.U_DATA<38>
    DSP48E2_X7Y59        DSP_ALU (Prop_DSP_ALU_DSP48E2_U_DATA[38]_ALU_OUT[47])
                                                      0.727     7.266 f  kr260_min_i/snn_qp_v06_1/inst/grp_p_anonymous_namespace_dispatch_command_fu_1083/grp_p_anonymous_namespace_load_geometry_matrix_fu_640/mul_32ns_32ns_64_1_1_U512/dout__1/DSP_ALU_INST/ALU_OUT[47]
                         net (fo=1, routed)           0.000     7.266    kr260_min_i/snn_qp_v06_1/inst/grp_p_anonymous_namespace_dispatch_command_fu_1083/grp_p_anonymous_namespace_load_geometry_matrix_fu_640/mul_32ns_32ns_64_1_1_U512/dout__1/DSP_ALU.ALU_OUT<47>
    DSP48E2_X7Y59        DSP_OUTPUT (Prop_DSP_OUTPUT_DSP48E2_ALU_OUT[47]_PCOUT[47])
                                                      0.167     7.433 r  kr260_min_i/snn_qp_v06_1/inst/grp_p_anonymous_namespace_dispatch_command_fu_1083/grp_p_anonymous_namespace_load_geometry_matrix_fu_640/mul_32ns_32ns_64_1_1_U512/dout__1/DSP_OUTPUT_INST/PCOUT[47]
                         net (fo=1, routed)           0.073     7.506    kr260_min_i/snn_qp_v06_1/inst/grp_p_anonymous_namespace_dispatch_command_fu_1083/grp_p_anonymous_namespace_load_geometry_matrix_fu_640/mul_32ns_32ns_64_1_1_U512/dout__2/PCIN[47]
    DSP48E2_X7Y60        DSP_ALU (Prop_DSP_ALU_DSP48E2_PCIN[47]_ALU_OUT[3])
                                                      0.739     8.245 f  kr260_min_i/snn_qp_v06_1/inst/grp_p_anonymous_namespace_dispatch_command_fu_1083/grp_p_anonymous_namespace_load_geometry_matrix_fu_640/mul_32ns_32ns_64_1_1_U512/dout__2/DSP_ALU_INST/ALU_OUT[3]
                         net (fo=1, routed)           0.000     8.245    kr260_min_i/snn_qp_v06_1/inst/grp_p_anonymous_namespace_dispatch_command_fu_1083/grp_p_anonymous_namespace_load_geometry_matrix_fu_640/mul_32ns_32ns_64_1_1_U512/dout__2/DSP_ALU.ALU_OUT<3>
    DSP48E2_X7Y60        DSP_OUTPUT (Prop_DSP_OUTPUT_DSP48E2_ALU_OUT[3]_P[3])
                                                      0.146     8.391 r  kr260_min_i/snn_qp_v06_1/inst/grp_p_anonymous_namespace_dispatch_command_fu_1083/grp_p_anonymous_namespace_load_geometry_matrix_fu_640/mul_32ns_32ns_64_1_1_U512/dout__2/DSP_OUTPUT_INST/P[3]
                         net (fo=2, routed)           0.378     8.769    kr260_min_i/snn_qp_v06_1/inst/grp_p_anonymous_namespace_dispatch_command_fu_1083/grp_p_anonymous_namespace_load_geometry_matrix_fu_640/mul_32ns_32ns_64_1_1_U512/dout__2_n_122
    SLICE_X28Y148        LUT2 (Prop_E6LUT_SLICEM_I0_O)
                                                      0.057     8.826 r  kr260_min_i/snn_qp_v06_1/inst/grp_p_anonymous_namespace_dispatch_command_fu_1083/grp_p_anonymous_namespace_load_geometry_matrix_fu_640/mul_32ns_32ns_64_1_1_U512/bound_reg_295[23]_i_5/O
                         net (fo=1, routed)           0.018     8.844    kr260_min_i/snn_qp_v06_1/inst/grp_p_anonymous_namespace_dispatch_command_fu_1083/grp_p_anonymous_namespace_load_geometry_matrix_fu_640/mul_32ns_32ns_64_1_1_U512/bound_reg_295[23]_i_5_n_20
    SLICE_X28Y148        CARRY8 (Prop_CARRY8_SLICEM_S[4]_CO[7])
                                                      0.236     9.080 r  kr260_min_i/snn_qp_v06_1/inst/grp_p_anonymous_namespace_dispatch_command_fu_1083/grp_p_anonymous_namespace_load_geometry_matrix_fu_640/mul_32ns_32ns_64_1_1_U512/bound_reg_295_reg[23]_i_1/CO[7]
                         net (fo=1, routed)           0.030     9.110    kr260_min_i/snn_qp_v06_1/inst/grp_p_anonymous_namespace_dispatch_command_fu_1083/grp_p_anonymous_namespace_load_geometry_matrix_fu_640/mul_32ns_32ns_64_1_1_U512/bound_reg_295_reg[23]_i_1_n_20
    SLICE_X28Y149        CARRY8 (Prop_CARRY8_SLICEM_CI_CO[7])
                                                      0.065     9.175 r  kr260_min_i/snn_qp_v06_1/inst/grp_p_anonymous_namespace_dispatch_command_fu_1083/grp_p_anonymous_namespace_load_geometry_matrix_fu_640/mul_32ns_32ns_64_1_1_U512/bound_reg_295_reg[31]_i_1/CO[7]
                         net (fo=1, routed)           0.062     9.237    kr260_min_i/snn_qp_v06_1/inst/grp_p_anonymous_namespace_dispatch_command_fu_1083/grp_p_anonymous_namespace_load_geometry_matrix_fu_640/mul_32ns_32ns_64_1_1_U512/bound_reg_295_reg[31]_i_1_n_20
    SLICE_X28Y150        CARRY8 (Prop_CARRY8_SLICEM_CI_O[7])
                                                      0.171     9.408 r  kr260_min_i/snn_qp_v06_1/inst/grp_p_anonymous_namespace_dispatch_command_fu_1083/grp_p_anonymous_namespace_load_geometry_matrix_fu_640/mul_32ns_32ns_64_1_1_U512/bound_reg_295_reg[39]_i_1/O[7]
                         net (fo=1, routed)           0.034     9.442    kr260_min_i/snn_qp_v06_1/inst/grp_p_anonymous_namespace_dispatch_command_fu_1083/grp_p_anonymous_namespace_load_geometry_matrix_fu_640/dout__3[39]
    SLICE_X28Y150        FDRE                                         r  kr260_min_i/snn_qp_v06_1/inst/grp_p_anonymous_namespace_dispatch_command_fu_1083/grp_p_anonymous_namespace_load_geometry_matrix_fu_640/bound_reg_295_reg[39]/D
  -------------------------------------------------------------------    -------------------

                         (clock clk_out1_kr260_min_clk_wiz_0 rise edge)
                                                      5.000     5.000 r  
    BUFG_PS_X0Y80        BUFG_PS                      0.000     5.000 r  kr260_min_i/PS_0/inst/buffer_pl_clk_0.PL_CLK_0_BUFG/O
                         net (fo=5670, routed)        2.078     7.078    kr260_min_i/clk_wiz/inst/clk_in1
    MMCM_X0Y0            MMCME4_ADV (Prop_MMCM_CLKIN1_CLKOUT0)
                                                      0.739     7.817 r  kr260_min_i/clk_wiz/inst/mmcme4_adv_inst/CLKOUT0
                         net (fo=1, routed)           0.307     8.124    kr260_min_i/clk_wiz/inst/clk_out1_kr260_min_clk_wiz_0
    BUFGCE_X0Y1          BUFGCE (Prop_BUFCE_BUFGCE_I_O)
                                                      0.039     8.163 r  kr260_min_i/clk_wiz/inst/clkout1_buf/O
    X1Y1 (CLOCK_ROOT)    net (fo=62375, routed)       1.871    10.034    kr260_min_i/snn_qp_v06_1/inst/grp_p_anonymous_namespace_dispatch_command_fu_1083/grp_p_anonymous_namespace_load_geometry_matrix_fu_640/ap_clk
    SLICE_X28Y150        FDRE                                         r  kr260_min_i/snn_qp_v06_1/inst/grp_p_anonymous_namespace_dispatch_command_fu_1083/grp_p_anonymous_namespace_load_geometry_matrix_fu_640/bound_reg_295_reg[39]/C
                         clock pessimism             -0.490     9.544    
                         clock uncertainty           -0.057     9.487    
    SLICE_X28Y150        FDRE (Setup_HFF_SLICEM_C_D)
                                                      0.044     9.531    kr260_min_i/snn_qp_v06_1/inst/grp_p_anonymous_namespace_dispatch_command_fu_1083/grp_p_anonymous_namespace_load_geometry_matrix_fu_640/bound_reg_295_reg[39]
  -------------------------------------------------------------------
                         required time                          9.531    
                         arrival time                          -9.442    
  -------------------------------------------------------------------
                         slack                                  0.089    

Slack (MET) :             0.090ns  (required time - arrival time)
  Source:                 kr260_min_i/snn_qp_v06_1/inst/grp_p_anonymous_namespace_dispatch_command_fu_1083/grp_p_anonymous_namespace_solve_current_fu_550/grp_p_anonymous_namespace_solve_current_Pipeline_update_residual_facet_fu_1437/mul_40s_40s_80_1_1_U352/dout__0/DSP_A_B_DATA_INST/CLK
                            (rising edge-triggered cell DSP_A_B_DATA clocked by clk_out1_kr260_min_clk_wiz_0  {rise@0.000ns fall@2.500ns period=5.000ns})
  Destination:            kr260_min_i/snn_qp_v06_1/inst/grp_p_anonymous_namespace_dispatch_command_fu_1083/grp_p_anonymous_namespace_solve_current_fu_550/grp_p_anonymous_namespace_solve_current_Pipeline_update_residual_facet_fu_1437/r_V_9_reg_2537_reg[65]/D
                            (rising edge-triggered cell FDRE clocked by clk_out1_kr260_min_clk_wiz_0  {rise@0.000ns fall@2.500ns period=5.000ns})
  Path Group:             clk_out1_kr260_min_clk_wiz_0
  Path Type:              Setup (Max at Slow Process Corner)
  Requirement:            5.000ns  (clk_out1_kr260_min_clk_wiz_0 rise@5.000ns - clk_out1_kr260_min_clk_wiz_0 rise@0.000ns)
  Data Path Delay:        4.624ns  (logic 3.539ns (76.543%)  route 1.085ns (23.457%))
  Logic Levels:           11  (CARRY8=3 DSP_ALU=2 DSP_M_DATA=1 DSP_MULTIPLIER=1 DSP_OUTPUT=2 DSP_PREADD_DATA=1 LUT5=1)
  Clock Path Skew:        -0.272ns (DCD - SCD + CPR)
    Destination Clock Delay (DCD):    5.018ns = ( 10.018 - 5.000 ) 
    Source Clock Delay      (SCD):    4.789ns
    Clock Pessimism Removal (CPR):    -0.501ns
  Clock Uncertainty:      0.057ns  ((TSJ^2 + DJ^2)^1/2) / 2 + PE
    Total System Jitter     (TSJ):    0.071ns
    Discrete Jitter          (DJ):    0.091ns
    Phase Error              (PE):    0.000ns
  Clock Net Delay (Source):      2.226ns (routing 0.724ns, distribution 1.502ns)
  Clock Net Delay (Destination): 1.855ns (routing 0.669ns, distribution 1.186ns)

    Location             Delay type                Incr(ns)  Path(ns)    Netlist Resource(s)
  -------------------------------------------------------------------    -------------------
                         (clock clk_out1_kr260_min_clk_wiz_0 rise edge)
                                                      0.000     0.000 r  
    BUFG_PS_X0Y80        BUFG_PS                      0.000     0.000 r  kr260_min_i/PS_0/inst/buffer_pl_clk_0.PL_CLK_0_BUFG/O
                         net (fo=5670, routed)        2.274     2.274    kr260_min_i/clk_wiz/inst/clk_in1
    MMCM_X0Y0            MMCME4_ADV (Prop_MMCM_CLKIN1_CLKOUT0)
                                                     -0.103     2.171 r  kr260_min_i/clk_wiz/inst/mmcme4_adv_inst/CLKOUT0
                         net (fo=1, routed)           0.348     2.519    kr260_min_i/clk_wiz/inst/clk_out1_kr260_min_clk_wiz_0
    BUFGCE_X0Y1          BUFGCE (Prop_BUFCE_BUFGCE_I_O)
                                                      0.044     2.563 r  kr260_min_i/clk_wiz/inst/clkout1_buf/O
    X1Y1 (CLOCK_ROOT)    net (fo=62375, routed)       2.226     4.789    kr260_min_i/snn_qp_v06_1/inst/grp_p_anonymous_namespace_dispatch_command_fu_1083/grp_p_anonymous_namespace_solve_current_fu_550/grp_p_anonymous_namespace_solve_current_Pipeline_update_residual_facet_fu_1437/mul_40s_40s_80_1_1_U352/dout__0/CLK
    DSP48E2_X11Y19       DSP_A_B_DATA                                 r  kr260_min_i/snn_qp_v06_1/inst/grp_p_anonymous_namespace_dispatch_command_fu_1083/grp_p_anonymous_namespace_solve_current_fu_550/grp_p_anonymous_namespace_solve_current_Pipeline_update_residual_facet_fu_1437/mul_40s_40s_80_1_1_U352/dout__0/DSP_A_B_DATA_INST/CLK
  -------------------------------------------------------------------    -------------------
    DSP48E2_X11Y19       DSP_A_B_DATA (Prop_DSP_A_B_DATA_DSP48E2_CLK_B2_DATA[17])
                                                      0.264     5.053 r  kr260_min_i/snn_qp_v06_1/inst/grp_p_anonymous_namespace_dispatch_command_fu_1083/grp_p_anonymous_namespace_solve_current_fu_550/grp_p_anonymous_namespace_solve_current_Pipeline_update_residual_facet_fu_1437/mul_40s_40s_80_1_1_U352/dout__0/DSP_A_B_DATA_INST/B2_DATA[17]
                         net (fo=1, routed)           0.000     5.053    kr260_min_i/snn_qp_v06_1/inst/grp_p_anonymous_namespace_dispatch_command_fu_1083/grp_p_anonymous_namespace_solve_current_fu_550/grp_p_anonymous_namespace_solve_current_Pipeline_update_residual_facet_fu_1437/mul_40s_40s_80_1_1_U352/dout__0/DSP_A_B_DATA.B2_DATA<17>
    DSP48E2_X11Y19       DSP_PREADD_DATA (Prop_DSP_PREADD_DATA_DSP48E2_B2_DATA[17]_B2B1[17])
                                                      0.097     5.150 r  kr260_min_i/snn_qp_v06_1/inst/grp_p_anonymous_namespace_dispatch_command_fu_1083/grp_p_anonymous_namespace_solve_current_fu_550/grp_p_anonymous_namespace_solve_current_Pipeline_update_residual_facet_fu_1437/mul_40s_40s_80_1_1_U352/dout__0/DSP_PREADD_DATA_INST/B2B1[17]
                         net (fo=1, routed)           0.000     5.150    kr260_min_i/snn_qp_v06_1/inst/grp_p_anonymous_namespace_dispatch_command_fu_1083/grp_p_anonymous_namespace_solve_current_fu_550/grp_p_anonymous_namespace_solve_current_Pipeline_update_residual_facet_fu_1437/mul_40s_40s_80_1_1_U352/dout__0/DSP_PREADD_DATA.B2B1<17>
    DSP48E2_X11Y19       DSP_MULTIPLIER (Prop_DSP_MULTIPLIER_DSP48E2_B2B1[17]_U[43])
                                                      0.773     5.923 f  kr260_min_i/snn_qp_v06_1/inst/grp_p_anonymous_namespace_dispatch_command_fu_1083/grp_p_anonymous_namespace_solve_current_fu_550/grp_p_anonymous_namespace_solve_current_Pipeline_update_residual_facet_fu_1437/mul_40s_40s_80_1_1_U352/dout__0/DSP_MULTIPLIER_INST/U[43]
                         net (fo=1, routed)           0.000     5.923    kr260_min_i/snn_qp_v06_1/inst/grp_p_anonymous_namespace_dispatch_command_fu_1083/grp_p_anonymous_namespace_solve_current_fu_550/grp_p_anonymous_namespace_solve_current_Pipeline_update_residual_facet_fu_1437/mul_40s_40s_80_1_1_U352/dout__0/DSP_MULTIPLIER.U<43>
    DSP48E2_X11Y19       DSP_M_DATA (Prop_DSP_M_DATA_DSP48E2_U[43]_U_DATA[43])
                                                      0.067     5.990 r  kr260_min_i/snn_qp_v06_1/inst/grp_p_anonymous_namespace_dispatch_command_fu_1083/grp_p_anonymous_namespace_solve_current_fu_550/grp_p_anonymous_namespace_solve_current_Pipeline_update_residual_facet_fu_1437/mul_40s_40s_80_1_1_U352/dout__0/DSP_M_DATA_INST/U_DATA[43]
                         net (fo=1, routed)           0.000     5.990    kr260_min_i/snn_qp_v06_1/inst/grp_p_anonymous_namespace_dispatch_command_fu_1083/grp_p_anonymous_namespace_solve_current_fu_550/grp_p_anonymous_namespace_solve_current_Pipeline_update_residual_facet_fu_1437/mul_40s_40s_80_1_1_U352/dout__0/DSP_M_DATA.U_DATA<43>
    DSP48E2_X11Y19       DSP_ALU (Prop_DSP_ALU_DSP48E2_U_DATA[43]_ALU_OUT[47])
                                                      0.727     6.717 f  kr260_min_i/snn_qp_v06_1/inst/grp_p_anonymous_namespace_dispatch_command_fu_1083/grp_p_anonymous_namespace_solve_current_fu_550/grp_p_anonymous_namespace_solve_current_Pipeline_update_residual_facet_fu_1437/mul_40s_40s_80_1_1_U352/dout__0/DSP_ALU_INST/ALU_OUT[47]
                         net (fo=1, routed)           0.000     6.717    kr260_min_i/snn_qp_v06_1/inst/grp_p_anonymous_namespace_dispatch_command_fu_1083/grp_p_anonymous_namespace_solve_current_fu_550/grp_p_anonymous_namespace_solve_current_Pipeline_update_residual_facet_fu_1437/mul_40s_40s_80_1_1_U352/dout__0/DSP_ALU.ALU_OUT<47>
    DSP48E2_X11Y19       DSP_OUTPUT (Prop_DSP_OUTPUT_DSP48E2_ALU_OUT[47]_PCOUT[47])
                                                      0.167     6.884 r  kr260_min_i/snn_qp_v06_1/inst/grp_p_anonymous_namespace_dispatch_command_fu_1083/grp_p_anonymous_namespace_solve_current_fu_550/grp_p_anonymous_namespace_solve_current_Pipeline_update_residual_facet_fu_1437/mul_40s_40s_80_1_1_U352/dout__0/DSP_OUTPUT_INST/PCOUT[47]
                         net (fo=1, routed)           0.038     6.922    kr260_min_i/snn_qp_v06_1/inst/grp_p_anonymous_namespace_dispatch_command_fu_1083/grp_p_anonymous_namespace_solve_current_fu_550/grp_p_anonymous_namespace_solve_current_Pipeline_update_residual_facet_fu_1437/mul_40s_40s_80_1_1_U352/dout__1/PCIN[47]
    DSP48E2_X11Y20       DSP_ALU (Prop_DSP_ALU_DSP48E2_PCIN[47]_ALU_OUT[17])
                                                      0.739     7.661 f  kr260_min_i/snn_qp_v06_1/inst/grp_p_anonymous_namespace_dispatch_command_fu_1083/grp_p_anonymous_namespace_solve_current_fu_550/grp_p_anonymous_namespace_solve_current_Pipeline_update_residual_facet_fu_1437/mul_40s_40s_80_1_1_U352/dout__1/DSP_ALU_INST/ALU_OUT[17]
                         net (fo=1, routed)           0.000     7.661    kr260_min_i/snn_qp_v06_1/inst/grp_p_anonymous_namespace_dispatch_command_fu_1083/grp_p_anonymous_namespace_solve_current_fu_550/grp_p_anonymous_namespace_solve_current_Pipeline_update_residual_facet_fu_1437/mul_40s_40s_80_1_1_U352/dout__1/DSP_ALU.ALU_OUT<17>
    DSP48E2_X11Y20       DSP_OUTPUT (Prop_DSP_OUTPUT_DSP48E2_ALU_OUT[17]_P[17])
                                                      0.146     7.807 r  kr260_min_i/snn_qp_v06_1/inst/grp_p_anonymous_namespace_dispatch_command_fu_1083/grp_p_anonymous_namespace_solve_current_fu_550/grp_p_anonymous_namespace_solve_current_Pipeline_update_residual_facet_fu_1437/mul_40s_40s_80_1_1_U352/dout__1/DSP_OUTPUT_INST/P[17]
                         net (fo=2, routed)           0.936     8.743    kr260_min_i/snn_qp_v06_1/inst/grp_p_anonymous_namespace_dispatch_command_fu_1083/grp_p_anonymous_namespace_solve_current_fu_550/grp_p_anonymous_namespace_solve_current_Pipeline_update_residual_facet_fu_1437/mul_40s_40s_80_1_1_U352/dout__1_n_108
    SLICE_X40Y44         LUT5 (Prop_E6LUT_SLICEM_I3_O)
                                                      0.152     8.895 r  kr260_min_i/snn_qp_v06_1/inst/grp_p_anonymous_namespace_dispatch_command_fu_1083/grp_p_anonymous_namespace_solve_current_fu_550/grp_p_anonymous_namespace_solve_current_Pipeline_update_residual_facet_fu_1437/mul_40s_40s_80_1_1_U352/r_V_9_reg_2537[55]_i_9/O
                         net (fo=1, routed)           0.018     8.913    kr260_min_i/snn_qp_v06_1/inst/grp_p_anonymous_namespace_dispatch_command_fu_1083_n_3784
    SLICE_X40Y44         CARRY8 (Prop_CARRY8_SLICEM_S[4]_CO[7])
                                                      0.236     9.149 r  kr260_min_i/snn_qp_v06_1/inst/grp_p_anonymous_namespace_solve_current_Pipeline_update_residual_facet_fu_1437/mul_40s_40s_80_1_1_U352/r_V_9_reg_2537_reg[55]_i_1/CO[7]
                         net (fo=1, routed)           0.030     9.179    kr260_min_i/snn_qp_v06_1/inst/grp_p_anonymous_namespace_solve_current_Pipeline_update_residual_facet_fu_1437/mul_40s_40s_80_1_1_U352/r_V_9_reg_2537_reg[55]_i_1_n_20
    SLICE_X40Y45         CARRY8 (Prop_CARRY8_SLICEM_CI_CO[7])
                                                      0.065     9.244 r  kr260_min_i/snn_qp_v06_1/inst/grp_p_anonymous_namespace_solve_current_Pipeline_update_residual_facet_fu_1437/mul_40s_40s_80_1_1_U352/r_V_9_reg_2537_reg[63]_i_1/CO[7]
                         net (fo=1, routed)           0.030     9.274    kr260_min_i/snn_qp_v06_1/inst/grp_p_anonymous_namespace_solve_current_Pipeline_update_residual_facet_fu_1437/mul_40s_40s_80_1_1_U352/r_V_9_reg_2537_reg[63]_i_1_n_20
    SLICE_X40Y46         CARRY8 (Prop_CARRY8_SLICEM_CI_O[1])
                                                      0.106     9.380 r  kr260_min_i/snn_qp_v06_1/inst/grp_p_anonymous_namespace_solve_current_Pipeline_update_residual_facet_fu_1437/mul_40s_40s_80_1_1_U352/r_V_9_reg_2537_reg[71]_i_1/O[1]
                         net (fo=1, routed)           0.033     9.413    kr260_min_i/snn_qp_v06_1/inst/grp_p_anonymous_namespace_dispatch_command_fu_1083/grp_p_anonymous_namespace_solve_current_fu_550/grp_p_anonymous_namespace_solve_current_Pipeline_update_residual_facet_fu_1437/r_V_9_reg_2537_reg[71]_0[49]
    SLICE_X40Y46         FDRE                                         r  kr260_min_i/snn_qp_v06_1/inst/grp_p_anonymous_namespace_dispatch_command_fu_1083/grp_p_anonymous_namespace_solve_current_fu_550/grp_p_anonymous_namespace_solve_current_Pipeline_update_residual_facet_fu_1437/r_V_9_reg_2537_reg[65]/D
  -------------------------------------------------------------------    -------------------

                         (clock clk_out1_kr260_min_clk_wiz_0 rise edge)
                                                      5.000     5.000 r  
    BUFG_PS_X0Y80        BUFG_PS                      0.000     5.000 r  kr260_min_i/PS_0/inst/buffer_pl_clk_0.PL_CLK_0_BUFG/O
                         net (fo=5670, routed)        2.078     7.078    kr260_min_i/clk_wiz/inst/clk_in1
    MMCM_X0Y0            MMCME4_ADV (Prop_MMCM_CLKIN1_CLKOUT0)
                                                      0.739     7.817 r  kr260_min_i/clk_wiz/inst/mmcme4_adv_inst/CLKOUT0
                         net (fo=1, routed)           0.307     8.124    kr260_min_i/clk_wiz/inst/clk_out1_kr260_min_clk_wiz_0
    BUFGCE_X0Y1          BUFGCE (Prop_BUFCE_BUFGCE_I_O)
                                                      0.039     8.163 r  kr260_min_i/clk_wiz/inst/clkout1_buf/O
    X1Y1 (CLOCK_ROOT)    net (fo=62375, routed)       1.855    10.018    kr260_min_i/snn_qp_v06_1/inst/grp_p_anonymous_namespace_dispatch_command_fu_1083/grp_p_anonymous_namespace_solve_current_fu_550/grp_p_anonymous_namespace_solve_current_Pipeline_update_residual_facet_fu_1437/ap_clk
    SLICE_X40Y46         FDRE                                         r  kr260_min_i/snn_qp_v06_1/inst/grp_p_anonymous_namespace_dispatch_command_fu_1083/grp_p_anonymous_namespace_solve_current_fu_550/grp_p_anonymous_namespace_solve_current_Pipeline_update_residual_facet_fu_1437/r_V_9_reg_2537_reg[65]/C
                         clock pessimism             -0.501     9.517    
                         clock uncertainty           -0.057     9.460    
    SLICE_X40Y46         FDRE (Setup_BFF_SLICEM_C_D)
                                                      0.043     9.503    kr260_min_i/snn_qp_v06_1/inst/grp_p_anonymous_namespace_dispatch_command_fu_1083/grp_p_anonymous_namespace_solve_current_fu_550/grp_p_anonymous_namespace_solve_current_Pipeline_update_residual_facet_fu_1437/r_V_9_reg_2537_reg[65]
  -------------------------------------------------------------------
                         required time                          9.503    
                         arrival time                          -9.413    
  -------------------------------------------------------------------
                         slack                                  0.090    

Slack (MET) :             0.090ns  (required time - arrival time)
  Source:                 kr260_min_i/snn_qp_v06_1/inst/ap_CS_fsm_reg[590]/C
                            (rising edge-triggered cell FDRE clocked by clk_out1_kr260_min_clk_wiz_0  {rise@0.000ns fall@2.500ns period=5.000ns})
  Destination:            kr260_min_i/snn_qp_v06_1/inst/g2_addr_12_read_reg_3240_reg[181]/CE
                            (rising edge-triggered cell FDRE clocked by clk_out1_kr260_min_clk_wiz_0  {rise@0.000ns fall@2.500ns period=5.000ns})
  Path Group:             clk_out1_kr260_min_clk_wiz_0
  Path Type:              Setup (Max at Slow Process Corner)
  Requirement:            5.000ns  (clk_out1_kr260_min_clk_wiz_0 rise@5.000ns - clk_out1_kr260_min_clk_wiz_0 rise@0.000ns)
  Data Path Delay:        4.680ns  (logic 0.114ns (2.436%)  route 4.566ns (97.564%))
  Logic Levels:           0  
  Clock Path Skew:        -0.093ns (DCD - SCD + CPR)
    Destination Clock Delay (DCD):    5.073ns = ( 10.073 - 5.000 ) 
    Source Clock Delay      (SCD):    4.621ns
    Clock Pessimism Removal (CPR):    -0.545ns
  Clock Uncertainty:      0.057ns  ((TSJ^2 + DJ^2)^1/2) / 2 + PE
    Total System Jitter     (TSJ):    0.071ns
    Discrete Jitter          (DJ):    0.091ns
    Phase Error              (PE):    0.000ns
  Clock Net Delay (Source):      2.058ns (routing 0.724ns, distribution 1.334ns)
  Clock Net Delay (Destination): 1.910ns (routing 0.669ns, distribution 1.241ns)

    Location             Delay type                Incr(ns)  Path(ns)    Netlist Resource(s)
  -------------------------------------------------------------------    -------------------
                         (clock clk_out1_kr260_min_clk_wiz_0 rise edge)
                                                      0.000     0.000 r  
    BUFG_PS_X0Y80        BUFG_PS                      0.000     0.000 r  kr260_min_i/PS_0/inst/buffer_pl_clk_0.PL_CLK_0_BUFG/O
                         net (fo=5670, routed)        2.274     2.274    kr260_min_i/clk_wiz/inst/clk_in1
    MMCM_X0Y0            MMCME4_ADV (Prop_MMCM_CLKIN1_CLKOUT0)
                                                     -0.103     2.171 r  kr260_min_i/clk_wiz/inst/mmcme4_adv_inst/CLKOUT0
                         net (fo=1, routed)           0.348     2.519    kr260_min_i/clk_wiz/inst/clk_out1_kr260_min_clk_wiz_0
    BUFGCE_X0Y1          BUFGCE (Prop_BUFCE_BUFGCE_I_O)
                                                      0.044     2.563 r  kr260_min_i/clk_wiz/inst/clkout1_buf/O
    X1Y1 (CLOCK_ROOT)    net (fo=62375, routed)       2.058     4.621    kr260_min_i/snn_qp_v06_1/inst/ap_clk
    SLICE_X26Y99         FDRE                                         r  kr260_min_i/snn_qp_v06_1/inst/ap_CS_fsm_reg[590]/C
  -------------------------------------------------------------------    -------------------
    SLICE_X26Y99         FDRE (Prop_EFF_SLICEL_C_Q)
                                                      0.114     4.735 r  kr260_min_i/snn_qp_v06_1/inst/ap_CS_fsm_reg[590]/Q
                         net (fo=515, routed)         4.566     9.300    kr260_min_i/snn_qp_v06_1/inst/ap_CS_fsm_state591
    SLICE_X29Y204        FDRE                                         r  kr260_min_i/snn_qp_v06_1/inst/g2_addr_12_read_reg_3240_reg[181]/CE
  -------------------------------------------------------------------    -------------------

                         (clock clk_out1_kr260_min_clk_wiz_0 rise edge)
                                                      5.000     5.000 r  
    BUFG_PS_X0Y80        BUFG_PS                      0.000     5.000 r  kr260_min_i/PS_0/inst/buffer_pl_clk_0.PL_CLK_0_BUFG/O
                         net (fo=5670, routed)        2.078     7.078    kr260_min_i/clk_wiz/inst/clk_in1
    MMCM_X0Y0            MMCME4_ADV (Prop_MMCM_CLKIN1_CLKOUT0)
                                                      0.739     7.817 r  kr260_min_i/clk_wiz/inst/mmcme4_adv_inst/CLKOUT0
                         net (fo=1, routed)           0.307     8.124    kr260_min_i/clk_wiz/inst/clk_out1_kr260_min_clk_wiz_0
    BUFGCE_X0Y1          BUFGCE (Prop_BUFCE_BUFGCE_I_O)
                                                      0.039     8.163 r  kr260_min_i/clk_wiz/inst/clkout1_buf/O
    X1Y1 (CLOCK_ROOT)    net (fo=62375, routed)       1.910    10.073    kr260_min_i/snn_qp_v06_1/inst/ap_clk
    SLICE_X29Y204        FDRE                                         r  kr260_min_i/snn_qp_v06_1/inst/g2_addr_12_read_reg_3240_reg[181]/C
                         clock pessimism             -0.545     9.528    
                         clock uncertainty           -0.057     9.470    
    SLICE_X29Y204        FDRE (Setup_EFF2_SLICEM_C_CE)
                                                     -0.080     9.390    kr260_min_i/snn_qp_v06_1/inst/g2_addr_12_read_reg_3240_reg[181]
  -------------------------------------------------------------------
                         required time                          9.390    
                         arrival time                          -9.300    
  -------------------------------------------------------------------
                         slack                                  0.090    

Slack (MET) :             0.090ns  (required time - arrival time)
  Source:                 kr260_min_i/snn_qp_v06_1/inst/ap_CS_fsm_reg[590]/C
                            (rising edge-triggered cell FDRE clocked by clk_out1_kr260_min_clk_wiz_0  {rise@0.000ns fall@2.500ns period=5.000ns})
  Destination:            kr260_min_i/snn_qp_v06_1/inst/g2_addr_12_read_reg_3240_reg[309]/CE
                            (rising edge-triggered cell FDRE clocked by clk_out1_kr260_min_clk_wiz_0  {rise@0.000ns fall@2.500ns period=5.000ns})
  Path Group:             clk_out1_kr260_min_clk_wiz_0
  Path Type:              Setup (Max at Slow Process Corner)
  Requirement:            5.000ns  (clk_out1_kr260_min_clk_wiz_0 rise@5.000ns - clk_out1_kr260_min_clk_wiz_0 rise@0.000ns)
  Data Path Delay:        4.680ns  (logic 0.114ns (2.436%)  route 4.566ns (97.564%))
  Logic Levels:           0  
  Clock Path Skew:        -0.093ns (DCD - SCD + CPR)
    Destination Clock Delay (DCD):    5.073ns = ( 10.073 - 5.000 ) 
    Source Clock Delay      (SCD):    4.621ns
    Clock Pessimism Removal (CPR):    -0.545ns
  Clock Uncertainty:      0.057ns  ((TSJ^2 + DJ^2)^1/2) / 2 + PE
    Total System Jitter     (TSJ):    0.071ns
    Discrete Jitter          (DJ):    0.091ns
    Phase Error              (PE):    0.000ns
  Clock Net Delay (Source):      2.058ns (routing 0.724ns, distribution 1.334ns)
  Clock Net Delay (Destination): 1.910ns (routing 0.669ns, distribution 1.241ns)

    Location             Delay type                Incr(ns)  Path(ns)    Netlist Resource(s)
  -------------------------------------------------------------------    -------------------
                         (clock clk_out1_kr260_min_clk_wiz_0 rise edge)
                                                      0.000     0.000 r  
    BUFG_PS_X0Y80        BUFG_PS                      0.000     0.000 r  kr260_min_i/PS_0/inst/buffer_pl_clk_0.PL_CLK_0_BUFG/O
                         net (fo=5670, routed)        2.274     2.274    kr260_min_i/clk_wiz/inst/clk_in1
    MMCM_X0Y0            MMCME4_ADV (Prop_MMCM_CLKIN1_CLKOUT0)
                                                     -0.103     2.171 r  kr260_min_i/clk_wiz/inst/mmcme4_adv_inst/CLKOUT0
                         net (fo=1, routed)           0.348     2.519    kr260_min_i/clk_wiz/inst/clk_out1_kr260_min_clk_wiz_0
    BUFGCE_X0Y1          BUFGCE (Prop_BUFCE_BUFGCE_I_O)
                                                      0.044     2.563 r  kr260_min_i/clk_wiz/inst/clkout1_buf/O
    X1Y1 (CLOCK_ROOT)    net (fo=62375, routed)       2.058     4.621    kr260_min_i/snn_qp_v06_1/inst/ap_clk
    SLICE_X26Y99         FDRE                                         r  kr260_min_i/snn_qp_v06_1/inst/ap_CS_fsm_reg[590]/C
  -------------------------------------------------------------------    -------------------
    SLICE_X26Y99         FDRE (Prop_EFF_SLICEL_C_Q)
                                                      0.114     4.735 r  kr260_min_i/snn_qp_v06_1/inst/ap_CS_fsm_reg[590]/Q
                         net (fo=515, routed)         4.566     9.300    kr260_min_i/snn_qp_v06_1/inst/ap_CS_fsm_state591
    SLICE_X29Y204        FDRE                                         r  kr260_min_i/snn_qp_v06_1/inst/g2_addr_12_read_reg_3240_reg[309]/CE
  -------------------------------------------------------------------    -------------------

                         (clock clk_out1_kr260_min_clk_wiz_0 rise edge)
                                                      5.000     5.000 r  
    BUFG_PS_X0Y80        BUFG_PS                      0.000     5.000 r  kr260_min_i/PS_0/inst/buffer_pl_clk_0.PL_CLK_0_BUFG/O
                         net (fo=5670, routed)        2.078     7.078    kr260_min_i/clk_wiz/inst/clk_in1
    MMCM_X0Y0            MMCME4_ADV (Prop_MMCM_CLKIN1_CLKOUT0)
                                                      0.739     7.817 r  kr260_min_i/clk_wiz/inst/mmcme4_adv_inst/CLKOUT0
                         net (fo=1, routed)           0.307     8.124    kr260_min_i/clk_wiz/inst/clk_out1_kr260_min_clk_wiz_0
    BUFGCE_X0Y1          BUFGCE (Prop_BUFCE_BUFGCE_I_O)
                                                      0.039     8.163 r  kr260_min_i/clk_wiz/inst/clkout1_buf/O
    X1Y1 (CLOCK_ROOT)    net (fo=62375, routed)       1.910    10.073    kr260_min_i/snn_qp_v06_1/inst/ap_clk
    SLICE_X29Y204        FDRE                                         r  kr260_min_i/snn_qp_v06_1/inst/g2_addr_12_read_reg_3240_reg[309]/C
                         clock pessimism             -0.545     9.528    
                         clock uncertainty           -0.057     9.470    
    SLICE_X29Y204        FDRE (Setup_FFF2_SLICEM_C_CE)
                                                     -0.080     9.390    kr260_min_i/snn_qp_v06_1/inst/g2_addr_12_read_reg_3240_reg[309]
  -------------------------------------------------------------------
                         required time                          9.390    
                         arrival time                          -9.300    
  -------------------------------------------------------------------
                         slack                                  0.090    





Min Delay Paths
--------------------------------------------------------------------------------------
Slack (MET) :             0.005ns  (arrival time - required time)
  Source:                 kr260_min_i/snn_qp_v06_1/inst/g2_m_axi_U/bus_write/could_multi_bursts.awaddr_buf_reg[51]/C
                            (rising edge-triggered cell FDRE clocked by clk_out1_kr260_min_clk_wiz_0  {rise@0.000ns fall@2.500ns period=5.000ns})
  Destination:            kr260_min_i/snn_qp_v06_1/inst/g2_m_axi_U/bus_write/wreq_throttle/req_fifo/U_fifo_srl/mem_reg[14][51]_srl15/D
                            (rising edge-triggered cell SRL16E clocked by clk_out1_kr260_min_clk_wiz_0  {rise@0.000ns fall@2.500ns period=5.000ns})
  Path Group:             clk_out1_kr260_min_clk_wiz_0
  Path Type:              Hold (Min at Slow Process Corner)
  Requirement:            0.000ns  (clk_out1_kr260_min_clk_wiz_0 rise@0.000ns - clk_out1_kr260_min_clk_wiz_0 rise@0.000ns)
  Data Path Delay:        0.214ns  (logic 0.112ns (52.262%)  route 0.102ns (47.737%))
  Logic Levels:           0  
  Clock Path Skew:        0.139ns (DCD - SCD - CPR)
    Destination Clock Delay (DCD):    4.846ns
    Source Clock Delay      (SCD):    5.204ns
    Clock Pessimism Removal (CPR):    -0.497ns
  Clock Net Delay (Source):      2.041ns (routing 0.669ns, distribution 1.372ns)
  Clock Net Delay (Destination): 2.283ns (routing 0.724ns, distribution 1.559ns)

    Location             Delay type                Incr(ns)  Path(ns)    Netlist Resource(s)
  -------------------------------------------------------------------    -------------------
                         (clock clk_out1_kr260_min_clk_wiz_0 rise edge)
                                                      0.000     0.000 r  
    BUFG_PS_X0Y80        BUFG_PS                      0.000     0.000 r  kr260_min_i/PS_0/inst/buffer_pl_clk_0.PL_CLK_0_BUFG/O
                         net (fo=5670, routed)        2.078     2.078    kr260_min_i/clk_wiz/inst/clk_in1
    MMCM_X0Y0            MMCME4_ADV (Prop_MMCM_CLKIN1_CLKOUT0)
                                                      0.739     2.817 r  kr260_min_i/clk_wiz/inst/mmcme4_adv_inst/CLKOUT0
                         net (fo=1, routed)           0.307     3.124    kr260_min_i/clk_wiz/inst/clk_out1_kr260_min_clk_wiz_0
    BUFGCE_X0Y1          BUFGCE (Prop_BUFCE_BUFGCE_I_O)
                                                      0.039     3.163 r  kr260_min_i/clk_wiz/inst/clkout1_buf/O
    X1Y1 (CLOCK_ROOT)    net (fo=62375, routed)       2.041     5.204    kr260_min_i/snn_qp_v06_1/inst/g2_m_axi_U/bus_write/ap_clk
    SLICE_X10Y6          FDRE                                         r  kr260_min_i/snn_qp_v06_1/inst/g2_m_axi_U/bus_write/could_multi_bursts.awaddr_buf_reg[51]/C
  -------------------------------------------------------------------    -------------------
    SLICE_X10Y6          FDRE (Prop_EFF_SLICEM_C_Q)
                                                      0.112     5.316 r  kr260_min_i/snn_qp_v06_1/inst/g2_m_axi_U/bus_write/could_multi_bursts.awaddr_buf_reg[51]/Q
                         net (fo=2, routed)           0.102     5.418    kr260_min_i/snn_qp_v06_1/inst/g2_m_axi_U/bus_write/wreq_throttle/req_fifo/U_fifo_srl/in[45]
    SLICE_X8Y6           SRL16E                                       r  kr260_min_i/snn_qp_v06_1/inst/g2_m_axi_U/bus_write/wreq_throttle/req_fifo/U_fifo_srl/mem_reg[14][51]_srl15/D
  -------------------------------------------------------------------    -------------------

                         (clock clk_out1_kr260_min_clk_wiz_0 rise edge)
                                                      0.000     0.000 r  
    BUFG_PS_X0Y80        BUFG_PS                      0.000     0.000 r  kr260_min_i/PS_0/inst/buffer_pl_clk_0.PL_CLK_0_BUFG/O
                         net (fo=5670, routed)        2.274     2.274    kr260_min_i/clk_wiz/inst/clk_in1
    MMCM_X0Y0            MMCME4_ADV (Prop_MMCM_CLKIN1_CLKOUT0)
                                                     -0.103     2.171 r  kr260_min_i/clk_wiz/inst/mmcme4_adv_inst/CLKOUT0
                         net (fo=1, routed)           0.348     2.519    kr260_min_i/clk_wiz/inst/clk_out1_kr260_min_clk_wiz_0
    BUFGCE_X0Y1          BUFGCE (Prop_BUFCE_BUFGCE_I_O)
                                                      0.044     2.563 r  kr260_min_i/clk_wiz/inst/clkout1_buf/O
    X1Y1 (CLOCK_ROOT)    net (fo=62375, routed)       2.283     4.846    kr260_min_i/snn_qp_v06_1/inst/g2_m_axi_U/bus_write/wreq_throttle/req_fifo/U_fifo_srl/ap_clk
    SLICE_X8Y6           SRL16E                                       r  kr260_min_i/snn_qp_v06_1/inst/g2_m_axi_U/bus_write/wreq_throttle/req_fifo/U_fifo_srl/mem_reg[14][51]_srl15/CLK
                         clock pessimism              0.497     5.343    
    SLICE_X8Y6           SRL16E (Hold_F5LUT_SLICEM_CLK_D)
                                                      0.070     5.413    kr260_min_i/snn_qp_v06_1/inst/g2_m_axi_U/bus_write/wreq_throttle/req_fifo/U_fifo_srl/mem_reg[14][51]_srl15
  -------------------------------------------------------------------
                         required time                         -5.413    
                         arrival time                           5.418    
  -------------------------------------------------------------------
                         slack                                  0.005    

Slack (MET) :             0.007ns  (arrival time - required time)
  Source:                 kr260_min_i/snn_qp_v06_1/inst/g2_m_axi_U/store_unit/tmp_len_reg[14]/C
                            (rising edge-triggered cell FDRE clocked by clk_out1_kr260_min_clk_wiz_0  {rise@0.000ns fall@2.500ns period=5.000ns})
  Destination:            kr260_min_i/snn_qp_v06_1/inst/g2_m_axi_U/bus_write/rs_wreq/data_p1_reg[78]/D
                            (rising edge-triggered cell FDRE clocked by clk_out1_kr260_min_clk_wiz_0  {rise@0.000ns fall@2.500ns period=5.000ns})
  Path Group:             clk_out1_kr260_min_clk_wiz_0
  Path Type:              Hold (Min at Slow Process Corner)
  Requirement:            0.000ns  (clk_out1_kr260_min_clk_wiz_0 rise@0.000ns - clk_out1_kr260_min_clk_wiz_0 rise@0.000ns)
  Data Path Delay:        0.254ns  (logic 0.144ns (56.717%)  route 0.110ns (43.283%))
  Logic Levels:           1  (LUT4=1)
  Clock Path Skew:        0.146ns (DCD - SCD - CPR)
    Destination Clock Delay (DCD):    4.826ns
    Source Clock Delay      (SCD):    5.176ns
    Clock Pessimism Removal (CPR):    -0.497ns
  Clock Net Delay (Source):      2.013ns (routing 0.669ns, distribution 1.344ns)
  Clock Net Delay (Destination): 2.263ns (routing 0.724ns, distribution 1.539ns)

    Location             Delay type                Incr(ns)  Path(ns)    Netlist Resource(s)
  -------------------------------------------------------------------    -------------------
                         (clock clk_out1_kr260_min_clk_wiz_0 rise edge)
                                                      0.000     0.000 r  
    BUFG_PS_X0Y80        BUFG_PS                      0.000     0.000 r  kr260_min_i/PS_0/inst/buffer_pl_clk_0.PL_CLK_0_BUFG/O
                         net (fo=5670, routed)        2.078     2.078    kr260_min_i/clk_wiz/inst/clk_in1
    MMCM_X0Y0            MMCME4_ADV (Prop_MMCM_CLKIN1_CLKOUT0)
                                                      0.739     2.817 r  kr260_min_i/clk_wiz/inst/mmcme4_adv_inst/CLKOUT0
                         net (fo=1, routed)           0.307     3.124    kr260_min_i/clk_wiz/inst/clk_out1_kr260_min_clk_wiz_0
    BUFGCE_X0Y1          BUFGCE (Prop_BUFCE_BUFGCE_I_O)
                                                      0.039     3.163 r  kr260_min_i/clk_wiz/inst/clkout1_buf/O
    X1Y1 (CLOCK_ROOT)    net (fo=62375, routed)       2.013     5.176    kr260_min_i/snn_qp_v06_1/inst/g2_m_axi_U/store_unit/ap_clk
    SLICE_X15Y5          FDRE                                         r  kr260_min_i/snn_qp_v06_1/inst/g2_m_axi_U/store_unit/tmp_len_reg[14]/C
  -------------------------------------------------------------------    -------------------
    SLICE_X15Y5          FDRE (Prop_BFF_SLICEL_C_Q)
                                                      0.112     5.288 r  kr260_min_i/snn_qp_v06_1/inst/g2_m_axi_U/store_unit/tmp_len_reg[14]/Q
                         net (fo=2, routed)           0.065     5.353    kr260_min_i/snn_qp_v06_1/inst/g2_m_axi_U/bus_write/rs_wreq/data_p2_reg[95]_0[66]
    SLICE_X13Y5          LUT4 (Prop_C6LUT_SLICEM_I3_O)
                                                      0.032     5.385 r  kr260_min_i/snn_qp_v06_1/inst/g2_m_axi_U/bus_write/rs_wreq/data_p1[78]_i_1__0/O
                         net (fo=1, routed)           0.045     5.430    kr260_min_i/snn_qp_v06_1/inst/g2_m_axi_U/bus_write/rs_wreq/p_0_in[78]
    SLICE_X13Y5          FDRE                                         r  kr260_min_i/snn_qp_v06_1/inst/g2_m_axi_U/bus_write/rs_wreq/data_p1_reg[78]/D
  -------------------------------------------------------------------    -------------------

                         (clock clk_out1_kr260_min_clk_wiz_0 rise edge)
                                                      0.000     0.000 r  
    BUFG_PS_X0Y80        BUFG_PS                      0.000     0.000 r  kr260_min_i/PS_0/inst/buffer_pl_clk_0.PL_CLK_0_BUFG/O
                         net (fo=5670, routed)        2.274     2.274    kr260_min_i/clk_wiz/inst/clk_in1
    MMCM_X0Y0            MMCME4_ADV (Prop_MMCM_CLKIN1_CLKOUT0)
                                                     -0.103     2.171 r  kr260_min_i/clk_wiz/inst/mmcme4_adv_inst/CLKOUT0
                         net (fo=1, routed)           0.348     2.519    kr260_min_i/clk_wiz/inst/clk_out1_kr260_min_clk_wiz_0
    BUFGCE_X0Y1          BUFGCE (Prop_BUFCE_BUFGCE_I_O)
                                                      0.044     2.563 r  kr260_min_i/clk_wiz/inst/clkout1_buf/O
    X1Y1 (CLOCK_ROOT)    net (fo=62375, routed)       2.263     4.826    kr260_min_i/snn_qp_v06_1/inst/g2_m_axi_U/bus_write/rs_wreq/ap_clk
    SLICE_X13Y5          FDRE                                         r  kr260_min_i/snn_qp_v06_1/inst/g2_m_axi_U/bus_write/rs_wreq/data_p1_reg[78]/C
                         clock pessimism              0.497     5.323    
    SLICE_X13Y5          FDRE (Hold_CFF_SLICEM_C_D)
                                                      0.100     5.423    kr260_min_i/snn_qp_v06_1/inst/g2_m_axi_U/bus_write/rs_wreq/data_p1_reg[78]
  -------------------------------------------------------------------
                         required time                         -5.423    
                         arrival time                           5.430    
  -------------------------------------------------------------------
                         slack                                  0.007    

Slack (MET) :             0.008ns  (arrival time - required time)
  Source:                 kr260_min_i/snn_qp_v06_1/inst/g2_m_axi_U/bus_read/rs_rreq/data_p1_reg[41]/C
                            (rising edge-triggered cell FDRE clocked by clk_out1_kr260_min_clk_wiz_0  {rise@0.000ns fall@2.500ns period=5.000ns})
  Destination:            kr260_min_i/snn_qp_v06_1/inst/g2_m_axi_U/bus_read/start_addr_reg[41]/D
                            (rising edge-triggered cell FDRE clocked by clk_out1_kr260_min_clk_wiz_0  {rise@0.000ns fall@2.500ns period=5.000ns})
  Path Group:             clk_out1_kr260_min_clk_wiz_0
  Path Type:              Hold (Min at Slow Process Corner)
  Requirement:            0.000ns  (clk_out1_kr260_min_clk_wiz_0 rise@0.000ns - clk_out1_kr260_min_clk_wiz_0 rise@0.000ns)
  Data Path Delay:        0.242ns  (logic 0.111ns (45.926%)  route 0.131ns (54.074%))
  Logic Levels:           0  
  Clock Path Skew:        0.130ns (DCD - SCD - CPR)
    Destination Clock Delay (DCD):    4.829ns
    Source Clock Delay      (SCD):    5.195ns
    Clock Pessimism Removal (CPR):    -0.497ns
  Clock Net Delay (Source):      2.032ns (routing 0.669ns, distribution 1.363ns)
  Clock Net Delay (Destination): 2.266ns (routing 0.724ns, distribution 1.542ns)

    Location             Delay type                Incr(ns)  Path(ns)    Netlist Resource(s)
  -------------------------------------------------------------------    -------------------
                         (clock clk_out1_kr260_min_clk_wiz_0 rise edge)
                                                      0.000     0.000 r  
    BUFG_PS_X0Y80        BUFG_PS                      0.000     0.000 r  kr260_min_i/PS_0/inst/buffer_pl_clk_0.PL_CLK_0_BUFG/O
                         net (fo=5670, routed)        2.078     2.078    kr260_min_i/clk_wiz/inst/clk_in1
    MMCM_X0Y0            MMCME4_ADV (Prop_MMCM_CLKIN1_CLKOUT0)
                                                      0.739     2.817 r  kr260_min_i/clk_wiz/inst/mmcme4_adv_inst/CLKOUT0
                         net (fo=1, routed)           0.307     3.124    kr260_min_i/clk_wiz/inst/clk_out1_kr260_min_clk_wiz_0
    BUFGCE_X0Y1          BUFGCE (Prop_BUFCE_BUFGCE_I_O)
                                                      0.039     3.163 r  kr260_min_i/clk_wiz/inst/clkout1_buf/O
    X1Y1 (CLOCK_ROOT)    net (fo=62375, routed)       2.032     5.195    kr260_min_i/snn_qp_v06_1/inst/g2_m_axi_U/bus_read/rs_rreq/ap_clk
    SLICE_X10Y20         FDRE                                         r  kr260_min_i/snn_qp_v06_1/inst/g2_m_axi_U/bus_read/rs_rreq/data_p1_reg[41]/C
  -------------------------------------------------------------------    -------------------
    SLICE_X10Y20         FDRE (Prop_BFF_SLICEM_C_Q)
                                                      0.111     5.306 r  kr260_min_i/snn_qp_v06_1/inst/g2_m_axi_U/bus_read/rs_rreq/data_p1_reg[41]/Q
                         net (fo=3, routed)           0.131     5.437    kr260_min_i/snn_qp_v06_1/inst/g2_m_axi_U/bus_read/rs_rreq_n_102
    SLICE_X9Y18          FDRE                                         r  kr260_min_i/snn_qp_v06_1/inst/g2_m_axi_U/bus_read/start_addr_reg[41]/D
  -------------------------------------------------------------------    -------------------

                         (clock clk_out1_kr260_min_clk_wiz_0 rise edge)
                                                      0.000     0.000 r  
    BUFG_PS_X0Y80        BUFG_PS                      0.000     0.000 r  kr260_min_i/PS_0/inst/buffer_pl_clk_0.PL_CLK_0_BUFG/O
                         net (fo=5670, routed)        2.274     2.274    kr260_min_i/clk_wiz/inst/clk_in1
    MMCM_X0Y0            MMCME4_ADV (Prop_MMCM_CLKIN1_CLKOUT0)
                                                     -0.103     2.171 r  kr260_min_i/clk_wiz/inst/mmcme4_adv_inst/CLKOUT0
                         net (fo=1, routed)           0.348     2.519    kr260_min_i/clk_wiz/inst/clk_out1_kr260_min_clk_wiz_0
    BUFGCE_X0Y1          BUFGCE (Prop_BUFCE_BUFGCE_I_O)
                                                      0.044     2.563 r  kr260_min_i/clk_wiz/inst/clkout1_buf/O
    X1Y1 (CLOCK_ROOT)    net (fo=62375, routed)       2.266     4.829    kr260_min_i/snn_qp_v06_1/inst/g2_m_axi_U/bus_read/ap_clk
    SLICE_X9Y18          FDRE                                         r  kr260_min_i/snn_qp_v06_1/inst/g2_m_axi_U/bus_read/start_addr_reg[41]/C
                         clock pessimism              0.497     5.326    
    SLICE_X9Y18          FDRE (Hold_CFF2_SLICEL_C_D)
                                                      0.103     5.429    kr260_min_i/snn_qp_v06_1/inst/g2_m_axi_U/bus_read/start_addr_reg[41]
  -------------------------------------------------------------------
                         required time                         -5.429    
                         arrival time                           5.437    
  -------------------------------------------------------------------
                         slack                                  0.008    

Slack (MET) :             0.010ns  (arrival time - required time)
  Source:                 kr260_min_i/snn_qp_v06_1/inst/grp_p_anonymous_namespace_dispatch_command_fu_1083/grp_p_anonymous_namespace_solve_current_fu_550/grp_p_anonymous_namespace_load_line_buffer_fu_1118/grp_p_anonymous_namespace_load_line_buffer_Pipeline_load_line_words_fu_126/j0_2_reg_1471_pp0_iter9_reg_reg[9]/C
                            (rising edge-triggered cell FDRE clocked by clk_out1_kr260_min_clk_wiz_0  {rise@0.000ns fall@2.500ns period=5.000ns})
  Destination:            kr260_min_i/snn_qp_v06_1/inst/grp_p_anonymous_namespace_dispatch_command_fu_1083/grp_p_anonymous_namespace_solve_current_fu_550/grp_p_anonymous_namespace_load_line_buffer_fu_1118/grp_p_anonymous_namespace_load_line_buffer_Pipeline_load_line_words_fu_126/row_2_addr_1_reg_1680_reg[7]/D
                            (rising edge-triggered cell FDRE clocked by clk_out1_kr260_min_clk_wiz_0  {rise@0.000ns fall@2.500ns period=5.000ns})
  Path Group:             clk_out1_kr260_min_clk_wiz_0
  Path Type:              Hold (Min at Slow Process Corner)
  Requirement:            0.000ns  (clk_out1_kr260_min_clk_wiz_0 rise@0.000ns - clk_out1_kr260_min_clk_wiz_0 rise@0.000ns)
  Data Path Delay:        0.248ns  (logic 0.112ns (45.177%)  route 0.136ns (54.823%))
  Logic Levels:           0  
  Clock Path Skew:        0.135ns (DCD - SCD - CPR)
    Destination Clock Delay (DCD):    4.838ns
    Source Clock Delay      (SCD):    5.187ns
    Clock Pessimism Removal (CPR):    -0.485ns
  Clock Net Delay (Source):      2.024ns (routing 0.669ns, distribution 1.355ns)
  Clock Net Delay (Destination): 2.275ns (routing 0.724ns, distribution 1.551ns)

    Location             Delay type                Incr(ns)  Path(ns)    Netlist Resource(s)
  -------------------------------------------------------------------    -------------------
                         (clock clk_out1_kr260_min_clk_wiz_0 rise edge)
                                                      0.000     0.000 r  
    BUFG_PS_X0Y80        BUFG_PS                      0.000     0.000 r  kr260_min_i/PS_0/inst/buffer_pl_clk_0.PL_CLK_0_BUFG/O
                         net (fo=5670, routed)        2.078     2.078    kr260_min_i/clk_wiz/inst/clk_in1
    MMCM_X0Y0            MMCME4_ADV (Prop_MMCM_CLKIN1_CLKOUT0)
                                                      0.739     2.817 r  kr260_min_i/clk_wiz/inst/mmcme4_adv_inst/CLKOUT0
                         net (fo=1, routed)           0.307     3.124    kr260_min_i/clk_wiz/inst/clk_out1_kr260_min_clk_wiz_0
    BUFGCE_X0Y1          BUFGCE (Prop_BUFCE_BUFGCE_I_O)
                                                      0.039     3.163 r  kr260_min_i/clk_wiz/inst/clkout1_buf/O
    X1Y1 (CLOCK_ROOT)    net (fo=62375, routed)       2.024     5.187    kr260_min_i/snn_qp_v06_1/inst/grp_p_anonymous_namespace_dispatch_command_fu_1083/grp_p_anonymous_namespace_solve_current_fu_550/grp_p_anonymous_namespace_load_line_buffer_fu_1118/grp_p_anonymous_namespace_load_line_buffer_Pipeline_load_line_words_fu_126/ap_clk
    SLICE_X60Y152        FDRE                                         r  kr260_min_i/snn_qp_v06_1/inst/grp_p_anonymous_namespace_dispatch_command_fu_1083/grp_p_anonymous_namespace_solve_current_fu_550/grp_p_anonymous_namespace_load_line_buffer_fu_1118/grp_p_anonymous_namespace_load_line_buffer_Pipeline_load_line_words_fu_126/j0_2_reg_1471_pp0_iter9_reg_reg[9]/C
  -------------------------------------------------------------------    -------------------
    SLICE_X60Y152        FDRE (Prop_HFF_SLICEL_C_Q)
                                                      0.112     5.299 r  kr260_min_i/snn_qp_v06_1/inst/grp_p_anonymous_namespace_dispatch_command_fu_1083/grp_p_anonymous_namespace_solve_current_fu_550/grp_p_anonymous_namespace_load_line_buffer_fu_1118/grp_p_anonymous_namespace_load_line_buffer_Pipeline_load_line_words_fu_126/j0_2_reg_1471_pp0_iter9_reg_reg[9]/Q
                         net (fo=8, routed)           0.136     5.435    kr260_min_i/snn_qp_v06_1/inst/grp_p_anonymous_namespace_dispatch_command_fu_1083/grp_p_anonymous_namespace_solve_current_fu_550/grp_p_anonymous_namespace_load_line_buffer_fu_1118/grp_p_anonymous_namespace_load_line_buffer_Pipeline_load_line_words_fu_126/p_0_in[6]
    SLICE_X59Y152        FDRE                                         r  kr260_min_i/snn_qp_v06_1/inst/grp_p_anonymous_namespace_dispatch_command_fu_1083/grp_p_anonymous_namespace_solve_current_fu_550/grp_p_anonymous_namespace_load_line_buffer_fu_1118/grp_p_anonymous_namespace_load_line_buffer_Pipeline_load_line_words_fu_126/row_2_addr_1_reg_1680_reg[7]/D
  -------------------------------------------------------------------    -------------------

                         (clock clk_out1_kr260_min_clk_wiz_0 rise edge)
                                                      0.000     0.000 r  
    BUFG_PS_X0Y80        BUFG_PS                      0.000     0.000 r  kr260_min_i/PS_0/inst/buffer_pl_clk_0.PL_CLK_0_BUFG/O
                         net (fo=5670, routed)        2.274     2.274    kr260_min_i/clk_wiz/inst/clk_in1
    MMCM_X0Y0            MMCME4_ADV (Prop_MMCM_CLKIN1_CLKOUT0)
                                                     -0.103     2.171 r  kr260_min_i/clk_wiz/inst/mmcme4_adv_inst/CLKOUT0
                         net (fo=1, routed)           0.348     2.519    kr260_min_i/clk_wiz/inst/clk_out1_kr260_min_clk_wiz_0
    BUFGCE_X0Y1          BUFGCE (Prop_BUFCE_BUFGCE_I_O)
                                                      0.044     2.563 r  kr260_min_i/clk_wiz/inst/clkout1_buf/O
    X1Y1 (CLOCK_ROOT)    net (fo=62375, routed)       2.275     4.838    kr260_min_i/snn_qp_v06_1/inst/grp_p_anonymous_namespace_dispatch_command_fu_1083/grp_p_anonymous_namespace_solve_current_fu_550/grp_p_anonymous_namespace_load_line_buffer_fu_1118/grp_p_anonymous_namespace_load_line_buffer_Pipeline_load_line_words_fu_126/ap_clk
    SLICE_X59Y152        FDRE                                         r  kr260_min_i/snn_qp_v06_1/inst/grp_p_anonymous_namespace_dispatch_command_fu_1083/grp_p_anonymous_namespace_solve_current_fu_550/grp_p_anonymous_namespace_load_line_buffer_fu_1118/grp_p_anonymous_namespace_load_line_buffer_Pipeline_load_line_words_fu_126/row_2_addr_1_reg_1680_reg[7]/C
                         clock pessimism              0.485     5.322    
    SLICE_X59Y152        FDRE (Hold_GFF2_SLICEL_C_D)
                                                      0.103     5.425    kr260_min_i/snn_qp_v06_1/inst/grp_p_anonymous_namespace_dispatch_command_fu_1083/grp_p_anonymous_namespace_solve_current_fu_550/grp_p_anonymous_namespace_load_line_buffer_fu_1118/grp_p_anonymous_namespace_load_line_buffer_Pipeline_load_line_words_fu_126/row_2_addr_1_reg_1680_reg[7]
  -------------------------------------------------------------------
                         required time                         -5.425    
                         arrival time                           5.435    
  -------------------------------------------------------------------
                         slack                                  0.010    

Slack (MET) :             0.011ns  (arrival time - required time)
  Source:                 kr260_min_i/snn_qp_v06_1/inst/grp_p_anonymous_namespace_dispatch_command_fu_1083/grp_p_anonymous_namespace_solve_current_fu_550/ap_CS_fsm_reg[241]_rep/C
                            (rising edge-triggered cell FDRE clocked by clk_out1_kr260_min_clk_wiz_0  {rise@0.000ns fall@2.500ns period=5.000ns})
  Destination:            kr260_min_i/snn_qp_v06_1/inst/grp_p_anonymous_namespace_dispatch_command_fu_1083/grp_p_anonymous_namespace_solve_current_fu_550/upper_events_V_2_reg_1081_reg[53]/D
                            (rising edge-triggered cell FDRE clocked by clk_out1_kr260_min_clk_wiz_0  {rise@0.000ns fall@2.500ns period=5.000ns})
  Path Group:             clk_out1_kr260_min_clk_wiz_0
  Path Type:              Hold (Min at Slow Process Corner)
  Requirement:            0.000ns  (clk_out1_kr260_min_clk_wiz_0 rise@0.000ns - clk_out1_kr260_min_clk_wiz_0 rise@0.000ns)
  Data Path Delay:        0.320ns  (logic 0.165ns (51.581%)  route 0.155ns (48.419%))
  Logic Levels:           1  (LUT5=1)
  Clock Path Skew:        0.208ns (DCD - SCD - CPR)
    Destination Clock Delay (DCD):    4.738ns
    Source Clock Delay      (SCD):    5.026ns
    Clock Pessimism Removal (CPR):    -0.497ns
  Clock Net Delay (Source):      1.863ns (routing 0.669ns, distribution 1.194ns)
  Clock Net Delay (Destination): 2.175ns (routing 0.724ns, distribution 1.451ns)

    Location             Delay type                Incr(ns)  Path(ns)    Netlist Resource(s)
  -------------------------------------------------------------------    -------------------
                         (clock clk_out1_kr260_min_clk_wiz_0 rise edge)
                                                      0.000     0.000 r  
    BUFG_PS_X0Y80        BUFG_PS                      0.000     0.000 r  kr260_min_i/PS_0/inst/buffer_pl_clk_0.PL_CLK_0_BUFG/O
                         net (fo=5670, routed)        2.078     2.078    kr260_min_i/clk_wiz/inst/clk_in1
    MMCM_X0Y0            MMCME4_ADV (Prop_MMCM_CLKIN1_CLKOUT0)
                                                      0.739     2.817 r  kr260_min_i/clk_wiz/inst/mmcme4_adv_inst/CLKOUT0
                         net (fo=1, routed)           0.307     3.124    kr260_min_i/clk_wiz/inst/clk_out1_kr260_min_clk_wiz_0
    BUFGCE_X0Y1          BUFGCE (Prop_BUFCE_BUFGCE_I_O)
                                                      0.039     3.163 r  kr260_min_i/clk_wiz/inst/clkout1_buf/O
    X1Y1 (CLOCK_ROOT)    net (fo=62375, routed)       1.863     5.026    kr260_min_i/snn_qp_v06_1/inst/grp_p_anonymous_namespace_dispatch_command_fu_1083/grp_p_anonymous_namespace_solve_current_fu_550/ap_clk
    SLICE_X40Y49         FDRE                                         r  kr260_min_i/snn_qp_v06_1/inst/grp_p_anonymous_namespace_dispatch_command_fu_1083/grp_p_anonymous_namespace_solve_current_fu_550/ap_CS_fsm_reg[241]_rep/C
  -------------------------------------------------------------------    -------------------
    SLICE_X40Y49         FDRE (Prop_HFF2_SLICEM_C_Q)
                                                      0.113     5.139 r  kr260_min_i/snn_qp_v06_1/inst/grp_p_anonymous_namespace_dispatch_command_fu_1083/grp_p_anonymous_namespace_solve_current_fu_550/ap_CS_fsm_reg[241]_rep/Q
                         net (fo=124, routed)         0.126     5.265    kr260_min_i/snn_qp_v06_1/inst/grp_p_anonymous_namespace_dispatch_command_fu_1083/grp_p_anonymous_namespace_solve_current_fu_550/grp_p_anonymous_namespace_solve_current_Pipeline_cap_scan_upper_fu_1483/cap_rechecks_V_fu_580_reg_0_sn_1
    SLICE_X42Y49         LUT5 (Prop_G6LUT_SLICEL_I1_O)
                                                      0.052     5.317 r  kr260_min_i/snn_qp_v06_1/inst/grp_p_anonymous_namespace_dispatch_command_fu_1083/grp_p_anonymous_namespace_solve_current_fu_550/grp_p_anonymous_namespace_solve_current_Pipeline_cap_scan_upper_fu_1483/upper_events_V_2_reg_1081[53]_i_1/O
                         net (fo=1, routed)           0.029     5.346    kr260_min_i/snn_qp_v06_1/inst/grp_p_anonymous_namespace_dispatch_command_fu_1083/grp_p_anonymous_namespace_solve_current_fu_550/grp_p_anonymous_namespace_solve_current_Pipeline_cap_scan_upper_fu_1483_n_305
    SLICE_X42Y49         FDRE                                         r  kr260_min_i/snn_qp_v06_1/inst/grp_p_anonymous_namespace_dispatch_command_fu_1083/grp_p_anonymous_namespace_solve_current_fu_550/upper_events_V_2_reg_1081_reg[53]/D
  -------------------------------------------------------------------    -------------------

                         (clock clk_out1_kr260_min_clk_wiz_0 rise edge)
                                                      0.000     0.000 r  
    BUFG_PS_X0Y80        BUFG_PS                      0.000     0.000 r  kr260_min_i/PS_0/inst/buffer_pl_clk_0.PL_CLK_0_BUFG/O
                         net (fo=5670, routed)        2.274     2.274    kr260_min_i/clk_wiz/inst/clk_in1
    MMCM_X0Y0            MMCME4_ADV (Prop_MMCM_CLKIN1_CLKOUT0)
                                                     -0.103     2.171 r  kr260_min_i/clk_wiz/inst/mmcme4_adv_inst/CLKOUT0
                         net (fo=1, routed)           0.348     2.519    kr260_min_i/clk_wiz/inst/clk_out1_kr260_min_clk_wiz_0
    BUFGCE_X0Y1          BUFGCE (Prop_BUFCE_BUFGCE_I_O)
                                                      0.044     2.563 r  kr260_min_i/clk_wiz/inst/clkout1_buf/O
    X1Y1 (CLOCK_ROOT)    net (fo=62375, routed)       2.175     4.738    kr260_min_i/snn_qp_v06_1/inst/grp_p_anonymous_namespace_dispatch_command_fu_1083/grp_p_anonymous_namespace_solve_current_fu_550/ap_clk
    SLICE_X42Y49         FDRE                                         r  kr260_min_i/snn_qp_v06_1/inst/grp_p_anonymous_namespace_dispatch_command_fu_1083/grp_p_anonymous_namespace_solve_current_fu_550/upper_events_V_2_reg_1081_reg[53]/C
                         clock pessimism              0.497     5.234    
    SLICE_X42Y49         FDRE (Hold_GFF_SLICEL_C_D)
                                                      0.101     5.335    kr260_min_i/snn_qp_v06_1/inst/grp_p_anonymous_namespace_dispatch_command_fu_1083/grp_p_anonymous_namespace_solve_current_fu_550/upper_events_V_2_reg_1081_reg[53]
  -------------------------------------------------------------------
                         required time                         -5.335    
                         arrival time                           5.346    
  -------------------------------------------------------------------
                         slack                                  0.011    

Slack (MET) :             0.011ns  (arrival time - required time)
  Source:                 kr260_min_i/snn_qp_v06_1/inst/grp_p_anonymous_namespace_dispatch_command_fu_1083/grp_p_anonymous_namespace_solve_current_fu_550/i0_reg_853_reg[17]/C
                            (rising edge-triggered cell FDRE clocked by clk_out1_kr260_min_clk_wiz_0  {rise@0.000ns fall@2.500ns period=5.000ns})
  Destination:            kr260_min_i/snn_qp_v06_1/inst/grp_p_anonymous_namespace_dispatch_command_fu_1083/grp_p_anonymous_namespace_solve_current_fu_550/add_ln_reg_4519_reg[17]/D
                            (rising edge-triggered cell FDRE clocked by clk_out1_kr260_min_clk_wiz_0  {rise@0.000ns fall@2.500ns period=5.000ns})
  Path Group:             clk_out1_kr260_min_clk_wiz_0
  Path Type:              Hold (Min at Slow Process Corner)
  Requirement:            0.000ns  (clk_out1_kr260_min_clk_wiz_0 rise@0.000ns - clk_out1_kr260_min_clk_wiz_0 rise@0.000ns)
  Data Path Delay:        0.212ns  (logic 0.112ns (52.928%)  route 0.100ns (47.071%))
  Logic Levels:           0  
  Clock Path Skew:        0.099ns (DCD - SCD - CPR)
    Destination Clock Delay (DCD):    4.780ns
    Source Clock Delay      (SCD):    5.165ns
    Clock Pessimism Removal (CPR):    -0.484ns
  Clock Net Delay (Source):      2.002ns (routing 0.669ns, distribution 1.333ns)
  Clock Net Delay (Destination): 2.217ns (routing 0.724ns, distribution 1.493ns)

    Location             Delay type                Incr(ns)  Path(ns)    Netlist Resource(s)
  -------------------------------------------------------------------    -------------------
                         (clock clk_out1_kr260_min_clk_wiz_0 rise edge)
                                                      0.000     0.000 r  
    BUFG_PS_X0Y80        BUFG_PS                      0.000     0.000 r  kr260_min_i/PS_0/inst/buffer_pl_clk_0.PL_CLK_0_BUFG/O
                         net (fo=5670, routed)        2.078     2.078    kr260_min_i/clk_wiz/inst/clk_in1
    MMCM_X0Y0            MMCME4_ADV (Prop_MMCM_CLKIN1_CLKOUT0)
                                                      0.739     2.817 r  kr260_min_i/clk_wiz/inst/mmcme4_adv_inst/CLKOUT0
                         net (fo=1, routed)           0.307     3.124    kr260_min_i/clk_wiz/inst/clk_out1_kr260_min_clk_wiz_0
    BUFGCE_X0Y1          BUFGCE (Prop_BUFCE_BUFGCE_I_O)
                                                      0.039     3.163 r  kr260_min_i/clk_wiz/inst/clkout1_buf/O
    X1Y1 (CLOCK_ROOT)    net (fo=62375, routed)       2.002     5.165    kr260_min_i/snn_qp_v06_1/inst/grp_p_anonymous_namespace_dispatch_command_fu_1083/grp_p_anonymous_namespace_solve_current_fu_550/ap_clk
    SLICE_X47Y160        FDRE                                         r  kr260_min_i/snn_qp_v06_1/inst/grp_p_anonymous_namespace_dispatch_command_fu_1083/grp_p_anonymous_namespace_solve_current_fu_550/i0_reg_853_reg[17]/C
  -------------------------------------------------------------------    -------------------
    SLICE_X47Y160        FDRE (Prop_AFF_SLICEL_C_Q)
                                                      0.112     5.277 r  kr260_min_i/snn_qp_v06_1/inst/grp_p_anonymous_namespace_dispatch_command_fu_1083/grp_p_anonymous_namespace_solve_current_fu_550/i0_reg_853_reg[17]/Q
                         net (fo=6, routed)           0.100     5.377    kr260_min_i/snn_qp_v06_1/inst/grp_p_anonymous_namespace_dispatch_command_fu_1083/grp_p_anonymous_namespace_solve_current_fu_550/add_ln_fu_2237_p3[17]
    SLICE_X48Y160        FDRE                                         r  kr260_min_i/snn_qp_v06_1/inst/grp_p_anonymous_namespace_dispatch_command_fu_1083/grp_p_anonymous_namespace_solve_current_fu_550/add_ln_reg_4519_reg[17]/D
  -------------------------------------------------------------------    -------------------

                         (clock clk_out1_kr260_min_clk_wiz_0 rise edge)
                                                      0.000     0.000 r  
    BUFG_PS_X0Y80        BUFG_PS                      0.000     0.000 r  kr260_min_i/PS_0/inst/buffer_pl_clk_0.PL_CLK_0_BUFG/O
                         net (fo=5670, routed)        2.274     2.274    kr260_min_i/clk_wiz/inst/clk_in1
    MMCM_X0Y0            MMCME4_ADV (Prop_MMCM_CLKIN1_CLKOUT0)
                                                     -0.103     2.171 r  kr260_min_i/clk_wiz/inst/mmcme4_adv_inst/CLKOUT0
                         net (fo=1, routed)           0.348     2.519    kr260_min_i/clk_wiz/inst/clk_out1_kr260_min_clk_wiz_0
    BUFGCE_X0Y1          BUFGCE (Prop_BUFCE_BUFGCE_I_O)
                                                      0.044     2.563 r  kr260_min_i/clk_wiz/inst/clkout1_buf/O
    X1Y1 (CLOCK_ROOT)    net (fo=62375, routed)       2.217     4.780    kr260_min_i/snn_qp_v06_1/inst/grp_p_anonymous_namespace_dispatch_command_fu_1083/grp_p_anonymous_namespace_solve_current_fu_550/ap_clk
    SLICE_X48Y160        FDRE                                         r  kr260_min_i/snn_qp_v06_1/inst/grp_p_anonymous_namespace_dispatch_command_fu_1083/grp_p_anonymous_namespace_solve_current_fu_550/add_ln_reg_4519_reg[17]/C
                         clock pessimism              0.484     5.264    
    SLICE_X48Y160        FDRE (Hold_DFF2_SLICEL_C_D)
                                                      0.102     5.366    kr260_min_i/snn_qp_v06_1/inst/grp_p_anonymous_namespace_dispatch_command_fu_1083/grp_p_anonymous_namespace_solve_current_fu_550/add_ln_reg_4519_reg[17]
  -------------------------------------------------------------------
                         required time                         -5.366    
                         arrival time                           5.377    
  -------------------------------------------------------------------
                         slack                                  0.011    

Slack (MET) :             0.011ns  (arrival time - required time)
  Source:                 kr260_min_i/snn_qp_v06_1/inst/g2_m_axi_U/store_unit/tmp_len_reg[8]/C
                            (rising edge-triggered cell FDRE clocked by clk_out1_kr260_min_clk_wiz_0  {rise@0.000ns fall@2.500ns period=5.000ns})
  Destination:            kr260_min_i/snn_qp_v06_1/inst/g2_m_axi_U/bus_write/rs_wreq/data_p2_reg[72]/D
                            (rising edge-triggered cell FDRE clocked by clk_out1_kr260_min_clk_wiz_0  {rise@0.000ns fall@2.500ns period=5.000ns})
  Path Group:             clk_out1_kr260_min_clk_wiz_0
  Path Type:              Hold (Min at Slow Process Corner)
  Requirement:            0.000ns  (clk_out1_kr260_min_clk_wiz_0 rise@0.000ns - clk_out1_kr260_min_clk_wiz_0 rise@0.000ns)
  Data Path Delay:        0.234ns  (logic 0.112ns (47.863%)  route 0.122ns (52.137%))
  Logic Levels:           0  
  Clock Path Skew:        0.121ns (DCD - SCD - CPR)
    Destination Clock Delay (DCD):    4.813ns
    Source Clock Delay      (SCD):    5.188ns
    Clock Pessimism Removal (CPR):    -0.497ns
  Clock Net Delay (Source):      2.025ns (routing 0.669ns, distribution 1.356ns)
  Clock Net Delay (Destination): 2.250ns (routing 0.724ns, distribution 1.526ns)

    Location             Delay type                Incr(ns)  Path(ns)    Netlist Resource(s)
  -------------------------------------------------------------------    -------------------
                         (clock clk_out1_kr260_min_clk_wiz_0 rise edge)
                                                      0.000     0.000 r  
    BUFG_PS_X0Y80        BUFG_PS                      0.000     0.000 r  kr260_min_i/PS_0/inst/buffer_pl_clk_0.PL_CLK_0_BUFG/O
                         net (fo=5670, routed)        2.078     2.078    kr260_min_i/clk_wiz/inst/clk_in1
    MMCM_X0Y0            MMCME4_ADV (Prop_MMCM_CLKIN1_CLKOUT0)
                                                      0.739     2.817 r  kr260_min_i/clk_wiz/inst/mmcme4_adv_inst/CLKOUT0
                         net (fo=1, routed)           0.307     3.124    kr260_min_i/clk_wiz/inst/clk_out1_kr260_min_clk_wiz_0
    BUFGCE_X0Y1          BUFGCE (Prop_BUFCE_BUFGCE_I_O)
                                                      0.039     3.163 r  kr260_min_i/clk_wiz/inst/clkout1_buf/O
    X1Y1 (CLOCK_ROOT)    net (fo=62375, routed)       2.025     5.188    kr260_min_i/snn_qp_v06_1/inst/g2_m_axi_U/store_unit/ap_clk
    SLICE_X15Y4          FDRE                                         r  kr260_min_i/snn_qp_v06_1/inst/g2_m_axi_U/store_unit/tmp_len_reg[8]/C
  -------------------------------------------------------------------    -------------------
    SLICE_X15Y4          FDRE (Prop_DFF_SLICEL_C_Q)
                                                      0.112     5.300 r  kr260_min_i/snn_qp_v06_1/inst/g2_m_axi_U/store_unit/tmp_len_reg[8]/Q
                         net (fo=2, routed)           0.122     5.422    kr260_min_i/snn_qp_v06_1/inst/g2_m_axi_U/bus_write/rs_wreq/data_p2_reg[95]_0[60]
    SLICE_X14Y3          FDRE                                         r  kr260_min_i/snn_qp_v06_1/inst/g2_m_axi_U/bus_write/rs_wreq/data_p2_reg[72]/D
  -------------------------------------------------------------------    -------------------

                         (clock clk_out1_kr260_min_clk_wiz_0 rise edge)
                                                      0.000     0.000 r  
    BUFG_PS_X0Y80        BUFG_PS                      0.000     0.000 r  kr260_min_i/PS_0/inst/buffer_pl_clk_0.PL_CLK_0_BUFG/O
                         net (fo=5670, routed)        2.274     2.274    kr260_min_i/clk_wiz/inst/clk_in1
    MMCM_X0Y0            MMCME4_ADV (Prop_MMCM_CLKIN1_CLKOUT0)
                                                     -0.103     2.171 r  kr260_min_i/clk_wiz/inst/mmcme4_adv_inst/CLKOUT0
                         net (fo=1, routed)           0.348     2.519    kr260_min_i/clk_wiz/inst/clk_out1_kr260_min_clk_wiz_0
    BUFGCE_X0Y1          BUFGCE (Prop_BUFCE_BUFGCE_I_O)
                                                      0.044     2.563 r  kr260_min_i/clk_wiz/inst/clkout1_buf/O
    X1Y1 (CLOCK_ROOT)    net (fo=62375, routed)       2.250     4.813    kr260_min_i/snn_qp_v06_1/inst/g2_m_axi_U/bus_write/rs_wreq/ap_clk
    SLICE_X14Y3          FDRE                                         r  kr260_min_i/snn_qp_v06_1/inst/g2_m_axi_U/bus_write/rs_wreq/data_p2_reg[72]/C
                         clock pessimism              0.497     5.310    
    SLICE_X14Y3          FDRE (Hold_DFF2_SLICEL_C_D)
                                                      0.102     5.412    kr260_min_i/snn_qp_v06_1/inst/g2_m_axi_U/bus_write/rs_wreq/data_p2_reg[72]
  -------------------------------------------------------------------
                         required time                         -5.412    
                         arrival time                           5.422    
  -------------------------------------------------------------------
                         slack                                  0.011    

Slack (MET) :             0.011ns  (arrival time - required time)
  Source:                 kr260_min_i/axi_ic_PS_0_S_AXI_HPC0_FPD/s00_couplers/auto_cc/inst/gen_clock_conv.gen_async_conv.asyncfifo_axi/inst_fifo_gen/gaxi_full_lite.gread_ch.grdch2.axi_rdch/grf.rf/gntv_or_sync_fifo.mem/gdm.dm_gen.dm/gpr1.dout_i_reg[513]/C
                            (rising edge-triggered cell FDRE clocked by clk_out1_kr260_min_clk_wiz_0  {rise@0.000ns fall@2.500ns period=5.000ns})
  Destination:            kr260_min_i/axi_ic_PS_0_S_AXI_HPC0_FPD/s00_couplers/auto_cc/inst/gen_clock_conv.gen_async_conv.asyncfifo_axi/inst_fifo_gen/gaxi_full_lite.gread_ch.grdch2.axi_rdch/grf.rf/gntv_or_sync_fifo.mem/goreg_dm.dout_i_reg[513]/D
                            (rising edge-triggered cell FDRE clocked by clk_out1_kr260_min_clk_wiz_0  {rise@0.000ns fall@2.500ns period=5.000ns})
  Path Group:             clk_out1_kr260_min_clk_wiz_0
  Path Type:              Hold (Min at Slow Process Corner)
  Requirement:            0.000ns  (clk_out1_kr260_min_clk_wiz_0 rise@0.000ns - clk_out1_kr260_min_clk_wiz_0 rise@0.000ns)
  Data Path Delay:        0.222ns  (logic 0.112ns (50.450%)  route 0.110ns (49.550%))
  Logic Levels:           0  
  Clock Path Skew:        0.109ns (DCD - SCD - CPR)
    Destination Clock Delay (DCD):    4.856ns
    Source Clock Delay      (SCD):    5.234ns
    Clock Pessimism Removal (CPR):    -0.487ns
  Clock Net Delay (Source):      2.071ns (routing 0.669ns, distribution 1.402ns)
  Clock Net Delay (Destination): 2.293ns (routing 0.724ns, distribution 1.569ns)

    Location             Delay type                Incr(ns)  Path(ns)    Netlist Resource(s)
  -------------------------------------------------------------------    -------------------
                         (clock clk_out1_kr260_min_clk_wiz_0 rise edge)
                                                      0.000     0.000 r  
    BUFG_PS_X0Y80        BUFG_PS                      0.000     0.000 r  kr260_min_i/PS_0/inst/buffer_pl_clk_0.PL_CLK_0_BUFG/O
                         net (fo=5670, routed)        2.078     2.078    kr260_min_i/clk_wiz/inst/clk_in1
    MMCM_X0Y0            MMCME4_ADV (Prop_MMCM_CLKIN1_CLKOUT0)
                                                      0.739     2.817 r  kr260_min_i/clk_wiz/inst/mmcme4_adv_inst/CLKOUT0
                         net (fo=1, routed)           0.307     3.124    kr260_min_i/clk_wiz/inst/clk_out1_kr260_min_clk_wiz_0
    BUFGCE_X0Y1          BUFGCE (Prop_BUFCE_BUFGCE_I_O)
                                                      0.039     3.163 r  kr260_min_i/clk_wiz/inst/clkout1_buf/O
    X1Y1 (CLOCK_ROOT)    net (fo=62375, routed)       2.071     5.234    kr260_min_i/axi_ic_PS_0_S_AXI_HPC0_FPD/s00_couplers/auto_cc/inst/gen_clock_conv.gen_async_conv.asyncfifo_axi/inst_fifo_gen/gaxi_full_lite.gread_ch.grdch2.axi_rdch/grf.rf/gntv_or_sync_fifo.mem/gdm.dm_gen.dm/s_aclk
    SLICE_X9Y138         FDRE                                         r  kr260_min_i/axi_ic_PS_0_S_AXI_HPC0_FPD/s00_couplers/auto_cc/inst/gen_clock_conv.gen_async_conv.asyncfifo_axi/inst_fifo_gen/gaxi_full_lite.gread_ch.grdch2.axi_rdch/grf.rf/gntv_or_sync_fifo.mem/gdm.dm_gen.dm/gpr1.dout_i_reg[513]/C
  -------------------------------------------------------------------    -------------------
    SLICE_X9Y138         FDRE (Prop_GFF_SLICEL_C_Q)
                                                      0.112     5.346 r  kr260_min_i/axi_ic_PS_0_S_AXI_HPC0_FPD/s00_couplers/auto_cc/inst/gen_clock_conv.gen_async_conv.asyncfifo_axi/inst_fifo_gen/gaxi_full_lite.gread_ch.grdch2.axi_rdch/grf.rf/gntv_or_sync_fifo.mem/gdm.dm_gen.dm/gpr1.dout_i_reg[513]/Q
                         net (fo=1, routed)           0.110     5.456    kr260_min_i/axi_ic_PS_0_S_AXI_HPC0_FPD/s00_couplers/auto_cc/inst/gen_clock_conv.gen_async_conv.asyncfifo_axi/inst_fifo_gen/gaxi_full_lite.gread_ch.grdch2.axi_rdch/grf.rf/gntv_or_sync_fifo.mem/gdm.dm_gen.dm_n_1
    SLICE_X10Y138        FDRE                                         r  kr260_min_i/axi_ic_PS_0_S_AXI_HPC0_FPD/s00_couplers/auto_cc/inst/gen_clock_conv.gen_async_conv.asyncfifo_axi/inst_fifo_gen/gaxi_full_lite.gread_ch.grdch2.axi_rdch/grf.rf/gntv_or_sync_fifo.mem/goreg_dm.dout_i_reg[513]/D
  -------------------------------------------------------------------    -------------------

                         (clock clk_out1_kr260_min_clk_wiz_0 rise edge)
                                                      0.000     0.000 r  
    BUFG_PS_X0Y80        BUFG_PS                      0.000     0.000 r  kr260_min_i/PS_0/inst/buffer_pl_clk_0.PL_CLK_0_BUFG/O
                         net (fo=5670, routed)        2.274     2.274    kr260_min_i/clk_wiz/inst/clk_in1
    MMCM_X0Y0            MMCME4_ADV (Prop_MMCM_CLKIN1_CLKOUT0)
                                                     -0.103     2.171 r  kr260_min_i/clk_wiz/inst/mmcme4_adv_inst/CLKOUT0
                         net (fo=1, routed)           0.348     2.519    kr260_min_i/clk_wiz/inst/clk_out1_kr260_min_clk_wiz_0
    BUFGCE_X0Y1          BUFGCE (Prop_BUFCE_BUFGCE_I_O)
                                                      0.044     2.563 r  kr260_min_i/clk_wiz/inst/clkout1_buf/O
    X1Y1 (CLOCK_ROOT)    net (fo=62375, routed)       2.293     4.856    kr260_min_i/axi_ic_PS_0_S_AXI_HPC0_FPD/s00_couplers/auto_cc/inst/gen_clock_conv.gen_async_conv.asyncfifo_axi/inst_fifo_gen/gaxi_full_lite.gread_ch.grdch2.axi_rdch/grf.rf/gntv_or_sync_fifo.mem/s_aclk
    SLICE_X10Y138        FDRE                                         r  kr260_min_i/axi_ic_PS_0_S_AXI_HPC0_FPD/s00_couplers/auto_cc/inst/gen_clock_conv.gen_async_conv.asyncfifo_axi/inst_fifo_gen/gaxi_full_lite.gread_ch.grdch2.axi_rdch/grf.rf/gntv_or_sync_fifo.mem/goreg_dm.dout_i_reg[513]/C
                         clock pessimism              0.487     5.343    
    SLICE_X10Y138        FDRE (Hold_DFF2_SLICEM_C_D)
                                                      0.102     5.445    kr260_min_i/axi_ic_PS_0_S_AXI_HPC0_FPD/s00_couplers/auto_cc/inst/gen_clock_conv.gen_async_conv.asyncfifo_axi/inst_fifo_gen/gaxi_full_lite.gread_ch.grdch2.axi_rdch/grf.rf/gntv_or_sync_fifo.mem/goreg_dm.dout_i_reg[513]
  -------------------------------------------------------------------
                         required time                         -5.445    
                         arrival time                           5.456    
  -------------------------------------------------------------------
                         slack                                  0.011    

Slack (MET) :             0.012ns  (arrival time - required time)
  Source:                 kr260_min_i/snn_qp_v06_1/inst/grp_p_anonymous_namespace_dispatch_command_fu_1083/grp_p_anonymous_namespace_solve_current_fu_550/grp_p_anonymous_namespace_residual_matvec_fu_1311/grp_p_anonymous_namespace_load_line_buffer_fu_280/grp_p_anonymous_namespace_load_line_buffer_Pipeline_load_line_words_fu_126/ap_phi_reg_pp0_iter8_storemerge11_reg_490_reg[23]/C
                            (rising edge-triggered cell FDRE clocked by clk_out1_kr260_min_clk_wiz_0  {rise@0.000ns fall@2.500ns period=5.000ns})
  Destination:            kr260_min_i/snn_qp_v06_1/inst/grp_p_anonymous_namespace_dispatch_command_fu_1083/grp_p_anonymous_namespace_solve_current_fu_550/grp_p_anonymous_namespace_residual_matvec_fu_1311/grp_p_anonymous_namespace_load_line_buffer_fu_280/grp_p_anonymous_namespace_load_line_buffer_Pipeline_load_line_words_fu_126/ap_phi_reg_pp0_iter9_storemerge11_reg_490_reg[23]/D
                            (rising edge-triggered cell FDRE clocked by clk_out1_kr260_min_clk_wiz_0  {rise@0.000ns fall@2.500ns period=5.000ns})
  Path Group:             clk_out1_kr260_min_clk_wiz_0
  Path Type:              Hold (Min at Slow Process Corner)
  Requirement:            0.000ns  (clk_out1_kr260_min_clk_wiz_0 rise@0.000ns - clk_out1_kr260_min_clk_wiz_0 rise@0.000ns)
  Data Path Delay:        0.246ns  (logic 0.112ns (45.528%)  route 0.134ns (54.472%))
  Logic Levels:           0  
  Clock Path Skew:        0.131ns (DCD - SCD - CPR)
    Destination Clock Delay (DCD):    4.858ns
    Source Clock Delay      (SCD):    5.211ns
    Clock Pessimism Removal (CPR):    -0.485ns
  Clock Net Delay (Source):      2.048ns (routing 0.669ns, distribution 1.379ns)
  Clock Net Delay (Destination): 2.295ns (routing 0.724ns, distribution 1.571ns)

    Location             Delay type                Incr(ns)  Path(ns)    Netlist Resource(s)
  -------------------------------------------------------------------    -------------------
                         (clock clk_out1_kr260_min_clk_wiz_0 rise edge)
                                                      0.000     0.000 r  
    BUFG_PS_X0Y80        BUFG_PS                      0.000     0.000 r  kr260_min_i/PS_0/inst/buffer_pl_clk_0.PL_CLK_0_BUFG/O
                         net (fo=5670, routed)        2.078     2.078    kr260_min_i/clk_wiz/inst/clk_in1
    MMCM_X0Y0            MMCME4_ADV (Prop_MMCM_CLKIN1_CLKOUT0)
                                                      0.739     2.817 r  kr260_min_i/clk_wiz/inst/mmcme4_adv_inst/CLKOUT0
                         net (fo=1, routed)           0.307     3.124    kr260_min_i/clk_wiz/inst/clk_out1_kr260_min_clk_wiz_0
    BUFGCE_X0Y1          BUFGCE (Prop_BUFCE_BUFGCE_I_O)
                                                      0.039     3.163 r  kr260_min_i/clk_wiz/inst/clkout1_buf/O
    X1Y1 (CLOCK_ROOT)    net (fo=62375, routed)       2.048     5.211    kr260_min_i/snn_qp_v06_1/inst/grp_p_anonymous_namespace_dispatch_command_fu_1083/grp_p_anonymous_namespace_solve_current_fu_550/grp_p_anonymous_namespace_residual_matvec_fu_1311/grp_p_anonymous_namespace_load_line_buffer_fu_280/grp_p_anonymous_namespace_load_line_buffer_Pipeline_load_line_words_fu_126/ap_clk
    SLICE_X54Y177        FDRE                                         r  kr260_min_i/snn_qp_v06_1/inst/grp_p_anonymous_namespace_dispatch_command_fu_1083/grp_p_anonymous_namespace_solve_current_fu_550/grp_p_anonymous_namespace_residual_matvec_fu_1311/grp_p_anonymous_namespace_load_line_buffer_fu_280/grp_p_anonymous_namespace_load_line_buffer_Pipeline_load_line_words_fu_126/ap_phi_reg_pp0_iter8_storemerge11_reg_490_reg[23]/C
  -------------------------------------------------------------------    -------------------
    SLICE_X54Y177        FDRE (Prop_AFF_SLICEM_C_Q)
                                                      0.112     5.323 r  kr260_min_i/snn_qp_v06_1/inst/grp_p_anonymous_namespace_dispatch_command_fu_1083/grp_p_anonymous_namespace_solve_current_fu_550/grp_p_anonymous_namespace_residual_matvec_fu_1311/grp_p_anonymous_namespace_load_line_buffer_fu_280/grp_p_anonymous_namespace_load_line_buffer_Pipeline_load_line_words_fu_126/ap_phi_reg_pp0_iter8_storemerge11_reg_490_reg[23]/Q
                         net (fo=1, routed)           0.134     5.457    kr260_min_i/snn_qp_v06_1/inst/grp_p_anonymous_namespace_dispatch_command_fu_1083/grp_p_anonymous_namespace_solve_current_fu_550/grp_p_anonymous_namespace_residual_matvec_fu_1311/grp_p_anonymous_namespace_load_line_buffer_fu_280/grp_p_anonymous_namespace_load_line_buffer_Pipeline_load_line_words_fu_126/ap_phi_reg_pp0_iter8_storemerge11_reg_490[23]
    SLICE_X56Y177        FDRE                                         r  kr260_min_i/snn_qp_v06_1/inst/grp_p_anonymous_namespace_dispatch_command_fu_1083/grp_p_anonymous_namespace_solve_current_fu_550/grp_p_anonymous_namespace_residual_matvec_fu_1311/grp_p_anonymous_namespace_load_line_buffer_fu_280/grp_p_anonymous_namespace_load_line_buffer_Pipeline_load_line_words_fu_126/ap_phi_reg_pp0_iter9_storemerge11_reg_490_reg[23]/D
  -------------------------------------------------------------------    -------------------

                         (clock clk_out1_kr260_min_clk_wiz_0 rise edge)
                                                      0.000     0.000 r  
    BUFG_PS_X0Y80        BUFG_PS                      0.000     0.000 r  kr260_min_i/PS_0/inst/buffer_pl_clk_0.PL_CLK_0_BUFG/O
                         net (fo=5670, routed)        2.274     2.274    kr260_min_i/clk_wiz/inst/clk_in1
    MMCM_X0Y0            MMCME4_ADV (Prop_MMCM_CLKIN1_CLKOUT0)
                                                     -0.103     2.171 r  kr260_min_i/clk_wiz/inst/mmcme4_adv_inst/CLKOUT0
                         net (fo=1, routed)           0.348     2.519    kr260_min_i/clk_wiz/inst/clk_out1_kr260_min_clk_wiz_0
    BUFGCE_X0Y1          BUFGCE (Prop_BUFCE_BUFGCE_I_O)
                                                      0.044     2.563 r  kr260_min_i/clk_wiz/inst/clkout1_buf/O
    X1Y1 (CLOCK_ROOT)    net (fo=62375, routed)       2.295     4.858    kr260_min_i/snn_qp_v06_1/inst/grp_p_anonymous_namespace_dispatch_command_fu_1083/grp_p_anonymous_namespace_solve_current_fu_550/grp_p_anonymous_namespace_residual_matvec_fu_1311/grp_p_anonymous_namespace_load_line_buffer_fu_280/grp_p_anonymous_namespace_load_line_buffer_Pipeline_load_line_words_fu_126/ap_clk
    SLICE_X56Y177        FDRE                                         r  kr260_min_i/snn_qp_v06_1/inst/grp_p_anonymous_namespace_dispatch_command_fu_1083/grp_p_anonymous_namespace_solve_current_fu_550/grp_p_anonymous_namespace_residual_matvec_fu_1311/grp_p_anonymous_namespace_load_line_buffer_fu_280/grp_p_anonymous_namespace_load_line_buffer_Pipeline_load_line_words_fu_126/ap_phi_reg_pp0_iter9_storemerge11_reg_490_reg[23]/C
                         clock pessimism              0.485     5.342    
    SLICE_X56Y177        FDRE (Hold_HFF2_SLICEL_C_D)
                                                      0.103     5.445    kr260_min_i/snn_qp_v06_1/inst/grp_p_anonymous_namespace_dispatch_command_fu_1083/grp_p_anonymous_namespace_solve_current_fu_550/grp_p_anonymous_namespace_residual_matvec_fu_1311/grp_p_anonymous_namespace_load_line_buffer_fu_280/grp_p_anonymous_namespace_load_line_buffer_Pipeline_load_line_words_fu_126/ap_phi_reg_pp0_iter9_storemerge11_reg_490_reg[23]
  -------------------------------------------------------------------
                         required time                         -5.445    
                         arrival time                           5.457    
  -------------------------------------------------------------------
                         slack                                  0.012    

Slack (MET) :             0.012ns  (arrival time - required time)
  Source:                 kr260_min_i/snn_qp_v06_1/inst/grp_p_anonymous_namespace_dispatch_command_fu_1083/grp_p_anonymous_namespace_solve_current_fu_550/grp_p_anonymous_namespace_load_line_buffer_fu_1118/grp_p_anonymous_namespace_load_line_buffer_Pipeline_load_line_words_fu_126/j0_2_reg_1471_pp0_iter9_reg_reg[6]/C
                            (rising edge-triggered cell FDRE clocked by clk_out1_kr260_min_clk_wiz_0  {rise@0.000ns fall@2.500ns period=5.000ns})
  Destination:            kr260_min_i/snn_qp_v06_1/inst/grp_p_anonymous_namespace_dispatch_command_fu_1083/grp_p_anonymous_namespace_solve_current_fu_550/grp_p_anonymous_namespace_load_line_buffer_fu_1118/grp_p_anonymous_namespace_load_line_buffer_Pipeline_load_line_words_fu_126/row_0_addr_1_reg_1665_reg[4]/D
                            (rising edge-triggered cell FDRE clocked by clk_out1_kr260_min_clk_wiz_0  {rise@0.000ns fall@2.500ns period=5.000ns})
  Path Group:             clk_out1_kr260_min_clk_wiz_0
  Path Type:              Hold (Min at Slow Process Corner)
  Requirement:            0.000ns  (clk_out1_kr260_min_clk_wiz_0 rise@0.000ns - clk_out1_kr260_min_clk_wiz_0 rise@0.000ns)
  Data Path Delay:        0.220ns  (logic 0.112ns (50.896%)  route 0.108ns (49.104%))
  Logic Levels:           0  
  Clock Path Skew:        0.105ns (DCD - SCD - CPR)
    Destination Clock Delay (DCD):    4.809ns
    Source Clock Delay      (SCD):    5.188ns
    Clock Pessimism Removal (CPR):    -0.484ns
  Clock Net Delay (Source):      2.025ns (routing 0.669ns, distribution 1.356ns)
  Clock Net Delay (Destination): 2.246ns (routing 0.724ns, distribution 1.522ns)

    Location             Delay type                Incr(ns)  Path(ns)    Netlist Resource(s)
  -------------------------------------------------------------------    -------------------
                         (clock clk_out1_kr260_min_clk_wiz_0 rise edge)
                                                      0.000     0.000 r  
    BUFG_PS_X0Y80        BUFG_PS                      0.000     0.000 r  kr260_min_i/PS_0/inst/buffer_pl_clk_0.PL_CLK_0_BUFG/O
                         net (fo=5670, routed)        2.078     2.078    kr260_min_i/clk_wiz/inst/clk_in1
    MMCM_X0Y0            MMCME4_ADV (Prop_MMCM_CLKIN1_CLKOUT0)
                                                      0.739     2.817 r  kr260_min_i/clk_wiz/inst/mmcme4_adv_inst/CLKOUT0
                         net (fo=1, routed)           0.307     3.124    kr260_min_i/clk_wiz/inst/clk_out1_kr260_min_clk_wiz_0
    BUFGCE_X0Y1          BUFGCE (Prop_BUFCE_BUFGCE_I_O)
                                                      0.039     3.163 r  kr260_min_i/clk_wiz/inst/clkout1_buf/O
    X1Y1 (CLOCK_ROOT)    net (fo=62375, routed)       2.025     5.188    kr260_min_i/snn_qp_v06_1/inst/grp_p_anonymous_namespace_dispatch_command_fu_1083/grp_p_anonymous_namespace_solve_current_fu_550/grp_p_anonymous_namespace_load_line_buffer_fu_1118/grp_p_anonymous_namespace_load_line_buffer_Pipeline_load_line_words_fu_126/ap_clk
    SLICE_X60Y153        FDRE                                         r  kr260_min_i/snn_qp_v06_1/inst/grp_p_anonymous_namespace_dispatch_command_fu_1083/grp_p_anonymous_namespace_solve_current_fu_550/grp_p_anonymous_namespace_load_line_buffer_fu_1118/grp_p_anonymous_namespace_load_line_buffer_Pipeline_load_line_words_fu_126/j0_2_reg_1471_pp0_iter9_reg_reg[6]/C
  -------------------------------------------------------------------    -------------------
    SLICE_X60Y153        FDRE (Prop_EFF_SLICEL_C_Q)
                                                      0.112     5.300 r  kr260_min_i/snn_qp_v06_1/inst/grp_p_anonymous_namespace_dispatch_command_fu_1083/grp_p_anonymous_namespace_solve_current_fu_550/grp_p_anonymous_namespace_load_line_buffer_fu_1118/grp_p_anonymous_namespace_load_line_buffer_Pipeline_load_line_words_fu_126/j0_2_reg_1471_pp0_iter9_reg_reg[6]/Q
                         net (fo=8, routed)           0.108     5.408    kr260_min_i/snn_qp_v06_1/inst/grp_p_anonymous_namespace_dispatch_command_fu_1083/grp_p_anonymous_namespace_solve_current_fu_550/grp_p_anonymous_namespace_load_line_buffer_fu_1118/grp_p_anonymous_namespace_load_line_buffer_Pipeline_load_line_words_fu_126/p_0_in[3]
    SLICE_X59Y153        FDRE                                         r  kr260_min_i/snn_qp_v06_1/inst/grp_p_anonymous_namespace_dispatch_command_fu_1083/grp_p_anonymous_namespace_solve_current_fu_550/grp_p_anonymous_namespace_load_line_buffer_fu_1118/grp_p_anonymous_namespace_load_line_buffer_Pipeline_load_line_words_fu_126/row_0_addr_1_reg_1665_reg[4]/D
  -------------------------------------------------------------------    -------------------

                         (clock clk_out1_kr260_min_clk_wiz_0 rise edge)
                                                      0.000     0.000 r  
    BUFG_PS_X0Y80        BUFG_PS                      0.000     0.000 r  kr260_min_i/PS_0/inst/buffer_pl_clk_0.PL_CLK_0_BUFG/O
                         net (fo=5670, routed)        2.274     2.274    kr260_min_i/clk_wiz/inst/clk_in1
    MMCM_X0Y0            MMCME4_ADV (Prop_MMCM_CLKIN1_CLKOUT0)
                                                     -0.103     2.171 r  kr260_min_i/clk_wiz/inst/mmcme4_adv_inst/CLKOUT0
                         net (fo=1, routed)           0.348     2.519    kr260_min_i/clk_wiz/inst/clk_out1_kr260_min_clk_wiz_0
    BUFGCE_X0Y1          BUFGCE (Prop_BUFCE_BUFGCE_I_O)
                                                      0.044     2.563 r  kr260_min_i/clk_wiz/inst/clkout1_buf/O
    X1Y1 (CLOCK_ROOT)    net (fo=62375, routed)       2.246     4.809    kr260_min_i/snn_qp_v06_1/inst/grp_p_anonymous_namespace_dispatch_command_fu_1083/grp_p_anonymous_namespace_solve_current_fu_550/grp_p_anonymous_namespace_load_line_buffer_fu_1118/grp_p_anonymous_namespace_load_line_buffer_Pipeline_load_line_words_fu_126/ap_clk
    SLICE_X59Y153        FDRE                                         r  kr260_min_i/snn_qp_v06_1/inst/grp_p_anonymous_namespace_dispatch_command_fu_1083/grp_p_anonymous_namespace_solve_current_fu_550/grp_p_anonymous_namespace_load_line_buffer_fu_1118/grp_p_anonymous_namespace_load_line_buffer_Pipeline_load_line_words_fu_126/row_0_addr_1_reg_1665_reg[4]/C
                         clock pessimism              0.484     5.293    
    SLICE_X59Y153        FDRE (Hold_HFF2_SLICEL_C_D)
                                                      0.103     5.396    kr260_min_i/snn_qp_v06_1/inst/grp_p_anonymous_namespace_dispatch_command_fu_1083/grp_p_anonymous_namespace_solve_current_fu_550/grp_p_anonymous_namespace_load_line_buffer_fu_1118/grp_p_anonymous_namespace_load_line_buffer_Pipeline_load_line_words_fu_126/row_0_addr_1_reg_1665_reg[4]
  -------------------------------------------------------------------
                         required time                         -5.396    
                         arrival time                           5.408    
  -------------------------------------------------------------------
                         slack                                  0.012    





Pulse Width Checks
--------------------------------------------------------------------------------------
Clock Name:         clk_out1_kr260_min_clk_wiz_0
Waveform(ns):       { 0.000 2.500 }
Period(ns):         5.000
Sources:            { kr260_min_i/clk_wiz/inst/mmcme4_adv_inst/CLKOUT0 }

Check Type        Corner  Lib Pin      Reference Pin  Required(ns)  Actual(ns)  Slack(ns)  Location       Pin
Min Period        n/a     URAM288/CLK  n/a            2.471         5.000       2.529      URAM288_X0Y9   kr260_min_i/snn_qp_v06_1/inst/grp_p_anonymous_namespace_dispatch_command_fu_1083/p_anonymous_namespace_resident_matrix_V_U/ram_reg_uram_10/CLK
Min Period        n/a     URAM288/CLK  n/a            2.471         5.000       2.529      URAM288_X0Y28  kr260_min_i/snn_qp_v06_1/inst/grp_p_anonymous_namespace_dispatch_command_fu_1083/p_anonymous_namespace_resident_matrix_V_U/ram_reg_uram_11/CLK
Min Period        n/a     URAM288/CLK  n/a            2.471         5.000       2.529      URAM288_X0Y36  kr260_min_i/snn_qp_v06_1/inst/grp_p_anonymous_namespace_dispatch_command_fu_1083/p_anonymous_namespace_resident_matrix_V_U/ram_reg_uram_12/CLK
Min Period        n/a     URAM288/CLK  n/a            2.471         5.000       2.529      URAM288_X0Y40  kr260_min_i/snn_qp_v06_1/inst/grp_p_anonymous_namespace_dispatch_command_fu_1083/p_anonymous_namespace_resident_matrix_V_U/ram_reg_uram_13/CLK
Min Period        n/a     URAM288/CLK  n/a            2.471         5.000       2.529      URAM288_X0Y37  kr260_min_i/snn_qp_v06_1/inst/grp_p_anonymous_namespace_dispatch_command_fu_1083/p_anonymous_namespace_resident_matrix_V_U/ram_reg_uram_14/CLK
Min Period        n/a     URAM288/CLK  n/a            2.471         5.000       2.529      URAM288_X0Y12  kr260_min_i/snn_qp_v06_1/inst/grp_p_anonymous_namespace_dispatch_command_fu_1083/p_anonymous_namespace_resident_matrix_V_U/ram_reg_uram_15/CLK
Min Period        n/a     URAM288/CLK  n/a            2.471         5.000       2.529      URAM288_X0Y17  kr260_min_i/snn_qp_v06_1/inst/grp_p_anonymous_namespace_dispatch_command_fu_1083/p_anonymous_namespace_resident_matrix_V_U/ram_reg_uram_16/CLK
Min Period        n/a     URAM288/CLK  n/a            2.471         5.000       2.529      URAM288_X0Y29  kr260_min_i/snn_qp_v06_1/inst/grp_p_anonymous_namespace_dispatch_command_fu_1083/p_anonymous_namespace_resident_matrix_V_U/ram_reg_uram_17/CLK
Min Period        n/a     URAM288/CLK  n/a            2.471         5.000       2.529      URAM288_X0Y38  kr260_min_i/snn_qp_v06_1/inst/grp_p_anonymous_namespace_dispatch_command_fu_1083/p_anonymous_namespace_resident_matrix_V_U/ram_reg_uram_22/CLK
Min Period        n/a     URAM288/CLK  n/a            2.471         5.000       2.529      URAM288_X0Y33  kr260_min_i/snn_qp_v06_1/inst/grp_p_anonymous_namespace_dispatch_command_fu_1083/p_anonymous_namespace_resident_matrix_V_U/ram_reg_uram_23/CLK
Low Pulse Width   Slow    URAM288/CLK  n/a            0.800         2.500       1.700      URAM288_X0Y9   kr260_min_i/snn_qp_v06_1/inst/grp_p_anonymous_namespace_dispatch_command_fu_1083/p_anonymous_namespace_resident_matrix_V_U/ram_reg_uram_10/CLK
Low Pulse Width   Fast    URAM288/CLK  n/a            0.800         2.500       1.700      URAM288_X0Y9   kr260_min_i/snn_qp_v06_1/inst/grp_p_anonymous_namespace_dispatch_command_fu_1083/p_anonymous_namespace_resident_matrix_V_U/ram_reg_uram_10/CLK
Low Pulse Width   Slow    URAM288/CLK  n/a            0.800         2.500       1.700      URAM288_X0Y28  kr260_min_i/snn_qp_v06_1/inst/grp_p_anonymous_namespace_dispatch_command_fu_1083/p_anonymous_namespace_resident_matrix_V_U/ram_reg_uram_11/CLK
Low Pulse Width   Fast    URAM288/CLK  n/a            0.800         2.500       1.700      URAM288_X0Y28  kr260_min_i/snn_qp_v06_1/inst/grp_p_anonymous_namespace_dispatch_command_fu_1083/p_anonymous_namespace_resident_matrix_V_U/ram_reg_uram_11/CLK
Low Pulse Width   Slow    URAM288/CLK  n/a            0.800         2.500       1.700      URAM288_X0Y36  kr260_min_i/snn_qp_v06_1/inst/grp_p_anonymous_namespace_dispatch_command_fu_1083/p_anonymous_namespace_resident_matrix_V_U/ram_reg_uram_12/CLK
Low Pulse Width   Fast    URAM288/CLK  n/a            0.800         2.500       1.700      URAM288_X0Y36  kr260_min_i/snn_qp_v06_1/inst/grp_p_anonymous_namespace_dispatch_command_fu_1083/p_anonymous_namespace_resident_matrix_V_U/ram_reg_uram_12/CLK
Low Pulse Width   Slow    URAM288/CLK  n/a            0.800         2.500       1.700      URAM288_X0Y40  kr260_min_i/snn_qp_v06_1/inst/grp_p_anonymous_namespace_dispatch_command_fu_1083/p_anonymous_namespace_resident_matrix_V_U/ram_reg_uram_13/CLK
Low Pulse Width   Fast    URAM288/CLK  n/a            0.800         2.500       1.700      URAM288_X0Y40  kr260_min_i/snn_qp_v06_1/inst/grp_p_anonymous_namespace_dispatch_command_fu_1083/p_anonymous_namespace_resident_matrix_V_U/ram_reg_uram_13/CLK
Low Pulse Width   Slow    URAM288/CLK  n/a            0.800         2.500       1.700      URAM288_X0Y37  kr260_min_i/snn_qp_v06_1/inst/grp_p_anonymous_namespace_dispatch_command_fu_1083/p_anonymous_namespace_resident_matrix_V_U/ram_reg_uram_14/CLK
Low Pulse Width   Fast    URAM288/CLK  n/a            0.800         2.500       1.700      URAM288_X0Y37  kr260_min_i/snn_qp_v06_1/inst/grp_p_anonymous_namespace_dispatch_command_fu_1083/p_anonymous_namespace_resident_matrix_V_U/ram_reg_uram_14/CLK
High Pulse Width  Slow    URAM288/CLK  n/a            0.800         2.500       1.700      URAM288_X0Y9   kr260_min_i/snn_qp_v06_1/inst/grp_p_anonymous_namespace_dispatch_command_fu_1083/p_anonymous_namespace_resident_matrix_V_U/ram_reg_uram_10/CLK
High Pulse Width  Fast    URAM288/CLK  n/a            0.800         2.500       1.700      URAM288_X0Y9   kr260_min_i/snn_qp_v06_1/inst/grp_p_anonymous_namespace_dispatch_command_fu_1083/p_anonymous_namespace_resident_matrix_V_U/ram_reg_uram_10/CLK
High Pulse Width  Slow    URAM288/CLK  n/a            0.800         2.500       1.700      URAM288_X0Y28  kr260_min_i/snn_qp_v06_1/inst/grp_p_anonymous_namespace_dispatch_command_fu_1083/p_anonymous_namespace_resident_matrix_V_U/ram_reg_uram_11/CLK
High Pulse Width  Fast    URAM288/CLK  n/a            0.800         2.500       1.700      URAM288_X0Y28  kr260_min_i/snn_qp_v06_1/inst/grp_p_anonymous_namespace_dispatch_command_fu_1083/p_anonymous_namespace_resident_matrix_V_U/ram_reg_uram_11/CLK
High Pulse Width  Slow    URAM288/CLK  n/a            0.800         2.500       1.700      URAM288_X0Y36  kr260_min_i/snn_qp_v06_1/inst/grp_p_anonymous_namespace_dispatch_command_fu_1083/p_anonymous_namespace_resident_matrix_V_U/ram_reg_uram_12/CLK
High Pulse Width  Fast    URAM288/CLK  n/a            0.800         2.500       1.700      URAM288_X0Y36  kr260_min_i/snn_qp_v06_1/inst/grp_p_anonymous_namespace_dispatch_command_fu_1083/p_anonymous_namespace_resident_matrix_V_U/ram_reg_uram_12/CLK
High Pulse Width  Slow    URAM288/CLK  n/a            0.800         2.500       1.700      URAM288_X0Y40  kr260_min_i/snn_qp_v06_1/inst/grp_p_anonymous_namespace_dispatch_command_fu_1083/p_anonymous_namespace_resident_matrix_V_U/ram_reg_uram_13/CLK
High Pulse Width  Fast    URAM288/CLK  n/a            0.800         2.500       1.700      URAM288_X0Y40  kr260_min_i/snn_qp_v06_1/inst/grp_p_anonymous_namespace_dispatch_command_fu_1083/p_anonymous_namespace_resident_matrix_V_U/ram_reg_uram_13/CLK
High Pulse Width  Slow    URAM288/CLK  n/a            0.800         2.500       1.700      URAM288_X0Y37  kr260_min_i/snn_qp_v06_1/inst/grp_p_anonymous_namespace_dispatch_command_fu_1083/p_anonymous_namespace_resident_matrix_V_U/ram_reg_uram_14/CLK
High Pulse Width  Fast    URAM288/CLK  n/a            0.800         2.500       1.700      URAM288_X0Y37  kr260_min_i/snn_qp_v06_1/inst/grp_p_anonymous_namespace_dispatch_command_fu_1083/p_anonymous_namespace_resident_matrix_V_U/ram_reg_uram_14/CLK



---------------------------------------------------------------------------------------------------
From Clock:  clk_out1_kr260_min_clk_wiz_0
  To Clock:  clk_pl_0

Setup :            0  Failing Endpoints,  Worst Slack        4.084ns,  Total Violation        0.000ns
Hold  :           NA  Failing Endpoints,  Worst Slack           NA  ,  Total Violation           NA
---------------------------------------------------------------------------------------------------


Max Delay Paths
--------------------------------------------------------------------------------------
Slack (MET) :             4.084ns  (required time - arrival time)
  Source:                 kr260_min_i/axi_ic_PS_0_S_AXI_HPC0_FPD/s00_couplers/auto_cc/inst/gen_clock_conv.gen_async_conv.asyncfifo_axi/inst_fifo_gen/gaxi_full_lite.gwrite_ch.gwdch2.axi_wdch/grf.rf/gntv_or_sync_fifo.gcx.clkx/wr_pntr_cdc_inst/src_gray_ff_reg[0]/C
                            (rising edge-triggered cell FDRE clocked by clk_out1_kr260_min_clk_wiz_0  {rise@0.000ns fall@2.500ns period=5.000ns})
  Destination:            kr260_min_i/axi_ic_PS_0_S_AXI_HPC0_FPD/s00_couplers/auto_cc/inst/gen_clock_conv.gen_async_conv.asyncfifo_axi/inst_fifo_gen/gaxi_full_lite.gwrite_ch.gwdch2.axi_wdch/grf.rf/gntv_or_sync_fifo.gcx.clkx/wr_pntr_cdc_inst/dest_graysync_ff_reg[0][0]/D
                            (rising edge-triggered cell FDRE clocked by clk_pl_0  {rise@0.000ns fall@2.000ns period=4.000ns})
  Path Group:             clk_pl_0
  Path Type:              Setup (Max at Slow Process Corner)
  Requirement:            5.000ns  (MaxDelay Path 5.000ns)
  Data Path Delay:        0.961ns  (logic 0.114ns (11.863%)  route 0.847ns (88.137%))
  Logic Levels:           0  
  Timing Exception:       MaxDelay Path 5.000ns -datapath_only

    Location             Delay type                Incr(ns)  Path(ns)    Netlist Resource(s)
  -------------------------------------------------------------------    -------------------
    SLICE_X8Y35                                       0.000     0.000 r  kr260_min_i/axi_ic_PS_0_S_AXI_HPC0_FPD/s00_couplers/auto_cc/inst/gen_clock_conv.gen_async_conv.asyncfifo_axi/inst_fifo_gen/gaxi_full_lite.gwrite_ch.gwdch2.axi_wdch/grf.rf/gntv_or_sync_fifo.gcx.clkx/wr_pntr_cdc_inst/src_gray_ff_reg[0]/C
    SLICE_X8Y35          FDRE (Prop_HFF_SLICEM_C_Q)
                                                      0.114     0.114 r  kr260_min_i/axi_ic_PS_0_S_AXI_HPC0_FPD/s00_couplers/auto_cc/inst/gen_clock_conv.gen_async_conv.asyncfifo_axi/inst_fifo_gen/gaxi_full_lite.gwrite_ch.gwdch2.axi_wdch/grf.rf/gntv_or_sync_fifo.gcx.clkx/wr_pntr_cdc_inst/src_gray_ff_reg[0]/Q
                         net (fo=1, routed)           0.847     0.961    kr260_min_i/axi_ic_PS_0_S_AXI_HPC0_FPD/s00_couplers/auto_cc/inst/gen_clock_conv.gen_async_conv.asyncfifo_axi/inst_fifo_gen/gaxi_full_lite.gwrite_ch.gwdch2.axi_wdch/grf.rf/gntv_or_sync_fifo.gcx.clkx/wr_pntr_cdc_inst/async_path[0]
    SLICE_X8Y39          FDRE                                         r  kr260_min_i/axi_ic_PS_0_S_AXI_HPC0_FPD/s00_couplers/auto_cc/inst/gen_clock_conv.gen_async_conv.asyncfifo_axi/inst_fifo_gen/gaxi_full_lite.gwrite_ch.gwdch2.axi_wdch/grf.rf/gntv_or_sync_fifo.gcx.clkx/wr_pntr_cdc_inst/dest_graysync_ff_reg[0][0]/D
  -------------------------------------------------------------------    -------------------

                         max delay                    5.000     5.000    
    SLICE_X8Y39          FDRE (Setup_DFF2_SLICEM_C_D)
                                                      0.045     5.045    kr260_min_i/axi_ic_PS_0_S_AXI_HPC0_FPD/s00_couplers/auto_cc/inst/gen_clock_conv.gen_async_conv.asyncfifo_axi/inst_fifo_gen/gaxi_full_lite.gwrite_ch.gwdch2.axi_wdch/grf.rf/gntv_or_sync_fifo.gcx.clkx/wr_pntr_cdc_inst/dest_graysync_ff_reg[0][0]
  -------------------------------------------------------------------
                         required time                          5.045    
                         arrival time                          -0.961    
  -------------------------------------------------------------------
                         slack                                  4.084    

Slack (MET) :             4.372ns  (required time - arrival time)
  Source:                 kr260_min_i/axi_ic_PS_0_M_AXI_HPM0_FPD/s00_couplers/auto_cc/inst/gen_clock_conv.gen_async_conv.asyncfifo_axi/inst_fifo_gen/gaxi_full_lite.gwrite_ch.gwdch2.axi_wdch/grf.rf/gntv_or_sync_fifo.gcx.clkx/rd_pntr_cdc_inst/src_gray_ff_reg[0]/C
                            (rising edge-triggered cell FDRE clocked by clk_out1_kr260_min_clk_wiz_0  {rise@0.000ns fall@2.500ns period=5.000ns})
  Destination:            kr260_min_i/axi_ic_PS_0_M_AXI_HPM0_FPD/s00_couplers/auto_cc/inst/gen_clock_conv.gen_async_conv.asyncfifo_axi/inst_fifo_gen/gaxi_full_lite.gwrite_ch.gwdch2.axi_wdch/grf.rf/gntv_or_sync_fifo.gcx.clkx/rd_pntr_cdc_inst/dest_graysync_ff_reg[0][0]/D
                            (rising edge-triggered cell FDRE clocked by clk_pl_0  {rise@0.000ns fall@2.000ns period=4.000ns})
  Path Group:             clk_pl_0
  Path Type:              Setup (Max at Slow Process Corner)
  Requirement:            5.000ns  (MaxDelay Path 5.000ns)
  Data Path Delay:        0.674ns  (logic 0.116ns (17.211%)  route 0.558ns (82.789%))
  Logic Levels:           0  
  Timing Exception:       MaxDelay Path 5.000ns -datapath_only

    Location             Delay type                Incr(ns)  Path(ns)    Netlist Resource(s)
  -------------------------------------------------------------------    -------------------
    SLICE_X4Y96                                       0.000     0.000 r  kr260_min_i/axi_ic_PS_0_M_AXI_HPM0_FPD/s00_couplers/auto_cc/inst/gen_clock_conv.gen_async_conv.asyncfifo_axi/inst_fifo_gen/gaxi_full_lite.gwrite_ch.gwdch2.axi_wdch/grf.rf/gntv_or_sync_fifo.gcx.clkx/rd_pntr_cdc_inst/src_gray_ff_reg[0]/C
    SLICE_X4Y96          FDRE (Prop_DFF_SLICEM_C_Q)
                                                      0.116     0.116 r  kr260_min_i/axi_ic_PS_0_M_AXI_HPM0_FPD/s00_couplers/auto_cc/inst/gen_clock_conv.gen_async_conv.asyncfifo_axi/inst_fifo_gen/gaxi_full_lite.gwrite_ch.gwdch2.axi_wdch/grf.rf/gntv_or_sync_fifo.gcx.clkx/rd_pntr_cdc_inst/src_gray_ff_reg[0]/Q
                         net (fo=1, routed)           0.558     0.674    kr260_min_i/axi_ic_PS_0_M_AXI_HPM0_FPD/s00_couplers/auto_cc/inst/gen_clock_conv.gen_async_conv.asyncfifo_axi/inst_fifo_gen/gaxi_full_lite.gwrite_ch.gwdch2.axi_wdch/grf.rf/gntv_or_sync_fifo.gcx.clkx/rd_pntr_cdc_inst/async_path[0]
    SLICE_X8Y100         FDRE                                         r  kr260_min_i/axi_ic_PS_0_M_AXI_HPM0_FPD/s00_couplers/auto_cc/inst/gen_clock_conv.gen_async_conv.asyncfifo_axi/inst_fifo_gen/gaxi_full_lite.gwrite_ch.gwdch2.axi_wdch/grf.rf/gntv_or_sync_fifo.gcx.clkx/rd_pntr_cdc_inst/dest_graysync_ff_reg[0][0]/D
  -------------------------------------------------------------------    -------------------

                         max delay                    5.000     5.000    
    SLICE_X8Y100         FDRE (Setup_HFF2_SLICEM_C_D)
                                                      0.046     5.046    kr260_min_i/axi_ic_PS_0_M_AXI_HPM0_FPD/s00_couplers/auto_cc/inst/gen_clock_conv.gen_async_conv.asyncfifo_axi/inst_fifo_gen/gaxi_full_lite.gwrite_ch.gwdch2.axi_wdch/grf.rf/gntv_or_sync_fifo.gcx.clkx/rd_pntr_cdc_inst/dest_graysync_ff_reg[0][0]
  -------------------------------------------------------------------
                         required time                          5.046    
                         arrival time                          -0.674    
  -------------------------------------------------------------------
                         slack                                  4.372    

Slack (MET) :             4.376ns  (required time - arrival time)
  Source:                 kr260_min_i/axi_ic_PS_0_M_AXI_HPM0_FPD/s00_couplers/auto_cc/inst/gen_clock_conv.gen_async_conv.asyncfifo_axi/inst_fifo_gen/gaxi_full_lite.gwrite_ch.gwrch2.axi_wrch/grf.rf/gntv_or_sync_fifo.gcx.clkx/wr_pntr_cdc_inst/src_gray_ff_reg[3]/C
                            (rising edge-triggered cell FDRE clocked by clk_out1_kr260_min_clk_wiz_0  {rise@0.000ns fall@2.500ns period=5.000ns})
  Destination:            kr260_min_i/axi_ic_PS_0_M_AXI_HPM0_FPD/s00_couplers/auto_cc/inst/gen_clock_conv.gen_async_conv.asyncfifo_axi/inst_fifo_gen/gaxi_full_lite.gwrite_ch.gwrch2.axi_wrch/grf.rf/gntv_or_sync_fifo.gcx.clkx/wr_pntr_cdc_inst/dest_graysync_ff_reg[0][3]/D
                            (rising edge-triggered cell FDRE clocked by clk_pl_0  {rise@0.000ns fall@2.000ns period=4.000ns})
  Path Group:             clk_pl_0
  Path Type:              Setup (Max at Slow Process Corner)
  Requirement:            5.000ns  (MaxDelay Path 5.000ns)
  Data Path Delay:        0.670ns  (logic 0.114ns (17.015%)  route 0.556ns (82.985%))
  Logic Levels:           0  
  Timing Exception:       MaxDelay Path 5.000ns -datapath_only

    Location             Delay type                Incr(ns)  Path(ns)    Netlist Resource(s)
  -------------------------------------------------------------------    -------------------
    SLICE_X3Y76                                       0.000     0.000 r  kr260_min_i/axi_ic_PS_0_M_AXI_HPM0_FPD/s00_couplers/auto_cc/inst/gen_clock_conv.gen_async_conv.asyncfifo_axi/inst_fifo_gen/gaxi_full_lite.gwrite_ch.gwrch2.axi_wrch/grf.rf/gntv_or_sync_fifo.gcx.clkx/wr_pntr_cdc_inst/src_gray_ff_reg[3]/C
    SLICE_X3Y76          FDRE (Prop_AFF_SLICEL_C_Q)
                                                      0.114     0.114 r  kr260_min_i/axi_ic_PS_0_M_AXI_HPM0_FPD/s00_couplers/auto_cc/inst/gen_clock_conv.gen_async_conv.asyncfifo_axi/inst_fifo_gen/gaxi_full_lite.gwrite_ch.gwrch2.axi_wrch/grf.rf/gntv_or_sync_fifo.gcx.clkx/wr_pntr_cdc_inst/src_gray_ff_reg[3]/Q
                         net (fo=1, routed)           0.556     0.670    kr260_min_i/axi_ic_PS_0_M_AXI_HPM0_FPD/s00_couplers/auto_cc/inst/gen_clock_conv.gen_async_conv.asyncfifo_axi/inst_fifo_gen/gaxi_full_lite.gwrite_ch.gwrch2.axi_wrch/grf.rf/gntv_or_sync_fifo.gcx.clkx/wr_pntr_cdc_inst/async_path[3]
    SLICE_X2Y76          FDRE                                         r  kr260_min_i/axi_ic_PS_0_M_AXI_HPM0_FPD/s00_couplers/auto_cc/inst/gen_clock_conv.gen_async_conv.asyncfifo_axi/inst_fifo_gen/gaxi_full_lite.gwrite_ch.gwrch2.axi_wrch/grf.rf/gntv_or_sync_fifo.gcx.clkx/wr_pntr_cdc_inst/dest_graysync_ff_reg[0][3]/D
  -------------------------------------------------------------------    -------------------

                         max delay                    5.000     5.000    
    SLICE_X2Y76          FDRE (Setup_GFF2_SLICEM_C_D)
                                                      0.046     5.046    kr260_min_i/axi_ic_PS_0_M_AXI_HPM0_FPD/s00_couplers/auto_cc/inst/gen_clock_conv.gen_async_conv.asyncfifo_axi/inst_fifo_gen/gaxi_full_lite.gwrite_ch.gwrch2.axi_wrch/grf.rf/gntv_or_sync_fifo.gcx.clkx/wr_pntr_cdc_inst/dest_graysync_ff_reg[0][3]
  -------------------------------------------------------------------
                         required time                          5.046    
                         arrival time                          -0.670    
  -------------------------------------------------------------------
                         slack                                  4.376    

Slack (MET) :             4.389ns  (required time - arrival time)
  Source:                 kr260_min_i/axi_ic_PS_0_S_AXI_HP0_FPD/s00_couplers/auto_cc/inst/gen_clock_conv.gen_async_conv.asyncfifo_axi/inst_fifo_gen/gaxi_full_lite.gread_ch.grdch2.axi_rdch/grf.rf/gntv_or_sync_fifo.gcx.clkx/rd_pntr_cdc_inst/src_gray_ff_reg[3]/C
                            (rising edge-triggered cell FDRE clocked by clk_out1_kr260_min_clk_wiz_0  {rise@0.000ns fall@2.500ns period=5.000ns})
  Destination:            kr260_min_i/axi_ic_PS_0_S_AXI_HP0_FPD/s00_couplers/auto_cc/inst/gen_clock_conv.gen_async_conv.asyncfifo_axi/inst_fifo_gen/gaxi_full_lite.gread_ch.grdch2.axi_rdch/grf.rf/gntv_or_sync_fifo.gcx.clkx/rd_pntr_cdc_inst/dest_graysync_ff_reg[0][3]/D
                            (rising edge-triggered cell FDRE clocked by clk_pl_0  {rise@0.000ns fall@2.000ns period=4.000ns})
  Path Group:             clk_pl_0
  Path Type:              Setup (Max at Slow Process Corner)
  Requirement:            5.000ns  (MaxDelay Path 5.000ns)
  Data Path Delay:        0.657ns  (logic 0.113ns (17.199%)  route 0.544ns (82.801%))
  Logic Levels:           0  
  Timing Exception:       MaxDelay Path 5.000ns -datapath_only

    Location             Delay type                Incr(ns)  Path(ns)    Netlist Resource(s)
  -------------------------------------------------------------------    -------------------
    SLICE_X1Y24                                       0.000     0.000 r  kr260_min_i/axi_ic_PS_0_S_AXI_HP0_FPD/s00_couplers/auto_cc/inst/gen_clock_conv.gen_async_conv.asyncfifo_axi/inst_fifo_gen/gaxi_full_lite.gread_ch.grdch2.axi_rdch/grf.rf/gntv_or_sync_fifo.gcx.clkx/rd_pntr_cdc_inst/src_gray_ff_reg[3]/C
    SLICE_X1Y24          FDRE (Prop_AFF_SLICEM_C_Q)
                                                      0.113     0.113 r  kr260_min_i/axi_ic_PS_0_S_AXI_HP0_FPD/s00_couplers/auto_cc/inst/gen_clock_conv.gen_async_conv.asyncfifo_axi/inst_fifo_gen/gaxi_full_lite.gread_ch.grdch2.axi_rdch/grf.rf/gntv_or_sync_fifo.gcx.clkx/rd_pntr_cdc_inst/src_gray_ff_reg[3]/Q
                         net (fo=1, routed)           0.544     0.657    kr260_min_i/axi_ic_PS_0_S_AXI_HP0_FPD/s00_couplers/auto_cc/inst/gen_clock_conv.gen_async_conv.asyncfifo_axi/inst_fifo_gen/gaxi_full_lite.gread_ch.grdch2.axi_rdch/grf.rf/gntv_or_sync_fifo.gcx.clkx/rd_pntr_cdc_inst/async_path[3]
    SLICE_X1Y24          FDRE                                         r  kr260_min_i/axi_ic_PS_0_S_AXI_HP0_FPD/s00_couplers/auto_cc/inst/gen_clock_conv.gen_async_conv.asyncfifo_axi/inst_fifo_gen/gaxi_full_lite.gread_ch.grdch2.axi_rdch/grf.rf/gntv_or_sync_fifo.gcx.clkx/rd_pntr_cdc_inst/dest_graysync_ff_reg[0][3]/D
  -------------------------------------------------------------------    -------------------

                         max delay                    5.000     5.000    
    SLICE_X1Y24          FDRE (Setup_HFF2_SLICEM_C_D)
                                                      0.046     5.046    kr260_min_i/axi_ic_PS_0_S_AXI_HP0_FPD/s00_couplers/auto_cc/inst/gen_clock_conv.gen_async_conv.asyncfifo_axi/inst_fifo_gen/gaxi_full_lite.gread_ch.grdch2.axi_rdch/grf.rf/gntv_or_sync_fifo.gcx.clkx/rd_pntr_cdc_inst/dest_graysync_ff_reg[0][3]
  -------------------------------------------------------------------
                         required time                          5.046    
                         arrival time                          -0.657    
  -------------------------------------------------------------------
                         slack                                  4.389    

Slack (MET) :             4.428ns  (required time - arrival time)
  Source:                 kr260_min_i/axi_ic_PS_0_M_AXI_HPM0_FPD/s00_couplers/auto_cc/inst/gen_clock_conv.gen_async_conv.asyncfifo_axi/inst_fifo_gen/gaxi_full_lite.gwrite_ch.gwrch2.axi_wrch/grf.rf/gntv_or_sync_fifo.gcx.clkx/wr_pntr_cdc_inst/src_gray_ff_reg[1]/C
                            (rising edge-triggered cell FDRE clocked by clk_out1_kr260_min_clk_wiz_0  {rise@0.000ns fall@2.500ns period=5.000ns})
  Destination:            kr260_min_i/axi_ic_PS_0_M_AXI_HPM0_FPD/s00_couplers/auto_cc/inst/gen_clock_conv.gen_async_conv.asyncfifo_axi/inst_fifo_gen/gaxi_full_lite.gwrite_ch.gwrch2.axi_wrch/grf.rf/gntv_or_sync_fifo.gcx.clkx/wr_pntr_cdc_inst/dest_graysync_ff_reg[0][1]/D
                            (rising edge-triggered cell FDRE clocked by clk_pl_0  {rise@0.000ns fall@2.000ns period=4.000ns})
  Path Group:             clk_pl_0
  Path Type:              Setup (Max at Slow Process Corner)
  Requirement:            5.000ns  (MaxDelay Path 5.000ns)
  Data Path Delay:        0.617ns  (logic 0.114ns (18.477%)  route 0.503ns (81.524%))
  Logic Levels:           0  
  Timing Exception:       MaxDelay Path 5.000ns -datapath_only

    Location             Delay type                Incr(ns)  Path(ns)    Netlist Resource(s)
  -------------------------------------------------------------------    -------------------
    SLICE_X5Y79                                       0.000     0.000 r  kr260_min_i/axi_ic_PS_0_M_AXI_HPM0_FPD/s00_couplers/auto_cc/inst/gen_clock_conv.gen_async_conv.asyncfifo_axi/inst_fifo_gen/gaxi_full_lite.gwrite_ch.gwrch2.axi_wrch/grf.rf/gntv_or_sync_fifo.gcx.clkx/wr_pntr_cdc_inst/src_gray_ff_reg[1]/C
    SLICE_X5Y79          FDRE (Prop_HFF2_SLICEM_C_Q)
                                                      0.114     0.114 r  kr260_min_i/axi_ic_PS_0_M_AXI_HPM0_FPD/s00_couplers/auto_cc/inst/gen_clock_conv.gen_async_conv.asyncfifo_axi/inst_fifo_gen/gaxi_full_lite.gwrite_ch.gwrch2.axi_wrch/grf.rf/gntv_or_sync_fifo.gcx.clkx/wr_pntr_cdc_inst/src_gray_ff_reg[1]/Q
                         net (fo=1, routed)           0.503     0.617    kr260_min_i/axi_ic_PS_0_M_AXI_HPM0_FPD/s00_couplers/auto_cc/inst/gen_clock_conv.gen_async_conv.asyncfifo_axi/inst_fifo_gen/gaxi_full_lite.gwrite_ch.gwrch2.axi_wrch/grf.rf/gntv_or_sync_fifo.gcx.clkx/wr_pntr_cdc_inst/async_path[1]
    SLICE_X5Y79          FDRE                                         r  kr260_min_i/axi_ic_PS_0_M_AXI_HPM0_FPD/s00_couplers/auto_cc/inst/gen_clock_conv.gen_async_conv.asyncfifo_axi/inst_fifo_gen/gaxi_full_lite.gwrite_ch.gwrch2.axi_wrch/grf.rf/gntv_or_sync_fifo.gcx.clkx/wr_pntr_cdc_inst/dest_graysync_ff_reg[0][1]/D
  -------------------------------------------------------------------    -------------------

                         max delay                    5.000     5.000    
    SLICE_X5Y79          FDRE (Setup_DFF2_SLICEM_C_D)
                                                      0.045     5.045    kr260_min_i/axi_ic_PS_0_M_AXI_HPM0_FPD/s00_couplers/auto_cc/inst/gen_clock_conv.gen_async_conv.asyncfifo_axi/inst_fifo_gen/gaxi_full_lite.gwrite_ch.gwrch2.axi_wrch/grf.rf/gntv_or_sync_fifo.gcx.clkx/wr_pntr_cdc_inst/dest_graysync_ff_reg[0][1]
  -------------------------------------------------------------------
                         required time                          5.045    
                         arrival time                          -0.617    
  -------------------------------------------------------------------
                         slack                                  4.428    

Slack (MET) :             4.443ns  (required time - arrival time)
  Source:                 kr260_min_i/axi_ic_PS_0_M_AXI_HPM0_FPD/s00_couplers/auto_cc/inst/gen_clock_conv.gen_async_conv.asyncfifo_axi/inst_fifo_gen/gaxi_full_lite.gwrite_ch.gwach2.axi_wach/grf.rf/gntv_or_sync_fifo.gcx.clkx/rd_pntr_cdc_inst/src_gray_ff_reg[3]/C
                            (rising edge-triggered cell FDRE clocked by clk_out1_kr260_min_clk_wiz_0  {rise@0.000ns fall@2.500ns period=5.000ns})
  Destination:            kr260_min_i/axi_ic_PS_0_M_AXI_HPM0_FPD/s00_couplers/auto_cc/inst/gen_clock_conv.gen_async_conv.asyncfifo_axi/inst_fifo_gen/gaxi_full_lite.gwrite_ch.gwach2.axi_wach/grf.rf/gntv_or_sync_fifo.gcx.clkx/rd_pntr_cdc_inst/dest_graysync_ff_reg[0][3]/D
                            (rising edge-triggered cell FDRE clocked by clk_pl_0  {rise@0.000ns fall@2.000ns period=4.000ns})
  Path Group:             clk_pl_0
  Path Type:              Setup (Max at Slow Process Corner)
  Requirement:            5.000ns  (MaxDelay Path 5.000ns)
  Data Path Delay:        0.603ns  (logic 0.114ns (18.905%)  route 0.489ns (81.095%))
  Logic Levels:           0  
  Timing Exception:       MaxDelay Path 5.000ns -datapath_only

    Location             Delay type                Incr(ns)  Path(ns)    Netlist Resource(s)
  -------------------------------------------------------------------    -------------------
    SLICE_X0Y83                                       0.000     0.000 r  kr260_min_i/axi_ic_PS_0_M_AXI_HPM0_FPD/s00_couplers/auto_cc/inst/gen_clock_conv.gen_async_conv.asyncfifo_axi/inst_fifo_gen/gaxi_full_lite.gwrite_ch.gwach2.axi_wach/grf.rf/gntv_or_sync_fifo.gcx.clkx/rd_pntr_cdc_inst/src_gray_ff_reg[3]/C
    SLICE_X0Y83          FDRE (Prop_AFF_SLICEL_C_Q)
                                                      0.114     0.114 r  kr260_min_i/axi_ic_PS_0_M_AXI_HPM0_FPD/s00_couplers/auto_cc/inst/gen_clock_conv.gen_async_conv.asyncfifo_axi/inst_fifo_gen/gaxi_full_lite.gwrite_ch.gwach2.axi_wach/grf.rf/gntv_or_sync_fifo.gcx.clkx/rd_pntr_cdc_inst/src_gray_ff_reg[3]/Q
                         net (fo=1, routed)           0.489     0.603    kr260_min_i/axi_ic_PS_0_M_AXI_HPM0_FPD/s00_couplers/auto_cc/inst/gen_clock_conv.gen_async_conv.asyncfifo_axi/inst_fifo_gen/gaxi_full_lite.gwrite_ch.gwach2.axi_wach/grf.rf/gntv_or_sync_fifo.gcx.clkx/rd_pntr_cdc_inst/async_path[3]
    SLICE_X0Y83          FDRE                                         r  kr260_min_i/axi_ic_PS_0_M_AXI_HPM0_FPD/s00_couplers/auto_cc/inst/gen_clock_conv.gen_async_conv.asyncfifo_axi/inst_fifo_gen/gaxi_full_lite.gwrite_ch.gwach2.axi_wach/grf.rf/gntv_or_sync_fifo.gcx.clkx/rd_pntr_cdc_inst/dest_graysync_ff_reg[0][3]/D
  -------------------------------------------------------------------    -------------------

                         max delay                    5.000     5.000    
    SLICE_X0Y83          FDRE (Setup_GFF2_SLICEL_C_D)
                                                      0.046     5.046    kr260_min_i/axi_ic_PS_0_M_AXI_HPM0_FPD/s00_couplers/auto_cc/inst/gen_clock_conv.gen_async_conv.asyncfifo_axi/inst_fifo_gen/gaxi_full_lite.gwrite_ch.gwach2.axi_wach/grf.rf/gntv_or_sync_fifo.gcx.clkx/rd_pntr_cdc_inst/dest_graysync_ff_reg[0][3]
  -------------------------------------------------------------------
                         required time                          5.046    
                         arrival time                          -0.603    
  -------------------------------------------------------------------
                         slack                                  4.443    

Slack (MET) :             4.488ns  (required time - arrival time)
  Source:                 kr260_min_i/axi_ic_PS_0_S_AXI_HP1_FPD/s00_couplers/auto_cc/inst/gen_clock_conv.gen_async_conv.asyncfifo_axi/inst_fifo_gen/gaxi_full_lite.gread_ch.grach2.axi_rach/grf.rf/gntv_or_sync_fifo.gcx.clkx/wr_pntr_cdc_inst/src_gray_ff_reg[0]/C
                            (rising edge-triggered cell FDRE clocked by clk_out1_kr260_min_clk_wiz_0  {rise@0.000ns fall@2.500ns period=5.000ns})
  Destination:            kr260_min_i/axi_ic_PS_0_S_AXI_HP1_FPD/s00_couplers/auto_cc/inst/gen_clock_conv.gen_async_conv.asyncfifo_axi/inst_fifo_gen/gaxi_full_lite.gread_ch.grach2.axi_rach/grf.rf/gntv_or_sync_fifo.gcx.clkx/wr_pntr_cdc_inst/dest_graysync_ff_reg[0][0]/D
                            (rising edge-triggered cell FDRE clocked by clk_pl_0  {rise@0.000ns fall@2.000ns period=4.000ns})
  Path Group:             clk_pl_0
  Path Type:              Setup (Max at Slow Process Corner)
  Requirement:            5.000ns  (MaxDelay Path 5.000ns)
  Data Path Delay:        0.558ns  (logic 0.113ns (20.251%)  route 0.445ns (79.749%))
  Logic Levels:           0  
  Timing Exception:       MaxDelay Path 5.000ns -datapath_only

    Location             Delay type                Incr(ns)  Path(ns)    Netlist Resource(s)
  -------------------------------------------------------------------    -------------------
    SLICE_X3Y184                                      0.000     0.000 r  kr260_min_i/axi_ic_PS_0_S_AXI_HP1_FPD/s00_couplers/auto_cc/inst/gen_clock_conv.gen_async_conv.asyncfifo_axi/inst_fifo_gen/gaxi_full_lite.gread_ch.grach2.axi_rach/grf.rf/gntv_or_sync_fifo.gcx.clkx/wr_pntr_cdc_inst/src_gray_ff_reg[0]/C
    SLICE_X3Y184         FDRE (Prop_HFF_SLICEL_C_Q)
                                                      0.113     0.113 r  kr260_min_i/axi_ic_PS_0_S_AXI_HP1_FPD/s00_couplers/auto_cc/inst/gen_clock_conv.gen_async_conv.asyncfifo_axi/inst_fifo_gen/gaxi_full_lite.gread_ch.grach2.axi_rach/grf.rf/gntv_or_sync_fifo.gcx.clkx/wr_pntr_cdc_inst/src_gray_ff_reg[0]/Q
                         net (fo=1, routed)           0.445     0.558    kr260_min_i/axi_ic_PS_0_S_AXI_HP1_FPD/s00_couplers/auto_cc/inst/gen_clock_conv.gen_async_conv.asyncfifo_axi/inst_fifo_gen/gaxi_full_lite.gread_ch.grach2.axi_rach/grf.rf/gntv_or_sync_fifo.gcx.clkx/wr_pntr_cdc_inst/async_path[0]
    SLICE_X3Y183         FDRE                                         r  kr260_min_i/axi_ic_PS_0_S_AXI_HP1_FPD/s00_couplers/auto_cc/inst/gen_clock_conv.gen_async_conv.asyncfifo_axi/inst_fifo_gen/gaxi_full_lite.gread_ch.grach2.axi_rach/grf.rf/gntv_or_sync_fifo.gcx.clkx/wr_pntr_cdc_inst/dest_graysync_ff_reg[0][0]/D
  -------------------------------------------------------------------    -------------------

                         max delay                    5.000     5.000    
    SLICE_X3Y183         FDRE (Setup_CFF2_SLICEL_C_D)
                                                      0.046     5.046    kr260_min_i/axi_ic_PS_0_S_AXI_HP1_FPD/s00_couplers/auto_cc/inst/gen_clock_conv.gen_async_conv.asyncfifo_axi/inst_fifo_gen/gaxi_full_lite.gread_ch.grach2.axi_rach/grf.rf/gntv_or_sync_fifo.gcx.clkx/wr_pntr_cdc_inst/dest_graysync_ff_reg[0][0]
  -------------------------------------------------------------------
                         required time                          5.046    
                         arrival time                          -0.558    
  -------------------------------------------------------------------
                         slack                                  4.488    

Slack (MET) :             4.498ns  (required time - arrival time)
  Source:                 kr260_min_i/axi_ic_PS_0_M_AXI_HPM0_FPD/s00_couplers/auto_cc/inst/gen_clock_conv.gen_async_conv.asyncfifo_axi/inst_fifo_gen/gaxi_full_lite.gread_ch.grdch2.axi_rdch/grf.rf/gntv_or_sync_fifo.gcx.clkx/wr_pntr_cdc_inst/src_gray_ff_reg[0]/C
                            (rising edge-triggered cell FDRE clocked by clk_out1_kr260_min_clk_wiz_0  {rise@0.000ns fall@2.500ns period=5.000ns})
  Destination:            kr260_min_i/axi_ic_PS_0_M_AXI_HPM0_FPD/s00_couplers/auto_cc/inst/gen_clock_conv.gen_async_conv.asyncfifo_axi/inst_fifo_gen/gaxi_full_lite.gread_ch.grdch2.axi_rdch/grf.rf/gntv_or_sync_fifo.gcx.clkx/wr_pntr_cdc_inst/dest_graysync_ff_reg[0][0]/D
                            (rising edge-triggered cell FDRE clocked by clk_pl_0  {rise@0.000ns fall@2.000ns period=4.000ns})
  Path Group:             clk_pl_0
  Path Type:              Setup (Max at Slow Process Corner)
  Requirement:            5.000ns  (MaxDelay Path 5.000ns)
  Data Path Delay:        0.548ns  (logic 0.114ns (20.803%)  route 0.434ns (79.197%))
  Logic Levels:           0  
  Timing Exception:       MaxDelay Path 5.000ns -datapath_only

    Location             Delay type                Incr(ns)  Path(ns)    Netlist Resource(s)
  -------------------------------------------------------------------    -------------------
    SLICE_X2Y91                                       0.000     0.000 r  kr260_min_i/axi_ic_PS_0_M_AXI_HPM0_FPD/s00_couplers/auto_cc/inst/gen_clock_conv.gen_async_conv.asyncfifo_axi/inst_fifo_gen/gaxi_full_lite.gread_ch.grdch2.axi_rdch/grf.rf/gntv_or_sync_fifo.gcx.clkx/wr_pntr_cdc_inst/src_gray_ff_reg[0]/C
    SLICE_X2Y91          FDRE (Prop_HFF_SLICEM_C_Q)
                                                      0.114     0.114 r  kr260_min_i/axi_ic_PS_0_M_AXI_HPM0_FPD/s00_couplers/auto_cc/inst/gen_clock_conv.gen_async_conv.asyncfifo_axi/inst_fifo_gen/gaxi_full_lite.gread_ch.grdch2.axi_rdch/grf.rf/gntv_or_sync_fifo.gcx.clkx/wr_pntr_cdc_inst/src_gray_ff_reg[0]/Q
                         net (fo=1, routed)           0.434     0.548    kr260_min_i/axi_ic_PS_0_M_AXI_HPM0_FPD/s00_couplers/auto_cc/inst/gen_clock_conv.gen_async_conv.asyncfifo_axi/inst_fifo_gen/gaxi_full_lite.gread_ch.grdch2.axi_rdch/grf.rf/gntv_or_sync_fifo.gcx.clkx/wr_pntr_cdc_inst/async_path[0]
    SLICE_X0Y89          FDRE                                         r  kr260_min_i/axi_ic_PS_0_M_AXI_HPM0_FPD/s00_couplers/auto_cc/inst/gen_clock_conv.gen_async_conv.asyncfifo_axi/inst_fifo_gen/gaxi_full_lite.gread_ch.grdch2.axi_rdch/grf.rf/gntv_or_sync_fifo.gcx.clkx/wr_pntr_cdc_inst/dest_graysync_ff_reg[0][0]/D
  -------------------------------------------------------------------    -------------------

                         max delay                    5.000     5.000    
    SLICE_X0Y89          FDRE (Setup_CFF2_SLICEL_C_D)
                                                      0.046     5.046    kr260_min_i/axi_ic_PS_0_M_AXI_HPM0_FPD/s00_couplers/auto_cc/inst/gen_clock_conv.gen_async_conv.asyncfifo_axi/inst_fifo_gen/gaxi_full_lite.gread_ch.grdch2.axi_rdch/grf.rf/gntv_or_sync_fifo.gcx.clkx/wr_pntr_cdc_inst/dest_graysync_ff_reg[0][0]
  -------------------------------------------------------------------
                         required time                          5.046    
                         arrival time                          -0.548    
  -------------------------------------------------------------------
                         slack                                  4.498    

Slack (MET) :             4.502ns  (required time - arrival time)
  Source:                 kr260_min_i/axi_ic_PS_0_M_AXI_HPM0_FPD/s00_couplers/auto_cc/inst/gen_clock_conv.gen_async_conv.asyncfifo_axi/inst_fifo_gen/gaxi_full_lite.gwrite_ch.gwach2.axi_wach/grf.rf/gntv_or_sync_fifo.gcx.clkx/rd_pntr_cdc_inst/src_gray_ff_reg[1]/C
                            (rising edge-triggered cell FDRE clocked by clk_out1_kr260_min_clk_wiz_0  {rise@0.000ns fall@2.500ns period=5.000ns})
  Destination:            kr260_min_i/axi_ic_PS_0_M_AXI_HPM0_FPD/s00_couplers/auto_cc/inst/gen_clock_conv.gen_async_conv.asyncfifo_axi/inst_fifo_gen/gaxi_full_lite.gwrite_ch.gwach2.axi_wach/grf.rf/gntv_or_sync_fifo.gcx.clkx/rd_pntr_cdc_inst/dest_graysync_ff_reg[0][1]/D
                            (rising edge-triggered cell FDRE clocked by clk_pl_0  {rise@0.000ns fall@2.000ns period=4.000ns})
  Path Group:             clk_pl_0
  Path Type:              Setup (Max at Slow Process Corner)
  Requirement:            5.000ns  (MaxDelay Path 5.000ns)
  Data Path Delay:        0.544ns  (logic 0.115ns (21.140%)  route 0.429ns (78.860%))
  Logic Levels:           0  
  Timing Exception:       MaxDelay Path 5.000ns -datapath_only

    Location             Delay type                Incr(ns)  Path(ns)    Netlist Resource(s)
  -------------------------------------------------------------------    -------------------
    SLICE_X2Y84                                       0.000     0.000 r  kr260_min_i/axi_ic_PS_0_M_AXI_HPM0_FPD/s00_couplers/auto_cc/inst/gen_clock_conv.gen_async_conv.asyncfifo_axi/inst_fifo_gen/gaxi_full_lite.gwrite_ch.gwach2.axi_wach/grf.rf/gntv_or_sync_fifo.gcx.clkx/rd_pntr_cdc_inst/src_gray_ff_reg[1]/C
    SLICE_X2Y84          FDRE (Prop_DFF2_SLICEM_C_Q)
                                                      0.115     0.115 r  kr260_min_i/axi_ic_PS_0_M_AXI_HPM0_FPD/s00_couplers/auto_cc/inst/gen_clock_conv.gen_async_conv.asyncfifo_axi/inst_fifo_gen/gaxi_full_lite.gwrite_ch.gwach2.axi_wach/grf.rf/gntv_or_sync_fifo.gcx.clkx/rd_pntr_cdc_inst/src_gray_ff_reg[1]/Q
                         net (fo=1, routed)           0.429     0.544    kr260_min_i/axi_ic_PS_0_M_AXI_HPM0_FPD/s00_couplers/auto_cc/inst/gen_clock_conv.gen_async_conv.asyncfifo_axi/inst_fifo_gen/gaxi_full_lite.gwrite_ch.gwach2.axi_wach/grf.rf/gntv_or_sync_fifo.gcx.clkx/rd_pntr_cdc_inst/async_path[1]
    SLICE_X2Y84          FDRE                                         r  kr260_min_i/axi_ic_PS_0_M_AXI_HPM0_FPD/s00_couplers/auto_cc/inst/gen_clock_conv.gen_async_conv.asyncfifo_axi/inst_fifo_gen/gaxi_full_lite.gwrite_ch.gwach2.axi_wach/grf.rf/gntv_or_sync_fifo.gcx.clkx/rd_pntr_cdc_inst/dest_graysync_ff_reg[0][1]/D
  -------------------------------------------------------------------    -------------------

                         max delay                    5.000     5.000    
    SLICE_X2Y84          FDRE (Setup_GFF2_SLICEM_C_D)
                                                      0.046     5.046    kr260_min_i/axi_ic_PS_0_M_AXI_HPM0_FPD/s00_couplers/auto_cc/inst/gen_clock_conv.gen_async_conv.asyncfifo_axi/inst_fifo_gen/gaxi_full_lite.gwrite_ch.gwach2.axi_wach/grf.rf/gntv_or_sync_fifo.gcx.clkx/rd_pntr_cdc_inst/dest_graysync_ff_reg[0][1]
  -------------------------------------------------------------------
                         required time                          5.046    
                         arrival time                          -0.544    
  -------------------------------------------------------------------
                         slack                                  4.502    

Slack (MET) :             4.503ns  (required time - arrival time)
  Source:                 kr260_min_i/axi_ic_PS_0_S_AXI_HP1_FPD/s00_couplers/auto_cc/inst/gen_clock_conv.gen_async_conv.asyncfifo_axi/inst_fifo_gen/gaxi_full_lite.gwrite_ch.gwach2.axi_wach/grf.rf/gntv_or_sync_fifo.gcx.clkx/wr_pntr_cdc_inst/src_gray_ff_reg[2]/C
                            (rising edge-triggered cell FDRE clocked by clk_out1_kr260_min_clk_wiz_0  {rise@0.000ns fall@2.500ns period=5.000ns})
  Destination:            kr260_min_i/axi_ic_PS_0_S_AXI_HP1_FPD/s00_couplers/auto_cc/inst/gen_clock_conv.gen_async_conv.asyncfifo_axi/inst_fifo_gen/gaxi_full_lite.gwrite_ch.gwach2.axi_wach/grf.rf/gntv_or_sync_fifo.gcx.clkx/wr_pntr_cdc_inst/dest_graysync_ff_reg[0][2]/D
                            (rising edge-triggered cell FDRE clocked by clk_pl_0  {rise@0.000ns fall@2.000ns period=4.000ns})
  Path Group:             clk_pl_0
  Path Type:              Setup (Max at Slow Process Corner)
  Requirement:            5.000ns  (MaxDelay Path 5.000ns)
  Data Path Delay:        0.543ns  (logic 0.116ns (21.363%)  route 0.427ns (78.637%))
  Logic Levels:           0  
  Timing Exception:       MaxDelay Path 5.000ns -datapath_only

    Location             Delay type                Incr(ns)  Path(ns)    Netlist Resource(s)
  -------------------------------------------------------------------    -------------------
    SLICE_X1Y190                                      0.000     0.000 r  kr260_min_i/axi_ic_PS_0_S_AXI_HP1_FPD/s00_couplers/auto_cc/inst/gen_clock_conv.gen_async_conv.asyncfifo_axi/inst_fifo_gen/gaxi_full_lite.gwrite_ch.gwach2.axi_wach/grf.rf/gntv_or_sync_fifo.gcx.clkx/wr_pntr_cdc_inst/src_gray_ff_reg[2]/C
    SLICE_X1Y190         FDRE (Prop_DFF_SLICEM_C_Q)
                                                      0.116     0.116 r  kr260_min_i/axi_ic_PS_0_S_AXI_HP1_FPD/s00_couplers/auto_cc/inst/gen_clock_conv.gen_async_conv.asyncfifo_axi/inst_fifo_gen/gaxi_full_lite.gwrite_ch.gwach2.axi_wach/grf.rf/gntv_or_sync_fifo.gcx.clkx/wr_pntr_cdc_inst/src_gray_ff_reg[2]/Q
                         net (fo=1, routed)           0.427     0.543    kr260_min_i/axi_ic_PS_0_S_AXI_HP1_FPD/s00_couplers/auto_cc/inst/gen_clock_conv.gen_async_conv.asyncfifo_axi/inst_fifo_gen/gaxi_full_lite.gwrite_ch.gwach2.axi_wach/grf.rf/gntv_or_sync_fifo.gcx.clkx/wr_pntr_cdc_inst/async_path[2]
    SLICE_X0Y190         FDRE                                         r  kr260_min_i/axi_ic_PS_0_S_AXI_HP1_FPD/s00_couplers/auto_cc/inst/gen_clock_conv.gen_async_conv.asyncfifo_axi/inst_fifo_gen/gaxi_full_lite.gwrite_ch.gwach2.axi_wach/grf.rf/gntv_or_sync_fifo.gcx.clkx/wr_pntr_cdc_inst/dest_graysync_ff_reg[0][2]/D
  -------------------------------------------------------------------    -------------------

                         max delay                    5.000     5.000    
    SLICE_X0Y190         FDRE (Setup_HFF2_SLICEL_C_D)
                                                      0.046     5.046    kr260_min_i/axi_ic_PS_0_S_AXI_HP1_FPD/s00_couplers/auto_cc/inst/gen_clock_conv.gen_async_conv.asyncfifo_axi/inst_fifo_gen/gaxi_full_lite.gwrite_ch.gwach2.axi_wach/grf.rf/gntv_or_sync_fifo.gcx.clkx/wr_pntr_cdc_inst/dest_graysync_ff_reg[0][2]
  -------------------------------------------------------------------
                         required time                          5.046    
                         arrival time                          -0.543    
  -------------------------------------------------------------------
                         slack                                  4.503    





---------------------------------------------------------------------------------------------------
From Clock:  clk_pl_0
  To Clock:  clk_out1_kr260_min_clk_wiz_0

Setup :            0  Failing Endpoints,  Worst Slack        3.331ns,  Total Violation        0.000ns
Hold  :           NA  Failing Endpoints,  Worst Slack           NA  ,  Total Violation           NA
---------------------------------------------------------------------------------------------------


Max Delay Paths
--------------------------------------------------------------------------------------
Slack (MET) :             3.331ns  (required time - arrival time)
  Source:                 kr260_min_i/axi_ic_PS_0_S_AXI_HPC0_FPD/s00_couplers/auto_cc/inst/gen_clock_conv.gen_async_conv.asyncfifo_axi/inst_fifo_gen/gaxi_full_lite.gwrite_ch.gwdch2.axi_wdch/grf.rf/gntv_or_sync_fifo.gcx.clkx/rd_pntr_cdc_inst/src_gray_ff_reg[1]/C
                            (rising edge-triggered cell FDRE clocked by clk_pl_0  {rise@0.000ns fall@2.000ns period=4.000ns})
  Destination:            kr260_min_i/axi_ic_PS_0_S_AXI_HPC0_FPD/s00_couplers/auto_cc/inst/gen_clock_conv.gen_async_conv.asyncfifo_axi/inst_fifo_gen/gaxi_full_lite.gwrite_ch.gwdch2.axi_wdch/grf.rf/gntv_or_sync_fifo.gcx.clkx/rd_pntr_cdc_inst/dest_graysync_ff_reg[0][1]/D
                            (rising edge-triggered cell FDRE clocked by clk_out1_kr260_min_clk_wiz_0  {rise@0.000ns fall@2.500ns period=5.000ns})
  Path Group:             clk_out1_kr260_min_clk_wiz_0
  Path Type:              Setup (Max at Slow Process Corner)
  Requirement:            4.000ns  (MaxDelay Path 4.000ns)
  Data Path Delay:        0.715ns  (logic 0.115ns (16.084%)  route 0.600ns (83.916%))
  Logic Levels:           0  
  Timing Exception:       MaxDelay Path 4.000ns -datapath_only

    Location             Delay type                Incr(ns)  Path(ns)    Netlist Resource(s)
  -------------------------------------------------------------------    -------------------
    SLICE_X15Y25                                      0.000     0.000 r  kr260_min_i/axi_ic_PS_0_S_AXI_HPC0_FPD/s00_couplers/auto_cc/inst/gen_clock_conv.gen_async_conv.asyncfifo_axi/inst_fifo_gen/gaxi_full_lite.gwrite_ch.gwdch2.axi_wdch/grf.rf/gntv_or_sync_fifo.gcx.clkx/rd_pntr_cdc_inst/src_gray_ff_reg[1]/C
    SLICE_X15Y25         FDRE (Prop_DFF2_SLICEL_C_Q)
                                                      0.115     0.115 r  kr260_min_i/axi_ic_PS_0_S_AXI_HPC0_FPD/s00_couplers/auto_cc/inst/gen_clock_conv.gen_async_conv.asyncfifo_axi/inst_fifo_gen/gaxi_full_lite.gwrite_ch.gwdch2.axi_wdch/grf.rf/gntv_or_sync_fifo.gcx.clkx/rd_pntr_cdc_inst/src_gray_ff_reg[1]/Q
                         net (fo=1, routed)           0.600     0.715    kr260_min_i/axi_ic_PS_0_S_AXI_HPC0_FPD/s00_couplers/auto_cc/inst/gen_clock_conv.gen_async_conv.asyncfifo_axi/inst_fifo_gen/gaxi_full_lite.gwrite_ch.gwdch2.axi_wdch/grf.rf/gntv_or_sync_fifo.gcx.clkx/rd_pntr_cdc_inst/async_path[1]
    SLICE_X16Y7          FDRE                                         r  kr260_min_i/axi_ic_PS_0_S_AXI_HPC0_FPD/s00_couplers/auto_cc/inst/gen_clock_conv.gen_async_conv.asyncfifo_axi/inst_fifo_gen/gaxi_full_lite.gwrite_ch.gwdch2.axi_wdch/grf.rf/gntv_or_sync_fifo.gcx.clkx/rd_pntr_cdc_inst/dest_graysync_ff_reg[0][1]/D
  -------------------------------------------------------------------    -------------------

                         max delay                    4.000     4.000    
    SLICE_X16Y7          FDRE (Setup_DFF2_SLICEL_C_D)
                                                      0.046     4.046    kr260_min_i/axi_ic_PS_0_S_AXI_HPC0_FPD/s00_couplers/auto_cc/inst/gen_clock_conv.gen_async_conv.asyncfifo_axi/inst_fifo_gen/gaxi_full_lite.gwrite_ch.gwdch2.axi_wdch/grf.rf/gntv_or_sync_fifo.gcx.clkx/rd_pntr_cdc_inst/dest_graysync_ff_reg[0][1]
  -------------------------------------------------------------------
                         required time                          4.046    
                         arrival time                          -0.715    
  -------------------------------------------------------------------
                         slack                                  3.331    

Slack (MET) :             3.343ns  (required time - arrival time)
  Source:                 kr260_min_i/axi_ic_PS_0_S_AXI_HPC0_FPD/s00_couplers/auto_cc/inst/gen_clock_conv.gen_async_conv.asyncfifo_axi/inst_fifo_gen/gaxi_full_lite.gwrite_ch.gwdch2.axi_wdch/grf.rf/gntv_or_sync_fifo.gcx.clkx/rd_pntr_cdc_inst/src_gray_ff_reg[0]/C
                            (rising edge-triggered cell FDRE clocked by clk_pl_0  {rise@0.000ns fall@2.000ns period=4.000ns})
  Destination:            kr260_min_i/axi_ic_PS_0_S_AXI_HPC0_FPD/s00_couplers/auto_cc/inst/gen_clock_conv.gen_async_conv.asyncfifo_axi/inst_fifo_gen/gaxi_full_lite.gwrite_ch.gwdch2.axi_wdch/grf.rf/gntv_or_sync_fifo.gcx.clkx/rd_pntr_cdc_inst/dest_graysync_ff_reg[0][0]/D
                            (rising edge-triggered cell FDRE clocked by clk_out1_kr260_min_clk_wiz_0  {rise@0.000ns fall@2.500ns period=5.000ns})
  Path Group:             clk_out1_kr260_min_clk_wiz_0
  Path Type:              Setup (Max at Slow Process Corner)
  Requirement:            4.000ns  (MaxDelay Path 4.000ns)
  Data Path Delay:        0.703ns  (logic 0.114ns (16.216%)  route 0.589ns (83.784%))
  Logic Levels:           0  
  Timing Exception:       MaxDelay Path 4.000ns -datapath_only

    Location             Delay type                Incr(ns)  Path(ns)    Netlist Resource(s)
  -------------------------------------------------------------------    -------------------
    SLICE_X15Y25                                      0.000     0.000 r  kr260_min_i/axi_ic_PS_0_S_AXI_HPC0_FPD/s00_couplers/auto_cc/inst/gen_clock_conv.gen_async_conv.asyncfifo_axi/inst_fifo_gen/gaxi_full_lite.gwrite_ch.gwdch2.axi_wdch/grf.rf/gntv_or_sync_fifo.gcx.clkx/rd_pntr_cdc_inst/src_gray_ff_reg[0]/C
    SLICE_X15Y25         FDRE (Prop_DFF_SLICEL_C_Q)
                                                      0.114     0.114 r  kr260_min_i/axi_ic_PS_0_S_AXI_HPC0_FPD/s00_couplers/auto_cc/inst/gen_clock_conv.gen_async_conv.asyncfifo_axi/inst_fifo_gen/gaxi_full_lite.gwrite_ch.gwdch2.axi_wdch/grf.rf/gntv_or_sync_fifo.gcx.clkx/rd_pntr_cdc_inst/src_gray_ff_reg[0]/Q
                         net (fo=1, routed)           0.589     0.703    kr260_min_i/axi_ic_PS_0_S_AXI_HPC0_FPD/s00_couplers/auto_cc/inst/gen_clock_conv.gen_async_conv.asyncfifo_axi/inst_fifo_gen/gaxi_full_lite.gwrite_ch.gwdch2.axi_wdch/grf.rf/gntv_or_sync_fifo.gcx.clkx/rd_pntr_cdc_inst/async_path[0]
    SLICE_X16Y12         FDRE                                         r  kr260_min_i/axi_ic_PS_0_S_AXI_HPC0_FPD/s00_couplers/auto_cc/inst/gen_clock_conv.gen_async_conv.asyncfifo_axi/inst_fifo_gen/gaxi_full_lite.gwrite_ch.gwdch2.axi_wdch/grf.rf/gntv_or_sync_fifo.gcx.clkx/rd_pntr_cdc_inst/dest_graysync_ff_reg[0][0]/D
  -------------------------------------------------------------------    -------------------

                         max delay                    4.000     4.000    
    SLICE_X16Y12         FDRE (Setup_DFF2_SLICEL_C_D)
                                                      0.046     4.046    kr260_min_i/axi_ic_PS_0_S_AXI_HPC0_FPD/s00_couplers/auto_cc/inst/gen_clock_conv.gen_async_conv.asyncfifo_axi/inst_fifo_gen/gaxi_full_lite.gwrite_ch.gwdch2.axi_wdch/grf.rf/gntv_or_sync_fifo.gcx.clkx/rd_pntr_cdc_inst/dest_graysync_ff_reg[0][0]
  -------------------------------------------------------------------
                         required time                          4.046    
                         arrival time                          -0.703    
  -------------------------------------------------------------------
                         slack                                  3.343    

Slack (MET) :             3.355ns  (required time - arrival time)
  Source:                 kr260_min_i/axi_ic_PS_0_S_AXI_HPC0_FPD/s00_couplers/auto_cc/inst/gen_clock_conv.gen_async_conv.asyncfifo_axi/inst_fifo_gen/gaxi_full_lite.gwrite_ch.gwrch2.axi_wrch/grf.rf/gntv_or_sync_fifo.gcx.clkx/wr_pntr_cdc_inst/src_gray_ff_reg[1]/C
                            (rising edge-triggered cell FDRE clocked by clk_pl_0  {rise@0.000ns fall@2.000ns period=4.000ns})
  Destination:            kr260_min_i/axi_ic_PS_0_S_AXI_HPC0_FPD/s00_couplers/auto_cc/inst/gen_clock_conv.gen_async_conv.asyncfifo_axi/inst_fifo_gen/gaxi_full_lite.gwrite_ch.gwrch2.axi_wrch/grf.rf/gntv_or_sync_fifo.gcx.clkx/wr_pntr_cdc_inst/dest_graysync_ff_reg[0][1]/D
                            (rising edge-triggered cell FDRE clocked by clk_out1_kr260_min_clk_wiz_0  {rise@0.000ns fall@2.500ns period=5.000ns})
  Path Group:             clk_out1_kr260_min_clk_wiz_0
  Path Type:              Setup (Max at Slow Process Corner)
  Requirement:            4.000ns  (MaxDelay Path 4.000ns)
  Data Path Delay:        0.691ns  (logic 0.114ns (16.498%)  route 0.577ns (83.502%))
  Logic Levels:           0  
  Timing Exception:       MaxDelay Path 4.000ns -datapath_only

    Location             Delay type                Incr(ns)  Path(ns)    Netlist Resource(s)
  -------------------------------------------------------------------    -------------------
    SLICE_X8Y0                                        0.000     0.000 r  kr260_min_i/axi_ic_PS_0_S_AXI_HPC0_FPD/s00_couplers/auto_cc/inst/gen_clock_conv.gen_async_conv.asyncfifo_axi/inst_fifo_gen/gaxi_full_lite.gwrite_ch.gwrch2.axi_wrch/grf.rf/gntv_or_sync_fifo.gcx.clkx/wr_pntr_cdc_inst/src_gray_ff_reg[1]/C
    SLICE_X8Y0           FDRE (Prop_HFF2_SLICEM_C_Q)
                                                      0.114     0.114 r  kr260_min_i/axi_ic_PS_0_S_AXI_HPC0_FPD/s00_couplers/auto_cc/inst/gen_clock_conv.gen_async_conv.asyncfifo_axi/inst_fifo_gen/gaxi_full_lite.gwrite_ch.gwrch2.axi_wrch/grf.rf/gntv_or_sync_fifo.gcx.clkx/wr_pntr_cdc_inst/src_gray_ff_reg[1]/Q
                         net (fo=1, routed)           0.577     0.691    kr260_min_i/axi_ic_PS_0_S_AXI_HPC0_FPD/s00_couplers/auto_cc/inst/gen_clock_conv.gen_async_conv.asyncfifo_axi/inst_fifo_gen/gaxi_full_lite.gwrite_ch.gwrch2.axi_wrch/grf.rf/gntv_or_sync_fifo.gcx.clkx/wr_pntr_cdc_inst/async_path[1]
    SLICE_X16Y1          FDRE                                         r  kr260_min_i/axi_ic_PS_0_S_AXI_HPC0_FPD/s00_couplers/auto_cc/inst/gen_clock_conv.gen_async_conv.asyncfifo_axi/inst_fifo_gen/gaxi_full_lite.gwrite_ch.gwrch2.axi_wrch/grf.rf/gntv_or_sync_fifo.gcx.clkx/wr_pntr_cdc_inst/dest_graysync_ff_reg[0][1]/D
  -------------------------------------------------------------------    -------------------

                         max delay                    4.000     4.000    
    SLICE_X16Y1          FDRE (Setup_CFF2_SLICEL_C_D)
                                                      0.046     4.046    kr260_min_i/axi_ic_PS_0_S_AXI_HPC0_FPD/s00_couplers/auto_cc/inst/gen_clock_conv.gen_async_conv.asyncfifo_axi/inst_fifo_gen/gaxi_full_lite.gwrite_ch.gwrch2.axi_wrch/grf.rf/gntv_or_sync_fifo.gcx.clkx/wr_pntr_cdc_inst/dest_graysync_ff_reg[0][1]
  -------------------------------------------------------------------
                         required time                          4.046    
                         arrival time                          -0.691    
  -------------------------------------------------------------------
                         slack                                  3.355    

Slack (MET) :             3.371ns  (required time - arrival time)
  Source:                 kr260_min_i/axi_ic_PS_0_S_AXI_HP1_FPD/s00_couplers/auto_cc/inst/gen_clock_conv.gen_async_conv.asyncfifo_axi/inst_fifo_gen/gaxi_full_lite.gread_ch.grach2.axi_rach/grf.rf/gntv_or_sync_fifo.gcx.clkx/rd_pntr_cdc_inst/src_gray_ff_reg[1]/C
                            (rising edge-triggered cell FDRE clocked by clk_pl_0  {rise@0.000ns fall@2.000ns period=4.000ns})
  Destination:            kr260_min_i/axi_ic_PS_0_S_AXI_HP1_FPD/s00_couplers/auto_cc/inst/gen_clock_conv.gen_async_conv.asyncfifo_axi/inst_fifo_gen/gaxi_full_lite.gread_ch.grach2.axi_rach/grf.rf/gntv_or_sync_fifo.gcx.clkx/rd_pntr_cdc_inst/dest_graysync_ff_reg[0][1]/D
                            (rising edge-triggered cell FDRE clocked by clk_out1_kr260_min_clk_wiz_0  {rise@0.000ns fall@2.500ns period=5.000ns})
  Path Group:             clk_out1_kr260_min_clk_wiz_0
  Path Type:              Setup (Max at Slow Process Corner)
  Requirement:            4.000ns  (MaxDelay Path 4.000ns)
  Data Path Delay:        0.674ns  (logic 0.115ns (17.062%)  route 0.559ns (82.938%))
  Logic Levels:           0  
  Timing Exception:       MaxDelay Path 4.000ns -datapath_only

    Location             Delay type                Incr(ns)  Path(ns)    Netlist Resource(s)
  -------------------------------------------------------------------    -------------------
    SLICE_X3Y183                                      0.000     0.000 r  kr260_min_i/axi_ic_PS_0_S_AXI_HP1_FPD/s00_couplers/auto_cc/inst/gen_clock_conv.gen_async_conv.asyncfifo_axi/inst_fifo_gen/gaxi_full_lite.gread_ch.grach2.axi_rach/grf.rf/gntv_or_sync_fifo.gcx.clkx/rd_pntr_cdc_inst/src_gray_ff_reg[1]/C
    SLICE_X3Y183         FDRE (Prop_DFF2_SLICEL_C_Q)
                                                      0.115     0.115 r  kr260_min_i/axi_ic_PS_0_S_AXI_HP1_FPD/s00_couplers/auto_cc/inst/gen_clock_conv.gen_async_conv.asyncfifo_axi/inst_fifo_gen/gaxi_full_lite.gread_ch.grach2.axi_rach/grf.rf/gntv_or_sync_fifo.gcx.clkx/rd_pntr_cdc_inst/src_gray_ff_reg[1]/Q
                         net (fo=1, routed)           0.559     0.674    kr260_min_i/axi_ic_PS_0_S_AXI_HP1_FPD/s00_couplers/auto_cc/inst/gen_clock_conv.gen_async_conv.asyncfifo_axi/inst_fifo_gen/gaxi_full_lite.gread_ch.grach2.axi_rach/grf.rf/gntv_or_sync_fifo.gcx.clkx/rd_pntr_cdc_inst/async_path[1]
    SLICE_X2Y185         FDRE                                         r  kr260_min_i/axi_ic_PS_0_S_AXI_HP1_FPD/s00_couplers/auto_cc/inst/gen_clock_conv.gen_async_conv.asyncfifo_axi/inst_fifo_gen/gaxi_full_lite.gread_ch.grach2.axi_rach/grf.rf/gntv_or_sync_fifo.gcx.clkx/rd_pntr_cdc_inst/dest_graysync_ff_reg[0][1]/D
  -------------------------------------------------------------------    -------------------

                         max delay                    4.000     4.000    
    SLICE_X2Y185         FDRE (Setup_DFF2_SLICEM_C_D)
                                                      0.045     4.045    kr260_min_i/axi_ic_PS_0_S_AXI_HP1_FPD/s00_couplers/auto_cc/inst/gen_clock_conv.gen_async_conv.asyncfifo_axi/inst_fifo_gen/gaxi_full_lite.gread_ch.grach2.axi_rach/grf.rf/gntv_or_sync_fifo.gcx.clkx/rd_pntr_cdc_inst/dest_graysync_ff_reg[0][1]
  -------------------------------------------------------------------
                         required time                          4.045    
                         arrival time                          -0.674    
  -------------------------------------------------------------------
                         slack                                  3.371    

Slack (MET) :             3.402ns  (required time - arrival time)
  Source:                 kr260_min_i/axi_ic_PS_0_M_AXI_HPM0_FPD/s00_couplers/auto_cc/inst/gen_clock_conv.gen_async_conv.asyncfifo_axi/inst_fifo_gen/gaxi_full_lite.gwrite_ch.gwdch2.axi_wdch/grf.rf/gntv_or_sync_fifo.gcx.clkx/wr_pntr_cdc_inst/src_gray_ff_reg[3]/C
                            (rising edge-triggered cell FDRE clocked by clk_pl_0  {rise@0.000ns fall@2.000ns period=4.000ns})
  Destination:            kr260_min_i/axi_ic_PS_0_M_AXI_HPM0_FPD/s00_couplers/auto_cc/inst/gen_clock_conv.gen_async_conv.asyncfifo_axi/inst_fifo_gen/gaxi_full_lite.gwrite_ch.gwdch2.axi_wdch/grf.rf/gntv_or_sync_fifo.gcx.clkx/wr_pntr_cdc_inst/dest_graysync_ff_reg[0][3]/D
                            (rising edge-triggered cell FDRE clocked by clk_out1_kr260_min_clk_wiz_0  {rise@0.000ns fall@2.500ns period=5.000ns})
  Path Group:             clk_out1_kr260_min_clk_wiz_0
  Path Type:              Setup (Max at Slow Process Corner)
  Requirement:            4.000ns  (MaxDelay Path 4.000ns)
  Data Path Delay:        0.643ns  (logic 0.114ns (17.729%)  route 0.529ns (82.271%))
  Logic Levels:           0  
  Timing Exception:       MaxDelay Path 4.000ns -datapath_only

    Location             Delay type                Incr(ns)  Path(ns)    Netlist Resource(s)
  -------------------------------------------------------------------    -------------------
    SLICE_X6Y92                                       0.000     0.000 r  kr260_min_i/axi_ic_PS_0_M_AXI_HPM0_FPD/s00_couplers/auto_cc/inst/gen_clock_conv.gen_async_conv.asyncfifo_axi/inst_fifo_gen/gaxi_full_lite.gwrite_ch.gwdch2.axi_wdch/grf.rf/gntv_or_sync_fifo.gcx.clkx/wr_pntr_cdc_inst/src_gray_ff_reg[3]/C
    SLICE_X6Y92          FDRE (Prop_EFF_SLICEL_C_Q)
                                                      0.114     0.114 r  kr260_min_i/axi_ic_PS_0_M_AXI_HPM0_FPD/s00_couplers/auto_cc/inst/gen_clock_conv.gen_async_conv.asyncfifo_axi/inst_fifo_gen/gaxi_full_lite.gwrite_ch.gwdch2.axi_wdch/grf.rf/gntv_or_sync_fifo.gcx.clkx/wr_pntr_cdc_inst/src_gray_ff_reg[3]/Q
                         net (fo=1, routed)           0.529     0.643    kr260_min_i/axi_ic_PS_0_M_AXI_HPM0_FPD/s00_couplers/auto_cc/inst/gen_clock_conv.gen_async_conv.asyncfifo_axi/inst_fifo_gen/gaxi_full_lite.gwrite_ch.gwdch2.axi_wdch/grf.rf/gntv_or_sync_fifo.gcx.clkx/wr_pntr_cdc_inst/async_path[3]
    SLICE_X5Y91          FDRE                                         r  kr260_min_i/axi_ic_PS_0_M_AXI_HPM0_FPD/s00_couplers/auto_cc/inst/gen_clock_conv.gen_async_conv.asyncfifo_axi/inst_fifo_gen/gaxi_full_lite.gwrite_ch.gwdch2.axi_wdch/grf.rf/gntv_or_sync_fifo.gcx.clkx/wr_pntr_cdc_inst/dest_graysync_ff_reg[0][3]/D
  -------------------------------------------------------------------    -------------------

                         max delay                    4.000     4.000    
    SLICE_X5Y91          FDRE (Setup_DFF2_SLICEM_C_D)
                                                      0.045     4.045    kr260_min_i/axi_ic_PS_0_M_AXI_HPM0_FPD/s00_couplers/auto_cc/inst/gen_clock_conv.gen_async_conv.asyncfifo_axi/inst_fifo_gen/gaxi_full_lite.gwrite_ch.gwdch2.axi_wdch/grf.rf/gntv_or_sync_fifo.gcx.clkx/wr_pntr_cdc_inst/dest_graysync_ff_reg[0][3]
  -------------------------------------------------------------------
                         required time                          4.045    
                         arrival time                          -0.643    
  -------------------------------------------------------------------
                         slack                                  3.402    

Slack (MET) :             3.443ns  (required time - arrival time)
  Source:                 kr260_min_i/axi_ic_PS_0_S_AXI_HPC0_FPD/s00_couplers/auto_cc/inst/gen_clock_conv.gen_async_conv.asyncfifo_axi/inst_fifo_gen/gaxi_full_lite.gread_ch.grdch2.axi_rdch/grf.rf/gntv_or_sync_fifo.gcx.clkx/wr_pntr_cdc_inst/src_gray_ff_reg[3]/C
                            (rising edge-triggered cell FDRE clocked by clk_pl_0  {rise@0.000ns fall@2.000ns period=4.000ns})
  Destination:            kr260_min_i/axi_ic_PS_0_S_AXI_HPC0_FPD/s00_couplers/auto_cc/inst/gen_clock_conv.gen_async_conv.asyncfifo_axi/inst_fifo_gen/gaxi_full_lite.gread_ch.grdch2.axi_rdch/grf.rf/gntv_or_sync_fifo.gcx.clkx/wr_pntr_cdc_inst/dest_graysync_ff_reg[0][3]/D
                            (rising edge-triggered cell FDRE clocked by clk_out1_kr260_min_clk_wiz_0  {rise@0.000ns fall@2.500ns period=5.000ns})
  Path Group:             clk_out1_kr260_min_clk_wiz_0
  Path Type:              Setup (Max at Slow Process Corner)
  Requirement:            4.000ns  (MaxDelay Path 4.000ns)
  Data Path Delay:        0.603ns  (logic 0.114ns (18.905%)  route 0.489ns (81.095%))
  Logic Levels:           0  
  Timing Exception:       MaxDelay Path 4.000ns -datapath_only

    Location             Delay type                Incr(ns)  Path(ns)    Netlist Resource(s)
  -------------------------------------------------------------------    -------------------
    SLICE_X0Y146                                      0.000     0.000 r  kr260_min_i/axi_ic_PS_0_S_AXI_HPC0_FPD/s00_couplers/auto_cc/inst/gen_clock_conv.gen_async_conv.asyncfifo_axi/inst_fifo_gen/gaxi_full_lite.gread_ch.grdch2.axi_rdch/grf.rf/gntv_or_sync_fifo.gcx.clkx/wr_pntr_cdc_inst/src_gray_ff_reg[3]/C
    SLICE_X0Y146         FDRE (Prop_EFF_SLICEL_C_Q)
                                                      0.114     0.114 r  kr260_min_i/axi_ic_PS_0_S_AXI_HPC0_FPD/s00_couplers/auto_cc/inst/gen_clock_conv.gen_async_conv.asyncfifo_axi/inst_fifo_gen/gaxi_full_lite.gread_ch.grdch2.axi_rdch/grf.rf/gntv_or_sync_fifo.gcx.clkx/wr_pntr_cdc_inst/src_gray_ff_reg[3]/Q
                         net (fo=1, routed)           0.489     0.603    kr260_min_i/axi_ic_PS_0_S_AXI_HPC0_FPD/s00_couplers/auto_cc/inst/gen_clock_conv.gen_async_conv.asyncfifo_axi/inst_fifo_gen/gaxi_full_lite.gread_ch.grdch2.axi_rdch/grf.rf/gntv_or_sync_fifo.gcx.clkx/wr_pntr_cdc_inst/async_path[3]
    SLICE_X0Y146         FDRE                                         r  kr260_min_i/axi_ic_PS_0_S_AXI_HPC0_FPD/s00_couplers/auto_cc/inst/gen_clock_conv.gen_async_conv.asyncfifo_axi/inst_fifo_gen/gaxi_full_lite.gread_ch.grdch2.axi_rdch/grf.rf/gntv_or_sync_fifo.gcx.clkx/wr_pntr_cdc_inst/dest_graysync_ff_reg[0][3]/D
  -------------------------------------------------------------------    -------------------

                         max delay                    4.000     4.000    
    SLICE_X0Y146         FDRE (Setup_DFF2_SLICEL_C_D)
                                                      0.046     4.046    kr260_min_i/axi_ic_PS_0_S_AXI_HPC0_FPD/s00_couplers/auto_cc/inst/gen_clock_conv.gen_async_conv.asyncfifo_axi/inst_fifo_gen/gaxi_full_lite.gread_ch.grdch2.axi_rdch/grf.rf/gntv_or_sync_fifo.gcx.clkx/wr_pntr_cdc_inst/dest_graysync_ff_reg[0][3]
  -------------------------------------------------------------------
                         required time                          4.046    
                         arrival time                          -0.603    
  -------------------------------------------------------------------
                         slack                                  3.443    

Slack (MET) :             3.454ns  (required time - arrival time)
  Source:                 kr260_min_i/axi_ic_PS_0_M_AXI_HPM0_FPD/s00_couplers/auto_cc/inst/gen_clock_conv.gen_async_conv.asyncfifo_axi/inst_fifo_gen/gaxi_full_lite.gwrite_ch.gwach2.axi_wach/grf.rf/gntv_or_sync_fifo.gcx.clkx/wr_pntr_cdc_inst/src_gray_ff_reg[1]/C
                            (rising edge-triggered cell FDRE clocked by clk_pl_0  {rise@0.000ns fall@2.000ns period=4.000ns})
  Destination:            kr260_min_i/axi_ic_PS_0_M_AXI_HPM0_FPD/s00_couplers/auto_cc/inst/gen_clock_conv.gen_async_conv.asyncfifo_axi/inst_fifo_gen/gaxi_full_lite.gwrite_ch.gwach2.axi_wach/grf.rf/gntv_or_sync_fifo.gcx.clkx/wr_pntr_cdc_inst/dest_graysync_ff_reg[0][1]/D
                            (rising edge-triggered cell FDRE clocked by clk_out1_kr260_min_clk_wiz_0  {rise@0.000ns fall@2.500ns period=5.000ns})
  Path Group:             clk_out1_kr260_min_clk_wiz_0
  Path Type:              Setup (Max at Slow Process Corner)
  Requirement:            4.000ns  (MaxDelay Path 4.000ns)
  Data Path Delay:        0.592ns  (logic 0.115ns (19.426%)  route 0.477ns (80.574%))
  Logic Levels:           0  
  Timing Exception:       MaxDelay Path 4.000ns -datapath_only

    Location             Delay type                Incr(ns)  Path(ns)    Netlist Resource(s)
  -------------------------------------------------------------------    -------------------
    SLICE_X0Y83                                       0.000     0.000 r  kr260_min_i/axi_ic_PS_0_M_AXI_HPM0_FPD/s00_couplers/auto_cc/inst/gen_clock_conv.gen_async_conv.asyncfifo_axi/inst_fifo_gen/gaxi_full_lite.gwrite_ch.gwach2.axi_wach/grf.rf/gntv_or_sync_fifo.gcx.clkx/wr_pntr_cdc_inst/src_gray_ff_reg[1]/C
    SLICE_X0Y83          FDRE (Prop_HFF2_SLICEL_C_Q)
                                                      0.115     0.115 r  kr260_min_i/axi_ic_PS_0_M_AXI_HPM0_FPD/s00_couplers/auto_cc/inst/gen_clock_conv.gen_async_conv.asyncfifo_axi/inst_fifo_gen/gaxi_full_lite.gwrite_ch.gwach2.axi_wach/grf.rf/gntv_or_sync_fifo.gcx.clkx/wr_pntr_cdc_inst/src_gray_ff_reg[1]/Q
                         net (fo=1, routed)           0.477     0.592    kr260_min_i/axi_ic_PS_0_M_AXI_HPM0_FPD/s00_couplers/auto_cc/inst/gen_clock_conv.gen_async_conv.asyncfifo_axi/inst_fifo_gen/gaxi_full_lite.gwrite_ch.gwach2.axi_wach/grf.rf/gntv_or_sync_fifo.gcx.clkx/wr_pntr_cdc_inst/async_path[1]
    SLICE_X0Y83          FDRE                                         r  kr260_min_i/axi_ic_PS_0_M_AXI_HPM0_FPD/s00_couplers/auto_cc/inst/gen_clock_conv.gen_async_conv.asyncfifo_axi/inst_fifo_gen/gaxi_full_lite.gwrite_ch.gwach2.axi_wach/grf.rf/gntv_or_sync_fifo.gcx.clkx/wr_pntr_cdc_inst/dest_graysync_ff_reg[0][1]/D
  -------------------------------------------------------------------    -------------------

                         max delay                    4.000     4.000    
    SLICE_X0Y83          FDRE (Setup_DFF2_SLICEL_C_D)
                                                      0.046     4.046    kr260_min_i/axi_ic_PS_0_M_AXI_HPM0_FPD/s00_couplers/auto_cc/inst/gen_clock_conv.gen_async_conv.asyncfifo_axi/inst_fifo_gen/gaxi_full_lite.gwrite_ch.gwach2.axi_wach/grf.rf/gntv_or_sync_fifo.gcx.clkx/wr_pntr_cdc_inst/dest_graysync_ff_reg[0][1]
  -------------------------------------------------------------------
                         required time                          4.046    
                         arrival time                          -0.592    
  -------------------------------------------------------------------
                         slack                                  3.454    

Slack (MET) :             3.455ns  (required time - arrival time)
  Source:                 kr260_min_i/axi_ic_PS_0_S_AXI_HPC0_FPD/s00_couplers/auto_cc/inst/gen_clock_conv.gen_async_conv.asyncfifo_axi/inst_fifo_gen/gaxi_full_lite.gwrite_ch.gwach2.axi_wach/grf.rf/gntv_or_sync_fifo.gcx.clkx/rd_pntr_cdc_inst/src_gray_ff_reg[0]/C
                            (rising edge-triggered cell FDRE clocked by clk_pl_0  {rise@0.000ns fall@2.000ns period=4.000ns})
  Destination:            kr260_min_i/axi_ic_PS_0_S_AXI_HPC0_FPD/s00_couplers/auto_cc/inst/gen_clock_conv.gen_async_conv.asyncfifo_axi/inst_fifo_gen/gaxi_full_lite.gwrite_ch.gwach2.axi_wach/grf.rf/gntv_or_sync_fifo.gcx.clkx/rd_pntr_cdc_inst/dest_graysync_ff_reg[0][0]/D
                            (rising edge-triggered cell FDRE clocked by clk_out1_kr260_min_clk_wiz_0  {rise@0.000ns fall@2.500ns period=5.000ns})
  Path Group:             clk_out1_kr260_min_clk_wiz_0
  Path Type:              Setup (Max at Slow Process Corner)
  Requirement:            4.000ns  (MaxDelay Path 4.000ns)
  Data Path Delay:        0.591ns  (logic 0.114ns (19.289%)  route 0.477ns (80.711%))
  Logic Levels:           0  
  Timing Exception:       MaxDelay Path 4.000ns -datapath_only

    Location             Delay type                Incr(ns)  Path(ns)    Netlist Resource(s)
  -------------------------------------------------------------------    -------------------
    SLICE_X2Y3                                        0.000     0.000 r  kr260_min_i/axi_ic_PS_0_S_AXI_HPC0_FPD/s00_couplers/auto_cc/inst/gen_clock_conv.gen_async_conv.asyncfifo_axi/inst_fifo_gen/gaxi_full_lite.gwrite_ch.gwach2.axi_wach/grf.rf/gntv_or_sync_fifo.gcx.clkx/rd_pntr_cdc_inst/src_gray_ff_reg[0]/C
    SLICE_X2Y3           FDRE (Prop_HFF_SLICEM_C_Q)
                                                      0.114     0.114 r  kr260_min_i/axi_ic_PS_0_S_AXI_HPC0_FPD/s00_couplers/auto_cc/inst/gen_clock_conv.gen_async_conv.asyncfifo_axi/inst_fifo_gen/gaxi_full_lite.gwrite_ch.gwach2.axi_wach/grf.rf/gntv_or_sync_fifo.gcx.clkx/rd_pntr_cdc_inst/src_gray_ff_reg[0]/Q
                         net (fo=1, routed)           0.477     0.591    kr260_min_i/axi_ic_PS_0_S_AXI_HPC0_FPD/s00_couplers/auto_cc/inst/gen_clock_conv.gen_async_conv.asyncfifo_axi/inst_fifo_gen/gaxi_full_lite.gwrite_ch.gwach2.axi_wach/grf.rf/gntv_or_sync_fifo.gcx.clkx/rd_pntr_cdc_inst/async_path[0]
    SLICE_X3Y3           FDRE                                         r  kr260_min_i/axi_ic_PS_0_S_AXI_HPC0_FPD/s00_couplers/auto_cc/inst/gen_clock_conv.gen_async_conv.asyncfifo_axi/inst_fifo_gen/gaxi_full_lite.gwrite_ch.gwach2.axi_wach/grf.rf/gntv_or_sync_fifo.gcx.clkx/rd_pntr_cdc_inst/dest_graysync_ff_reg[0][0]/D
  -------------------------------------------------------------------    -------------------

                         max delay                    4.000     4.000    
    SLICE_X3Y3           FDRE (Setup_DFF2_SLICEL_C_D)
                                                      0.046     4.046    kr260_min_i/axi_ic_PS_0_S_AXI_HPC0_FPD/s00_couplers/auto_cc/inst/gen_clock_conv.gen_async_conv.asyncfifo_axi/inst_fifo_gen/gaxi_full_lite.gwrite_ch.gwach2.axi_wach/grf.rf/gntv_or_sync_fifo.gcx.clkx/rd_pntr_cdc_inst/dest_graysync_ff_reg[0][0]
  -------------------------------------------------------------------
                         required time                          4.046    
                         arrival time                          -0.591    
  -------------------------------------------------------------------
                         slack                                  3.455    

Slack (MET) :             3.460ns  (required time - arrival time)
  Source:                 kr260_min_i/axi_ic_PS_0_S_AXI_HPC0_FPD/s00_couplers/auto_cc/inst/gen_clock_conv.gen_async_conv.asyncfifo_axi/inst_fifo_gen/gaxi_full_lite.gread_ch.grach2.axi_rach/grf.rf/gntv_or_sync_fifo.gcx.clkx/rd_pntr_cdc_inst/src_gray_ff_reg[2]/C
                            (rising edge-triggered cell FDRE clocked by clk_pl_0  {rise@0.000ns fall@2.000ns period=4.000ns})
  Destination:            kr260_min_i/axi_ic_PS_0_S_AXI_HPC0_FPD/s00_couplers/auto_cc/inst/gen_clock_conv.gen_async_conv.asyncfifo_axi/inst_fifo_gen/gaxi_full_lite.gread_ch.grach2.axi_rach/grf.rf/gntv_or_sync_fifo.gcx.clkx/rd_pntr_cdc_inst/dest_graysync_ff_reg[0][2]/D
                            (rising edge-triggered cell FDRE clocked by clk_out1_kr260_min_clk_wiz_0  {rise@0.000ns fall@2.500ns period=5.000ns})
  Path Group:             clk_out1_kr260_min_clk_wiz_0
  Path Type:              Setup (Max at Slow Process Corner)
  Requirement:            4.000ns  (MaxDelay Path 4.000ns)
  Data Path Delay:        0.586ns  (logic 0.113ns (19.283%)  route 0.473ns (80.717%))
  Logic Levels:           0  
  Timing Exception:       MaxDelay Path 4.000ns -datapath_only

    Location             Delay type                Incr(ns)  Path(ns)    Netlist Resource(s)
  -------------------------------------------------------------------    -------------------
    SLICE_X3Y17                                       0.000     0.000 r  kr260_min_i/axi_ic_PS_0_S_AXI_HPC0_FPD/s00_couplers/auto_cc/inst/gen_clock_conv.gen_async_conv.asyncfifo_axi/inst_fifo_gen/gaxi_full_lite.gread_ch.grach2.axi_rach/grf.rf/gntv_or_sync_fifo.gcx.clkx/rd_pntr_cdc_inst/src_gray_ff_reg[2]/C
    SLICE_X3Y17          FDRE (Prop_HFF_SLICEL_C_Q)
                                                      0.113     0.113 r  kr260_min_i/axi_ic_PS_0_S_AXI_HPC0_FPD/s00_couplers/auto_cc/inst/gen_clock_conv.gen_async_conv.asyncfifo_axi/inst_fifo_gen/gaxi_full_lite.gread_ch.grach2.axi_rach/grf.rf/gntv_or_sync_fifo.gcx.clkx/rd_pntr_cdc_inst/src_gray_ff_reg[2]/Q
                         net (fo=1, routed)           0.473     0.586    kr260_min_i/axi_ic_PS_0_S_AXI_HPC0_FPD/s00_couplers/auto_cc/inst/gen_clock_conv.gen_async_conv.asyncfifo_axi/inst_fifo_gen/gaxi_full_lite.gread_ch.grach2.axi_rach/grf.rf/gntv_or_sync_fifo.gcx.clkx/rd_pntr_cdc_inst/async_path[2]
    SLICE_X3Y17          FDRE                                         r  kr260_min_i/axi_ic_PS_0_S_AXI_HPC0_FPD/s00_couplers/auto_cc/inst/gen_clock_conv.gen_async_conv.asyncfifo_axi/inst_fifo_gen/gaxi_full_lite.gread_ch.grach2.axi_rach/grf.rf/gntv_or_sync_fifo.gcx.clkx/rd_pntr_cdc_inst/dest_graysync_ff_reg[0][2]/D
  -------------------------------------------------------------------    -------------------

                         max delay                    4.000     4.000    
    SLICE_X3Y17          FDRE (Setup_DFF2_SLICEL_C_D)
                                                      0.046     4.046    kr260_min_i/axi_ic_PS_0_S_AXI_HPC0_FPD/s00_couplers/auto_cc/inst/gen_clock_conv.gen_async_conv.asyncfifo_axi/inst_fifo_gen/gaxi_full_lite.gread_ch.grach2.axi_rach/grf.rf/gntv_or_sync_fifo.gcx.clkx/rd_pntr_cdc_inst/dest_graysync_ff_reg[0][2]
  -------------------------------------------------------------------
                         required time                          4.046    
                         arrival time                          -0.586    
  -------------------------------------------------------------------
                         slack                                  3.460    

Slack (MET) :             3.473ns  (required time - arrival time)
  Source:                 kr260_min_i/axi_ic_PS_0_S_AXI_HP1_FPD/s00_couplers/auto_cc/inst/gen_clock_conv.gen_async_conv.asyncfifo_axi/inst_fifo_gen/gaxi_full_lite.gwrite_ch.gwrch2.axi_wrch/grf.rf/gntv_or_sync_fifo.gcx.clkx/wr_pntr_cdc_inst/src_gray_ff_reg[1]/C
                            (rising edge-triggered cell FDRE clocked by clk_pl_0  {rise@0.000ns fall@2.000ns period=4.000ns})
  Destination:            kr260_min_i/axi_ic_PS_0_S_AXI_HP1_FPD/s00_couplers/auto_cc/inst/gen_clock_conv.gen_async_conv.asyncfifo_axi/inst_fifo_gen/gaxi_full_lite.gwrite_ch.gwrch2.axi_wrch/grf.rf/gntv_or_sync_fifo.gcx.clkx/wr_pntr_cdc_inst/dest_graysync_ff_reg[0][1]/D
                            (rising edge-triggered cell FDRE clocked by clk_out1_kr260_min_clk_wiz_0  {rise@0.000ns fall@2.500ns period=5.000ns})
  Path Group:             clk_out1_kr260_min_clk_wiz_0
  Path Type:              Setup (Max at Slow Process Corner)
  Requirement:            4.000ns  (MaxDelay Path 4.000ns)
  Data Path Delay:        0.573ns  (logic 0.115ns (20.070%)  route 0.458ns (79.930%))
  Logic Levels:           0  
  Timing Exception:       MaxDelay Path 4.000ns -datapath_only

    Location             Delay type                Incr(ns)  Path(ns)    Netlist Resource(s)
  -------------------------------------------------------------------    -------------------
    SLICE_X1Y216                                      0.000     0.000 r  kr260_min_i/axi_ic_PS_0_S_AXI_HP1_FPD/s00_couplers/auto_cc/inst/gen_clock_conv.gen_async_conv.asyncfifo_axi/inst_fifo_gen/gaxi_full_lite.gwrite_ch.gwrch2.axi_wrch/grf.rf/gntv_or_sync_fifo.gcx.clkx/wr_pntr_cdc_inst/src_gray_ff_reg[1]/C
    SLICE_X1Y216         FDRE (Prop_DFF2_SLICEM_C_Q)
                                                      0.115     0.115 r  kr260_min_i/axi_ic_PS_0_S_AXI_HP1_FPD/s00_couplers/auto_cc/inst/gen_clock_conv.gen_async_conv.asyncfifo_axi/inst_fifo_gen/gaxi_full_lite.gwrite_ch.gwrch2.axi_wrch/grf.rf/gntv_or_sync_fifo.gcx.clkx/wr_pntr_cdc_inst/src_gray_ff_reg[1]/Q
                         net (fo=1, routed)           0.458     0.573    kr260_min_i/axi_ic_PS_0_S_AXI_HP1_FPD/s00_couplers/auto_cc/inst/gen_clock_conv.gen_async_conv.asyncfifo_axi/inst_fifo_gen/gaxi_full_lite.gwrite_ch.gwrch2.axi_wrch/grf.rf/gntv_or_sync_fifo.gcx.clkx/wr_pntr_cdc_inst/async_path[1]
    SLICE_X3Y216         FDRE                                         r  kr260_min_i/axi_ic_PS_0_S_AXI_HP1_FPD/s00_couplers/auto_cc/inst/gen_clock_conv.gen_async_conv.asyncfifo_axi/inst_fifo_gen/gaxi_full_lite.gwrite_ch.gwrch2.axi_wrch/grf.rf/gntv_or_sync_fifo.gcx.clkx/wr_pntr_cdc_inst/dest_graysync_ff_reg[0][1]/D
  -------------------------------------------------------------------    -------------------

                         max delay                    4.000     4.000    
    SLICE_X3Y216         FDRE (Setup_DFF2_SLICEL_C_D)
                                                      0.046     4.046    kr260_min_i/axi_ic_PS_0_S_AXI_HP1_FPD/s00_couplers/auto_cc/inst/gen_clock_conv.gen_async_conv.asyncfifo_axi/inst_fifo_gen/gaxi_full_lite.gwrite_ch.gwrch2.axi_wrch/grf.rf/gntv_or_sync_fifo.gcx.clkx/wr_pntr_cdc_inst/dest_graysync_ff_reg[0][1]
  -------------------------------------------------------------------
                         required time                          4.046    
                         arrival time                          -0.573    
  -------------------------------------------------------------------
                         slack                                  3.473    





---------------------------------------------------------------------------------------------------
Path Group:  **async_default**
From Clock:  clk_out1_kr260_min_clk_wiz_0
  To Clock:  clk_out1_kr260_min_clk_wiz_0

Setup :            0  Failing Endpoints,  Worst Slack        3.420ns,  Total Violation        0.000ns
Hold  :            0  Failing Endpoints,  Worst Slack        0.139ns,  Total Violation        0.000ns
---------------------------------------------------------------------------------------------------


Max Delay Paths
--------------------------------------------------------------------------------------
Slack (MET) :             3.420ns  (required time - arrival time)
  Source:                 kr260_min_i/axi_ic_PS_0_S_AXI_HPC0_FPD/s00_couplers/auto_cc/inst/gen_clock_conv.gen_async_conv.asyncfifo_axi/inst_fifo_gen/gaxi_full_lite.gwrite_ch.gwdch2.axi_wdch/grf.rf/rstblk/ngwrdrst.grst.g7serrst.gnsckt_wrst.rst_wr_reg2_inst/arststages_ff_reg[1]/C
                            (rising edge-triggered cell FDPE clocked by clk_out1_kr260_min_clk_wiz_0  {rise@0.000ns fall@2.500ns period=5.000ns})
  Destination:            kr260_min_i/axi_ic_PS_0_S_AXI_HPC0_FPD/s00_couplers/auto_cc/inst/gen_clock_conv.gen_async_conv.asyncfifo_axi/inst_fifo_gen/gaxi_full_lite.gwrite_ch.gwdch2.axi_wdch/grf.rf/rstblk/grstd1.grst_full.grst_f.rst_d1_reg/PRE
                            (recovery check against rising-edge clock clk_out1_kr260_min_clk_wiz_0  {rise@0.000ns fall@2.500ns period=5.000ns})
  Path Group:             **async_default**
  Path Type:              Recovery (Max at Slow Process Corner)
  Requirement:            5.000ns  (clk_out1_kr260_min_clk_wiz_0 rise@5.000ns - clk_out1_kr260_min_clk_wiz_0 rise@0.000ns)
  Data Path Delay:        1.393ns  (logic 0.118ns (8.474%)  route 1.275ns (91.526%))
  Logic Levels:           0  
  Clock Path Skew:        -0.037ns (DCD - SCD + CPR)
    Destination Clock Delay (DCD):    5.182ns = ( 10.182 - 5.000 ) 
    Source Clock Delay      (SCD):    4.782ns
    Clock Pessimism Removal (CPR):    -0.437ns
  Clock Uncertainty:      0.057ns  ((TSJ^2 + DJ^2)^1/2) / 2 + PE
    Total System Jitter     (TSJ):    0.071ns
    Discrete Jitter          (DJ):    0.091ns
    Phase Error              (PE):    0.000ns
  Clock Net Delay (Source):      2.219ns (routing 0.724ns, distribution 1.495ns)
  Clock Net Delay (Destination): 2.019ns (routing 0.669ns, distribution 1.350ns)

    Location             Delay type                Incr(ns)  Path(ns)    Netlist Resource(s)
  -------------------------------------------------------------------    -------------------
                         (clock clk_out1_kr260_min_clk_wiz_0 rise edge)
                                                      0.000     0.000 r  
    BUFG_PS_X0Y80        BUFG_PS                      0.000     0.000 r  kr260_min_i/PS_0/inst/buffer_pl_clk_0.PL_CLK_0_BUFG/O
                         net (fo=5670, routed)        2.274     2.274    kr260_min_i/clk_wiz/inst/clk_in1
    MMCM_X0Y0            MMCME4_ADV (Prop_MMCM_CLKIN1_CLKOUT0)
                                                     -0.103     2.171 r  kr260_min_i/clk_wiz/inst/mmcme4_adv_inst/CLKOUT0
                         net (fo=1, routed)           0.348     2.519    kr260_min_i/clk_wiz/inst/clk_out1_kr260_min_clk_wiz_0
    BUFGCE_X0Y1          BUFGCE (Prop_BUFCE_BUFGCE_I_O)
                                                      0.044     2.563 r  kr260_min_i/clk_wiz/inst/clkout1_buf/O
    X1Y1 (CLOCK_ROOT)    net (fo=62375, routed)       2.219     4.782    kr260_min_i/axi_ic_PS_0_S_AXI_HPC0_FPD/s00_couplers/auto_cc/inst/gen_clock_conv.gen_async_conv.asyncfifo_axi/inst_fifo_gen/gaxi_full_lite.gwrite_ch.gwdch2.axi_wdch/grf.rf/rstblk/ngwrdrst.grst.g7serrst.gnsckt_wrst.rst_wr_reg2_inst/dest_clk
    SLICE_X18Y2          FDPE                                         r  kr260_min_i/axi_ic_PS_0_S_AXI_HPC0_FPD/s00_couplers/auto_cc/inst/gen_clock_conv.gen_async_conv.asyncfifo_axi/inst_fifo_gen/gaxi_full_lite.gwrite_ch.gwdch2.axi_wdch/grf.rf/rstblk/ngwrdrst.grst.g7serrst.gnsckt_wrst.rst_wr_reg2_inst/arststages_ff_reg[1]/C
  -------------------------------------------------------------------    -------------------
    SLICE_X18Y2          FDPE (Prop_AFF2_SLICEM_C_Q)
                                                      0.118     4.900 f  kr260_min_i/axi_ic_PS_0_S_AXI_HPC0_FPD/s00_couplers/auto_cc/inst/gen_clock_conv.gen_async_conv.asyncfifo_axi/inst_fifo_gen/gaxi_full_lite.gwrite_ch.gwdch2.axi_wdch/grf.rf/rstblk/ngwrdrst.grst.g7serrst.gnsckt_wrst.rst_wr_reg2_inst/arststages_ff_reg[1]/Q
                         net (fo=9, routed)           1.275     6.175    kr260_min_i/axi_ic_PS_0_S_AXI_HPC0_FPD/s00_couplers/auto_cc/inst/gen_clock_conv.gen_async_conv.asyncfifo_axi/inst_fifo_gen/gaxi_full_lite.gwrite_ch.gwdch2.axi_wdch/grf.rf/rstblk/ngwrdrst.rst_wr_reg2
    SLICE_X18Y3          FDPE                                         f  kr260_min_i/axi_ic_PS_0_S_AXI_HPC0_FPD/s00_couplers/auto_cc/inst/gen_clock_conv.gen_async_conv.asyncfifo_axi/inst_fifo_gen/gaxi_full_lite.gwrite_ch.gwdch2.axi_wdch/grf.rf/rstblk/grstd1.grst_full.grst_f.rst_d1_reg/PRE
  -------------------------------------------------------------------    -------------------

                         (clock clk_out1_kr260_min_clk_wiz_0 rise edge)
                                                      5.000     5.000 r  
    BUFG_PS_X0Y80        BUFG_PS                      0.000     5.000 r  kr260_min_i/PS_0/inst/buffer_pl_clk_0.PL_CLK_0_BUFG/O
                         net (fo=5670, routed)        2.078     7.078    kr260_min_i/clk_wiz/inst/clk_in1
    MMCM_X0Y0            MMCME4_ADV (Prop_MMCM_CLKIN1_CLKOUT0)
                                                      0.739     7.817 r  kr260_min_i/clk_wiz/inst/mmcme4_adv_inst/CLKOUT0
                         net (fo=1, routed)           0.307     8.124    kr260_min_i/clk_wiz/inst/clk_out1_kr260_min_clk_wiz_0
    BUFGCE_X0Y1          BUFGCE (Prop_BUFCE_BUFGCE_I_O)
                                                      0.039     8.163 r  kr260_min_i/clk_wiz/inst/clkout1_buf/O
    X1Y1 (CLOCK_ROOT)    net (fo=62375, routed)       2.019    10.182    kr260_min_i/axi_ic_PS_0_S_AXI_HPC0_FPD/s00_couplers/auto_cc/inst/gen_clock_conv.gen_async_conv.asyncfifo_axi/inst_fifo_gen/gaxi_full_lite.gwrite_ch.gwdch2.axi_wdch/grf.rf/rstblk/s_aclk
    SLICE_X18Y3          FDPE                                         r  kr260_min_i/axi_ic_PS_0_S_AXI_HPC0_FPD/s00_couplers/auto_cc/inst/gen_clock_conv.gen_async_conv.asyncfifo_axi/inst_fifo_gen/gaxi_full_lite.gwrite_ch.gwdch2.axi_wdch/grf.rf/rstblk/grstd1.grst_full.grst_f.rst_d1_reg/C
                         clock pessimism             -0.437     9.745    
                         clock uncertainty           -0.057     9.688    
    SLICE_X18Y3          FDPE (Recov_CFF2_SLICEM_C_PRE)
                                                     -0.093     9.595    kr260_min_i/axi_ic_PS_0_S_AXI_HPC0_FPD/s00_couplers/auto_cc/inst/gen_clock_conv.gen_async_conv.asyncfifo_axi/inst_fifo_gen/gaxi_full_lite.gwrite_ch.gwdch2.axi_wdch/grf.rf/rstblk/grstd1.grst_full.grst_f.rst_d1_reg
  -------------------------------------------------------------------
                         required time                          9.595    
                         arrival time                          -6.175    
  -------------------------------------------------------------------
                         slack                                  3.420    

Slack (MET) :             3.420ns  (required time - arrival time)
  Source:                 kr260_min_i/axi_ic_PS_0_S_AXI_HPC0_FPD/s00_couplers/auto_cc/inst/gen_clock_conv.gen_async_conv.asyncfifo_axi/inst_fifo_gen/gaxi_full_lite.gwrite_ch.gwdch2.axi_wdch/grf.rf/rstblk/ngwrdrst.grst.g7serrst.gnsckt_wrst.rst_wr_reg2_inst/arststages_ff_reg[1]/C
                            (rising edge-triggered cell FDPE clocked by clk_out1_kr260_min_clk_wiz_0  {rise@0.000ns fall@2.500ns period=5.000ns})
  Destination:            kr260_min_i/axi_ic_PS_0_S_AXI_HPC0_FPD/s00_couplers/auto_cc/inst/gen_clock_conv.gen_async_conv.asyncfifo_axi/inst_fifo_gen/gaxi_full_lite.gwrite_ch.gwdch2.axi_wdch/grf.rf/rstblk/grstd1.grst_full.grst_f.rst_d2_reg/PRE
                            (recovery check against rising-edge clock clk_out1_kr260_min_clk_wiz_0  {rise@0.000ns fall@2.500ns period=5.000ns})
  Path Group:             **async_default**
  Path Type:              Recovery (Max at Slow Process Corner)
  Requirement:            5.000ns  (clk_out1_kr260_min_clk_wiz_0 rise@5.000ns - clk_out1_kr260_min_clk_wiz_0 rise@0.000ns)
  Data Path Delay:        1.393ns  (logic 0.118ns (8.474%)  route 1.275ns (91.526%))
  Logic Levels:           0  
  Clock Path Skew:        -0.037ns (DCD - SCD + CPR)
    Destination Clock Delay (DCD):    5.182ns = ( 10.182 - 5.000 ) 
    Source Clock Delay      (SCD):    4.782ns
    Clock Pessimism Removal (CPR):    -0.437ns
  Clock Uncertainty:      0.057ns  ((TSJ^2 + DJ^2)^1/2) / 2 + PE
    Total System Jitter     (TSJ):    0.071ns
    Discrete Jitter          (DJ):    0.091ns
    Phase Error              (PE):    0.000ns
  Clock Net Delay (Source):      2.219ns (routing 0.724ns, distribution 1.495ns)
  Clock Net Delay (Destination): 2.019ns (routing 0.669ns, distribution 1.350ns)

    Location             Delay type                Incr(ns)  Path(ns)    Netlist Resource(s)
  -------------------------------------------------------------------    -------------------
                         (clock clk_out1_kr260_min_clk_wiz_0 rise edge)
                                                      0.000     0.000 r  
    BUFG_PS_X0Y80        BUFG_PS                      0.000     0.000 r  kr260_min_i/PS_0/inst/buffer_pl_clk_0.PL_CLK_0_BUFG/O
                         net (fo=5670, routed)        2.274     2.274    kr260_min_i/clk_wiz/inst/clk_in1
    MMCM_X0Y0            MMCME4_ADV (Prop_MMCM_CLKIN1_CLKOUT0)
                                                     -0.103     2.171 r  kr260_min_i/clk_wiz/inst/mmcme4_adv_inst/CLKOUT0
                         net (fo=1, routed)           0.348     2.519    kr260_min_i/clk_wiz/inst/clk_out1_kr260_min_clk_wiz_0
    BUFGCE_X0Y1          BUFGCE (Prop_BUFCE_BUFGCE_I_O)
                                                      0.044     2.563 r  kr260_min_i/clk_wiz/inst/clkout1_buf/O
    X1Y1 (CLOCK_ROOT)    net (fo=62375, routed)       2.219     4.782    kr260_min_i/axi_ic_PS_0_S_AXI_HPC0_FPD/s00_couplers/auto_cc/inst/gen_clock_conv.gen_async_conv.asyncfifo_axi/inst_fifo_gen/gaxi_full_lite.gwrite_ch.gwdch2.axi_wdch/grf.rf/rstblk/ngwrdrst.grst.g7serrst.gnsckt_wrst.rst_wr_reg2_inst/dest_clk
    SLICE_X18Y2          FDPE                                         r  kr260_min_i/axi_ic_PS_0_S_AXI_HPC0_FPD/s00_couplers/auto_cc/inst/gen_clock_conv.gen_async_conv.asyncfifo_axi/inst_fifo_gen/gaxi_full_lite.gwrite_ch.gwdch2.axi_wdch/grf.rf/rstblk/ngwrdrst.grst.g7serrst.gnsckt_wrst.rst_wr_reg2_inst/arststages_ff_reg[1]/C
  -------------------------------------------------------------------    -------------------
    SLICE_X18Y2          FDPE (Prop_AFF2_SLICEM_C_Q)
                                                      0.118     4.900 f  kr260_min_i/axi_ic_PS_0_S_AXI_HPC0_FPD/s00_couplers/auto_cc/inst/gen_clock_conv.gen_async_conv.asyncfifo_axi/inst_fifo_gen/gaxi_full_lite.gwrite_ch.gwdch2.axi_wdch/grf.rf/rstblk/ngwrdrst.grst.g7serrst.gnsckt_wrst.rst_wr_reg2_inst/arststages_ff_reg[1]/Q
                         net (fo=9, routed)           1.275     6.175    kr260_min_i/axi_ic_PS_0_S_AXI_HPC0_FPD/s00_couplers/auto_cc/inst/gen_clock_conv.gen_async_conv.asyncfifo_axi/inst_fifo_gen/gaxi_full_lite.gwrite_ch.gwdch2.axi_wdch/grf.rf/rstblk/ngwrdrst.rst_wr_reg2
    SLICE_X18Y3          FDPE                                         f  kr260_min_i/axi_ic_PS_0_S_AXI_HPC0_FPD/s00_couplers/auto_cc/inst/gen_clock_conv.gen_async_conv.asyncfifo_axi/inst_fifo_gen/gaxi_full_lite.gwrite_ch.gwdch2.axi_wdch/grf.rf/rstblk/grstd1.grst_full.grst_f.rst_d2_reg/PRE
  -------------------------------------------------------------------    -------------------

                         (clock clk_out1_kr260_min_clk_wiz_0 rise edge)
                                                      5.000     5.000 r  
    BUFG_PS_X0Y80        BUFG_PS                      0.000     5.000 r  kr260_min_i/PS_0/inst/buffer_pl_clk_0.PL_CLK_0_BUFG/O
                         net (fo=5670, routed)        2.078     7.078    kr260_min_i/clk_wiz/inst/clk_in1
    MMCM_X0Y0            MMCME4_ADV (Prop_MMCM_CLKIN1_CLKOUT0)
                                                      0.739     7.817 r  kr260_min_i/clk_wiz/inst/mmcme4_adv_inst/CLKOUT0
                         net (fo=1, routed)           0.307     8.124    kr260_min_i/clk_wiz/inst/clk_out1_kr260_min_clk_wiz_0
    BUFGCE_X0Y1          BUFGCE (Prop_BUFCE_BUFGCE_I_O)
                                                      0.039     8.163 r  kr260_min_i/clk_wiz/inst/clkout1_buf/O
    X1Y1 (CLOCK_ROOT)    net (fo=62375, routed)       2.019    10.182    kr260_min_i/axi_ic_PS_0_S_AXI_HPC0_FPD/s00_couplers/auto_cc/inst/gen_clock_conv.gen_async_conv.asyncfifo_axi/inst_fifo_gen/gaxi_full_lite.gwrite_ch.gwdch2.axi_wdch/grf.rf/rstblk/s_aclk
    SLICE_X18Y3          FDPE                                         r  kr260_min_i/axi_ic_PS_0_S_AXI_HPC0_FPD/s00_couplers/auto_cc/inst/gen_clock_conv.gen_async_conv.asyncfifo_axi/inst_fifo_gen/gaxi_full_lite.gwrite_ch.gwdch2.axi_wdch/grf.rf/rstblk/grstd1.grst_full.grst_f.rst_d2_reg/C
                         clock pessimism             -0.437     9.745    
                         clock uncertainty           -0.057     9.688    
    SLICE_X18Y3          FDPE (Recov_AFF2_SLICEM_C_PRE)
                                                     -0.093     9.595    kr260_min_i/axi_ic_PS_0_S_AXI_HPC0_FPD/s00_couplers/auto_cc/inst/gen_clock_conv.gen_async_conv.asyncfifo_axi/inst_fifo_gen/gaxi_full_lite.gwrite_ch.gwdch2.axi_wdch/grf.rf/rstblk/grstd1.grst_full.grst_f.rst_d2_reg
  -------------------------------------------------------------------
                         required time                          9.595    
                         arrival time                          -6.175    
  -------------------------------------------------------------------
                         slack                                  3.420    

Slack (MET) :             3.420ns  (required time - arrival time)
  Source:                 kr260_min_i/axi_ic_PS_0_S_AXI_HPC0_FPD/s00_couplers/auto_cc/inst/gen_clock_conv.gen_async_conv.asyncfifo_axi/inst_fifo_gen/gaxi_full_lite.gwrite_ch.gwdch2.axi_wdch/grf.rf/rstblk/ngwrdrst.grst.g7serrst.gnsckt_wrst.rst_wr_reg2_inst/arststages_ff_reg[1]/C
                            (rising edge-triggered cell FDPE clocked by clk_out1_kr260_min_clk_wiz_0  {rise@0.000ns fall@2.500ns period=5.000ns})
  Destination:            kr260_min_i/axi_ic_PS_0_S_AXI_HPC0_FPD/s00_couplers/auto_cc/inst/gen_clock_conv.gen_async_conv.asyncfifo_axi/inst_fifo_gen/gaxi_full_lite.gwrite_ch.gwdch2.axi_wdch/grf.rf/rstblk/grstd1.grst_full.grst_f.rst_d3_reg/PRE
                            (recovery check against rising-edge clock clk_out1_kr260_min_clk_wiz_0  {rise@0.000ns fall@2.500ns period=5.000ns})
  Path Group:             **async_default**
  Path Type:              Recovery (Max at Slow Process Corner)
  Requirement:            5.000ns  (clk_out1_kr260_min_clk_wiz_0 rise@5.000ns - clk_out1_kr260_min_clk_wiz_0 rise@0.000ns)
  Data Path Delay:        1.393ns  (logic 0.118ns (8.474%)  route 1.275ns (91.526%))
  Logic Levels:           0  
  Clock Path Skew:        -0.037ns (DCD - SCD + CPR)
    Destination Clock Delay (DCD):    5.182ns = ( 10.182 - 5.000 ) 
    Source Clock Delay      (SCD):    4.782ns
    Clock Pessimism Removal (CPR):    -0.437ns
  Clock Uncertainty:      0.057ns  ((TSJ^2 + DJ^2)^1/2) / 2 + PE
    Total System Jitter     (TSJ):    0.071ns
    Discrete Jitter          (DJ):    0.091ns
    Phase Error              (PE):    0.000ns
  Clock Net Delay (Source):      2.219ns (routing 0.724ns, distribution 1.495ns)
  Clock Net Delay (Destination): 2.019ns (routing 0.669ns, distribution 1.350ns)

    Location             Delay type                Incr(ns)  Path(ns)    Netlist Resource(s)
  -------------------------------------------------------------------    -------------------
                         (clock clk_out1_kr260_min_clk_wiz_0 rise edge)
                                                      0.000     0.000 r  
    BUFG_PS_X0Y80        BUFG_PS                      0.000     0.000 r  kr260_min_i/PS_0/inst/buffer_pl_clk_0.PL_CLK_0_BUFG/O
                         net (fo=5670, routed)        2.274     2.274    kr260_min_i/clk_wiz/inst/clk_in1
    MMCM_X0Y0            MMCME4_ADV (Prop_MMCM_CLKIN1_CLKOUT0)
                                                     -0.103     2.171 r  kr260_min_i/clk_wiz/inst/mmcme4_adv_inst/CLKOUT0
                         net (fo=1, routed)           0.348     2.519    kr260_min_i/clk_wiz/inst/clk_out1_kr260_min_clk_wiz_0
    BUFGCE_X0Y1          BUFGCE (Prop_BUFCE_BUFGCE_I_O)
                                                      0.044     2.563 r  kr260_min_i/clk_wiz/inst/clkout1_buf/O
    X1Y1 (CLOCK_ROOT)    net (fo=62375, routed)       2.219     4.782    kr260_min_i/axi_ic_PS_0_S_AXI_HPC0_FPD/s00_couplers/auto_cc/inst/gen_clock_conv.gen_async_conv.asyncfifo_axi/inst_fifo_gen/gaxi_full_lite.gwrite_ch.gwdch2.axi_wdch/grf.rf/rstblk/ngwrdrst.grst.g7serrst.gnsckt_wrst.rst_wr_reg2_inst/dest_clk
    SLICE_X18Y2          FDPE                                         r  kr260_min_i/axi_ic_PS_0_S_AXI_HPC0_FPD/s00_couplers/auto_cc/inst/gen_clock_conv.gen_async_conv.asyncfifo_axi/inst_fifo_gen/gaxi_full_lite.gwrite_ch.gwdch2.axi_wdch/grf.rf/rstblk/ngwrdrst.grst.g7serrst.gnsckt_wrst.rst_wr_reg2_inst/arststages_ff_reg[1]/C
  -------------------------------------------------------------------    -------------------
    SLICE_X18Y2          FDPE (Prop_AFF2_SLICEM_C_Q)
                                                      0.118     4.900 f  kr260_min_i/axi_ic_PS_0_S_AXI_HPC0_FPD/s00_couplers/auto_cc/inst/gen_clock_conv.gen_async_conv.asyncfifo_axi/inst_fifo_gen/gaxi_full_lite.gwrite_ch.gwdch2.axi_wdch/grf.rf/rstblk/ngwrdrst.grst.g7serrst.gnsckt_wrst.rst_wr_reg2_inst/arststages_ff_reg[1]/Q
                         net (fo=9, routed)           1.275     6.175    kr260_min_i/axi_ic_PS_0_S_AXI_HPC0_FPD/s00_couplers/auto_cc/inst/gen_clock_conv.gen_async_conv.asyncfifo_axi/inst_fifo_gen/gaxi_full_lite.gwrite_ch.gwdch2.axi_wdch/grf.rf/rstblk/ngwrdrst.rst_wr_reg2
    SLICE_X18Y3          FDPE                                         f  kr260_min_i/axi_ic_PS_0_S_AXI_HPC0_FPD/s00_couplers/auto_cc/inst/gen_clock_conv.gen_async_conv.asyncfifo_axi/inst_fifo_gen/gaxi_full_lite.gwrite_ch.gwdch2.axi_wdch/grf.rf/rstblk/grstd1.grst_full.grst_f.rst_d3_reg/PRE
  -------------------------------------------------------------------    -------------------

                         (clock clk_out1_kr260_min_clk_wiz_0 rise edge)
                                                      5.000     5.000 r  
    BUFG_PS_X0Y80        BUFG_PS                      0.000     5.000 r  kr260_min_i/PS_0/inst/buffer_pl_clk_0.PL_CLK_0_BUFG/O
                         net (fo=5670, routed)        2.078     7.078    kr260_min_i/clk_wiz/inst/clk_in1
    MMCM_X0Y0            MMCME4_ADV (Prop_MMCM_CLKIN1_CLKOUT0)
                                                      0.739     7.817 r  kr260_min_i/clk_wiz/inst/mmcme4_adv_inst/CLKOUT0
                         net (fo=1, routed)           0.307     8.124    kr260_min_i/clk_wiz/inst/clk_out1_kr260_min_clk_wiz_0
    BUFGCE_X0Y1          BUFGCE (Prop_BUFCE_BUFGCE_I_O)
                                                      0.039     8.163 r  kr260_min_i/clk_wiz/inst/clkout1_buf/O
    X1Y1 (CLOCK_ROOT)    net (fo=62375, routed)       2.019    10.182    kr260_min_i/axi_ic_PS_0_S_AXI_HPC0_FPD/s00_couplers/auto_cc/inst/gen_clock_conv.gen_async_conv.asyncfifo_axi/inst_fifo_gen/gaxi_full_lite.gwrite_ch.gwdch2.axi_wdch/grf.rf/rstblk/s_aclk
    SLICE_X18Y3          FDPE                                         r  kr260_min_i/axi_ic_PS_0_S_AXI_HPC0_FPD/s00_couplers/auto_cc/inst/gen_clock_conv.gen_async_conv.asyncfifo_axi/inst_fifo_gen/gaxi_full_lite.gwrite_ch.gwdch2.axi_wdch/grf.rf/rstblk/grstd1.grst_full.grst_f.rst_d3_reg/C
                         clock pessimism             -0.437     9.745    
                         clock uncertainty           -0.057     9.688    
    SLICE_X18Y3          FDPE (Recov_DFF2_SLICEM_C_PRE)
                                                     -0.093     9.595    kr260_min_i/axi_ic_PS_0_S_AXI_HPC0_FPD/s00_couplers/auto_cc/inst/gen_clock_conv.gen_async_conv.asyncfifo_axi/inst_fifo_gen/gaxi_full_lite.gwrite_ch.gwdch2.axi_wdch/grf.rf/rstblk/grstd1.grst_full.grst_f.rst_d3_reg
  -------------------------------------------------------------------
                         required time                          9.595    
                         arrival time                          -6.175    
  -------------------------------------------------------------------
                         slack                                  3.420    

Slack (MET) :             3.435ns  (required time - arrival time)
  Source:                 kr260_min_i/axi_ic_PS_0_M_AXI_HPM0_FPD/s00_couplers/auto_cc/inst/gen_clock_conv.gen_async_conv.asyncfifo_axi/inst_fifo_gen/gaxi_full_lite.gread_ch.grach2.axi_rach/grf.rf/rstblk/ngwrdrst.grst.g7serrst.gnsckt_wrst.gic_rst.sckt_rd_rst_ic_reg/C
                            (rising edge-triggered cell FDPE clocked by clk_out1_kr260_min_clk_wiz_0  {rise@0.000ns fall@2.500ns period=5.000ns})
  Destination:            kr260_min_i/axi_ic_PS_0_M_AXI_HPM0_FPD/s00_couplers/auto_cc/inst/gen_clock_conv.gen_async_conv.asyncfifo_axi/inst_fifo_gen/gaxi_full_lite.gread_ch.grach2.axi_rach/grf.rf/gntv_or_sync_fifo.gl0.rd/rpntr/gc0.count_reg[0]/PRE
                            (recovery check against rising-edge clock clk_out1_kr260_min_clk_wiz_0  {rise@0.000ns fall@2.500ns period=5.000ns})
  Path Group:             **async_default**
  Path Type:              Recovery (Max at Slow Process Corner)
  Requirement:            5.000ns  (clk_out1_kr260_min_clk_wiz_0 rise@5.000ns - clk_out1_kr260_min_clk_wiz_0 rise@0.000ns)
  Data Path Delay:        1.305ns  (logic 0.115ns (8.813%)  route 1.190ns (91.187%))
  Logic Levels:           0  
  Clock Path Skew:        -0.110ns (DCD - SCD + CPR)
    Destination Clock Delay (DCD):    5.189ns = ( 10.189 - 5.000 ) 
    Source Clock Delay      (SCD):    4.809ns
    Clock Pessimism Removal (CPR):    -0.490ns
  Clock Uncertainty:      0.057ns  ((TSJ^2 + DJ^2)^1/2) / 2 + PE
    Total System Jitter     (TSJ):    0.071ns
    Discrete Jitter          (DJ):    0.091ns
    Phase Error              (PE):    0.000ns
  Clock Net Delay (Source):      2.246ns (routing 0.724ns, distribution 1.522ns)
  Clock Net Delay (Destination): 2.026ns (routing 0.669ns, distribution 1.357ns)

    Location             Delay type                Incr(ns)  Path(ns)    Netlist Resource(s)
  -------------------------------------------------------------------    -------------------
                         (clock clk_out1_kr260_min_clk_wiz_0 rise edge)
                                                      0.000     0.000 r  
    BUFG_PS_X0Y80        BUFG_PS                      0.000     0.000 r  kr260_min_i/PS_0/inst/buffer_pl_clk_0.PL_CLK_0_BUFG/O
                         net (fo=5670, routed)        2.274     2.274    kr260_min_i/clk_wiz/inst/clk_in1
    MMCM_X0Y0            MMCME4_ADV (Prop_MMCM_CLKIN1_CLKOUT0)
                                                     -0.103     2.171 r  kr260_min_i/clk_wiz/inst/mmcme4_adv_inst/CLKOUT0
                         net (fo=1, routed)           0.348     2.519    kr260_min_i/clk_wiz/inst/clk_out1_kr260_min_clk_wiz_0
    BUFGCE_X0Y1          BUFGCE (Prop_BUFCE_BUFGCE_I_O)
                                                      0.044     2.563 r  kr260_min_i/clk_wiz/inst/clkout1_buf/O
    X1Y1 (CLOCK_ROOT)    net (fo=62375, routed)       2.246     4.809    kr260_min_i/axi_ic_PS_0_M_AXI_HPM0_FPD/s00_couplers/auto_cc/inst/gen_clock_conv.gen_async_conv.asyncfifo_axi/inst_fifo_gen/gaxi_full_lite.gread_ch.grach2.axi_rach/grf.rf/rstblk/m_aclk
    SLICE_X9Y82          FDPE                                         r  kr260_min_i/axi_ic_PS_0_M_AXI_HPM0_FPD/s00_couplers/auto_cc/inst/gen_clock_conv.gen_async_conv.asyncfifo_axi/inst_fifo_gen/gaxi_full_lite.gread_ch.grach2.axi_rach/grf.rf/rstblk/ngwrdrst.grst.g7serrst.gnsckt_wrst.gic_rst.sckt_rd_rst_ic_reg/C
  -------------------------------------------------------------------    -------------------
    SLICE_X9Y82          FDPE (Prop_DFF2_SLICEL_C_Q)
                                                      0.115     4.924 f  kr260_min_i/axi_ic_PS_0_M_AXI_HPM0_FPD/s00_couplers/auto_cc/inst/gen_clock_conv.gen_async_conv.asyncfifo_axi/inst_fifo_gen/gaxi_full_lite.gread_ch.grach2.axi_rach/grf.rf/rstblk/ngwrdrst.grst.g7serrst.gnsckt_wrst.gic_rst.sckt_rd_rst_ic_reg/Q
                         net (fo=21, routed)          1.190     6.114    kr260_min_i/axi_ic_PS_0_M_AXI_HPM0_FPD/s00_couplers/auto_cc/inst/gen_clock_conv.gen_async_conv.asyncfifo_axi/inst_fifo_gen/gaxi_full_lite.gread_ch.grach2.axi_rach/grf.rf/gntv_or_sync_fifo.gl0.rd/rpntr/gc0.count_d1_reg[0]_0
    SLICE_X4Y84          FDPE                                         f  kr260_min_i/axi_ic_PS_0_M_AXI_HPM0_FPD/s00_couplers/auto_cc/inst/gen_clock_conv.gen_async_conv.asyncfifo_axi/inst_fifo_gen/gaxi_full_lite.gread_ch.grach2.axi_rach/grf.rf/gntv_or_sync_fifo.gl0.rd/rpntr/gc0.count_reg[0]/PRE
  -------------------------------------------------------------------    -------------------

                         (clock clk_out1_kr260_min_clk_wiz_0 rise edge)
                                                      5.000     5.000 r  
    BUFG_PS_X0Y80        BUFG_PS                      0.000     5.000 r  kr260_min_i/PS_0/inst/buffer_pl_clk_0.PL_CLK_0_BUFG/O
                         net (fo=5670, routed)        2.078     7.078    kr260_min_i/clk_wiz/inst/clk_in1
    MMCM_X0Y0            MMCME4_ADV (Prop_MMCM_CLKIN1_CLKOUT0)
                                                      0.739     7.817 r  kr260_min_i/clk_wiz/inst/mmcme4_adv_inst/CLKOUT0
                         net (fo=1, routed)           0.307     8.124    kr260_min_i/clk_wiz/inst/clk_out1_kr260_min_clk_wiz_0
    BUFGCE_X0Y1          BUFGCE (Prop_BUFCE_BUFGCE_I_O)
                                                      0.039     8.163 r  kr260_min_i/clk_wiz/inst/clkout1_buf/O
    X1Y1 (CLOCK_ROOT)    net (fo=62375, routed)       2.026    10.189    kr260_min_i/axi_ic_PS_0_M_AXI_HPM0_FPD/s00_couplers/auto_cc/inst/gen_clock_conv.gen_async_conv.asyncfifo_axi/inst_fifo_gen/gaxi_full_lite.gread_ch.grach2.axi_rach/grf.rf/gntv_or_sync_fifo.gl0.rd/rpntr/m_aclk
    SLICE_X4Y84          FDPE                                         r  kr260_min_i/axi_ic_PS_0_M_AXI_HPM0_FPD/s00_couplers/auto_cc/inst/gen_clock_conv.gen_async_conv.asyncfifo_axi/inst_fifo_gen/gaxi_full_lite.gread_ch.grach2.axi_rach/grf.rf/gntv_or_sync_fifo.gl0.rd/rpntr/gc0.count_reg[0]/C
                         clock pessimism             -0.490     9.699    
                         clock uncertainty           -0.057     9.642    
    SLICE_X4Y84          FDPE (Recov_CFF2_SLICEM_C_PRE)
                                                     -0.093     9.549    kr260_min_i/axi_ic_PS_0_M_AXI_HPM0_FPD/s00_couplers/auto_cc/inst/gen_clock_conv.gen_async_conv.asyncfifo_axi/inst_fifo_gen/gaxi_full_lite.gread_ch.grach2.axi_rach/grf.rf/gntv_or_sync_fifo.gl0.rd/rpntr/gc0.count_reg[0]
  -------------------------------------------------------------------
                         required time                          9.549    
                         arrival time                          -6.114    
  -------------------------------------------------------------------
                         slack                                  3.435    

Slack (MET) :             3.435ns  (required time - arrival time)
  Source:                 kr260_min_i/axi_ic_PS_0_M_AXI_HPM0_FPD/s00_couplers/auto_cc/inst/gen_clock_conv.gen_async_conv.asyncfifo_axi/inst_fifo_gen/gaxi_full_lite.gread_ch.grach2.axi_rach/grf.rf/rstblk/ngwrdrst.grst.g7serrst.gnsckt_wrst.gic_rst.sckt_rd_rst_ic_reg/C
                            (rising edge-triggered cell FDPE clocked by clk_out1_kr260_min_clk_wiz_0  {rise@0.000ns fall@2.500ns period=5.000ns})
  Destination:            kr260_min_i/axi_ic_PS_0_M_AXI_HPM0_FPD/s00_couplers/auto_cc/inst/gen_clock_conv.gen_async_conv.asyncfifo_axi/inst_fifo_gen/gaxi_full_lite.gread_ch.grach2.axi_rach/grf.rf/gntv_or_sync_fifo.gl0.rd/rpntr/gc0.count_reg[1]/CLR
                            (recovery check against rising-edge clock clk_out1_kr260_min_clk_wiz_0  {rise@0.000ns fall@2.500ns period=5.000ns})
  Path Group:             **async_default**
  Path Type:              Recovery (Max at Slow Process Corner)
  Requirement:            5.000ns  (clk_out1_kr260_min_clk_wiz_0 rise@5.000ns - clk_out1_kr260_min_clk_wiz_0 rise@0.000ns)
  Data Path Delay:        1.305ns  (logic 0.115ns (8.813%)  route 1.190ns (91.187%))
  Logic Levels:           0  
  Clock Path Skew:        -0.110ns (DCD - SCD + CPR)
    Destination Clock Delay (DCD):    5.189ns = ( 10.189 - 5.000 ) 
    Source Clock Delay      (SCD):    4.809ns
    Clock Pessimism Removal (CPR):    -0.490ns
  Clock Uncertainty:      0.057ns  ((TSJ^2 + DJ^2)^1/2) / 2 + PE
    Total System Jitter     (TSJ):    0.071ns
    Discrete Jitter          (DJ):    0.091ns
    Phase Error              (PE):    0.000ns
  Clock Net Delay (Source):      2.246ns (routing 0.724ns, distribution 1.522ns)
  Clock Net Delay (Destination): 2.026ns (routing 0.669ns, distribution 1.357ns)

    Location             Delay type                Incr(ns)  Path(ns)    Netlist Resource(s)
  -------------------------------------------------------------------    -------------------
                         (clock clk_out1_kr260_min_clk_wiz_0 rise edge)
                                                      0.000     0.000 r  
    BUFG_PS_X0Y80        BUFG_PS                      0.000     0.000 r  kr260_min_i/PS_0/inst/buffer_pl_clk_0.PL_CLK_0_BUFG/O
                         net (fo=5670, routed)        2.274     2.274    kr260_min_i/clk_wiz/inst/clk_in1
    MMCM_X0Y0            MMCME4_ADV (Prop_MMCM_CLKIN1_CLKOUT0)
                                                     -0.103     2.171 r  kr260_min_i/clk_wiz/inst/mmcme4_adv_inst/CLKOUT0
                         net (fo=1, routed)           0.348     2.519    kr260_min_i/clk_wiz/inst/clk_out1_kr260_min_clk_wiz_0
    BUFGCE_X0Y1          BUFGCE (Prop_BUFCE_BUFGCE_I_O)
                                                      0.044     2.563 r  kr260_min_i/clk_wiz/inst/clkout1_buf/O
    X1Y1 (CLOCK_ROOT)    net (fo=62375, routed)       2.246     4.809    kr260_min_i/axi_ic_PS_0_M_AXI_HPM0_FPD/s00_couplers/auto_cc/inst/gen_clock_conv.gen_async_conv.asyncfifo_axi/inst_fifo_gen/gaxi_full_lite.gread_ch.grach2.axi_rach/grf.rf/rstblk/m_aclk
    SLICE_X9Y82          FDPE                                         r  kr260_min_i/axi_ic_PS_0_M_AXI_HPM0_FPD/s00_couplers/auto_cc/inst/gen_clock_conv.gen_async_conv.asyncfifo_axi/inst_fifo_gen/gaxi_full_lite.gread_ch.grach2.axi_rach/grf.rf/rstblk/ngwrdrst.grst.g7serrst.gnsckt_wrst.gic_rst.sckt_rd_rst_ic_reg/C
  -------------------------------------------------------------------    -------------------
    SLICE_X9Y82          FDPE (Prop_DFF2_SLICEL_C_Q)
                                                      0.115     4.924 f  kr260_min_i/axi_ic_PS_0_M_AXI_HPM0_FPD/s00_couplers/auto_cc/inst/gen_clock_conv.gen_async_conv.asyncfifo_axi/inst_fifo_gen/gaxi_full_lite.gread_ch.grach2.axi_rach/grf.rf/rstblk/ngwrdrst.grst.g7serrst.gnsckt_wrst.gic_rst.sckt_rd_rst_ic_reg/Q
                         net (fo=21, routed)          1.190     6.114    kr260_min_i/axi_ic_PS_0_M_AXI_HPM0_FPD/s00_couplers/auto_cc/inst/gen_clock_conv.gen_async_conv.asyncfifo_axi/inst_fifo_gen/gaxi_full_lite.gread_ch.grach2.axi_rach/grf.rf/gntv_or_sync_fifo.gl0.rd/rpntr/gc0.count_d1_reg[0]_0
    SLICE_X4Y84          FDCE                                         f  kr260_min_i/axi_ic_PS_0_M_AXI_HPM0_FPD/s00_couplers/auto_cc/inst/gen_clock_conv.gen_async_conv.asyncfifo_axi/inst_fifo_gen/gaxi_full_lite.gread_ch.grach2.axi_rach/grf.rf/gntv_or_sync_fifo.gl0.rd/rpntr/gc0.count_reg[1]/CLR
  -------------------------------------------------------------------    -------------------

                         (clock clk_out1_kr260_min_clk_wiz_0 rise edge)
                                                      5.000     5.000 r  
    BUFG_PS_X0Y80        BUFG_PS                      0.000     5.000 r  kr260_min_i/PS_0/inst/buffer_pl_clk_0.PL_CLK_0_BUFG/O
                         net (fo=5670, routed)        2.078     7.078    kr260_min_i/clk_wiz/inst/clk_in1
    MMCM_X0Y0            MMCME4_ADV (Prop_MMCM_CLKIN1_CLKOUT0)
                                                      0.739     7.817 r  kr260_min_i/clk_wiz/inst/mmcme4_adv_inst/CLKOUT0
                         net (fo=1, routed)           0.307     8.124    kr260_min_i/clk_wiz/inst/clk_out1_kr260_min_clk_wiz_0
    BUFGCE_X0Y1          BUFGCE (Prop_BUFCE_BUFGCE_I_O)
                                                      0.039     8.163 r  kr260_min_i/clk_wiz/inst/clkout1_buf/O
    X1Y1 (CLOCK_ROOT)    net (fo=62375, routed)       2.026    10.189    kr260_min_i/axi_ic_PS_0_M_AXI_HPM0_FPD/s00_couplers/auto_cc/inst/gen_clock_conv.gen_async_conv.asyncfifo_axi/inst_fifo_gen/gaxi_full_lite.gread_ch.grach2.axi_rach/grf.rf/gntv_or_sync_fifo.gl0.rd/rpntr/m_aclk
    SLICE_X4Y84          FDCE                                         r  kr260_min_i/axi_ic_PS_0_M_AXI_HPM0_FPD/s00_couplers/auto_cc/inst/gen_clock_conv.gen_async_conv.asyncfifo_axi/inst_fifo_gen/gaxi_full_lite.gread_ch.grach2.axi_rach/grf.rf/gntv_or_sync_fifo.gl0.rd/rpntr/gc0.count_reg[1]/C
                         clock pessimism             -0.490     9.699    
                         clock uncertainty           -0.057     9.642    
    SLICE_X4Y84          FDCE (Recov_BFF2_SLICEM_C_CLR)
                                                     -0.093     9.549    kr260_min_i/axi_ic_PS_0_M_AXI_HPM0_FPD/s00_couplers/auto_cc/inst/gen_clock_conv.gen_async_conv.asyncfifo_axi/inst_fifo_gen/gaxi_full_lite.gread_ch.grach2.axi_rach/grf.rf/gntv_or_sync_fifo.gl0.rd/rpntr/gc0.count_reg[1]
  -------------------------------------------------------------------
                         required time                          9.549    
                         arrival time                          -6.114    
  -------------------------------------------------------------------
                         slack                                  3.435    

Slack (MET) :             3.435ns  (required time - arrival time)
  Source:                 kr260_min_i/axi_ic_PS_0_M_AXI_HPM0_FPD/s00_couplers/auto_cc/inst/gen_clock_conv.gen_async_conv.asyncfifo_axi/inst_fifo_gen/gaxi_full_lite.gread_ch.grach2.axi_rach/grf.rf/rstblk/ngwrdrst.grst.g7serrst.gnsckt_wrst.gic_rst.sckt_rd_rst_ic_reg/C
                            (rising edge-triggered cell FDPE clocked by clk_out1_kr260_min_clk_wiz_0  {rise@0.000ns fall@2.500ns period=5.000ns})
  Destination:            kr260_min_i/axi_ic_PS_0_M_AXI_HPM0_FPD/s00_couplers/auto_cc/inst/gen_clock_conv.gen_async_conv.asyncfifo_axi/inst_fifo_gen/gaxi_full_lite.gread_ch.grach2.axi_rach/grf.rf/gntv_or_sync_fifo.gl0.rd/rpntr/gc0.count_reg[2]/CLR
                            (recovery check against rising-edge clock clk_out1_kr260_min_clk_wiz_0  {rise@0.000ns fall@2.500ns period=5.000ns})
  Path Group:             **async_default**
  Path Type:              Recovery (Max at Slow Process Corner)
  Requirement:            5.000ns  (clk_out1_kr260_min_clk_wiz_0 rise@5.000ns - clk_out1_kr260_min_clk_wiz_0 rise@0.000ns)
  Data Path Delay:        1.305ns  (logic 0.115ns (8.813%)  route 1.190ns (91.187%))
  Logic Levels:           0  
  Clock Path Skew:        -0.110ns (DCD - SCD + CPR)
    Destination Clock Delay (DCD):    5.189ns = ( 10.189 - 5.000 ) 
    Source Clock Delay      (SCD):    4.809ns
    Clock Pessimism Removal (CPR):    -0.490ns
  Clock Uncertainty:      0.057ns  ((TSJ^2 + DJ^2)^1/2) / 2 + PE
    Total System Jitter     (TSJ):    0.071ns
    Discrete Jitter          (DJ):    0.091ns
    Phase Error              (PE):    0.000ns
  Clock Net Delay (Source):      2.246ns (routing 0.724ns, distribution 1.522ns)
  Clock Net Delay (Destination): 2.026ns (routing 0.669ns, distribution 1.357ns)

    Location             Delay type                Incr(ns)  Path(ns)    Netlist Resource(s)
  -------------------------------------------------------------------    -------------------
                         (clock clk_out1_kr260_min_clk_wiz_0 rise edge)
                                                      0.000     0.000 r  
    BUFG_PS_X0Y80        BUFG_PS                      0.000     0.000 r  kr260_min_i/PS_0/inst/buffer_pl_clk_0.PL_CLK_0_BUFG/O
                         net (fo=5670, routed)        2.274     2.274    kr260_min_i/clk_wiz/inst/clk_in1
    MMCM_X0Y0            MMCME4_ADV (Prop_MMCM_CLKIN1_CLKOUT0)
                                                     -0.103     2.171 r  kr260_min_i/clk_wiz/inst/mmcme4_adv_inst/CLKOUT0
                         net (fo=1, routed)           0.348     2.519    kr260_min_i/clk_wiz/inst/clk_out1_kr260_min_clk_wiz_0
    BUFGCE_X0Y1          BUFGCE (Prop_BUFCE_BUFGCE_I_O)
                                                      0.044     2.563 r  kr260_min_i/clk_wiz/inst/clkout1_buf/O
    X1Y1 (CLOCK_ROOT)    net (fo=62375, routed)       2.246     4.809    kr260_min_i/axi_ic_PS_0_M_AXI_HPM0_FPD/s00_couplers/auto_cc/inst/gen_clock_conv.gen_async_conv.asyncfifo_axi/inst_fifo_gen/gaxi_full_lite.gread_ch.grach2.axi_rach/grf.rf/rstblk/m_aclk
    SLICE_X9Y82          FDPE                                         r  kr260_min_i/axi_ic_PS_0_M_AXI_HPM0_FPD/s00_couplers/auto_cc/inst/gen_clock_conv.gen_async_conv.asyncfifo_axi/inst_fifo_gen/gaxi_full_lite.gread_ch.grach2.axi_rach/grf.rf/rstblk/ngwrdrst.grst.g7serrst.gnsckt_wrst.gic_rst.sckt_rd_rst_ic_reg/C
  -------------------------------------------------------------------    -------------------
    SLICE_X9Y82          FDPE (Prop_DFF2_SLICEL_C_Q)
                                                      0.115     4.924 f  kr260_min_i/axi_ic_PS_0_M_AXI_HPM0_FPD/s00_couplers/auto_cc/inst/gen_clock_conv.gen_async_conv.asyncfifo_axi/inst_fifo_gen/gaxi_full_lite.gread_ch.grach2.axi_rach/grf.rf/rstblk/ngwrdrst.grst.g7serrst.gnsckt_wrst.gic_rst.sckt_rd_rst_ic_reg/Q
                         net (fo=21, routed)          1.190     6.114    kr260_min_i/axi_ic_PS_0_M_AXI_HPM0_FPD/s00_couplers/auto_cc/inst/gen_clock_conv.gen_async_conv.asyncfifo_axi/inst_fifo_gen/gaxi_full_lite.gread_ch.grach2.axi_rach/grf.rf/gntv_or_sync_fifo.gl0.rd/rpntr/gc0.count_d1_reg[0]_0
    SLICE_X4Y84          FDCE                                         f  kr260_min_i/axi_ic_PS_0_M_AXI_HPM0_FPD/s00_couplers/auto_cc/inst/gen_clock_conv.gen_async_conv.asyncfifo_axi/inst_fifo_gen/gaxi_full_lite.gread_ch.grach2.axi_rach/grf.rf/gntv_or_sync_fifo.gl0.rd/rpntr/gc0.count_reg[2]/CLR
  -------------------------------------------------------------------    -------------------

                         (clock clk_out1_kr260_min_clk_wiz_0 rise edge)
                                                      5.000     5.000 r  
    BUFG_PS_X0Y80        BUFG_PS                      0.000     5.000 r  kr260_min_i/PS_0/inst/buffer_pl_clk_0.PL_CLK_0_BUFG/O
                         net (fo=5670, routed)        2.078     7.078    kr260_min_i/clk_wiz/inst/clk_in1
    MMCM_X0Y0            MMCME4_ADV (Prop_MMCM_CLKIN1_CLKOUT0)
                                                      0.739     7.817 r  kr260_min_i/clk_wiz/inst/mmcme4_adv_inst/CLKOUT0
                         net (fo=1, routed)           0.307     8.124    kr260_min_i/clk_wiz/inst/clk_out1_kr260_min_clk_wiz_0
    BUFGCE_X0Y1          BUFGCE (Prop_BUFCE_BUFGCE_I_O)
                                                      0.039     8.163 r  kr260_min_i/clk_wiz/inst/clkout1_buf/O
    X1Y1 (CLOCK_ROOT)    net (fo=62375, routed)       2.026    10.189    kr260_min_i/axi_ic_PS_0_M_AXI_HPM0_FPD/s00_couplers/auto_cc/inst/gen_clock_conv.gen_async_conv.asyncfifo_axi/inst_fifo_gen/gaxi_full_lite.gread_ch.grach2.axi_rach/grf.rf/gntv_or_sync_fifo.gl0.rd/rpntr/m_aclk
    SLICE_X4Y84          FDCE                                         r  kr260_min_i/axi_ic_PS_0_M_AXI_HPM0_FPD/s00_couplers/auto_cc/inst/gen_clock_conv.gen_async_conv.asyncfifo_axi/inst_fifo_gen/gaxi_full_lite.gread_ch.grach2.axi_rach/grf.rf/gntv_or_sync_fifo.gl0.rd/rpntr/gc0.count_reg[2]/C
                         clock pessimism             -0.490     9.699    
                         clock uncertainty           -0.057     9.642    
    SLICE_X4Y84          FDCE (Recov_DFF_SLICEM_C_CLR)
                                                     -0.093     9.549    kr260_min_i/axi_ic_PS_0_M_AXI_HPM0_FPD/s00_couplers/auto_cc/inst/gen_clock_conv.gen_async_conv.asyncfifo_axi/inst_fifo_gen/gaxi_full_lite.gread_ch.grach2.axi_rach/grf.rf/gntv_or_sync_fifo.gl0.rd/rpntr/gc0.count_reg[2]
  -------------------------------------------------------------------
                         required time                          9.549    
                         arrival time                          -6.114    
  -------------------------------------------------------------------
                         slack                                  3.435    

Slack (MET) :             3.435ns  (required time - arrival time)
  Source:                 kr260_min_i/axi_ic_PS_0_M_AXI_HPM0_FPD/s00_couplers/auto_cc/inst/gen_clock_conv.gen_async_conv.asyncfifo_axi/inst_fifo_gen/gaxi_full_lite.gread_ch.grach2.axi_rach/grf.rf/rstblk/ngwrdrst.grst.g7serrst.gnsckt_wrst.gic_rst.sckt_rd_rst_ic_reg/C
                            (rising edge-triggered cell FDPE clocked by clk_out1_kr260_min_clk_wiz_0  {rise@0.000ns fall@2.500ns period=5.000ns})
  Destination:            kr260_min_i/axi_ic_PS_0_M_AXI_HPM0_FPD/s00_couplers/auto_cc/inst/gen_clock_conv.gen_async_conv.asyncfifo_axi/inst_fifo_gen/gaxi_full_lite.gread_ch.grach2.axi_rach/grf.rf/gntv_or_sync_fifo.gl0.rd/rpntr/gc0.count_reg[3]/CLR
                            (recovery check against rising-edge clock clk_out1_kr260_min_clk_wiz_0  {rise@0.000ns fall@2.500ns period=5.000ns})
  Path Group:             **async_default**
  Path Type:              Recovery (Max at Slow Process Corner)
  Requirement:            5.000ns  (clk_out1_kr260_min_clk_wiz_0 rise@5.000ns - clk_out1_kr260_min_clk_wiz_0 rise@0.000ns)
  Data Path Delay:        1.305ns  (logic 0.115ns (8.813%)  route 1.190ns (91.187%))
  Logic Levels:           0  
  Clock Path Skew:        -0.110ns (DCD - SCD + CPR)
    Destination Clock Delay (DCD):    5.189ns = ( 10.189 - 5.000 ) 
    Source Clock Delay      (SCD):    4.809ns
    Clock Pessimism Removal (CPR):    -0.490ns
  Clock Uncertainty:      0.057ns  ((TSJ^2 + DJ^2)^1/2) / 2 + PE
    Total System Jitter     (TSJ):    0.071ns
    Discrete Jitter          (DJ):    0.091ns
    Phase Error              (PE):    0.000ns
  Clock Net Delay (Source):      2.246ns (routing 0.724ns, distribution 1.522ns)
  Clock Net Delay (Destination): 2.026ns (routing 0.669ns, distribution 1.357ns)

    Location             Delay type                Incr(ns)  Path(ns)    Netlist Resource(s)
  -------------------------------------------------------------------    -------------------
                         (clock clk_out1_kr260_min_clk_wiz_0 rise edge)
                                                      0.000     0.000 r  
    BUFG_PS_X0Y80        BUFG_PS                      0.000     0.000 r  kr260_min_i/PS_0/inst/buffer_pl_clk_0.PL_CLK_0_BUFG/O
                         net (fo=5670, routed)        2.274     2.274    kr260_min_i/clk_wiz/inst/clk_in1
    MMCM_X0Y0            MMCME4_ADV (Prop_MMCM_CLKIN1_CLKOUT0)
                                                     -0.103     2.171 r  kr260_min_i/clk_wiz/inst/mmcme4_adv_inst/CLKOUT0
                         net (fo=1, routed)           0.348     2.519    kr260_min_i/clk_wiz/inst/clk_out1_kr260_min_clk_wiz_0
    BUFGCE_X0Y1          BUFGCE (Prop_BUFCE_BUFGCE_I_O)
                                                      0.044     2.563 r  kr260_min_i/clk_wiz/inst/clkout1_buf/O
    X1Y1 (CLOCK_ROOT)    net (fo=62375, routed)       2.246     4.809    kr260_min_i/axi_ic_PS_0_M_AXI_HPM0_FPD/s00_couplers/auto_cc/inst/gen_clock_conv.gen_async_conv.asyncfifo_axi/inst_fifo_gen/gaxi_full_lite.gread_ch.grach2.axi_rach/grf.rf/rstblk/m_aclk
    SLICE_X9Y82          FDPE                                         r  kr260_min_i/axi_ic_PS_0_M_AXI_HPM0_FPD/s00_couplers/auto_cc/inst/gen_clock_conv.gen_async_conv.asyncfifo_axi/inst_fifo_gen/gaxi_full_lite.gread_ch.grach2.axi_rach/grf.rf/rstblk/ngwrdrst.grst.g7serrst.gnsckt_wrst.gic_rst.sckt_rd_rst_ic_reg/C
  -------------------------------------------------------------------    -------------------
    SLICE_X9Y82          FDPE (Prop_DFF2_SLICEL_C_Q)
                                                      0.115     4.924 f  kr260_min_i/axi_ic_PS_0_M_AXI_HPM0_FPD/s00_couplers/auto_cc/inst/gen_clock_conv.gen_async_conv.asyncfifo_axi/inst_fifo_gen/gaxi_full_lite.gread_ch.grach2.axi_rach/grf.rf/rstblk/ngwrdrst.grst.g7serrst.gnsckt_wrst.gic_rst.sckt_rd_rst_ic_reg/Q
                         net (fo=21, routed)          1.190     6.114    kr260_min_i/axi_ic_PS_0_M_AXI_HPM0_FPD/s00_couplers/auto_cc/inst/gen_clock_conv.gen_async_conv.asyncfifo_axi/inst_fifo_gen/gaxi_full_lite.gread_ch.grach2.axi_rach/grf.rf/gntv_or_sync_fifo.gl0.rd/rpntr/gc0.count_d1_reg[0]_0
    SLICE_X4Y84          FDCE                                         f  kr260_min_i/axi_ic_PS_0_M_AXI_HPM0_FPD/s00_couplers/auto_cc/inst/gen_clock_conv.gen_async_conv.asyncfifo_axi/inst_fifo_gen/gaxi_full_lite.gread_ch.grach2.axi_rach/grf.rf/gntv_or_sync_fifo.gl0.rd/rpntr/gc0.count_reg[3]/CLR
  -------------------------------------------------------------------    -------------------

                         (clock clk_out1_kr260_min_clk_wiz_0 rise edge)
                                                      5.000     5.000 r  
    BUFG_PS_X0Y80        BUFG_PS                      0.000     5.000 r  kr260_min_i/PS_0/inst/buffer_pl_clk_0.PL_CLK_0_BUFG/O
                         net (fo=5670, routed)        2.078     7.078    kr260_min_i/clk_wiz/inst/clk_in1
    MMCM_X0Y0            MMCME4_ADV (Prop_MMCM_CLKIN1_CLKOUT0)
                                                      0.739     7.817 r  kr260_min_i/clk_wiz/inst/mmcme4_adv_inst/CLKOUT0
                         net (fo=1, routed)           0.307     8.124    kr260_min_i/clk_wiz/inst/clk_out1_kr260_min_clk_wiz_0
    BUFGCE_X0Y1          BUFGCE (Prop_BUFCE_BUFGCE_I_O)
                                                      0.039     8.163 r  kr260_min_i/clk_wiz/inst/clkout1_buf/O
    X1Y1 (CLOCK_ROOT)    net (fo=62375, routed)       2.026    10.189    kr260_min_i/axi_ic_PS_0_M_AXI_HPM0_FPD/s00_couplers/auto_cc/inst/gen_clock_conv.gen_async_conv.asyncfifo_axi/inst_fifo_gen/gaxi_full_lite.gread_ch.grach2.axi_rach/grf.rf/gntv_or_sync_fifo.gl0.rd/rpntr/m_aclk
    SLICE_X4Y84          FDCE                                         r  kr260_min_i/axi_ic_PS_0_M_AXI_HPM0_FPD/s00_couplers/auto_cc/inst/gen_clock_conv.gen_async_conv.asyncfifo_axi/inst_fifo_gen/gaxi_full_lite.gread_ch.grach2.axi_rach/grf.rf/gntv_or_sync_fifo.gl0.rd/rpntr/gc0.count_reg[3]/C
                         clock pessimism             -0.490     9.699    
                         clock uncertainty           -0.057     9.642    
    SLICE_X4Y84          FDCE (Recov_DFF2_SLICEM_C_CLR)
                                                     -0.093     9.549    kr260_min_i/axi_ic_PS_0_M_AXI_HPM0_FPD/s00_couplers/auto_cc/inst/gen_clock_conv.gen_async_conv.asyncfifo_axi/inst_fifo_gen/gaxi_full_lite.gread_ch.grach2.axi_rach/grf.rf/gntv_or_sync_fifo.gl0.rd/rpntr/gc0.count_reg[3]
  -------------------------------------------------------------------
                         required time                          9.549    
                         arrival time                          -6.114    
  -------------------------------------------------------------------
                         slack                                  3.435    

Slack (MET) :             3.438ns  (required time - arrival time)
  Source:                 kr260_min_i/axi_ic_PS_0_M_AXI_HPM0_FPD/s00_couplers/auto_cc/inst/gen_clock_conv.gen_async_conv.asyncfifo_axi/inst_fifo_gen/gaxi_full_lite.gread_ch.grach2.axi_rach/grf.rf/rstblk/ngwrdrst.grst.g7serrst.gnsckt_wrst.gic_rst.sckt_rd_rst_ic_reg/C
                            (rising edge-triggered cell FDPE clocked by clk_out1_kr260_min_clk_wiz_0  {rise@0.000ns fall@2.500ns period=5.000ns})
  Destination:            kr260_min_i/axi_ic_PS_0_M_AXI_HPM0_FPD/s00_couplers/auto_cc/inst/gen_clock_conv.gen_async_conv.asyncfifo_axi/inst_fifo_gen/gaxi_full_lite.gread_ch.grach2.axi_rach/grf.rf/gntv_or_sync_fifo.gl0.rd/rpntr/gc0.count_d1_reg[0]/CLR
                            (recovery check against rising-edge clock clk_out1_kr260_min_clk_wiz_0  {rise@0.000ns fall@2.500ns period=5.000ns})
  Path Group:             **async_default**
  Path Type:              Recovery (Max at Slow Process Corner)
  Requirement:            5.000ns  (clk_out1_kr260_min_clk_wiz_0 rise@5.000ns - clk_out1_kr260_min_clk_wiz_0 rise@0.000ns)
  Data Path Delay:        1.302ns  (logic 0.115ns (8.833%)  route 1.187ns (91.167%))
  Logic Levels:           0  
  Clock Path Skew:        -0.110ns (DCD - SCD + CPR)
    Destination Clock Delay (DCD):    5.189ns = ( 10.189 - 5.000 ) 
    Source Clock Delay      (SCD):    4.809ns
    Clock Pessimism Removal (CPR):    -0.490ns
  Clock Uncertainty:      0.057ns  ((TSJ^2 + DJ^2)^1/2) / 2 + PE
    Total System Jitter     (TSJ):    0.071ns
    Discrete Jitter          (DJ):    0.091ns
    Phase Error              (PE):    0.000ns
  Clock Net Delay (Source):      2.246ns (routing 0.724ns, distribution 1.522ns)
  Clock Net Delay (Destination): 2.026ns (routing 0.669ns, distribution 1.357ns)

    Location             Delay type                Incr(ns)  Path(ns)    Netlist Resource(s)
  -------------------------------------------------------------------    -------------------
                         (clock clk_out1_kr260_min_clk_wiz_0 rise edge)
                                                      0.000     0.000 r  
    BUFG_PS_X0Y80        BUFG_PS                      0.000     0.000 r  kr260_min_i/PS_0/inst/buffer_pl_clk_0.PL_CLK_0_BUFG/O
                         net (fo=5670, routed)        2.274     2.274    kr260_min_i/clk_wiz/inst/clk_in1
    MMCM_X0Y0            MMCME4_ADV (Prop_MMCM_CLKIN1_CLKOUT0)
                                                     -0.103     2.171 r  kr260_min_i/clk_wiz/inst/mmcme4_adv_inst/CLKOUT0
                         net (fo=1, routed)           0.348     2.519    kr260_min_i/clk_wiz/inst/clk_out1_kr260_min_clk_wiz_0
    BUFGCE_X0Y1          BUFGCE (Prop_BUFCE_BUFGCE_I_O)
                                                      0.044     2.563 r  kr260_min_i/clk_wiz/inst/clkout1_buf/O
    X1Y1 (CLOCK_ROOT)    net (fo=62375, routed)       2.246     4.809    kr260_min_i/axi_ic_PS_0_M_AXI_HPM0_FPD/s00_couplers/auto_cc/inst/gen_clock_conv.gen_async_conv.asyncfifo_axi/inst_fifo_gen/gaxi_full_lite.gread_ch.grach2.axi_rach/grf.rf/rstblk/m_aclk
    SLICE_X9Y82          FDPE                                         r  kr260_min_i/axi_ic_PS_0_M_AXI_HPM0_FPD/s00_couplers/auto_cc/inst/gen_clock_conv.gen_async_conv.asyncfifo_axi/inst_fifo_gen/gaxi_full_lite.gread_ch.grach2.axi_rach/grf.rf/rstblk/ngwrdrst.grst.g7serrst.gnsckt_wrst.gic_rst.sckt_rd_rst_ic_reg/C
  -------------------------------------------------------------------    -------------------
    SLICE_X9Y82          FDPE (Prop_DFF2_SLICEL_C_Q)
                                                      0.115     4.924 f  kr260_min_i/axi_ic_PS_0_M_AXI_HPM0_FPD/s00_couplers/auto_cc/inst/gen_clock_conv.gen_async_conv.asyncfifo_axi/inst_fifo_gen/gaxi_full_lite.gread_ch.grach2.axi_rach/grf.rf/rstblk/ngwrdrst.grst.g7serrst.gnsckt_wrst.gic_rst.sckt_rd_rst_ic_reg/Q
                         net (fo=21, routed)          1.187     6.111    kr260_min_i/axi_ic_PS_0_M_AXI_HPM0_FPD/s00_couplers/auto_cc/inst/gen_clock_conv.gen_async_conv.asyncfifo_axi/inst_fifo_gen/gaxi_full_lite.gread_ch.grach2.axi_rach/grf.rf/gntv_or_sync_fifo.gl0.rd/rpntr/gc0.count_d1_reg[0]_0
    SLICE_X4Y84          FDCE                                         f  kr260_min_i/axi_ic_PS_0_M_AXI_HPM0_FPD/s00_couplers/auto_cc/inst/gen_clock_conv.gen_async_conv.asyncfifo_axi/inst_fifo_gen/gaxi_full_lite.gread_ch.grach2.axi_rach/grf.rf/gntv_or_sync_fifo.gl0.rd/rpntr/gc0.count_d1_reg[0]/CLR
  -------------------------------------------------------------------    -------------------

                         (clock clk_out1_kr260_min_clk_wiz_0 rise edge)
                                                      5.000     5.000 r  
    BUFG_PS_X0Y80        BUFG_PS                      0.000     5.000 r  kr260_min_i/PS_0/inst/buffer_pl_clk_0.PL_CLK_0_BUFG/O
                         net (fo=5670, routed)        2.078     7.078    kr260_min_i/clk_wiz/inst/clk_in1
    MMCM_X0Y0            MMCME4_ADV (Prop_MMCM_CLKIN1_CLKOUT0)
                                                      0.739     7.817 r  kr260_min_i/clk_wiz/inst/mmcme4_adv_inst/CLKOUT0
                         net (fo=1, routed)           0.307     8.124    kr260_min_i/clk_wiz/inst/clk_out1_kr260_min_clk_wiz_0
    BUFGCE_X0Y1          BUFGCE (Prop_BUFCE_BUFGCE_I_O)
                                                      0.039     8.163 r  kr260_min_i/clk_wiz/inst/clkout1_buf/O
    X1Y1 (CLOCK_ROOT)    net (fo=62375, routed)       2.026    10.189    kr260_min_i/axi_ic_PS_0_M_AXI_HPM0_FPD/s00_couplers/auto_cc/inst/gen_clock_conv.gen_async_conv.asyncfifo_axi/inst_fifo_gen/gaxi_full_lite.gread_ch.grach2.axi_rach/grf.rf/gntv_or_sync_fifo.gl0.rd/rpntr/m_aclk
    SLICE_X4Y84          FDCE                                         r  kr260_min_i/axi_ic_PS_0_M_AXI_HPM0_FPD/s00_couplers/auto_cc/inst/gen_clock_conv.gen_async_conv.asyncfifo_axi/inst_fifo_gen/gaxi_full_lite.gread_ch.grach2.axi_rach/grf.rf/gntv_or_sync_fifo.gl0.rd/rpntr/gc0.count_d1_reg[0]/C
                         clock pessimism             -0.490     9.699    
                         clock uncertainty           -0.057     9.642    
    SLICE_X4Y84          FDCE (Recov_EFF_SLICEM_C_CLR)
                                                     -0.093     9.549    kr260_min_i/axi_ic_PS_0_M_AXI_HPM0_FPD/s00_couplers/auto_cc/inst/gen_clock_conv.gen_async_conv.asyncfifo_axi/inst_fifo_gen/gaxi_full_lite.gread_ch.grach2.axi_rach/grf.rf/gntv_or_sync_fifo.gl0.rd/rpntr/gc0.count_d1_reg[0]
  -------------------------------------------------------------------
                         required time                          9.549    
                         arrival time                          -6.111    
  -------------------------------------------------------------------
                         slack                                  3.438    

Slack (MET) :             3.438ns  (required time - arrival time)
  Source:                 kr260_min_i/axi_ic_PS_0_M_AXI_HPM0_FPD/s00_couplers/auto_cc/inst/gen_clock_conv.gen_async_conv.asyncfifo_axi/inst_fifo_gen/gaxi_full_lite.gread_ch.grach2.axi_rach/grf.rf/rstblk/ngwrdrst.grst.g7serrst.gnsckt_wrst.gic_rst.sckt_rd_rst_ic_reg/C
                            (rising edge-triggered cell FDPE clocked by clk_out1_kr260_min_clk_wiz_0  {rise@0.000ns fall@2.500ns period=5.000ns})
  Destination:            kr260_min_i/axi_ic_PS_0_M_AXI_HPM0_FPD/s00_couplers/auto_cc/inst/gen_clock_conv.gen_async_conv.asyncfifo_axi/inst_fifo_gen/gaxi_full_lite.gread_ch.grach2.axi_rach/grf.rf/gntv_or_sync_fifo.gl0.rd/rpntr/gc0.count_d1_reg[1]/CLR
                            (recovery check against rising-edge clock clk_out1_kr260_min_clk_wiz_0  {rise@0.000ns fall@2.500ns period=5.000ns})
  Path Group:             **async_default**
  Path Type:              Recovery (Max at Slow Process Corner)
  Requirement:            5.000ns  (clk_out1_kr260_min_clk_wiz_0 rise@5.000ns - clk_out1_kr260_min_clk_wiz_0 rise@0.000ns)
  Data Path Delay:        1.302ns  (logic 0.115ns (8.833%)  route 1.187ns (91.167%))
  Logic Levels:           0  
  Clock Path Skew:        -0.110ns (DCD - SCD + CPR)
    Destination Clock Delay (DCD):    5.189ns = ( 10.189 - 5.000 ) 
    Source Clock Delay      (SCD):    4.809ns
    Clock Pessimism Removal (CPR):    -0.490ns
  Clock Uncertainty:      0.057ns  ((TSJ^2 + DJ^2)^1/2) / 2 + PE
    Total System Jitter     (TSJ):    0.071ns
    Discrete Jitter          (DJ):    0.091ns
    Phase Error              (PE):    0.000ns
  Clock Net Delay (Source):      2.246ns (routing 0.724ns, distribution 1.522ns)
  Clock Net Delay (Destination): 2.026ns (routing 0.669ns, distribution 1.357ns)

    Location             Delay type                Incr(ns)  Path(ns)    Netlist Resource(s)
  -------------------------------------------------------------------    -------------------
                         (clock clk_out1_kr260_min_clk_wiz_0 rise edge)
                                                      0.000     0.000 r  
    BUFG_PS_X0Y80        BUFG_PS                      0.000     0.000 r  kr260_min_i/PS_0/inst/buffer_pl_clk_0.PL_CLK_0_BUFG/O
                         net (fo=5670, routed)        2.274     2.274    kr260_min_i/clk_wiz/inst/clk_in1
    MMCM_X0Y0            MMCME4_ADV (Prop_MMCM_CLKIN1_CLKOUT0)
                                                     -0.103     2.171 r  kr260_min_i/clk_wiz/inst/mmcme4_adv_inst/CLKOUT0
                         net (fo=1, routed)           0.348     2.519    kr260_min_i/clk_wiz/inst/clk_out1_kr260_min_clk_wiz_0
    BUFGCE_X0Y1          BUFGCE (Prop_BUFCE_BUFGCE_I_O)
                                                      0.044     2.563 r  kr260_min_i/clk_wiz/inst/clkout1_buf/O
    X1Y1 (CLOCK_ROOT)    net (fo=62375, routed)       2.246     4.809    kr260_min_i/axi_ic_PS_0_M_AXI_HPM0_FPD/s00_couplers/auto_cc/inst/gen_clock_conv.gen_async_conv.asyncfifo_axi/inst_fifo_gen/gaxi_full_lite.gread_ch.grach2.axi_rach/grf.rf/rstblk/m_aclk
    SLICE_X9Y82          FDPE                                         r  kr260_min_i/axi_ic_PS_0_M_AXI_HPM0_FPD/s00_couplers/auto_cc/inst/gen_clock_conv.gen_async_conv.asyncfifo_axi/inst_fifo_gen/gaxi_full_lite.gread_ch.grach2.axi_rach/grf.rf/rstblk/ngwrdrst.grst.g7serrst.gnsckt_wrst.gic_rst.sckt_rd_rst_ic_reg/C
  -------------------------------------------------------------------    -------------------
    SLICE_X9Y82          FDPE (Prop_DFF2_SLICEL_C_Q)
                                                      0.115     4.924 f  kr260_min_i/axi_ic_PS_0_M_AXI_HPM0_FPD/s00_couplers/auto_cc/inst/gen_clock_conv.gen_async_conv.asyncfifo_axi/inst_fifo_gen/gaxi_full_lite.gread_ch.grach2.axi_rach/grf.rf/rstblk/ngwrdrst.grst.g7serrst.gnsckt_wrst.gic_rst.sckt_rd_rst_ic_reg/Q
                         net (fo=21, routed)          1.187     6.111    kr260_min_i/axi_ic_PS_0_M_AXI_HPM0_FPD/s00_couplers/auto_cc/inst/gen_clock_conv.gen_async_conv.asyncfifo_axi/inst_fifo_gen/gaxi_full_lite.gread_ch.grach2.axi_rach/grf.rf/gntv_or_sync_fifo.gl0.rd/rpntr/gc0.count_d1_reg[0]_0
    SLICE_X4Y84          FDCE                                         f  kr260_min_i/axi_ic_PS_0_M_AXI_HPM0_FPD/s00_couplers/auto_cc/inst/gen_clock_conv.gen_async_conv.asyncfifo_axi/inst_fifo_gen/gaxi_full_lite.gread_ch.grach2.axi_rach/grf.rf/gntv_or_sync_fifo.gl0.rd/rpntr/gc0.count_d1_reg[1]/CLR
  -------------------------------------------------------------------    -------------------

                         (clock clk_out1_kr260_min_clk_wiz_0 rise edge)
                                                      5.000     5.000 r  
    BUFG_PS_X0Y80        BUFG_PS                      0.000     5.000 r  kr260_min_i/PS_0/inst/buffer_pl_clk_0.PL_CLK_0_BUFG/O
                         net (fo=5670, routed)        2.078     7.078    kr260_min_i/clk_wiz/inst/clk_in1
    MMCM_X0Y0            MMCME4_ADV (Prop_MMCM_CLKIN1_CLKOUT0)
                                                      0.739     7.817 r  kr260_min_i/clk_wiz/inst/mmcme4_adv_inst/CLKOUT0
                         net (fo=1, routed)           0.307     8.124    kr260_min_i/clk_wiz/inst/clk_out1_kr260_min_clk_wiz_0
    BUFGCE_X0Y1          BUFGCE (Prop_BUFCE_BUFGCE_I_O)
                                                      0.039     8.163 r  kr260_min_i/clk_wiz/inst/clkout1_buf/O
    X1Y1 (CLOCK_ROOT)    net (fo=62375, routed)       2.026    10.189    kr260_min_i/axi_ic_PS_0_M_AXI_HPM0_FPD/s00_couplers/auto_cc/inst/gen_clock_conv.gen_async_conv.asyncfifo_axi/inst_fifo_gen/gaxi_full_lite.gread_ch.grach2.axi_rach/grf.rf/gntv_or_sync_fifo.gl0.rd/rpntr/m_aclk
    SLICE_X4Y84          FDCE                                         r  kr260_min_i/axi_ic_PS_0_M_AXI_HPM0_FPD/s00_couplers/auto_cc/inst/gen_clock_conv.gen_async_conv.asyncfifo_axi/inst_fifo_gen/gaxi_full_lite.gread_ch.grach2.axi_rach/grf.rf/gntv_or_sync_fifo.gl0.rd/rpntr/gc0.count_d1_reg[1]/C
                         clock pessimism             -0.490     9.699    
                         clock uncertainty           -0.057     9.642    
    SLICE_X4Y84          FDCE (Recov_EFF2_SLICEM_C_CLR)
                                                     -0.093     9.549    kr260_min_i/axi_ic_PS_0_M_AXI_HPM0_FPD/s00_couplers/auto_cc/inst/gen_clock_conv.gen_async_conv.asyncfifo_axi/inst_fifo_gen/gaxi_full_lite.gread_ch.grach2.axi_rach/grf.rf/gntv_or_sync_fifo.gl0.rd/rpntr/gc0.count_d1_reg[1]
  -------------------------------------------------------------------
                         required time                          9.549    
                         arrival time                          -6.111    
  -------------------------------------------------------------------
                         slack                                  3.438    

Slack (MET) :             3.438ns  (required time - arrival time)
  Source:                 kr260_min_i/axi_ic_PS_0_M_AXI_HPM0_FPD/s00_couplers/auto_cc/inst/gen_clock_conv.gen_async_conv.asyncfifo_axi/inst_fifo_gen/gaxi_full_lite.gread_ch.grach2.axi_rach/grf.rf/rstblk/ngwrdrst.grst.g7serrst.gnsckt_wrst.gic_rst.sckt_rd_rst_ic_reg/C
                            (rising edge-triggered cell FDPE clocked by clk_out1_kr260_min_clk_wiz_0  {rise@0.000ns fall@2.500ns period=5.000ns})
  Destination:            kr260_min_i/axi_ic_PS_0_M_AXI_HPM0_FPD/s00_couplers/auto_cc/inst/gen_clock_conv.gen_async_conv.asyncfifo_axi/inst_fifo_gen/gaxi_full_lite.gread_ch.grach2.axi_rach/grf.rf/gntv_or_sync_fifo.gl0.rd/rpntr/gc0.count_d1_reg[2]/CLR
                            (recovery check against rising-edge clock clk_out1_kr260_min_clk_wiz_0  {rise@0.000ns fall@2.500ns period=5.000ns})
  Path Group:             **async_default**
  Path Type:              Recovery (Max at Slow Process Corner)
  Requirement:            5.000ns  (clk_out1_kr260_min_clk_wiz_0 rise@5.000ns - clk_out1_kr260_min_clk_wiz_0 rise@0.000ns)
  Data Path Delay:        1.302ns  (logic 0.115ns (8.833%)  route 1.187ns (91.167%))
  Logic Levels:           0  
  Clock Path Skew:        -0.110ns (DCD - SCD + CPR)
    Destination Clock Delay (DCD):    5.189ns = ( 10.189 - 5.000 ) 
    Source Clock Delay      (SCD):    4.809ns
    Clock Pessimism Removal (CPR):    -0.490ns
  Clock Uncertainty:      0.057ns  ((TSJ^2 + DJ^2)^1/2) / 2 + PE
    Total System Jitter     (TSJ):    0.071ns
    Discrete Jitter          (DJ):    0.091ns
    Phase Error              (PE):    0.000ns
  Clock Net Delay (Source):      2.246ns (routing 0.724ns, distribution 1.522ns)
  Clock Net Delay (Destination): 2.026ns (routing 0.669ns, distribution 1.357ns)

    Location             Delay type                Incr(ns)  Path(ns)    Netlist Resource(s)
  -------------------------------------------------------------------    -------------------
                         (clock clk_out1_kr260_min_clk_wiz_0 rise edge)
                                                      0.000     0.000 r  
    BUFG_PS_X0Y80        BUFG_PS                      0.000     0.000 r  kr260_min_i/PS_0/inst/buffer_pl_clk_0.PL_CLK_0_BUFG/O
                         net (fo=5670, routed)        2.274     2.274    kr260_min_i/clk_wiz/inst/clk_in1
    MMCM_X0Y0            MMCME4_ADV (Prop_MMCM_CLKIN1_CLKOUT0)
                                                     -0.103     2.171 r  kr260_min_i/clk_wiz/inst/mmcme4_adv_inst/CLKOUT0
                         net (fo=1, routed)           0.348     2.519    kr260_min_i/clk_wiz/inst/clk_out1_kr260_min_clk_wiz_0
    BUFGCE_X0Y1          BUFGCE (Prop_BUFCE_BUFGCE_I_O)
                                                      0.044     2.563 r  kr260_min_i/clk_wiz/inst/clkout1_buf/O
    X1Y1 (CLOCK_ROOT)    net (fo=62375, routed)       2.246     4.809    kr260_min_i/axi_ic_PS_0_M_AXI_HPM0_FPD/s00_couplers/auto_cc/inst/gen_clock_conv.gen_async_conv.asyncfifo_axi/inst_fifo_gen/gaxi_full_lite.gread_ch.grach2.axi_rach/grf.rf/rstblk/m_aclk
    SLICE_X9Y82          FDPE                                         r  kr260_min_i/axi_ic_PS_0_M_AXI_HPM0_FPD/s00_couplers/auto_cc/inst/gen_clock_conv.gen_async_conv.asyncfifo_axi/inst_fifo_gen/gaxi_full_lite.gread_ch.grach2.axi_rach/grf.rf/rstblk/ngwrdrst.grst.g7serrst.gnsckt_wrst.gic_rst.sckt_rd_rst_ic_reg/C
  -------------------------------------------------------------------    -------------------
    SLICE_X9Y82          FDPE (Prop_DFF2_SLICEL_C_Q)
                                                      0.115     4.924 f  kr260_min_i/axi_ic_PS_0_M_AXI_HPM0_FPD/s00_couplers/auto_cc/inst/gen_clock_conv.gen_async_conv.asyncfifo_axi/inst_fifo_gen/gaxi_full_lite.gread_ch.grach2.axi_rach/grf.rf/rstblk/ngwrdrst.grst.g7serrst.gnsckt_wrst.gic_rst.sckt_rd_rst_ic_reg/Q
                         net (fo=21, routed)          1.187     6.111    kr260_min_i/axi_ic_PS_0_M_AXI_HPM0_FPD/s00_couplers/auto_cc/inst/gen_clock_conv.gen_async_conv.asyncfifo_axi/inst_fifo_gen/gaxi_full_lite.gread_ch.grach2.axi_rach/grf.rf/gntv_or_sync_fifo.gl0.rd/rpntr/gc0.count_d1_reg[0]_0
    SLICE_X4Y84          FDCE                                         f  kr260_min_i/axi_ic_PS_0_M_AXI_HPM0_FPD/s00_couplers/auto_cc/inst/gen_clock_conv.gen_async_conv.asyncfifo_axi/inst_fifo_gen/gaxi_full_lite.gread_ch.grach2.axi_rach/grf.rf/gntv_or_sync_fifo.gl0.rd/rpntr/gc0.count_d1_reg[2]/CLR
  -------------------------------------------------------------------    -------------------

                         (clock clk_out1_kr260_min_clk_wiz_0 rise edge)
                                                      5.000     5.000 r  
    BUFG_PS_X0Y80        BUFG_PS                      0.000     5.000 r  kr260_min_i/PS_0/inst/buffer_pl_clk_0.PL_CLK_0_BUFG/O
                         net (fo=5670, routed)        2.078     7.078    kr260_min_i/clk_wiz/inst/clk_in1
    MMCM_X0Y0            MMCME4_ADV (Prop_MMCM_CLKIN1_CLKOUT0)
                                                      0.739     7.817 r  kr260_min_i/clk_wiz/inst/mmcme4_adv_inst/CLKOUT0
                         net (fo=1, routed)           0.307     8.124    kr260_min_i/clk_wiz/inst/clk_out1_kr260_min_clk_wiz_0
    BUFGCE_X0Y1          BUFGCE (Prop_BUFCE_BUFGCE_I_O)
                                                      0.039     8.163 r  kr260_min_i/clk_wiz/inst/clkout1_buf/O
    X1Y1 (CLOCK_ROOT)    net (fo=62375, routed)       2.026    10.189    kr260_min_i/axi_ic_PS_0_M_AXI_HPM0_FPD/s00_couplers/auto_cc/inst/gen_clock_conv.gen_async_conv.asyncfifo_axi/inst_fifo_gen/gaxi_full_lite.gread_ch.grach2.axi_rach/grf.rf/gntv_or_sync_fifo.gl0.rd/rpntr/m_aclk
    SLICE_X4Y84          FDCE                                         r  kr260_min_i/axi_ic_PS_0_M_AXI_HPM0_FPD/s00_couplers/auto_cc/inst/gen_clock_conv.gen_async_conv.asyncfifo_axi/inst_fifo_gen/gaxi_full_lite.gread_ch.grach2.axi_rach/grf.rf/gntv_or_sync_fifo.gl0.rd/rpntr/gc0.count_d1_reg[2]/C
                         clock pessimism             -0.490     9.699    
                         clock uncertainty           -0.057     9.642    
    SLICE_X4Y84          FDCE (Recov_FFF_SLICEM_C_CLR)
                                                     -0.093     9.549    kr260_min_i/axi_ic_PS_0_M_AXI_HPM0_FPD/s00_couplers/auto_cc/inst/gen_clock_conv.gen_async_conv.asyncfifo_axi/inst_fifo_gen/gaxi_full_lite.gread_ch.grach2.axi_rach/grf.rf/gntv_or_sync_fifo.gl0.rd/rpntr/gc0.count_d1_reg[2]
  -------------------------------------------------------------------
                         required time                          9.549    
                         arrival time                          -6.111    
  -------------------------------------------------------------------
                         slack                                  3.438    





Min Delay Paths
--------------------------------------------------------------------------------------
Slack (MET) :             0.139ns  (arrival time - required time)
  Source:                 kr260_min_i/axi_ic_PS_0_M_AXI_HPM0_FPD/s00_couplers/auto_cc/inst/gen_clock_conv.gen_async_conv.asyncfifo_axi/inst_fifo_gen/gaxi_full_lite.gread_ch.grach2.axi_rach/grf.rf/rstblk/ngwrdrst.grst.g7serrst.gnsckt_wrst.gic_rst.rst_rd_reg2_inst/arststages_ff_reg[1]/C
                            (rising edge-triggered cell FDPE clocked by clk_out1_kr260_min_clk_wiz_0  {rise@0.000ns fall@2.500ns period=5.000ns})
  Destination:            kr260_min_i/axi_ic_PS_0_M_AXI_HPM0_FPD/s00_couplers/auto_cc/inst/gen_clock_conv.gen_async_conv.asyncfifo_axi/inst_fifo_gen/gaxi_full_lite.gread_ch.grach2.axi_rach/grf.rf/rstblk/ngwrdrst.grst.g7serrst.gnsckt_wrst.gic_rst.sckt_rd_rst_ic_reg/PRE
                            (removal check against rising-edge clock clk_out1_kr260_min_clk_wiz_0  {rise@0.000ns fall@2.500ns period=5.000ns})
  Path Group:             **async_default**
  Path Type:              Removal (Min at Fast Process Corner)
  Requirement:            0.000ns  (clk_out1_kr260_min_clk_wiz_0 rise@0.000ns - clk_out1_kr260_min_clk_wiz_0 rise@0.000ns)
  Data Path Delay:        0.170ns  (logic 0.084ns (49.412%)  route 0.086ns (50.588%))
  Logic Levels:           0  
  Clock Path Skew:        0.049ns (DCD - SCD - CPR)
    Destination Clock Delay (DCD):    2.808ns
    Source Clock Delay      (SCD):    3.216ns
    Clock Pessimism Removal (CPR):    -0.456ns
  Clock Net Delay (Source):      1.211ns (routing 0.396ns, distribution 0.815ns)
  Clock Net Delay (Destination): 1.318ns (routing 0.428ns, distribution 0.890ns)

    Location             Delay type                Incr(ns)  Path(ns)    Netlist Resource(s)
  -------------------------------------------------------------------    -------------------
                         (clock clk_out1_kr260_min_clk_wiz_0 rise edge)
                                                      0.000     0.000 r  
    BUFG_PS_X0Y80        BUFG_PS                      0.000     0.000 r  kr260_min_i/PS_0/inst/buffer_pl_clk_0.PL_CLK_0_BUFG/O
                         net (fo=5670, routed)        1.237     1.237    kr260_min_i/clk_wiz/inst/clk_in1
    MMCM_X0Y0            MMCME4_ADV (Prop_MMCM_CLKIN1_CLKOUT0)
                                                      0.566     1.803 r  kr260_min_i/clk_wiz/inst/mmcme4_adv_inst/CLKOUT0
                         net (fo=1, routed)           0.179     1.982    kr260_min_i/clk_wiz/inst/clk_out1_kr260_min_clk_wiz_0
    BUFGCE_X0Y1          BUFGCE (Prop_BUFCE_BUFGCE_I_O)
                                                      0.023     2.005 r  kr260_min_i/clk_wiz/inst/clkout1_buf/O
    X1Y1 (CLOCK_ROOT)    net (fo=62375, routed)       1.211     3.216    kr260_min_i/axi_ic_PS_0_M_AXI_HPM0_FPD/s00_couplers/auto_cc/inst/gen_clock_conv.gen_async_conv.asyncfifo_axi/inst_fifo_gen/gaxi_full_lite.gread_ch.grach2.axi_rach/grf.rf/rstblk/ngwrdrst.grst.g7serrst.gnsckt_wrst.gic_rst.rst_rd_reg2_inst/dest_clk
    SLICE_X10Y82         FDPE                                         r  kr260_min_i/axi_ic_PS_0_M_AXI_HPM0_FPD/s00_couplers/auto_cc/inst/gen_clock_conv.gen_async_conv.asyncfifo_axi/inst_fifo_gen/gaxi_full_lite.gread_ch.grach2.axi_rach/grf.rf/rstblk/ngwrdrst.grst.g7serrst.gnsckt_wrst.gic_rst.rst_rd_reg2_inst/arststages_ff_reg[1]/C
  -------------------------------------------------------------------    -------------------
    SLICE_X10Y82         FDPE (Prop_AFF2_SLICEM_C_Q)
                                                      0.084     3.300 f  kr260_min_i/axi_ic_PS_0_M_AXI_HPM0_FPD/s00_couplers/auto_cc/inst/gen_clock_conv.gen_async_conv.asyncfifo_axi/inst_fifo_gen/gaxi_full_lite.gread_ch.grach2.axi_rach/grf.rf/rstblk/ngwrdrst.grst.g7serrst.gnsckt_wrst.gic_rst.rst_rd_reg2_inst/arststages_ff_reg[1]/Q
                         net (fo=3, routed)           0.086     3.386    kr260_min_i/axi_ic_PS_0_M_AXI_HPM0_FPD/s00_couplers/auto_cc/inst/gen_clock_conv.gen_async_conv.asyncfifo_axi/inst_fifo_gen/gaxi_full_lite.gread_ch.grach2.axi_rach/grf.rf/rstblk/ngwrdrst.grst.rst_rd_reg2
    SLICE_X9Y82          FDPE                                         f  kr260_min_i/axi_ic_PS_0_M_AXI_HPM0_FPD/s00_couplers/auto_cc/inst/gen_clock_conv.gen_async_conv.asyncfifo_axi/inst_fifo_gen/gaxi_full_lite.gread_ch.grach2.axi_rach/grf.rf/rstblk/ngwrdrst.grst.g7serrst.gnsckt_wrst.gic_rst.sckt_rd_rst_ic_reg/PRE
  -------------------------------------------------------------------    -------------------

                         (clock clk_out1_kr260_min_clk_wiz_0 rise edge)
                                                      0.000     0.000 r  
    BUFG_PS_X0Y80        BUFG_PS                      0.000     0.000 r  kr260_min_i/PS_0/inst/buffer_pl_clk_0.PL_CLK_0_BUFG/O
                         net (fo=5670, routed)        1.339     1.339    kr260_min_i/clk_wiz/inst/clk_in1
    MMCM_X0Y0            MMCME4_ADV (Prop_MMCM_CLKIN1_CLKOUT0)
                                                     -0.079     1.260 r  kr260_min_i/clk_wiz/inst/mmcme4_adv_inst/CLKOUT0
                         net (fo=1, routed)           0.204     1.464    kr260_min_i/clk_wiz/inst/clk_out1_kr260_min_clk_wiz_0
    BUFGCE_X0Y1          BUFGCE (Prop_BUFCE_BUFGCE_I_O)
                                                      0.026     1.490 r  kr260_min_i/clk_wiz/inst/clkout1_buf/O
    X1Y1 (CLOCK_ROOT)    net (fo=62375, routed)       1.318     2.808    kr260_min_i/axi_ic_PS_0_M_AXI_HPM0_FPD/s00_couplers/auto_cc/inst/gen_clock_conv.gen_async_conv.asyncfifo_axi/inst_fifo_gen/gaxi_full_lite.gread_ch.grach2.axi_rach/grf.rf/rstblk/m_aclk
    SLICE_X9Y82          FDPE                                         r  kr260_min_i/axi_ic_PS_0_M_AXI_HPM0_FPD/s00_couplers/auto_cc/inst/gen_clock_conv.gen_async_conv.asyncfifo_axi/inst_fifo_gen/gaxi_full_lite.gread_ch.grach2.axi_rach/grf.rf/rstblk/ngwrdrst.grst.g7serrst.gnsckt_wrst.gic_rst.sckt_rd_rst_ic_reg/C
                         clock pessimism              0.456     3.265    
    SLICE_X9Y82          FDPE (Remov_DFF2_SLICEL_C_PRE)
                                                     -0.018     3.247    kr260_min_i/axi_ic_PS_0_M_AXI_HPM0_FPD/s00_couplers/auto_cc/inst/gen_clock_conv.gen_async_conv.asyncfifo_axi/inst_fifo_gen/gaxi_full_lite.gread_ch.grach2.axi_rach/grf.rf/rstblk/ngwrdrst.grst.g7serrst.gnsckt_wrst.gic_rst.sckt_rd_rst_ic_reg
  -------------------------------------------------------------------
                         required time                         -3.247    
                         arrival time                           3.386    
  -------------------------------------------------------------------
                         slack                                  0.139    

Slack (MET) :             0.139ns  (arrival time - required time)
  Source:                 kr260_min_i/axi_ic_PS_0_M_AXI_HPM0_FPD/s00_couplers/auto_cc/inst/gen_clock_conv.gen_async_conv.asyncfifo_axi/inst_fifo_gen/gaxi_full_lite.gread_ch.grach2.axi_rach/grf.rf/rstblk/ngwrdrst.grst.g7serrst.gnsckt_wrst.gic_rst.rst_rd_reg2_inst/arststages_ff_reg[1]/C
                            (rising edge-triggered cell FDPE clocked by clk_out1_kr260_min_clk_wiz_0  {rise@0.000ns fall@2.500ns period=5.000ns})
  Destination:            kr260_min_i/axi_ic_PS_0_M_AXI_HPM0_FPD/s00_couplers/auto_cc/inst/gen_clock_conv.gen_async_conv.asyncfifo_axi/inst_fifo_gen/gaxi_full_lite.gread_ch.grach2.axi_rach/grf.rf/rstblk/ngwrdrst.grst.g7serrst.gnsckt_wrst.gic_rst.wr_rst_rd_ext_reg[0]/CLR
                            (removal check against rising-edge clock clk_out1_kr260_min_clk_wiz_0  {rise@0.000ns fall@2.500ns period=5.000ns})
  Path Group:             **async_default**
  Path Type:              Removal (Min at Fast Process Corner)
  Requirement:            0.000ns  (clk_out1_kr260_min_clk_wiz_0 rise@0.000ns - clk_out1_kr260_min_clk_wiz_0 rise@0.000ns)
  Data Path Delay:        0.170ns  (logic 0.084ns (49.412%)  route 0.086ns (50.588%))
  Logic Levels:           0  
  Clock Path Skew:        0.049ns (DCD - SCD - CPR)
    Destination Clock Delay (DCD):    2.808ns
    Source Clock Delay      (SCD):    3.216ns
    Clock Pessimism Removal (CPR):    -0.456ns
  Clock Net Delay (Source):      1.211ns (routing 0.396ns, distribution 0.815ns)
  Clock Net Delay (Destination): 1.318ns (routing 0.428ns, distribution 0.890ns)

    Location             Delay type                Incr(ns)  Path(ns)    Netlist Resource(s)
  -------------------------------------------------------------------    -------------------
                         (clock clk_out1_kr260_min_clk_wiz_0 rise edge)
                                                      0.000     0.000 r  
    BUFG_PS_X0Y80        BUFG_PS                      0.000     0.000 r  kr260_min_i/PS_0/inst/buffer_pl_clk_0.PL_CLK_0_BUFG/O
                         net (fo=5670, routed)        1.237     1.237    kr260_min_i/clk_wiz/inst/clk_in1
    MMCM_X0Y0            MMCME4_ADV (Prop_MMCM_CLKIN1_CLKOUT0)
                                                      0.566     1.803 r  kr260_min_i/clk_wiz/inst/mmcme4_adv_inst/CLKOUT0
                         net (fo=1, routed)           0.179     1.982    kr260_min_i/clk_wiz/inst/clk_out1_kr260_min_clk_wiz_0
    BUFGCE_X0Y1          BUFGCE (Prop_BUFCE_BUFGCE_I_O)
                                                      0.023     2.005 r  kr260_min_i/clk_wiz/inst/clkout1_buf/O
    X1Y1 (CLOCK_ROOT)    net (fo=62375, routed)       1.211     3.216    kr260_min_i/axi_ic_PS_0_M_AXI_HPM0_FPD/s00_couplers/auto_cc/inst/gen_clock_conv.gen_async_conv.asyncfifo_axi/inst_fifo_gen/gaxi_full_lite.gread_ch.grach2.axi_rach/grf.rf/rstblk/ngwrdrst.grst.g7serrst.gnsckt_wrst.gic_rst.rst_rd_reg2_inst/dest_clk
    SLICE_X10Y82         FDPE                                         r  kr260_min_i/axi_ic_PS_0_M_AXI_HPM0_FPD/s00_couplers/auto_cc/inst/gen_clock_conv.gen_async_conv.asyncfifo_axi/inst_fifo_gen/gaxi_full_lite.gread_ch.grach2.axi_rach/grf.rf/rstblk/ngwrdrst.grst.g7serrst.gnsckt_wrst.gic_rst.rst_rd_reg2_inst/arststages_ff_reg[1]/C
  -------------------------------------------------------------------    -------------------
    SLICE_X10Y82         FDPE (Prop_AFF2_SLICEM_C_Q)
                                                      0.084     3.300 f  kr260_min_i/axi_ic_PS_0_M_AXI_HPM0_FPD/s00_couplers/auto_cc/inst/gen_clock_conv.gen_async_conv.asyncfifo_axi/inst_fifo_gen/gaxi_full_lite.gread_ch.grach2.axi_rach/grf.rf/rstblk/ngwrdrst.grst.g7serrst.gnsckt_wrst.gic_rst.rst_rd_reg2_inst/arststages_ff_reg[1]/Q
                         net (fo=3, routed)           0.086     3.386    kr260_min_i/axi_ic_PS_0_M_AXI_HPM0_FPD/s00_couplers/auto_cc/inst/gen_clock_conv.gen_async_conv.asyncfifo_axi/inst_fifo_gen/gaxi_full_lite.gread_ch.grach2.axi_rach/grf.rf/rstblk/ngwrdrst.grst.rst_rd_reg2
    SLICE_X9Y82          FDCE                                         f  kr260_min_i/axi_ic_PS_0_M_AXI_HPM0_FPD/s00_couplers/auto_cc/inst/gen_clock_conv.gen_async_conv.asyncfifo_axi/inst_fifo_gen/gaxi_full_lite.gread_ch.grach2.axi_rach/grf.rf/rstblk/ngwrdrst.grst.g7serrst.gnsckt_wrst.gic_rst.wr_rst_rd_ext_reg[0]/CLR
  -------------------------------------------------------------------    -------------------

                         (clock clk_out1_kr260_min_clk_wiz_0 rise edge)
                                                      0.000     0.000 r  
    BUFG_PS_X0Y80        BUFG_PS                      0.000     0.000 r  kr260_min_i/PS_0/inst/buffer_pl_clk_0.PL_CLK_0_BUFG/O
                         net (fo=5670, routed)        1.339     1.339    kr260_min_i/clk_wiz/inst/clk_in1
    MMCM_X0Y0            MMCME4_ADV (Prop_MMCM_CLKIN1_CLKOUT0)
                                                     -0.079     1.260 r  kr260_min_i/clk_wiz/inst/mmcme4_adv_inst/CLKOUT0
                         net (fo=1, routed)           0.204     1.464    kr260_min_i/clk_wiz/inst/clk_out1_kr260_min_clk_wiz_0
    BUFGCE_X0Y1          BUFGCE (Prop_BUFCE_BUFGCE_I_O)
                                                      0.026     1.490 r  kr260_min_i/clk_wiz/inst/clkout1_buf/O
    X1Y1 (CLOCK_ROOT)    net (fo=62375, routed)       1.318     2.808    kr260_min_i/axi_ic_PS_0_M_AXI_HPM0_FPD/s00_couplers/auto_cc/inst/gen_clock_conv.gen_async_conv.asyncfifo_axi/inst_fifo_gen/gaxi_full_lite.gread_ch.grach2.axi_rach/grf.rf/rstblk/m_aclk
    SLICE_X9Y82          FDCE                                         r  kr260_min_i/axi_ic_PS_0_M_AXI_HPM0_FPD/s00_couplers/auto_cc/inst/gen_clock_conv.gen_async_conv.asyncfifo_axi/inst_fifo_gen/gaxi_full_lite.gread_ch.grach2.axi_rach/grf.rf/rstblk/ngwrdrst.grst.g7serrst.gnsckt_wrst.gic_rst.wr_rst_rd_ext_reg[0]/C
                         clock pessimism              0.456     3.265    
    SLICE_X9Y82          FDCE (Remov_AFF_SLICEL_C_CLR)
                                                     -0.018     3.247    kr260_min_i/axi_ic_PS_0_M_AXI_HPM0_FPD/s00_couplers/auto_cc/inst/gen_clock_conv.gen_async_conv.asyncfifo_axi/inst_fifo_gen/gaxi_full_lite.gread_ch.grach2.axi_rach/grf.rf/rstblk/ngwrdrst.grst.g7serrst.gnsckt_wrst.gic_rst.wr_rst_rd_ext_reg[0]
  -------------------------------------------------------------------
                         required time                         -3.247    
                         arrival time                           3.386    
  -------------------------------------------------------------------
                         slack                                  0.139    

Slack (MET) :             0.139ns  (arrival time - required time)
  Source:                 kr260_min_i/axi_ic_PS_0_M_AXI_HPM0_FPD/s00_couplers/auto_cc/inst/gen_clock_conv.gen_async_conv.asyncfifo_axi/inst_fifo_gen/gaxi_full_lite.gread_ch.grach2.axi_rach/grf.rf/rstblk/ngwrdrst.grst.g7serrst.gnsckt_wrst.gic_rst.rst_rd_reg2_inst/arststages_ff_reg[1]/C
                            (rising edge-triggered cell FDPE clocked by clk_out1_kr260_min_clk_wiz_0  {rise@0.000ns fall@2.500ns period=5.000ns})
  Destination:            kr260_min_i/axi_ic_PS_0_M_AXI_HPM0_FPD/s00_couplers/auto_cc/inst/gen_clock_conv.gen_async_conv.asyncfifo_axi/inst_fifo_gen/gaxi_full_lite.gread_ch.grach2.axi_rach/grf.rf/rstblk/ngwrdrst.grst.g7serrst.gnsckt_wrst.gic_rst.wr_rst_rd_ext_reg[1]/CLR
                            (removal check against rising-edge clock clk_out1_kr260_min_clk_wiz_0  {rise@0.000ns fall@2.500ns period=5.000ns})
  Path Group:             **async_default**
  Path Type:              Removal (Min at Fast Process Corner)
  Requirement:            0.000ns  (clk_out1_kr260_min_clk_wiz_0 rise@0.000ns - clk_out1_kr260_min_clk_wiz_0 rise@0.000ns)
  Data Path Delay:        0.170ns  (logic 0.084ns (49.412%)  route 0.086ns (50.588%))
  Logic Levels:           0  
  Clock Path Skew:        0.049ns (DCD - SCD - CPR)
    Destination Clock Delay (DCD):    2.808ns
    Source Clock Delay      (SCD):    3.216ns
    Clock Pessimism Removal (CPR):    -0.456ns
  Clock Net Delay (Source):      1.211ns (routing 0.396ns, distribution 0.815ns)
  Clock Net Delay (Destination): 1.318ns (routing 0.428ns, distribution 0.890ns)

    Location             Delay type                Incr(ns)  Path(ns)    Netlist Resource(s)
  -------------------------------------------------------------------    -------------------
                         (clock clk_out1_kr260_min_clk_wiz_0 rise edge)
                                                      0.000     0.000 r  
    BUFG_PS_X0Y80        BUFG_PS                      0.000     0.000 r  kr260_min_i/PS_0/inst/buffer_pl_clk_0.PL_CLK_0_BUFG/O
                         net (fo=5670, routed)        1.237     1.237    kr260_min_i/clk_wiz/inst/clk_in1
    MMCM_X0Y0            MMCME4_ADV (Prop_MMCM_CLKIN1_CLKOUT0)
                                                      0.566     1.803 r  kr260_min_i/clk_wiz/inst/mmcme4_adv_inst/CLKOUT0
                         net (fo=1, routed)           0.179     1.982    kr260_min_i/clk_wiz/inst/clk_out1_kr260_min_clk_wiz_0
    BUFGCE_X0Y1          BUFGCE (Prop_BUFCE_BUFGCE_I_O)
                                                      0.023     2.005 r  kr260_min_i/clk_wiz/inst/clkout1_buf/O
    X1Y1 (CLOCK_ROOT)    net (fo=62375, routed)       1.211     3.216    kr260_min_i/axi_ic_PS_0_M_AXI_HPM0_FPD/s00_couplers/auto_cc/inst/gen_clock_conv.gen_async_conv.asyncfifo_axi/inst_fifo_gen/gaxi_full_lite.gread_ch.grach2.axi_rach/grf.rf/rstblk/ngwrdrst.grst.g7serrst.gnsckt_wrst.gic_rst.rst_rd_reg2_inst/dest_clk
    SLICE_X10Y82         FDPE                                         r  kr260_min_i/axi_ic_PS_0_M_AXI_HPM0_FPD/s00_couplers/auto_cc/inst/gen_clock_conv.gen_async_conv.asyncfifo_axi/inst_fifo_gen/gaxi_full_lite.gread_ch.grach2.axi_rach/grf.rf/rstblk/ngwrdrst.grst.g7serrst.gnsckt_wrst.gic_rst.rst_rd_reg2_inst/arststages_ff_reg[1]/C
  -------------------------------------------------------------------    -------------------
    SLICE_X10Y82         FDPE (Prop_AFF2_SLICEM_C_Q)
                                                      0.084     3.300 f  kr260_min_i/axi_ic_PS_0_M_AXI_HPM0_FPD/s00_couplers/auto_cc/inst/gen_clock_conv.gen_async_conv.asyncfifo_axi/inst_fifo_gen/gaxi_full_lite.gread_ch.grach2.axi_rach/grf.rf/rstblk/ngwrdrst.grst.g7serrst.gnsckt_wrst.gic_rst.rst_rd_reg2_inst/arststages_ff_reg[1]/Q
                         net (fo=3, routed)           0.086     3.386    kr260_min_i/axi_ic_PS_0_M_AXI_HPM0_FPD/s00_couplers/auto_cc/inst/gen_clock_conv.gen_async_conv.asyncfifo_axi/inst_fifo_gen/gaxi_full_lite.gread_ch.grach2.axi_rach/grf.rf/rstblk/ngwrdrst.grst.rst_rd_reg2
    SLICE_X9Y82          FDCE                                         f  kr260_min_i/axi_ic_PS_0_M_AXI_HPM0_FPD/s00_couplers/auto_cc/inst/gen_clock_conv.gen_async_conv.asyncfifo_axi/inst_fifo_gen/gaxi_full_lite.gread_ch.grach2.axi_rach/grf.rf/rstblk/ngwrdrst.grst.g7serrst.gnsckt_wrst.gic_rst.wr_rst_rd_ext_reg[1]/CLR
  -------------------------------------------------------------------    -------------------

                         (clock clk_out1_kr260_min_clk_wiz_0 rise edge)
                                                      0.000     0.000 r  
    BUFG_PS_X0Y80        BUFG_PS                      0.000     0.000 r  kr260_min_i/PS_0/inst/buffer_pl_clk_0.PL_CLK_0_BUFG/O
                         net (fo=5670, routed)        1.339     1.339    kr260_min_i/clk_wiz/inst/clk_in1
    MMCM_X0Y0            MMCME4_ADV (Prop_MMCM_CLKIN1_CLKOUT0)
                                                     -0.079     1.260 r  kr260_min_i/clk_wiz/inst/mmcme4_adv_inst/CLKOUT0
                         net (fo=1, routed)           0.204     1.464    kr260_min_i/clk_wiz/inst/clk_out1_kr260_min_clk_wiz_0
    BUFGCE_X0Y1          BUFGCE (Prop_BUFCE_BUFGCE_I_O)
                                                      0.026     1.490 r  kr260_min_i/clk_wiz/inst/clkout1_buf/O
    X1Y1 (CLOCK_ROOT)    net (fo=62375, routed)       1.318     2.808    kr260_min_i/axi_ic_PS_0_M_AXI_HPM0_FPD/s00_couplers/auto_cc/inst/gen_clock_conv.gen_async_conv.asyncfifo_axi/inst_fifo_gen/gaxi_full_lite.gread_ch.grach2.axi_rach/grf.rf/rstblk/m_aclk
    SLICE_X9Y82          FDCE                                         r  kr260_min_i/axi_ic_PS_0_M_AXI_HPM0_FPD/s00_couplers/auto_cc/inst/gen_clock_conv.gen_async_conv.asyncfifo_axi/inst_fifo_gen/gaxi_full_lite.gread_ch.grach2.axi_rach/grf.rf/rstblk/ngwrdrst.grst.g7serrst.gnsckt_wrst.gic_rst.wr_rst_rd_ext_reg[1]/C
                         clock pessimism              0.456     3.265    
    SLICE_X9Y82          FDCE (Remov_AFF2_SLICEL_C_CLR)
                                                     -0.018     3.247    kr260_min_i/axi_ic_PS_0_M_AXI_HPM0_FPD/s00_couplers/auto_cc/inst/gen_clock_conv.gen_async_conv.asyncfifo_axi/inst_fifo_gen/gaxi_full_lite.gread_ch.grach2.axi_rach/grf.rf/rstblk/ngwrdrst.grst.g7serrst.gnsckt_wrst.gic_rst.wr_rst_rd_ext_reg[1]
  -------------------------------------------------------------------
                         required time                         -3.247    
                         arrival time                           3.386    
  -------------------------------------------------------------------
                         slack                                  0.139    

Slack (MET) :             0.148ns  (arrival time - required time)
  Source:                 kr260_min_i/axi_ic_PS_0_S_AXI_HPC0_FPD/s00_couplers/auto_cc/inst/gen_clock_conv.gen_async_conv.asyncfifo_axi/inst_fifo_gen/gaxi_full_lite.gread_ch.grdch2.axi_rdch/grf.rf/rstblk/ngwrdrst.grst.g7serrst.gnsckt_wrst.gic_rst.rst_rd_reg2_inst/arststages_ff_reg[1]/C
                            (rising edge-triggered cell FDPE clocked by clk_out1_kr260_min_clk_wiz_0  {rise@0.000ns fall@2.500ns period=5.000ns})
  Destination:            kr260_min_i/axi_ic_PS_0_S_AXI_HPC0_FPD/s00_couplers/auto_cc/inst/gen_clock_conv.gen_async_conv.asyncfifo_axi/inst_fifo_gen/gaxi_full_lite.gread_ch.grdch2.axi_rdch/grf.rf/rstblk/ngwrdrst.grst.g7serrst.gnsckt_wrst.gic_rst.sckt_rd_rst_ic_reg/PRE
                            (removal check against rising-edge clock clk_out1_kr260_min_clk_wiz_0  {rise@0.000ns fall@2.500ns period=5.000ns})
  Path Group:             **async_default**
  Path Type:              Removal (Min at Fast Process Corner)
  Requirement:            0.000ns  (clk_out1_kr260_min_clk_wiz_0 rise@0.000ns - clk_out1_kr260_min_clk_wiz_0 rise@0.000ns)
  Data Path Delay:        0.173ns  (logic 0.084ns (48.555%)  route 0.089ns (51.445%))
  Logic Levels:           0  
  Clock Path Skew:        0.043ns (DCD - SCD - CPR)
    Destination Clock Delay (DCD):    2.834ns
    Source Clock Delay      (SCD):    3.245ns
    Clock Pessimism Removal (CPR):    -0.454ns
  Clock Net Delay (Source):      1.240ns (routing 0.396ns, distribution 0.844ns)
  Clock Net Delay (Destination): 1.344ns (routing 0.428ns, distribution 0.916ns)

    Location             Delay type                Incr(ns)  Path(ns)    Netlist Resource(s)
  -------------------------------------------------------------------    -------------------
                         (clock clk_out1_kr260_min_clk_wiz_0 rise edge)
                                                      0.000     0.000 r  
    BUFG_PS_X0Y80        BUFG_PS                      0.000     0.000 r  kr260_min_i/PS_0/inst/buffer_pl_clk_0.PL_CLK_0_BUFG/O
                         net (fo=5670, routed)        1.237     1.237    kr260_min_i/clk_wiz/inst/clk_in1
    MMCM_X0Y0            MMCME4_ADV (Prop_MMCM_CLKIN1_CLKOUT0)
                                                      0.566     1.803 r  kr260_min_i/clk_wiz/inst/mmcme4_adv_inst/CLKOUT0
                         net (fo=1, routed)           0.179     1.982    kr260_min_i/clk_wiz/inst/clk_out1_kr260_min_clk_wiz_0
    BUFGCE_X0Y1          BUFGCE (Prop_BUFCE_BUFGCE_I_O)
                                                      0.023     2.005 r  kr260_min_i/clk_wiz/inst/clkout1_buf/O
    X1Y1 (CLOCK_ROOT)    net (fo=62375, routed)       1.240     3.245    kr260_min_i/axi_ic_PS_0_S_AXI_HPC0_FPD/s00_couplers/auto_cc/inst/gen_clock_conv.gen_async_conv.asyncfifo_axi/inst_fifo_gen/gaxi_full_lite.gread_ch.grdch2.axi_rdch/grf.rf/rstblk/ngwrdrst.grst.g7serrst.gnsckt_wrst.gic_rst.rst_rd_reg2_inst/dest_clk
    SLICE_X1Y145         FDPE                                         r  kr260_min_i/axi_ic_PS_0_S_AXI_HPC0_FPD/s00_couplers/auto_cc/inst/gen_clock_conv.gen_async_conv.asyncfifo_axi/inst_fifo_gen/gaxi_full_lite.gread_ch.grdch2.axi_rdch/grf.rf/rstblk/ngwrdrst.grst.g7serrst.gnsckt_wrst.gic_rst.rst_rd_reg2_inst/arststages_ff_reg[1]/C
  -------------------------------------------------------------------    -------------------
    SLICE_X1Y145         FDPE (Prop_AFF2_SLICEM_C_Q)
                                                      0.084     3.329 f  kr260_min_i/axi_ic_PS_0_S_AXI_HPC0_FPD/s00_couplers/auto_cc/inst/gen_clock_conv.gen_async_conv.asyncfifo_axi/inst_fifo_gen/gaxi_full_lite.gread_ch.grdch2.axi_rdch/grf.rf/rstblk/ngwrdrst.grst.g7serrst.gnsckt_wrst.gic_rst.rst_rd_reg2_inst/arststages_ff_reg[1]/Q
                         net (fo=3, routed)           0.089     3.418    kr260_min_i/axi_ic_PS_0_S_AXI_HPC0_FPD/s00_couplers/auto_cc/inst/gen_clock_conv.gen_async_conv.asyncfifo_axi/inst_fifo_gen/gaxi_full_lite.gread_ch.grdch2.axi_rdch/grf.rf/rstblk/ngwrdrst.grst.rst_rd_reg2
    SLICE_X0Y145         FDPE                                         f  kr260_min_i/axi_ic_PS_0_S_AXI_HPC0_FPD/s00_couplers/auto_cc/inst/gen_clock_conv.gen_async_conv.asyncfifo_axi/inst_fifo_gen/gaxi_full_lite.gread_ch.grdch2.axi_rdch/grf.rf/rstblk/ngwrdrst.grst.g7serrst.gnsckt_wrst.gic_rst.sckt_rd_rst_ic_reg/PRE
  -------------------------------------------------------------------    -------------------

                         (clock clk_out1_kr260_min_clk_wiz_0 rise edge)
                                                      0.000     0.000 r  
    BUFG_PS_X0Y80        BUFG_PS                      0.000     0.000 r  kr260_min_i/PS_0/inst/buffer_pl_clk_0.PL_CLK_0_BUFG/O
                         net (fo=5670, routed)        1.339     1.339    kr260_min_i/clk_wiz/inst/clk_in1
    MMCM_X0Y0            MMCME4_ADV (Prop_MMCM_CLKIN1_CLKOUT0)
                                                     -0.079     1.260 r  kr260_min_i/clk_wiz/inst/mmcme4_adv_inst/CLKOUT0
                         net (fo=1, routed)           0.204     1.464    kr260_min_i/clk_wiz/inst/clk_out1_kr260_min_clk_wiz_0
    BUFGCE_X0Y1          BUFGCE (Prop_BUFCE_BUFGCE_I_O)
                                                      0.026     1.490 r  kr260_min_i/clk_wiz/inst/clkout1_buf/O
    X1Y1 (CLOCK_ROOT)    net (fo=62375, routed)       1.344     2.834    kr260_min_i/axi_ic_PS_0_S_AXI_HPC0_FPD/s00_couplers/auto_cc/inst/gen_clock_conv.gen_async_conv.asyncfifo_axi/inst_fifo_gen/gaxi_full_lite.gread_ch.grdch2.axi_rdch/grf.rf/rstblk/s_aclk
    SLICE_X0Y145         FDPE                                         r  kr260_min_i/axi_ic_PS_0_S_AXI_HPC0_FPD/s00_couplers/auto_cc/inst/gen_clock_conv.gen_async_conv.asyncfifo_axi/inst_fifo_gen/gaxi_full_lite.gread_ch.grdch2.axi_rdch/grf.rf/rstblk/ngwrdrst.grst.g7serrst.gnsckt_wrst.gic_rst.sckt_rd_rst_ic_reg/C
                         clock pessimism              0.454     3.288    
    SLICE_X0Y145         FDPE (Remov_DFF2_SLICEL_C_PRE)
                                                     -0.018     3.270    kr260_min_i/axi_ic_PS_0_S_AXI_HPC0_FPD/s00_couplers/auto_cc/inst/gen_clock_conv.gen_async_conv.asyncfifo_axi/inst_fifo_gen/gaxi_full_lite.gread_ch.grdch2.axi_rdch/grf.rf/rstblk/ngwrdrst.grst.g7serrst.gnsckt_wrst.gic_rst.sckt_rd_rst_ic_reg
  -------------------------------------------------------------------
                         required time                         -3.270    
                         arrival time                           3.418    
  -------------------------------------------------------------------
                         slack                                  0.148    

Slack (MET) :             0.148ns  (arrival time - required time)
  Source:                 kr260_min_i/axi_ic_PS_0_S_AXI_HPC0_FPD/s00_couplers/auto_cc/inst/gen_clock_conv.gen_async_conv.asyncfifo_axi/inst_fifo_gen/gaxi_full_lite.gread_ch.grdch2.axi_rdch/grf.rf/rstblk/ngwrdrst.grst.g7serrst.gnsckt_wrst.gic_rst.rst_rd_reg2_inst/arststages_ff_reg[1]/C
                            (rising edge-triggered cell FDPE clocked by clk_out1_kr260_min_clk_wiz_0  {rise@0.000ns fall@2.500ns period=5.000ns})
  Destination:            kr260_min_i/axi_ic_PS_0_S_AXI_HPC0_FPD/s00_couplers/auto_cc/inst/gen_clock_conv.gen_async_conv.asyncfifo_axi/inst_fifo_gen/gaxi_full_lite.gread_ch.grdch2.axi_rdch/grf.rf/rstblk/ngwrdrst.grst.g7serrst.gnsckt_wrst.gic_rst.wr_rst_rd_ext_reg[0]/CLR
                            (removal check against rising-edge clock clk_out1_kr260_min_clk_wiz_0  {rise@0.000ns fall@2.500ns period=5.000ns})
  Path Group:             **async_default**
  Path Type:              Removal (Min at Fast Process Corner)
  Requirement:            0.000ns  (clk_out1_kr260_min_clk_wiz_0 rise@0.000ns - clk_out1_kr260_min_clk_wiz_0 rise@0.000ns)
  Data Path Delay:        0.173ns  (logic 0.084ns (48.555%)  route 0.089ns (51.445%))
  Logic Levels:           0  
  Clock Path Skew:        0.043ns (DCD - SCD - CPR)
    Destination Clock Delay (DCD):    2.834ns
    Source Clock Delay      (SCD):    3.245ns
    Clock Pessimism Removal (CPR):    -0.454ns
  Clock Net Delay (Source):      1.240ns (routing 0.396ns, distribution 0.844ns)
  Clock Net Delay (Destination): 1.344ns (routing 0.428ns, distribution 0.916ns)

    Location             Delay type                Incr(ns)  Path(ns)    Netlist Resource(s)
  -------------------------------------------------------------------    -------------------
                         (clock clk_out1_kr260_min_clk_wiz_0 rise edge)
                                                      0.000     0.000 r  
    BUFG_PS_X0Y80        BUFG_PS                      0.000     0.000 r  kr260_min_i/PS_0/inst/buffer_pl_clk_0.PL_CLK_0_BUFG/O
                         net (fo=5670, routed)        1.237     1.237    kr260_min_i/clk_wiz/inst/clk_in1
    MMCM_X0Y0            MMCME4_ADV (Prop_MMCM_CLKIN1_CLKOUT0)
                                                      0.566     1.803 r  kr260_min_i/clk_wiz/inst/mmcme4_adv_inst/CLKOUT0
                         net (fo=1, routed)           0.179     1.982    kr260_min_i/clk_wiz/inst/clk_out1_kr260_min_clk_wiz_0
    BUFGCE_X0Y1          BUFGCE (Prop_BUFCE_BUFGCE_I_O)
                                                      0.023     2.005 r  kr260_min_i/clk_wiz/inst/clkout1_buf/O
    X1Y1 (CLOCK_ROOT)    net (fo=62375, routed)       1.240     3.245    kr260_min_i/axi_ic_PS_0_S_AXI_HPC0_FPD/s00_couplers/auto_cc/inst/gen_clock_conv.gen_async_conv.asyncfifo_axi/inst_fifo_gen/gaxi_full_lite.gread_ch.grdch2.axi_rdch/grf.rf/rstblk/ngwrdrst.grst.g7serrst.gnsckt_wrst.gic_rst.rst_rd_reg2_inst/dest_clk
    SLICE_X1Y145         FDPE                                         r  kr260_min_i/axi_ic_PS_0_S_AXI_HPC0_FPD/s00_couplers/auto_cc/inst/gen_clock_conv.gen_async_conv.asyncfifo_axi/inst_fifo_gen/gaxi_full_lite.gread_ch.grdch2.axi_rdch/grf.rf/rstblk/ngwrdrst.grst.g7serrst.gnsckt_wrst.gic_rst.rst_rd_reg2_inst/arststages_ff_reg[1]/C
  -------------------------------------------------------------------    -------------------
    SLICE_X1Y145         FDPE (Prop_AFF2_SLICEM_C_Q)
                                                      0.084     3.329 f  kr260_min_i/axi_ic_PS_0_S_AXI_HPC0_FPD/s00_couplers/auto_cc/inst/gen_clock_conv.gen_async_conv.asyncfifo_axi/inst_fifo_gen/gaxi_full_lite.gread_ch.grdch2.axi_rdch/grf.rf/rstblk/ngwrdrst.grst.g7serrst.gnsckt_wrst.gic_rst.rst_rd_reg2_inst/arststages_ff_reg[1]/Q
                         net (fo=3, routed)           0.089     3.418    kr260_min_i/axi_ic_PS_0_S_AXI_HPC0_FPD/s00_couplers/auto_cc/inst/gen_clock_conv.gen_async_conv.asyncfifo_axi/inst_fifo_gen/gaxi_full_lite.gread_ch.grdch2.axi_rdch/grf.rf/rstblk/ngwrdrst.grst.rst_rd_reg2
    SLICE_X0Y145         FDCE                                         f  kr260_min_i/axi_ic_PS_0_S_AXI_HPC0_FPD/s00_couplers/auto_cc/inst/gen_clock_conv.gen_async_conv.asyncfifo_axi/inst_fifo_gen/gaxi_full_lite.gread_ch.grdch2.axi_rdch/grf.rf/rstblk/ngwrdrst.grst.g7serrst.gnsckt_wrst.gic_rst.wr_rst_rd_ext_reg[0]/CLR
  -------------------------------------------------------------------    -------------------

                         (clock clk_out1_kr260_min_clk_wiz_0 rise edge)
                                                      0.000     0.000 r  
    BUFG_PS_X0Y80        BUFG_PS                      0.000     0.000 r  kr260_min_i/PS_0/inst/buffer_pl_clk_0.PL_CLK_0_BUFG/O
                         net (fo=5670, routed)        1.339     1.339    kr260_min_i/clk_wiz/inst/clk_in1
    MMCM_X0Y0            MMCME4_ADV (Prop_MMCM_CLKIN1_CLKOUT0)
                                                     -0.079     1.260 r  kr260_min_i/clk_wiz/inst/mmcme4_adv_inst/CLKOUT0
                         net (fo=1, routed)           0.204     1.464    kr260_min_i/clk_wiz/inst/clk_out1_kr260_min_clk_wiz_0
    BUFGCE_X0Y1          BUFGCE (Prop_BUFCE_BUFGCE_I_O)
                                                      0.026     1.490 r  kr260_min_i/clk_wiz/inst/clkout1_buf/O
    X1Y1 (CLOCK_ROOT)    net (fo=62375, routed)       1.344     2.834    kr260_min_i/axi_ic_PS_0_S_AXI_HPC0_FPD/s00_couplers/auto_cc/inst/gen_clock_conv.gen_async_conv.asyncfifo_axi/inst_fifo_gen/gaxi_full_lite.gread_ch.grdch2.axi_rdch/grf.rf/rstblk/s_aclk
    SLICE_X0Y145         FDCE                                         r  kr260_min_i/axi_ic_PS_0_S_AXI_HPC0_FPD/s00_couplers/auto_cc/inst/gen_clock_conv.gen_async_conv.asyncfifo_axi/inst_fifo_gen/gaxi_full_lite.gread_ch.grdch2.axi_rdch/grf.rf/rstblk/ngwrdrst.grst.g7serrst.gnsckt_wrst.gic_rst.wr_rst_rd_ext_reg[0]/C
                         clock pessimism              0.454     3.288    
    SLICE_X0Y145         FDCE (Remov_AFF_SLICEL_C_CLR)
                                                     -0.018     3.270    kr260_min_i/axi_ic_PS_0_S_AXI_HPC0_FPD/s00_couplers/auto_cc/inst/gen_clock_conv.gen_async_conv.asyncfifo_axi/inst_fifo_gen/gaxi_full_lite.gread_ch.grdch2.axi_rdch/grf.rf/rstblk/ngwrdrst.grst.g7serrst.gnsckt_wrst.gic_rst.wr_rst_rd_ext_reg[0]
  -------------------------------------------------------------------
                         required time                         -3.270    
                         arrival time                           3.418    
  -------------------------------------------------------------------
                         slack                                  0.148    

Slack (MET) :             0.148ns  (arrival time - required time)
  Source:                 kr260_min_i/axi_ic_PS_0_S_AXI_HPC0_FPD/s00_couplers/auto_cc/inst/gen_clock_conv.gen_async_conv.asyncfifo_axi/inst_fifo_gen/gaxi_full_lite.gread_ch.grdch2.axi_rdch/grf.rf/rstblk/ngwrdrst.grst.g7serrst.gnsckt_wrst.gic_rst.rst_rd_reg2_inst/arststages_ff_reg[1]/C
                            (rising edge-triggered cell FDPE clocked by clk_out1_kr260_min_clk_wiz_0  {rise@0.000ns fall@2.500ns period=5.000ns})
  Destination:            kr260_min_i/axi_ic_PS_0_S_AXI_HPC0_FPD/s00_couplers/auto_cc/inst/gen_clock_conv.gen_async_conv.asyncfifo_axi/inst_fifo_gen/gaxi_full_lite.gread_ch.grdch2.axi_rdch/grf.rf/rstblk/ngwrdrst.grst.g7serrst.gnsckt_wrst.gic_rst.wr_rst_rd_ext_reg[1]/CLR
                            (removal check against rising-edge clock clk_out1_kr260_min_clk_wiz_0  {rise@0.000ns fall@2.500ns period=5.000ns})
  Path Group:             **async_default**
  Path Type:              Removal (Min at Fast Process Corner)
  Requirement:            0.000ns  (clk_out1_kr260_min_clk_wiz_0 rise@0.000ns - clk_out1_kr260_min_clk_wiz_0 rise@0.000ns)
  Data Path Delay:        0.173ns  (logic 0.084ns (48.555%)  route 0.089ns (51.445%))
  Logic Levels:           0  
  Clock Path Skew:        0.043ns (DCD - SCD - CPR)
    Destination Clock Delay (DCD):    2.834ns
    Source Clock Delay      (SCD):    3.245ns
    Clock Pessimism Removal (CPR):    -0.454ns
  Clock Net Delay (Source):      1.240ns (routing 0.396ns, distribution 0.844ns)
  Clock Net Delay (Destination): 1.344ns (routing 0.428ns, distribution 0.916ns)

    Location             Delay type                Incr(ns)  Path(ns)    Netlist Resource(s)
  -------------------------------------------------------------------    -------------------
                         (clock clk_out1_kr260_min_clk_wiz_0 rise edge)
                                                      0.000     0.000 r  
    BUFG_PS_X0Y80        BUFG_PS                      0.000     0.000 r  kr260_min_i/PS_0/inst/buffer_pl_clk_0.PL_CLK_0_BUFG/O
                         net (fo=5670, routed)        1.237     1.237    kr260_min_i/clk_wiz/inst/clk_in1
    MMCM_X0Y0            MMCME4_ADV (Prop_MMCM_CLKIN1_CLKOUT0)
                                                      0.566     1.803 r  kr260_min_i/clk_wiz/inst/mmcme4_adv_inst/CLKOUT0
                         net (fo=1, routed)           0.179     1.982    kr260_min_i/clk_wiz/inst/clk_out1_kr260_min_clk_wiz_0
    BUFGCE_X0Y1          BUFGCE (Prop_BUFCE_BUFGCE_I_O)
                                                      0.023     2.005 r  kr260_min_i/clk_wiz/inst/clkout1_buf/O
    X1Y1 (CLOCK_ROOT)    net (fo=62375, routed)       1.240     3.245    kr260_min_i/axi_ic_PS_0_S_AXI_HPC0_FPD/s00_couplers/auto_cc/inst/gen_clock_conv.gen_async_conv.asyncfifo_axi/inst_fifo_gen/gaxi_full_lite.gread_ch.grdch2.axi_rdch/grf.rf/rstblk/ngwrdrst.grst.g7serrst.gnsckt_wrst.gic_rst.rst_rd_reg2_inst/dest_clk
    SLICE_X1Y145         FDPE                                         r  kr260_min_i/axi_ic_PS_0_S_AXI_HPC0_FPD/s00_couplers/auto_cc/inst/gen_clock_conv.gen_async_conv.asyncfifo_axi/inst_fifo_gen/gaxi_full_lite.gread_ch.grdch2.axi_rdch/grf.rf/rstblk/ngwrdrst.grst.g7serrst.gnsckt_wrst.gic_rst.rst_rd_reg2_inst/arststages_ff_reg[1]/C
  -------------------------------------------------------------------    -------------------
    SLICE_X1Y145         FDPE (Prop_AFF2_SLICEM_C_Q)
                                                      0.084     3.329 f  kr260_min_i/axi_ic_PS_0_S_AXI_HPC0_FPD/s00_couplers/auto_cc/inst/gen_clock_conv.gen_async_conv.asyncfifo_axi/inst_fifo_gen/gaxi_full_lite.gread_ch.grdch2.axi_rdch/grf.rf/rstblk/ngwrdrst.grst.g7serrst.gnsckt_wrst.gic_rst.rst_rd_reg2_inst/arststages_ff_reg[1]/Q
                         net (fo=3, routed)           0.089     3.418    kr260_min_i/axi_ic_PS_0_S_AXI_HPC0_FPD/s00_couplers/auto_cc/inst/gen_clock_conv.gen_async_conv.asyncfifo_axi/inst_fifo_gen/gaxi_full_lite.gread_ch.grdch2.axi_rdch/grf.rf/rstblk/ngwrdrst.grst.rst_rd_reg2
    SLICE_X0Y145         FDCE                                         f  kr260_min_i/axi_ic_PS_0_S_AXI_HPC0_FPD/s00_couplers/auto_cc/inst/gen_clock_conv.gen_async_conv.asyncfifo_axi/inst_fifo_gen/gaxi_full_lite.gread_ch.grdch2.axi_rdch/grf.rf/rstblk/ngwrdrst.grst.g7serrst.gnsckt_wrst.gic_rst.wr_rst_rd_ext_reg[1]/CLR
  -------------------------------------------------------------------    -------------------

                         (clock clk_out1_kr260_min_clk_wiz_0 rise edge)
                                                      0.000     0.000 r  
    BUFG_PS_X0Y80        BUFG_PS                      0.000     0.000 r  kr260_min_i/PS_0/inst/buffer_pl_clk_0.PL_CLK_0_BUFG/O
                         net (fo=5670, routed)        1.339     1.339    kr260_min_i/clk_wiz/inst/clk_in1
    MMCM_X0Y0            MMCME4_ADV (Prop_MMCM_CLKIN1_CLKOUT0)
                                                     -0.079     1.260 r  kr260_min_i/clk_wiz/inst/mmcme4_adv_inst/CLKOUT0
                         net (fo=1, routed)           0.204     1.464    kr260_min_i/clk_wiz/inst/clk_out1_kr260_min_clk_wiz_0
    BUFGCE_X0Y1          BUFGCE (Prop_BUFCE_BUFGCE_I_O)
                                                      0.026     1.490 r  kr260_min_i/clk_wiz/inst/clkout1_buf/O
    X1Y1 (CLOCK_ROOT)    net (fo=62375, routed)       1.344     2.834    kr260_min_i/axi_ic_PS_0_S_AXI_HPC0_FPD/s00_couplers/auto_cc/inst/gen_clock_conv.gen_async_conv.asyncfifo_axi/inst_fifo_gen/gaxi_full_lite.gread_ch.grdch2.axi_rdch/grf.rf/rstblk/s_aclk
    SLICE_X0Y145         FDCE                                         r  kr260_min_i/axi_ic_PS_0_S_AXI_HPC0_FPD/s00_couplers/auto_cc/inst/gen_clock_conv.gen_async_conv.asyncfifo_axi/inst_fifo_gen/gaxi_full_lite.gread_ch.grdch2.axi_rdch/grf.rf/rstblk/ngwrdrst.grst.g7serrst.gnsckt_wrst.gic_rst.wr_rst_rd_ext_reg[1]/C
                         clock pessimism              0.454     3.288    
    SLICE_X0Y145         FDCE (Remov_AFF2_SLICEL_C_CLR)
                                                     -0.018     3.270    kr260_min_i/axi_ic_PS_0_S_AXI_HPC0_FPD/s00_couplers/auto_cc/inst/gen_clock_conv.gen_async_conv.asyncfifo_axi/inst_fifo_gen/gaxi_full_lite.gread_ch.grdch2.axi_rdch/grf.rf/rstblk/ngwrdrst.grst.g7serrst.gnsckt_wrst.gic_rst.wr_rst_rd_ext_reg[1]
  -------------------------------------------------------------------
                         required time                         -3.270    
                         arrival time                           3.418    
  -------------------------------------------------------------------
                         slack                                  0.148    

Slack (MET) :             0.151ns  (arrival time - required time)
  Source:                 kr260_min_i/axi_ic_PS_0_S_AXI_HPC0_FPD/s00_couplers/auto_cc/inst/gen_clock_conv.gen_async_conv.asyncfifo_axi/inst_fifo_gen/gaxi_full_lite.gwrite_ch.gwrch2.axi_wrch/grf.rf/rstblk/ngwrdrst.grst.g7serrst.gnsckt_wrst.gic_rst.rst_rd_reg2_inst/arststages_ff_reg[1]/C
                            (rising edge-triggered cell FDPE clocked by clk_out1_kr260_min_clk_wiz_0  {rise@0.000ns fall@2.500ns period=5.000ns})
  Destination:            kr260_min_i/axi_ic_PS_0_S_AXI_HPC0_FPD/s00_couplers/auto_cc/inst/gen_clock_conv.gen_async_conv.asyncfifo_axi/inst_fifo_gen/gaxi_full_lite.gwrite_ch.gwrch2.axi_wrch/grf.rf/rstblk/ngwrdrst.grst.g7serrst.gnsckt_wrst.gic_rst.sckt_rd_rst_ic_reg/PRE
                            (removal check against rising-edge clock clk_out1_kr260_min_clk_wiz_0  {rise@0.000ns fall@2.500ns period=5.000ns})
  Path Group:             **async_default**
  Path Type:              Removal (Min at Fast Process Corner)
  Requirement:            0.000ns  (clk_out1_kr260_min_clk_wiz_0 rise@0.000ns - clk_out1_kr260_min_clk_wiz_0 rise@0.000ns)
  Data Path Delay:        0.189ns  (logic 0.084ns (44.534%)  route 0.105ns (55.466%))
  Logic Levels:           0  
  Clock Path Skew:        0.055ns (DCD - SCD - CPR)
    Destination Clock Delay (DCD):    2.803ns
    Source Clock Delay      (SCD):    3.212ns
    Clock Pessimism Removal (CPR):    -0.464ns
  Clock Net Delay (Source):      1.207ns (routing 0.396ns, distribution 0.811ns)
  Clock Net Delay (Destination): 1.313ns (routing 0.428ns, distribution 0.885ns)

    Location             Delay type                Incr(ns)  Path(ns)    Netlist Resource(s)
  -------------------------------------------------------------------    -------------------
                         (clock clk_out1_kr260_min_clk_wiz_0 rise edge)
                                                      0.000     0.000 r  
    BUFG_PS_X0Y80        BUFG_PS                      0.000     0.000 r  kr260_min_i/PS_0/inst/buffer_pl_clk_0.PL_CLK_0_BUFG/O
                         net (fo=5670, routed)        1.237     1.237    kr260_min_i/clk_wiz/inst/clk_in1
    MMCM_X0Y0            MMCME4_ADV (Prop_MMCM_CLKIN1_CLKOUT0)
                                                      0.566     1.803 r  kr260_min_i/clk_wiz/inst/mmcme4_adv_inst/CLKOUT0
                         net (fo=1, routed)           0.179     1.982    kr260_min_i/clk_wiz/inst/clk_out1_kr260_min_clk_wiz_0
    BUFGCE_X0Y1          BUFGCE (Prop_BUFCE_BUFGCE_I_O)
                                                      0.023     2.005 r  kr260_min_i/clk_wiz/inst/clkout1_buf/O
    X1Y1 (CLOCK_ROOT)    net (fo=62375, routed)       1.207     3.212    kr260_min_i/axi_ic_PS_0_S_AXI_HPC0_FPD/s00_couplers/auto_cc/inst/gen_clock_conv.gen_async_conv.asyncfifo_axi/inst_fifo_gen/gaxi_full_lite.gwrite_ch.gwrch2.axi_wrch/grf.rf/rstblk/ngwrdrst.grst.g7serrst.gnsckt_wrst.gic_rst.rst_rd_reg2_inst/dest_clk
    SLICE_X18Y0          FDPE                                         r  kr260_min_i/axi_ic_PS_0_S_AXI_HPC0_FPD/s00_couplers/auto_cc/inst/gen_clock_conv.gen_async_conv.asyncfifo_axi/inst_fifo_gen/gaxi_full_lite.gwrite_ch.gwrch2.axi_wrch/grf.rf/rstblk/ngwrdrst.grst.g7serrst.gnsckt_wrst.gic_rst.rst_rd_reg2_inst/arststages_ff_reg[1]/C
  -------------------------------------------------------------------    -------------------
    SLICE_X18Y0          FDPE (Prop_AFF2_SLICEM_C_Q)
                                                      0.084     3.296 f  kr260_min_i/axi_ic_PS_0_S_AXI_HPC0_FPD/s00_couplers/auto_cc/inst/gen_clock_conv.gen_async_conv.asyncfifo_axi/inst_fifo_gen/gaxi_full_lite.gwrite_ch.gwrch2.axi_wrch/grf.rf/rstblk/ngwrdrst.grst.g7serrst.gnsckt_wrst.gic_rst.rst_rd_reg2_inst/arststages_ff_reg[1]/Q
                         net (fo=3, routed)           0.105     3.401    kr260_min_i/axi_ic_PS_0_S_AXI_HPC0_FPD/s00_couplers/auto_cc/inst/gen_clock_conv.gen_async_conv.asyncfifo_axi/inst_fifo_gen/gaxi_full_lite.gwrite_ch.gwrch2.axi_wrch/grf.rf/rstblk/ngwrdrst.grst.rst_rd_reg2
    SLICE_X17Y0          FDPE                                         f  kr260_min_i/axi_ic_PS_0_S_AXI_HPC0_FPD/s00_couplers/auto_cc/inst/gen_clock_conv.gen_async_conv.asyncfifo_axi/inst_fifo_gen/gaxi_full_lite.gwrite_ch.gwrch2.axi_wrch/grf.rf/rstblk/ngwrdrst.grst.g7serrst.gnsckt_wrst.gic_rst.sckt_rd_rst_ic_reg/PRE
  -------------------------------------------------------------------    -------------------

                         (clock clk_out1_kr260_min_clk_wiz_0 rise edge)
                                                      0.000     0.000 r  
    BUFG_PS_X0Y80        BUFG_PS                      0.000     0.000 r  kr260_min_i/PS_0/inst/buffer_pl_clk_0.PL_CLK_0_BUFG/O
                         net (fo=5670, routed)        1.339     1.339    kr260_min_i/clk_wiz/inst/clk_in1
    MMCM_X0Y0            MMCME4_ADV (Prop_MMCM_CLKIN1_CLKOUT0)
                                                     -0.079     1.260 r  kr260_min_i/clk_wiz/inst/mmcme4_adv_inst/CLKOUT0
                         net (fo=1, routed)           0.204     1.464    kr260_min_i/clk_wiz/inst/clk_out1_kr260_min_clk_wiz_0
    BUFGCE_X0Y1          BUFGCE (Prop_BUFCE_BUFGCE_I_O)
                                                      0.026     1.490 r  kr260_min_i/clk_wiz/inst/clkout1_buf/O
    X1Y1 (CLOCK_ROOT)    net (fo=62375, routed)       1.313     2.803    kr260_min_i/axi_ic_PS_0_S_AXI_HPC0_FPD/s00_couplers/auto_cc/inst/gen_clock_conv.gen_async_conv.asyncfifo_axi/inst_fifo_gen/gaxi_full_lite.gwrite_ch.gwrch2.axi_wrch/grf.rf/rstblk/s_aclk
    SLICE_X17Y0          FDPE                                         r  kr260_min_i/axi_ic_PS_0_S_AXI_HPC0_FPD/s00_couplers/auto_cc/inst/gen_clock_conv.gen_async_conv.asyncfifo_axi/inst_fifo_gen/gaxi_full_lite.gwrite_ch.gwrch2.axi_wrch/grf.rf/rstblk/ngwrdrst.grst.g7serrst.gnsckt_wrst.gic_rst.sckt_rd_rst_ic_reg/C
                         clock pessimism              0.464     3.267    
    SLICE_X17Y0          FDPE (Remov_DFF2_SLICEM_C_PRE)
                                                     -0.018     3.249    kr260_min_i/axi_ic_PS_0_S_AXI_HPC0_FPD/s00_couplers/auto_cc/inst/gen_clock_conv.gen_async_conv.asyncfifo_axi/inst_fifo_gen/gaxi_full_lite.gwrite_ch.gwrch2.axi_wrch/grf.rf/rstblk/ngwrdrst.grst.g7serrst.gnsckt_wrst.gic_rst.sckt_rd_rst_ic_reg
  -------------------------------------------------------------------
                         required time                         -3.249    
                         arrival time                           3.401    
  -------------------------------------------------------------------
                         slack                                  0.151    

Slack (MET) :             0.152ns  (arrival time - required time)
  Source:                 kr260_min_i/axi_ic_PS_0_S_AXI_HPC0_FPD/s00_couplers/auto_cc/inst/gen_clock_conv.gen_async_conv.asyncfifo_axi/inst_fifo_gen/gaxi_full_lite.gwrite_ch.gwrch2.axi_wrch/grf.rf/rstblk/ngwrdrst.grst.g7serrst.gnsckt_wrst.gic_rst.rst_rd_reg2_inst/arststages_ff_reg[1]/C
                            (rising edge-triggered cell FDPE clocked by clk_out1_kr260_min_clk_wiz_0  {rise@0.000ns fall@2.500ns period=5.000ns})
  Destination:            kr260_min_i/axi_ic_PS_0_S_AXI_HPC0_FPD/s00_couplers/auto_cc/inst/gen_clock_conv.gen_async_conv.asyncfifo_axi/inst_fifo_gen/gaxi_full_lite.gwrite_ch.gwrch2.axi_wrch/grf.rf/rstblk/ngwrdrst.grst.g7serrst.gnsckt_wrst.gic_rst.wr_rst_rd_ext_reg[0]/CLR
                            (removal check against rising-edge clock clk_out1_kr260_min_clk_wiz_0  {rise@0.000ns fall@2.500ns period=5.000ns})
  Path Group:             **async_default**
  Path Type:              Removal (Min at Fast Process Corner)
  Requirement:            0.000ns  (clk_out1_kr260_min_clk_wiz_0 rise@0.000ns - clk_out1_kr260_min_clk_wiz_0 rise@0.000ns)
  Data Path Delay:        0.188ns  (logic 0.084ns (44.771%)  route 0.104ns (55.229%))
  Logic Levels:           0  
  Clock Path Skew:        0.053ns (DCD - SCD - CPR)
    Destination Clock Delay (DCD):    2.801ns
    Source Clock Delay      (SCD):    3.212ns
    Clock Pessimism Removal (CPR):    -0.464ns
  Clock Net Delay (Source):      1.207ns (routing 0.396ns, distribution 0.811ns)
  Clock Net Delay (Destination): 1.311ns (routing 0.428ns, distribution 0.883ns)

    Location             Delay type                Incr(ns)  Path(ns)    Netlist Resource(s)
  -------------------------------------------------------------------    -------------------
                         (clock clk_out1_kr260_min_clk_wiz_0 rise edge)
                                                      0.000     0.000 r  
    BUFG_PS_X0Y80        BUFG_PS                      0.000     0.000 r  kr260_min_i/PS_0/inst/buffer_pl_clk_0.PL_CLK_0_BUFG/O
                         net (fo=5670, routed)        1.237     1.237    kr260_min_i/clk_wiz/inst/clk_in1
    MMCM_X0Y0            MMCME4_ADV (Prop_MMCM_CLKIN1_CLKOUT0)
                                                      0.566     1.803 r  kr260_min_i/clk_wiz/inst/mmcme4_adv_inst/CLKOUT0
                         net (fo=1, routed)           0.179     1.982    kr260_min_i/clk_wiz/inst/clk_out1_kr260_min_clk_wiz_0
    BUFGCE_X0Y1          BUFGCE (Prop_BUFCE_BUFGCE_I_O)
                                                      0.023     2.005 r  kr260_min_i/clk_wiz/inst/clkout1_buf/O
    X1Y1 (CLOCK_ROOT)    net (fo=62375, routed)       1.207     3.212    kr260_min_i/axi_ic_PS_0_S_AXI_HPC0_FPD/s00_couplers/auto_cc/inst/gen_clock_conv.gen_async_conv.asyncfifo_axi/inst_fifo_gen/gaxi_full_lite.gwrite_ch.gwrch2.axi_wrch/grf.rf/rstblk/ngwrdrst.grst.g7serrst.gnsckt_wrst.gic_rst.rst_rd_reg2_inst/dest_clk
    SLICE_X18Y0          FDPE                                         r  kr260_min_i/axi_ic_PS_0_S_AXI_HPC0_FPD/s00_couplers/auto_cc/inst/gen_clock_conv.gen_async_conv.asyncfifo_axi/inst_fifo_gen/gaxi_full_lite.gwrite_ch.gwrch2.axi_wrch/grf.rf/rstblk/ngwrdrst.grst.g7serrst.gnsckt_wrst.gic_rst.rst_rd_reg2_inst/arststages_ff_reg[1]/C
  -------------------------------------------------------------------    -------------------
    SLICE_X18Y0          FDPE (Prop_AFF2_SLICEM_C_Q)
                                                      0.084     3.296 f  kr260_min_i/axi_ic_PS_0_S_AXI_HPC0_FPD/s00_couplers/auto_cc/inst/gen_clock_conv.gen_async_conv.asyncfifo_axi/inst_fifo_gen/gaxi_full_lite.gwrite_ch.gwrch2.axi_wrch/grf.rf/rstblk/ngwrdrst.grst.g7serrst.gnsckt_wrst.gic_rst.rst_rd_reg2_inst/arststages_ff_reg[1]/Q
                         net (fo=3, routed)           0.104     3.400    kr260_min_i/axi_ic_PS_0_S_AXI_HPC0_FPD/s00_couplers/auto_cc/inst/gen_clock_conv.gen_async_conv.asyncfifo_axi/inst_fifo_gen/gaxi_full_lite.gwrite_ch.gwrch2.axi_wrch/grf.rf/rstblk/ngwrdrst.grst.rst_rd_reg2
    SLICE_X17Y0          FDCE                                         f  kr260_min_i/axi_ic_PS_0_S_AXI_HPC0_FPD/s00_couplers/auto_cc/inst/gen_clock_conv.gen_async_conv.asyncfifo_axi/inst_fifo_gen/gaxi_full_lite.gwrite_ch.gwrch2.axi_wrch/grf.rf/rstblk/ngwrdrst.grst.g7serrst.gnsckt_wrst.gic_rst.wr_rst_rd_ext_reg[0]/CLR
  -------------------------------------------------------------------    -------------------

                         (clock clk_out1_kr260_min_clk_wiz_0 rise edge)
                                                      0.000     0.000 r  
    BUFG_PS_X0Y80        BUFG_PS                      0.000     0.000 r  kr260_min_i/PS_0/inst/buffer_pl_clk_0.PL_CLK_0_BUFG/O
                         net (fo=5670, routed)        1.339     1.339    kr260_min_i/clk_wiz/inst/clk_in1
    MMCM_X0Y0            MMCME4_ADV (Prop_MMCM_CLKIN1_CLKOUT0)
                                                     -0.079     1.260 r  kr260_min_i/clk_wiz/inst/mmcme4_adv_inst/CLKOUT0
                         net (fo=1, routed)           0.204     1.464    kr260_min_i/clk_wiz/inst/clk_out1_kr260_min_clk_wiz_0
    BUFGCE_X0Y1          BUFGCE (Prop_BUFCE_BUFGCE_I_O)
                                                      0.026     1.490 r  kr260_min_i/clk_wiz/inst/clkout1_buf/O
    X1Y1 (CLOCK_ROOT)    net (fo=62375, routed)       1.311     2.801    kr260_min_i/axi_ic_PS_0_S_AXI_HPC0_FPD/s00_couplers/auto_cc/inst/gen_clock_conv.gen_async_conv.asyncfifo_axi/inst_fifo_gen/gaxi_full_lite.gwrite_ch.gwrch2.axi_wrch/grf.rf/rstblk/s_aclk
    SLICE_X17Y0          FDCE                                         r  kr260_min_i/axi_ic_PS_0_S_AXI_HPC0_FPD/s00_couplers/auto_cc/inst/gen_clock_conv.gen_async_conv.asyncfifo_axi/inst_fifo_gen/gaxi_full_lite.gwrite_ch.gwrch2.axi_wrch/grf.rf/rstblk/ngwrdrst.grst.g7serrst.gnsckt_wrst.gic_rst.wr_rst_rd_ext_reg[0]/C
                         clock pessimism              0.464     3.265    
    SLICE_X17Y0          FDCE (Remov_EFF_SLICEM_C_CLR)
                                                     -0.018     3.247    kr260_min_i/axi_ic_PS_0_S_AXI_HPC0_FPD/s00_couplers/auto_cc/inst/gen_clock_conv.gen_async_conv.asyncfifo_axi/inst_fifo_gen/gaxi_full_lite.gwrite_ch.gwrch2.axi_wrch/grf.rf/rstblk/ngwrdrst.grst.g7serrst.gnsckt_wrst.gic_rst.wr_rst_rd_ext_reg[0]
  -------------------------------------------------------------------
                         required time                         -3.247    
                         arrival time                           3.400    
  -------------------------------------------------------------------
                         slack                                  0.152    

Slack (MET) :             0.152ns  (arrival time - required time)
  Source:                 kr260_min_i/axi_ic_PS_0_S_AXI_HPC0_FPD/s00_couplers/auto_cc/inst/gen_clock_conv.gen_async_conv.asyncfifo_axi/inst_fifo_gen/gaxi_full_lite.gwrite_ch.gwrch2.axi_wrch/grf.rf/rstblk/ngwrdrst.grst.g7serrst.gnsckt_wrst.gic_rst.rst_rd_reg2_inst/arststages_ff_reg[1]/C
                            (rising edge-triggered cell FDPE clocked by clk_out1_kr260_min_clk_wiz_0  {rise@0.000ns fall@2.500ns period=5.000ns})
  Destination:            kr260_min_i/axi_ic_PS_0_S_AXI_HPC0_FPD/s00_couplers/auto_cc/inst/gen_clock_conv.gen_async_conv.asyncfifo_axi/inst_fifo_gen/gaxi_full_lite.gwrite_ch.gwrch2.axi_wrch/grf.rf/rstblk/ngwrdrst.grst.g7serrst.gnsckt_wrst.gic_rst.wr_rst_rd_ext_reg[1]/CLR
                            (removal check against rising-edge clock clk_out1_kr260_min_clk_wiz_0  {rise@0.000ns fall@2.500ns period=5.000ns})
  Path Group:             **async_default**
  Path Type:              Removal (Min at Fast Process Corner)
  Requirement:            0.000ns  (clk_out1_kr260_min_clk_wiz_0 rise@0.000ns - clk_out1_kr260_min_clk_wiz_0 rise@0.000ns)
  Data Path Delay:        0.188ns  (logic 0.084ns (44.771%)  route 0.104ns (55.229%))
  Logic Levels:           0  
  Clock Path Skew:        0.053ns (DCD - SCD - CPR)
    Destination Clock Delay (DCD):    2.801ns
    Source Clock Delay      (SCD):    3.212ns
    Clock Pessimism Removal (CPR):    -0.464ns
  Clock Net Delay (Source):      1.207ns (routing 0.396ns, distribution 0.811ns)
  Clock Net Delay (Destination): 1.311ns (routing 0.428ns, distribution 0.883ns)

    Location             Delay type                Incr(ns)  Path(ns)    Netlist Resource(s)
  -------------------------------------------------------------------    -------------------
                         (clock clk_out1_kr260_min_clk_wiz_0 rise edge)
                                                      0.000     0.000 r  
    BUFG_PS_X0Y80        BUFG_PS                      0.000     0.000 r  kr260_min_i/PS_0/inst/buffer_pl_clk_0.PL_CLK_0_BUFG/O
                         net (fo=5670, routed)        1.237     1.237    kr260_min_i/clk_wiz/inst/clk_in1
    MMCM_X0Y0            MMCME4_ADV (Prop_MMCM_CLKIN1_CLKOUT0)
                                                      0.566     1.803 r  kr260_min_i/clk_wiz/inst/mmcme4_adv_inst/CLKOUT0
                         net (fo=1, routed)           0.179     1.982    kr260_min_i/clk_wiz/inst/clk_out1_kr260_min_clk_wiz_0
    BUFGCE_X0Y1          BUFGCE (Prop_BUFCE_BUFGCE_I_O)
                                                      0.023     2.005 r  kr260_min_i/clk_wiz/inst/clkout1_buf/O
    X1Y1 (CLOCK_ROOT)    net (fo=62375, routed)       1.207     3.212    kr260_min_i/axi_ic_PS_0_S_AXI_HPC0_FPD/s00_couplers/auto_cc/inst/gen_clock_conv.gen_async_conv.asyncfifo_axi/inst_fifo_gen/gaxi_full_lite.gwrite_ch.gwrch2.axi_wrch/grf.rf/rstblk/ngwrdrst.grst.g7serrst.gnsckt_wrst.gic_rst.rst_rd_reg2_inst/dest_clk
    SLICE_X18Y0          FDPE                                         r  kr260_min_i/axi_ic_PS_0_S_AXI_HPC0_FPD/s00_couplers/auto_cc/inst/gen_clock_conv.gen_async_conv.asyncfifo_axi/inst_fifo_gen/gaxi_full_lite.gwrite_ch.gwrch2.axi_wrch/grf.rf/rstblk/ngwrdrst.grst.g7serrst.gnsckt_wrst.gic_rst.rst_rd_reg2_inst/arststages_ff_reg[1]/C
  -------------------------------------------------------------------    -------------------
    SLICE_X18Y0          FDPE (Prop_AFF2_SLICEM_C_Q)
                                                      0.084     3.296 f  kr260_min_i/axi_ic_PS_0_S_AXI_HPC0_FPD/s00_couplers/auto_cc/inst/gen_clock_conv.gen_async_conv.asyncfifo_axi/inst_fifo_gen/gaxi_full_lite.gwrite_ch.gwrch2.axi_wrch/grf.rf/rstblk/ngwrdrst.grst.g7serrst.gnsckt_wrst.gic_rst.rst_rd_reg2_inst/arststages_ff_reg[1]/Q
                         net (fo=3, routed)           0.104     3.400    kr260_min_i/axi_ic_PS_0_S_AXI_HPC0_FPD/s00_couplers/auto_cc/inst/gen_clock_conv.gen_async_conv.asyncfifo_axi/inst_fifo_gen/gaxi_full_lite.gwrite_ch.gwrch2.axi_wrch/grf.rf/rstblk/ngwrdrst.grst.rst_rd_reg2
    SLICE_X17Y0          FDCE                                         f  kr260_min_i/axi_ic_PS_0_S_AXI_HPC0_FPD/s00_couplers/auto_cc/inst/gen_clock_conv.gen_async_conv.asyncfifo_axi/inst_fifo_gen/gaxi_full_lite.gwrite_ch.gwrch2.axi_wrch/grf.rf/rstblk/ngwrdrst.grst.g7serrst.gnsckt_wrst.gic_rst.wr_rst_rd_ext_reg[1]/CLR
  -------------------------------------------------------------------    -------------------

                         (clock clk_out1_kr260_min_clk_wiz_0 rise edge)
                                                      0.000     0.000 r  
    BUFG_PS_X0Y80        BUFG_PS                      0.000     0.000 r  kr260_min_i/PS_0/inst/buffer_pl_clk_0.PL_CLK_0_BUFG/O
                         net (fo=5670, routed)        1.339     1.339    kr260_min_i/clk_wiz/inst/clk_in1
    MMCM_X0Y0            MMCME4_ADV (Prop_MMCM_CLKIN1_CLKOUT0)
                                                     -0.079     1.260 r  kr260_min_i/clk_wiz/inst/mmcme4_adv_inst/CLKOUT0
                         net (fo=1, routed)           0.204     1.464    kr260_min_i/clk_wiz/inst/clk_out1_kr260_min_clk_wiz_0
    BUFGCE_X0Y1          BUFGCE (Prop_BUFCE_BUFGCE_I_O)
                                                      0.026     1.490 r  kr260_min_i/clk_wiz/inst/clkout1_buf/O
    X1Y1 (CLOCK_ROOT)    net (fo=62375, routed)       1.311     2.801    kr260_min_i/axi_ic_PS_0_S_AXI_HPC0_FPD/s00_couplers/auto_cc/inst/gen_clock_conv.gen_async_conv.asyncfifo_axi/inst_fifo_gen/gaxi_full_lite.gwrite_ch.gwrch2.axi_wrch/grf.rf/rstblk/s_aclk
    SLICE_X17Y0          FDCE                                         r  kr260_min_i/axi_ic_PS_0_S_AXI_HPC0_FPD/s00_couplers/auto_cc/inst/gen_clock_conv.gen_async_conv.asyncfifo_axi/inst_fifo_gen/gaxi_full_lite.gwrite_ch.gwrch2.axi_wrch/grf.rf/rstblk/ngwrdrst.grst.g7serrst.gnsckt_wrst.gic_rst.wr_rst_rd_ext_reg[1]/C
                         clock pessimism              0.464     3.265    
    SLICE_X17Y0          FDCE (Remov_EFF2_SLICEM_C_CLR)
                                                     -0.018     3.247    kr260_min_i/axi_ic_PS_0_S_AXI_HPC0_FPD/s00_couplers/auto_cc/inst/gen_clock_conv.gen_async_conv.asyncfifo_axi/inst_fifo_gen/gaxi_full_lite.gwrite_ch.gwrch2.axi_wrch/grf.rf/rstblk/ngwrdrst.grst.g7serrst.gnsckt_wrst.gic_rst.wr_rst_rd_ext_reg[1]
  -------------------------------------------------------------------
                         required time                         -3.247    
                         arrival time                           3.400    
  -------------------------------------------------------------------
                         slack                                  0.152    

Slack (MET) :             0.159ns  (arrival time - required time)
  Source:                 kr260_min_i/axi_ic_PS_0_S_AXI_HP1_FPD/s00_couplers/auto_cc/inst/gen_clock_conv.gen_async_conv.asyncfifo_axi/inst_fifo_gen/gaxi_full_lite.gwrite_ch.gwrch2.axi_wrch/grf.rf/rstblk/ngwrdrst.grst.g7serrst.gnsckt_wrst.gic_rst.rst_rd_reg2_inst/arststages_ff_reg[1]/C
                            (rising edge-triggered cell FDPE clocked by clk_out1_kr260_min_clk_wiz_0  {rise@0.000ns fall@2.500ns period=5.000ns})
  Destination:            kr260_min_i/axi_ic_PS_0_S_AXI_HP1_FPD/s00_couplers/auto_cc/inst/gen_clock_conv.gen_async_conv.asyncfifo_axi/inst_fifo_gen/gaxi_full_lite.gwrite_ch.gwrch2.axi_wrch/grf.rf/rstblk/ngwrdrst.grst.g7serrst.gnsckt_wrst.gic_rst.sckt_rd_rst_ic_reg/PRE
                            (removal check against rising-edge clock clk_out1_kr260_min_clk_wiz_0  {rise@0.000ns fall@2.500ns period=5.000ns})
  Path Group:             **async_default**
  Path Type:              Removal (Min at Fast Process Corner)
  Requirement:            0.000ns  (clk_out1_kr260_min_clk_wiz_0 rise@0.000ns - clk_out1_kr260_min_clk_wiz_0 rise@0.000ns)
  Data Path Delay:        0.158ns  (logic 0.085ns (53.922%)  route 0.073ns (46.078%))
  Logic Levels:           0  
  Clock Path Skew:        0.016ns (DCD - SCD - CPR)
    Destination Clock Delay (DCD):    2.857ns
    Source Clock Delay      (SCD):    3.268ns
    Clock Pessimism Removal (CPR):    -0.427ns
  Clock Net Delay (Source):      1.263ns (routing 0.396ns, distribution 0.867ns)
  Clock Net Delay (Destination): 1.367ns (routing 0.428ns, distribution 0.939ns)

    Location             Delay type                Incr(ns)  Path(ns)    Netlist Resource(s)
  -------------------------------------------------------------------    -------------------
                         (clock clk_out1_kr260_min_clk_wiz_0 rise edge)
                                                      0.000     0.000 r  
    BUFG_PS_X0Y80        BUFG_PS                      0.000     0.000 r  kr260_min_i/PS_0/inst/buffer_pl_clk_0.PL_CLK_0_BUFG/O
                         net (fo=5670, routed)        1.237     1.237    kr260_min_i/clk_wiz/inst/clk_in1
    MMCM_X0Y0            MMCME4_ADV (Prop_MMCM_CLKIN1_CLKOUT0)
                                                      0.566     1.803 r  kr260_min_i/clk_wiz/inst/mmcme4_adv_inst/CLKOUT0
                         net (fo=1, routed)           0.179     1.982    kr260_min_i/clk_wiz/inst/clk_out1_kr260_min_clk_wiz_0
    BUFGCE_X0Y1          BUFGCE (Prop_BUFCE_BUFGCE_I_O)
                                                      0.023     2.005 r  kr260_min_i/clk_wiz/inst/clkout1_buf/O
    X1Y1 (CLOCK_ROOT)    net (fo=62375, routed)       1.263     3.268    kr260_min_i/axi_ic_PS_0_S_AXI_HP1_FPD/s00_couplers/auto_cc/inst/gen_clock_conv.gen_async_conv.asyncfifo_axi/inst_fifo_gen/gaxi_full_lite.gwrite_ch.gwrch2.axi_wrch/grf.rf/rstblk/ngwrdrst.grst.g7serrst.gnsckt_wrst.gic_rst.rst_rd_reg2_inst/dest_clk
    SLICE_X3Y209         FDPE                                         r  kr260_min_i/axi_ic_PS_0_S_AXI_HP1_FPD/s00_couplers/auto_cc/inst/gen_clock_conv.gen_async_conv.asyncfifo_axi/inst_fifo_gen/gaxi_full_lite.gwrite_ch.gwrch2.axi_wrch/grf.rf/rstblk/ngwrdrst.grst.g7serrst.gnsckt_wrst.gic_rst.rst_rd_reg2_inst/arststages_ff_reg[1]/C
  -------------------------------------------------------------------    -------------------
    SLICE_X3Y209         FDPE (Prop_AFF2_SLICEL_C_Q)
                                                      0.085     3.353 f  kr260_min_i/axi_ic_PS_0_S_AXI_HP1_FPD/s00_couplers/auto_cc/inst/gen_clock_conv.gen_async_conv.asyncfifo_axi/inst_fifo_gen/gaxi_full_lite.gwrite_ch.gwrch2.axi_wrch/grf.rf/rstblk/ngwrdrst.grst.g7serrst.gnsckt_wrst.gic_rst.rst_rd_reg2_inst/arststages_ff_reg[1]/Q
                         net (fo=3, routed)           0.073     3.425    kr260_min_i/axi_ic_PS_0_S_AXI_HP1_FPD/s00_couplers/auto_cc/inst/gen_clock_conv.gen_async_conv.asyncfifo_axi/inst_fifo_gen/gaxi_full_lite.gwrite_ch.gwrch2.axi_wrch/grf.rf/rstblk/ngwrdrst.grst.rst_rd_reg2
    SLICE_X3Y209         FDPE                                         f  kr260_min_i/axi_ic_PS_0_S_AXI_HP1_FPD/s00_couplers/auto_cc/inst/gen_clock_conv.gen_async_conv.asyncfifo_axi/inst_fifo_gen/gaxi_full_lite.gwrite_ch.gwrch2.axi_wrch/grf.rf/rstblk/ngwrdrst.grst.g7serrst.gnsckt_wrst.gic_rst.sckt_rd_rst_ic_reg/PRE
  -------------------------------------------------------------------    -------------------

                         (clock clk_out1_kr260_min_clk_wiz_0 rise edge)
                                                      0.000     0.000 r  
    BUFG_PS_X0Y80        BUFG_PS                      0.000     0.000 r  kr260_min_i/PS_0/inst/buffer_pl_clk_0.PL_CLK_0_BUFG/O
                         net (fo=5670, routed)        1.339     1.339    kr260_min_i/clk_wiz/inst/clk_in1
    MMCM_X0Y0            MMCME4_ADV (Prop_MMCM_CLKIN1_CLKOUT0)
                                                     -0.079     1.260 r  kr260_min_i/clk_wiz/inst/mmcme4_adv_inst/CLKOUT0
                         net (fo=1, routed)           0.204     1.464    kr260_min_i/clk_wiz/inst/clk_out1_kr260_min_clk_wiz_0
    BUFGCE_X0Y1          BUFGCE (Prop_BUFCE_BUFGCE_I_O)
                                                      0.026     1.490 r  kr260_min_i/clk_wiz/inst/clkout1_buf/O
    X1Y1 (CLOCK_ROOT)    net (fo=62375, routed)       1.367     2.857    kr260_min_i/axi_ic_PS_0_S_AXI_HP1_FPD/s00_couplers/auto_cc/inst/gen_clock_conv.gen_async_conv.asyncfifo_axi/inst_fifo_gen/gaxi_full_lite.gwrite_ch.gwrch2.axi_wrch/grf.rf/rstblk/s_aclk
    SLICE_X3Y209         FDPE                                         r  kr260_min_i/axi_ic_PS_0_S_AXI_HP1_FPD/s00_couplers/auto_cc/inst/gen_clock_conv.gen_async_conv.asyncfifo_axi/inst_fifo_gen/gaxi_full_lite.gwrite_ch.gwrch2.axi_wrch/grf.rf/rstblk/ngwrdrst.grst.g7serrst.gnsckt_wrst.gic_rst.sckt_rd_rst_ic_reg/C
                         clock pessimism              0.427     3.284    
    SLICE_X3Y209         FDPE (Remov_HFF2_SLICEL_C_PRE)
                                                     -0.018     3.266    kr260_min_i/axi_ic_PS_0_S_AXI_HP1_FPD/s00_couplers/auto_cc/inst/gen_clock_conv.gen_async_conv.asyncfifo_axi/inst_fifo_gen/gaxi_full_lite.gwrite_ch.gwrch2.axi_wrch/grf.rf/rstblk/ngwrdrst.grst.g7serrst.gnsckt_wrst.gic_rst.sckt_rd_rst_ic_reg
  -------------------------------------------------------------------
                         required time                         -3.266    
                         arrival time                           3.425    
  -------------------------------------------------------------------
                         slack                                  0.159    





---------------------------------------------------------------------------------------------------
Path Group:  **async_default**
From Clock:  clk_pl_0
  To Clock:  clk_pl_0

Setup :            0  Failing Endpoints,  Worst Slack        2.066ns,  Total Violation        0.000ns
Hold  :            0  Failing Endpoints,  Worst Slack        0.144ns,  Total Violation        0.000ns
---------------------------------------------------------------------------------------------------


Max Delay Paths
--------------------------------------------------------------------------------------
Slack (MET) :             2.066ns  (required time - arrival time)
  Source:                 kr260_min_i/axi_ic_PS_0_S_AXI_HPC0_FPD/s00_couplers/auto_ds/inst/gen_downsizer.gen_simple_downsizer.axi_downsizer_inst/USE_READ.read_addr_inst/cmd_queue/inst/fifo_gen_inst/inst_fifo_gen/gconvfifo.rf/grf.rf/rstblk/ngwrdrst.grst.g7serrst.gnsckt_wrst.gcc_rst.sckt_wr_rst_cc_reg[0]/C
                            (rising edge-triggered cell FDRE clocked by clk_pl_0  {rise@0.000ns fall@2.000ns period=4.000ns})
  Destination:            kr260_min_i/axi_ic_PS_0_S_AXI_HPC0_FPD/s00_couplers/auto_ds/inst/gen_downsizer.gen_simple_downsizer.axi_downsizer_inst/USE_READ.read_addr_inst/cmd_queue/inst/fifo_gen_inst/inst_fifo_gen/gconvfifo.rf/grf.rf/gntv_or_sync_fifo.gl0.rd/gr1.gr1_int.rfwft/gpregsm1.curr_fwft_state_reg[0]/CLR
                            (recovery check against rising-edge clock clk_pl_0  {rise@0.000ns fall@2.000ns period=4.000ns})
  Path Group:             **async_default**
  Path Type:              Recovery (Max at Slow Process Corner)
  Requirement:            4.000ns  (clk_pl_0 rise@4.000ns - clk_pl_0 rise@0.000ns)
  Data Path Delay:        1.600ns  (logic 0.302ns (18.880%)  route 1.298ns (81.120%))
  Logic Levels:           1  (LUT3=1)
  Clock Path Skew:        -0.119ns (DCD - SCD + CPR)
    Destination Clock Delay (DCD):    2.393ns = ( 6.393 - 4.000 ) 
    Source Clock Delay      (SCD):    2.708ns
    Clock Pessimism Removal (CPR):    0.195ns
  Clock Uncertainty:      0.122ns  ((TSJ^2 + DJ^2)^1/2) / 2 + PE
    Total System Jitter     (TSJ):    0.071ns
    Discrete Jitter          (DJ):    0.233ns
    Phase Error              (PE):    0.000ns
  Clock Net Delay (Source):      2.441ns (routing 1.045ns, distribution 1.396ns)
  Clock Net Delay (Destination): 2.177ns (routing 0.955ns, distribution 1.222ns)

    Location             Delay type                Incr(ns)  Path(ns)    Netlist Resource(s)
  -------------------------------------------------------------------    -------------------
                         (clock clk_pl_0 rise edge)
                                                      0.000     0.000 r  
    PS8_X0Y0             PS8                          0.000     0.000 r  kr260_min_i/PS_0/inst/PS8_i/PLCLK[0]
                         net (fo=1, routed)           0.229     0.229    kr260_min_i/PS_0/inst/pl_clk_unbuffered[0]
    BUFG_PS_X0Y80        BUFG_PS (Prop_BUFG_PS_I_O)
                                                      0.038     0.267 r  kr260_min_i/PS_0/inst/buffer_pl_clk_0.PL_CLK_0_BUFG/O
    X0Y1 (CLOCK_ROOT)    net (fo=5670, routed)        2.441     2.708    kr260_min_i/axi_ic_PS_0_S_AXI_HPC0_FPD/s00_couplers/auto_ds/inst/gen_downsizer.gen_simple_downsizer.axi_downsizer_inst/USE_READ.read_addr_inst/cmd_queue/inst/fifo_gen_inst/inst_fifo_gen/gconvfifo.rf/grf.rf/rstblk/clk
    SLICE_X3Y124         FDRE                                         r  kr260_min_i/axi_ic_PS_0_S_AXI_HPC0_FPD/s00_couplers/auto_ds/inst/gen_downsizer.gen_simple_downsizer.axi_downsizer_inst/USE_READ.read_addr_inst/cmd_queue/inst/fifo_gen_inst/inst_fifo_gen/gconvfifo.rf/grf.rf/rstblk/ngwrdrst.grst.g7serrst.gnsckt_wrst.gcc_rst.sckt_wr_rst_cc_reg[0]/C
  -------------------------------------------------------------------    -------------------
    SLICE_X3Y124         FDRE (Prop_HFF2_SLICEL_C_Q)
                                                      0.115     2.823 f  kr260_min_i/axi_ic_PS_0_S_AXI_HPC0_FPD/s00_couplers/auto_ds/inst/gen_downsizer.gen_simple_downsizer.axi_downsizer_inst/USE_READ.read_addr_inst/cmd_queue/inst/fifo_gen_inst/inst_fifo_gen/gconvfifo.rf/grf.rf/rstblk/ngwrdrst.grst.g7serrst.gnsckt_wrst.gcc_rst.sckt_wr_rst_cc_reg[0]/Q
                         net (fo=3, routed)           0.382     3.205    kr260_min_i/axi_ic_PS_0_S_AXI_HPC0_FPD/s00_couplers/auto_ds/inst/gen_downsizer.gen_simple_downsizer.axi_downsizer_inst/USE_READ.read_addr_inst/cmd_queue/inst/fifo_gen_inst/inst_fifo_gen/gconvfifo.rf/grf.rf/rstblk/ngwrdrst.grst.g7serrst.gnsckt_wrst.gcc_rst.sckt_wr_rst_cc[0]
    SLICE_X3Y124         LUT3 (Prop_F6LUT_SLICEL_I1_O)
                                                      0.187     3.392 f  kr260_min_i/axi_ic_PS_0_S_AXI_HPC0_FPD/s00_couplers/auto_ds/inst/gen_downsizer.gen_simple_downsizer.axi_downsizer_inst/USE_READ.read_addr_inst/cmd_queue/inst/fifo_gen_inst/inst_fifo_gen/gconvfifo.rf/grf.rf/rstblk/gpregsm1.curr_fwft_state[1]_i_2/O
                         net (fo=32, routed)          0.915     4.307    kr260_min_i/axi_ic_PS_0_S_AXI_HPC0_FPD/s00_couplers/auto_ds/inst/gen_downsizer.gen_simple_downsizer.axi_downsizer_inst/USE_READ.read_addr_inst/cmd_queue/inst/fifo_gen_inst/inst_fifo_gen/gconvfifo.rf/grf.rf/gntv_or_sync_fifo.gl0.rd/gr1.gr1_int.rfwft/gpregsm1.user_valid_reg_0
    SLICE_X1Y125         FDCE                                         f  kr260_min_i/axi_ic_PS_0_S_AXI_HPC0_FPD/s00_couplers/auto_ds/inst/gen_downsizer.gen_simple_downsizer.axi_downsizer_inst/USE_READ.read_addr_inst/cmd_queue/inst/fifo_gen_inst/inst_fifo_gen/gconvfifo.rf/grf.rf/gntv_or_sync_fifo.gl0.rd/gr1.gr1_int.rfwft/gpregsm1.curr_fwft_state_reg[0]/CLR
  -------------------------------------------------------------------    -------------------

                         (clock clk_pl_0 rise edge)
                                                      4.000     4.000 r  
    PS8_X0Y0             PS8                          0.000     4.000 r  kr260_min_i/PS_0/inst/PS8_i/PLCLK[0]
                         net (fo=1, routed)           0.181     4.181    kr260_min_i/PS_0/inst/pl_clk_unbuffered[0]
    BUFG_PS_X0Y80        BUFG_PS (Prop_BUFG_PS_I_O)
                                                      0.035     4.216 r  kr260_min_i/PS_0/inst/buffer_pl_clk_0.PL_CLK_0_BUFG/O
    X0Y1 (CLOCK_ROOT)    net (fo=5670, routed)        2.177     6.393    kr260_min_i/axi_ic_PS_0_S_AXI_HPC0_FPD/s00_couplers/auto_ds/inst/gen_downsizer.gen_simple_downsizer.axi_downsizer_inst/USE_READ.read_addr_inst/cmd_queue/inst/fifo_gen_inst/inst_fifo_gen/gconvfifo.rf/grf.rf/gntv_or_sync_fifo.gl0.rd/gr1.gr1_int.rfwft/clk
    SLICE_X1Y125         FDCE                                         r  kr260_min_i/axi_ic_PS_0_S_AXI_HPC0_FPD/s00_couplers/auto_ds/inst/gen_downsizer.gen_simple_downsizer.axi_downsizer_inst/USE_READ.read_addr_inst/cmd_queue/inst/fifo_gen_inst/inst_fifo_gen/gconvfifo.rf/grf.rf/gntv_or_sync_fifo.gl0.rd/gr1.gr1_int.rfwft/gpregsm1.curr_fwft_state_reg[0]/C
                         clock pessimism              0.195     6.588    
                         clock uncertainty           -0.122     6.466    
    SLICE_X1Y125         FDCE (Recov_DFF2_SLICEM_C_CLR)
                                                     -0.093     6.373    kr260_min_i/axi_ic_PS_0_S_AXI_HPC0_FPD/s00_couplers/auto_ds/inst/gen_downsizer.gen_simple_downsizer.axi_downsizer_inst/USE_READ.read_addr_inst/cmd_queue/inst/fifo_gen_inst/inst_fifo_gen/gconvfifo.rf/grf.rf/gntv_or_sync_fifo.gl0.rd/gr1.gr1_int.rfwft/gpregsm1.curr_fwft_state_reg[0]
  -------------------------------------------------------------------
                         required time                          6.373    
                         arrival time                          -4.307    
  -------------------------------------------------------------------
                         slack                                  2.066    

Slack (MET) :             2.066ns  (required time - arrival time)
  Source:                 kr260_min_i/axi_ic_PS_0_S_AXI_HPC0_FPD/s00_couplers/auto_ds/inst/gen_downsizer.gen_simple_downsizer.axi_downsizer_inst/USE_READ.read_addr_inst/cmd_queue/inst/fifo_gen_inst/inst_fifo_gen/gconvfifo.rf/grf.rf/rstblk/ngwrdrst.grst.g7serrst.gnsckt_wrst.gcc_rst.sckt_wr_rst_cc_reg[0]/C
                            (rising edge-triggered cell FDRE clocked by clk_pl_0  {rise@0.000ns fall@2.000ns period=4.000ns})
  Destination:            kr260_min_i/axi_ic_PS_0_S_AXI_HPC0_FPD/s00_couplers/auto_ds/inst/gen_downsizer.gen_simple_downsizer.axi_downsizer_inst/USE_READ.read_addr_inst/cmd_queue/inst/fifo_gen_inst/inst_fifo_gen/gconvfifo.rf/grf.rf/gntv_or_sync_fifo.gl0.rd/gr1.gr1_int.rfwft/gpregsm1.curr_fwft_state_reg[1]/CLR
                            (recovery check against rising-edge clock clk_pl_0  {rise@0.000ns fall@2.000ns period=4.000ns})
  Path Group:             **async_default**
  Path Type:              Recovery (Max at Slow Process Corner)
  Requirement:            4.000ns  (clk_pl_0 rise@4.000ns - clk_pl_0 rise@0.000ns)
  Data Path Delay:        1.600ns  (logic 0.302ns (18.880%)  route 1.298ns (81.120%))
  Logic Levels:           1  (LUT3=1)
  Clock Path Skew:        -0.119ns (DCD - SCD + CPR)
    Destination Clock Delay (DCD):    2.393ns = ( 6.393 - 4.000 ) 
    Source Clock Delay      (SCD):    2.708ns
    Clock Pessimism Removal (CPR):    0.195ns
  Clock Uncertainty:      0.122ns  ((TSJ^2 + DJ^2)^1/2) / 2 + PE
    Total System Jitter     (TSJ):    0.071ns
    Discrete Jitter          (DJ):    0.233ns
    Phase Error              (PE):    0.000ns
  Clock Net Delay (Source):      2.441ns (routing 1.045ns, distribution 1.396ns)
  Clock Net Delay (Destination): 2.177ns (routing 0.955ns, distribution 1.222ns)

    Location             Delay type                Incr(ns)  Path(ns)    Netlist Resource(s)
  -------------------------------------------------------------------    -------------------
                         (clock clk_pl_0 rise edge)
                                                      0.000     0.000 r  
    PS8_X0Y0             PS8                          0.000     0.000 r  kr260_min_i/PS_0/inst/PS8_i/PLCLK[0]
                         net (fo=1, routed)           0.229     0.229    kr260_min_i/PS_0/inst/pl_clk_unbuffered[0]
    BUFG_PS_X0Y80        BUFG_PS (Prop_BUFG_PS_I_O)
                                                      0.038     0.267 r  kr260_min_i/PS_0/inst/buffer_pl_clk_0.PL_CLK_0_BUFG/O
    X0Y1 (CLOCK_ROOT)    net (fo=5670, routed)        2.441     2.708    kr260_min_i/axi_ic_PS_0_S_AXI_HPC0_FPD/s00_couplers/auto_ds/inst/gen_downsizer.gen_simple_downsizer.axi_downsizer_inst/USE_READ.read_addr_inst/cmd_queue/inst/fifo_gen_inst/inst_fifo_gen/gconvfifo.rf/grf.rf/rstblk/clk
    SLICE_X3Y124         FDRE                                         r  kr260_min_i/axi_ic_PS_0_S_AXI_HPC0_FPD/s00_couplers/auto_ds/inst/gen_downsizer.gen_simple_downsizer.axi_downsizer_inst/USE_READ.read_addr_inst/cmd_queue/inst/fifo_gen_inst/inst_fifo_gen/gconvfifo.rf/grf.rf/rstblk/ngwrdrst.grst.g7serrst.gnsckt_wrst.gcc_rst.sckt_wr_rst_cc_reg[0]/C
  -------------------------------------------------------------------    -------------------
    SLICE_X3Y124         FDRE (Prop_HFF2_SLICEL_C_Q)
                                                      0.115     2.823 f  kr260_min_i/axi_ic_PS_0_S_AXI_HPC0_FPD/s00_couplers/auto_ds/inst/gen_downsizer.gen_simple_downsizer.axi_downsizer_inst/USE_READ.read_addr_inst/cmd_queue/inst/fifo_gen_inst/inst_fifo_gen/gconvfifo.rf/grf.rf/rstblk/ngwrdrst.grst.g7serrst.gnsckt_wrst.gcc_rst.sckt_wr_rst_cc_reg[0]/Q
                         net (fo=3, routed)           0.382     3.205    kr260_min_i/axi_ic_PS_0_S_AXI_HPC0_FPD/s00_couplers/auto_ds/inst/gen_downsizer.gen_simple_downsizer.axi_downsizer_inst/USE_READ.read_addr_inst/cmd_queue/inst/fifo_gen_inst/inst_fifo_gen/gconvfifo.rf/grf.rf/rstblk/ngwrdrst.grst.g7serrst.gnsckt_wrst.gcc_rst.sckt_wr_rst_cc[0]
    SLICE_X3Y124         LUT3 (Prop_F6LUT_SLICEL_I1_O)
                                                      0.187     3.392 f  kr260_min_i/axi_ic_PS_0_S_AXI_HPC0_FPD/s00_couplers/auto_ds/inst/gen_downsizer.gen_simple_downsizer.axi_downsizer_inst/USE_READ.read_addr_inst/cmd_queue/inst/fifo_gen_inst/inst_fifo_gen/gconvfifo.rf/grf.rf/rstblk/gpregsm1.curr_fwft_state[1]_i_2/O
                         net (fo=32, routed)          0.915     4.307    kr260_min_i/axi_ic_PS_0_S_AXI_HPC0_FPD/s00_couplers/auto_ds/inst/gen_downsizer.gen_simple_downsizer.axi_downsizer_inst/USE_READ.read_addr_inst/cmd_queue/inst/fifo_gen_inst/inst_fifo_gen/gconvfifo.rf/grf.rf/gntv_or_sync_fifo.gl0.rd/gr1.gr1_int.rfwft/gpregsm1.user_valid_reg_0
    SLICE_X1Y125         FDCE                                         f  kr260_min_i/axi_ic_PS_0_S_AXI_HPC0_FPD/s00_couplers/auto_ds/inst/gen_downsizer.gen_simple_downsizer.axi_downsizer_inst/USE_READ.read_addr_inst/cmd_queue/inst/fifo_gen_inst/inst_fifo_gen/gconvfifo.rf/grf.rf/gntv_or_sync_fifo.gl0.rd/gr1.gr1_int.rfwft/gpregsm1.curr_fwft_state_reg[1]/CLR
  -------------------------------------------------------------------    -------------------

                         (clock clk_pl_0 rise edge)
                                                      4.000     4.000 r  
    PS8_X0Y0             PS8                          0.000     4.000 r  kr260_min_i/PS_0/inst/PS8_i/PLCLK[0]
                         net (fo=1, routed)           0.181     4.181    kr260_min_i/PS_0/inst/pl_clk_unbuffered[0]
    BUFG_PS_X0Y80        BUFG_PS (Prop_BUFG_PS_I_O)
                                                      0.035     4.216 r  kr260_min_i/PS_0/inst/buffer_pl_clk_0.PL_CLK_0_BUFG/O
    X0Y1 (CLOCK_ROOT)    net (fo=5670, routed)        2.177     6.393    kr260_min_i/axi_ic_PS_0_S_AXI_HPC0_FPD/s00_couplers/auto_ds/inst/gen_downsizer.gen_simple_downsizer.axi_downsizer_inst/USE_READ.read_addr_inst/cmd_queue/inst/fifo_gen_inst/inst_fifo_gen/gconvfifo.rf/grf.rf/gntv_or_sync_fifo.gl0.rd/gr1.gr1_int.rfwft/clk
    SLICE_X1Y125         FDCE                                         r  kr260_min_i/axi_ic_PS_0_S_AXI_HPC0_FPD/s00_couplers/auto_ds/inst/gen_downsizer.gen_simple_downsizer.axi_downsizer_inst/USE_READ.read_addr_inst/cmd_queue/inst/fifo_gen_inst/inst_fifo_gen/gconvfifo.rf/grf.rf/gntv_or_sync_fifo.gl0.rd/gr1.gr1_int.rfwft/gpregsm1.curr_fwft_state_reg[1]/C
                         clock pessimism              0.195     6.588    
                         clock uncertainty           -0.122     6.466    
    SLICE_X1Y125         FDCE (Recov_CFF2_SLICEM_C_CLR)
                                                     -0.093     6.373    kr260_min_i/axi_ic_PS_0_S_AXI_HPC0_FPD/s00_couplers/auto_ds/inst/gen_downsizer.gen_simple_downsizer.axi_downsizer_inst/USE_READ.read_addr_inst/cmd_queue/inst/fifo_gen_inst/inst_fifo_gen/gconvfifo.rf/grf.rf/gntv_or_sync_fifo.gl0.rd/gr1.gr1_int.rfwft/gpregsm1.curr_fwft_state_reg[1]
  -------------------------------------------------------------------
                         required time                          6.373    
                         arrival time                          -4.307    
  -------------------------------------------------------------------
                         slack                                  2.066    

Slack (MET) :             2.066ns  (required time - arrival time)
  Source:                 kr260_min_i/axi_ic_PS_0_S_AXI_HPC0_FPD/s00_couplers/auto_ds/inst/gen_downsizer.gen_simple_downsizer.axi_downsizer_inst/USE_READ.read_addr_inst/cmd_queue/inst/fifo_gen_inst/inst_fifo_gen/gconvfifo.rf/grf.rf/rstblk/ngwrdrst.grst.g7serrst.gnsckt_wrst.gcc_rst.sckt_wr_rst_cc_reg[0]/C
                            (rising edge-triggered cell FDRE clocked by clk_pl_0  {rise@0.000ns fall@2.000ns period=4.000ns})
  Destination:            kr260_min_i/axi_ic_PS_0_S_AXI_HPC0_FPD/s00_couplers/auto_ds/inst/gen_downsizer.gen_simple_downsizer.axi_downsizer_inst/USE_READ.read_addr_inst/cmd_queue/inst/fifo_gen_inst/inst_fifo_gen/gconvfifo.rf/grf.rf/gntv_or_sync_fifo.gl0.rd/gr1.gr1_int.rfwft/gpregsm1.user_valid_reg/CLR
                            (recovery check against rising-edge clock clk_pl_0  {rise@0.000ns fall@2.000ns period=4.000ns})
  Path Group:             **async_default**
  Path Type:              Recovery (Max at Slow Process Corner)
  Requirement:            4.000ns  (clk_pl_0 rise@4.000ns - clk_pl_0 rise@0.000ns)
  Data Path Delay:        1.600ns  (logic 0.302ns (18.880%)  route 1.298ns (81.120%))
  Logic Levels:           1  (LUT3=1)
  Clock Path Skew:        -0.119ns (DCD - SCD + CPR)
    Destination Clock Delay (DCD):    2.393ns = ( 6.393 - 4.000 ) 
    Source Clock Delay      (SCD):    2.708ns
    Clock Pessimism Removal (CPR):    0.195ns
  Clock Uncertainty:      0.122ns  ((TSJ^2 + DJ^2)^1/2) / 2 + PE
    Total System Jitter     (TSJ):    0.071ns
    Discrete Jitter          (DJ):    0.233ns
    Phase Error              (PE):    0.000ns
  Clock Net Delay (Source):      2.441ns (routing 1.045ns, distribution 1.396ns)
  Clock Net Delay (Destination): 2.177ns (routing 0.955ns, distribution 1.222ns)

    Location             Delay type                Incr(ns)  Path(ns)    Netlist Resource(s)
  -------------------------------------------------------------------    -------------------
                         (clock clk_pl_0 rise edge)
                                                      0.000     0.000 r  
    PS8_X0Y0             PS8                          0.000     0.000 r  kr260_min_i/PS_0/inst/PS8_i/PLCLK[0]
                         net (fo=1, routed)           0.229     0.229    kr260_min_i/PS_0/inst/pl_clk_unbuffered[0]
    BUFG_PS_X0Y80        BUFG_PS (Prop_BUFG_PS_I_O)
                                                      0.038     0.267 r  kr260_min_i/PS_0/inst/buffer_pl_clk_0.PL_CLK_0_BUFG/O
    X0Y1 (CLOCK_ROOT)    net (fo=5670, routed)        2.441     2.708    kr260_min_i/axi_ic_PS_0_S_AXI_HPC0_FPD/s00_couplers/auto_ds/inst/gen_downsizer.gen_simple_downsizer.axi_downsizer_inst/USE_READ.read_addr_inst/cmd_queue/inst/fifo_gen_inst/inst_fifo_gen/gconvfifo.rf/grf.rf/rstblk/clk
    SLICE_X3Y124         FDRE                                         r  kr260_min_i/axi_ic_PS_0_S_AXI_HPC0_FPD/s00_couplers/auto_ds/inst/gen_downsizer.gen_simple_downsizer.axi_downsizer_inst/USE_READ.read_addr_inst/cmd_queue/inst/fifo_gen_inst/inst_fifo_gen/gconvfifo.rf/grf.rf/rstblk/ngwrdrst.grst.g7serrst.gnsckt_wrst.gcc_rst.sckt_wr_rst_cc_reg[0]/C
  -------------------------------------------------------------------    -------------------
    SLICE_X3Y124         FDRE (Prop_HFF2_SLICEL_C_Q)
                                                      0.115     2.823 f  kr260_min_i/axi_ic_PS_0_S_AXI_HPC0_FPD/s00_couplers/auto_ds/inst/gen_downsizer.gen_simple_downsizer.axi_downsizer_inst/USE_READ.read_addr_inst/cmd_queue/inst/fifo_gen_inst/inst_fifo_gen/gconvfifo.rf/grf.rf/rstblk/ngwrdrst.grst.g7serrst.gnsckt_wrst.gcc_rst.sckt_wr_rst_cc_reg[0]/Q
                         net (fo=3, routed)           0.382     3.205    kr260_min_i/axi_ic_PS_0_S_AXI_HPC0_FPD/s00_couplers/auto_ds/inst/gen_downsizer.gen_simple_downsizer.axi_downsizer_inst/USE_READ.read_addr_inst/cmd_queue/inst/fifo_gen_inst/inst_fifo_gen/gconvfifo.rf/grf.rf/rstblk/ngwrdrst.grst.g7serrst.gnsckt_wrst.gcc_rst.sckt_wr_rst_cc[0]
    SLICE_X3Y124         LUT3 (Prop_F6LUT_SLICEL_I1_O)
                                                      0.187     3.392 f  kr260_min_i/axi_ic_PS_0_S_AXI_HPC0_FPD/s00_couplers/auto_ds/inst/gen_downsizer.gen_simple_downsizer.axi_downsizer_inst/USE_READ.read_addr_inst/cmd_queue/inst/fifo_gen_inst/inst_fifo_gen/gconvfifo.rf/grf.rf/rstblk/gpregsm1.curr_fwft_state[1]_i_2/O
                         net (fo=32, routed)          0.915     4.307    kr260_min_i/axi_ic_PS_0_S_AXI_HPC0_FPD/s00_couplers/auto_ds/inst/gen_downsizer.gen_simple_downsizer.axi_downsizer_inst/USE_READ.read_addr_inst/cmd_queue/inst/fifo_gen_inst/inst_fifo_gen/gconvfifo.rf/grf.rf/gntv_or_sync_fifo.gl0.rd/gr1.gr1_int.rfwft/gpregsm1.user_valid_reg_0
    SLICE_X1Y125         FDCE                                         f  kr260_min_i/axi_ic_PS_0_S_AXI_HPC0_FPD/s00_couplers/auto_ds/inst/gen_downsizer.gen_simple_downsizer.axi_downsizer_inst/USE_READ.read_addr_inst/cmd_queue/inst/fifo_gen_inst/inst_fifo_gen/gconvfifo.rf/grf.rf/gntv_or_sync_fifo.gl0.rd/gr1.gr1_int.rfwft/gpregsm1.user_valid_reg/CLR
  -------------------------------------------------------------------    -------------------

                         (clock clk_pl_0 rise edge)
                                                      4.000     4.000 r  
    PS8_X0Y0             PS8                          0.000     4.000 r  kr260_min_i/PS_0/inst/PS8_i/PLCLK[0]
                         net (fo=1, routed)           0.181     4.181    kr260_min_i/PS_0/inst/pl_clk_unbuffered[0]
    BUFG_PS_X0Y80        BUFG_PS (Prop_BUFG_PS_I_O)
                                                      0.035     4.216 r  kr260_min_i/PS_0/inst/buffer_pl_clk_0.PL_CLK_0_BUFG/O
    X0Y1 (CLOCK_ROOT)    net (fo=5670, routed)        2.177     6.393    kr260_min_i/axi_ic_PS_0_S_AXI_HPC0_FPD/s00_couplers/auto_ds/inst/gen_downsizer.gen_simple_downsizer.axi_downsizer_inst/USE_READ.read_addr_inst/cmd_queue/inst/fifo_gen_inst/inst_fifo_gen/gconvfifo.rf/grf.rf/gntv_or_sync_fifo.gl0.rd/gr1.gr1_int.rfwft/clk
    SLICE_X1Y125         FDCE                                         r  kr260_min_i/axi_ic_PS_0_S_AXI_HPC0_FPD/s00_couplers/auto_ds/inst/gen_downsizer.gen_simple_downsizer.axi_downsizer_inst/USE_READ.read_addr_inst/cmd_queue/inst/fifo_gen_inst/inst_fifo_gen/gconvfifo.rf/grf.rf/gntv_or_sync_fifo.gl0.rd/gr1.gr1_int.rfwft/gpregsm1.user_valid_reg/C
                         clock pessimism              0.195     6.588    
                         clock uncertainty           -0.122     6.466    
    SLICE_X1Y125         FDCE (Recov_DFF_SLICEM_C_CLR)
                                                     -0.093     6.373    kr260_min_i/axi_ic_PS_0_S_AXI_HPC0_FPD/s00_couplers/auto_ds/inst/gen_downsizer.gen_simple_downsizer.axi_downsizer_inst/USE_READ.read_addr_inst/cmd_queue/inst/fifo_gen_inst/inst_fifo_gen/gconvfifo.rf/grf.rf/gntv_or_sync_fifo.gl0.rd/gr1.gr1_int.rfwft/gpregsm1.user_valid_reg
  -------------------------------------------------------------------
                         required time                          6.373    
                         arrival time                          -4.307    
  -------------------------------------------------------------------
                         slack                                  2.066    

Slack (MET) :             2.069ns  (required time - arrival time)
  Source:                 kr260_min_i/axi_ic_PS_0_S_AXI_HPC0_FPD/s00_couplers/auto_ds/inst/gen_downsizer.gen_simple_downsizer.axi_downsizer_inst/USE_READ.read_addr_inst/cmd_queue/inst/fifo_gen_inst/inst_fifo_gen/gconvfifo.rf/grf.rf/rstblk/ngwrdrst.grst.g7serrst.gnsckt_wrst.gcc_rst.sckt_wr_rst_cc_reg[0]/C
                            (rising edge-triggered cell FDRE clocked by clk_pl_0  {rise@0.000ns fall@2.000ns period=4.000ns})
  Destination:            kr260_min_i/axi_ic_PS_0_S_AXI_HPC0_FPD/s00_couplers/auto_ds/inst/gen_downsizer.gen_simple_downsizer.axi_downsizer_inst/USE_READ.read_addr_inst/cmd_queue/inst/fifo_gen_inst/inst_fifo_gen/gconvfifo.rf/grf.rf/gntv_or_sync_fifo.gl0.rd/gr1.gr1_int.rfwft/aempty_fwft_fb_i_reg/PRE
                            (recovery check against rising-edge clock clk_pl_0  {rise@0.000ns fall@2.000ns period=4.000ns})
  Path Group:             **async_default**
  Path Type:              Recovery (Max at Slow Process Corner)
  Requirement:            4.000ns  (clk_pl_0 rise@4.000ns - clk_pl_0 rise@0.000ns)
  Data Path Delay:        1.597ns  (logic 0.302ns (18.915%)  route 1.295ns (81.085%))
  Logic Levels:           1  (LUT3=1)
  Clock Path Skew:        -0.119ns (DCD - SCD + CPR)
    Destination Clock Delay (DCD):    2.393ns = ( 6.393 - 4.000 ) 
    Source Clock Delay      (SCD):    2.708ns
    Clock Pessimism Removal (CPR):    0.195ns
  Clock Uncertainty:      0.122ns  ((TSJ^2 + DJ^2)^1/2) / 2 + PE
    Total System Jitter     (TSJ):    0.071ns
    Discrete Jitter          (DJ):    0.233ns
    Phase Error              (PE):    0.000ns
  Clock Net Delay (Source):      2.441ns (routing 1.045ns, distribution 1.396ns)
  Clock Net Delay (Destination): 2.177ns (routing 0.955ns, distribution 1.222ns)

    Location             Delay type                Incr(ns)  Path(ns)    Netlist Resource(s)
  -------------------------------------------------------------------    -------------------
                         (clock clk_pl_0 rise edge)
                                                      0.000     0.000 r  
    PS8_X0Y0             PS8                          0.000     0.000 r  kr260_min_i/PS_0/inst/PS8_i/PLCLK[0]
                         net (fo=1, routed)           0.229     0.229    kr260_min_i/PS_0/inst/pl_clk_unbuffered[0]
    BUFG_PS_X0Y80        BUFG_PS (Prop_BUFG_PS_I_O)
                                                      0.038     0.267 r  kr260_min_i/PS_0/inst/buffer_pl_clk_0.PL_CLK_0_BUFG/O
    X0Y1 (CLOCK_ROOT)    net (fo=5670, routed)        2.441     2.708    kr260_min_i/axi_ic_PS_0_S_AXI_HPC0_FPD/s00_couplers/auto_ds/inst/gen_downsizer.gen_simple_downsizer.axi_downsizer_inst/USE_READ.read_addr_inst/cmd_queue/inst/fifo_gen_inst/inst_fifo_gen/gconvfifo.rf/grf.rf/rstblk/clk
    SLICE_X3Y124         FDRE                                         r  kr260_min_i/axi_ic_PS_0_S_AXI_HPC0_FPD/s00_couplers/auto_ds/inst/gen_downsizer.gen_simple_downsizer.axi_downsizer_inst/USE_READ.read_addr_inst/cmd_queue/inst/fifo_gen_inst/inst_fifo_gen/gconvfifo.rf/grf.rf/rstblk/ngwrdrst.grst.g7serrst.gnsckt_wrst.gcc_rst.sckt_wr_rst_cc_reg[0]/C
  -------------------------------------------------------------------    -------------------
    SLICE_X3Y124         FDRE (Prop_HFF2_SLICEL_C_Q)
                                                      0.115     2.823 f  kr260_min_i/axi_ic_PS_0_S_AXI_HPC0_FPD/s00_couplers/auto_ds/inst/gen_downsizer.gen_simple_downsizer.axi_downsizer_inst/USE_READ.read_addr_inst/cmd_queue/inst/fifo_gen_inst/inst_fifo_gen/gconvfifo.rf/grf.rf/rstblk/ngwrdrst.grst.g7serrst.gnsckt_wrst.gcc_rst.sckt_wr_rst_cc_reg[0]/Q
                         net (fo=3, routed)           0.382     3.205    kr260_min_i/axi_ic_PS_0_S_AXI_HPC0_FPD/s00_couplers/auto_ds/inst/gen_downsizer.gen_simple_downsizer.axi_downsizer_inst/USE_READ.read_addr_inst/cmd_queue/inst/fifo_gen_inst/inst_fifo_gen/gconvfifo.rf/grf.rf/rstblk/ngwrdrst.grst.g7serrst.gnsckt_wrst.gcc_rst.sckt_wr_rst_cc[0]
    SLICE_X3Y124         LUT3 (Prop_F6LUT_SLICEL_I1_O)
                                                      0.187     3.392 f  kr260_min_i/axi_ic_PS_0_S_AXI_HPC0_FPD/s00_couplers/auto_ds/inst/gen_downsizer.gen_simple_downsizer.axi_downsizer_inst/USE_READ.read_addr_inst/cmd_queue/inst/fifo_gen_inst/inst_fifo_gen/gconvfifo.rf/grf.rf/rstblk/gpregsm1.curr_fwft_state[1]_i_2/O
                         net (fo=32, routed)          0.912     4.304    kr260_min_i/axi_ic_PS_0_S_AXI_HPC0_FPD/s00_couplers/auto_ds/inst/gen_downsizer.gen_simple_downsizer.axi_downsizer_inst/USE_READ.read_addr_inst/cmd_queue/inst/fifo_gen_inst/inst_fifo_gen/gconvfifo.rf/grf.rf/gntv_or_sync_fifo.gl0.rd/gr1.gr1_int.rfwft/gpregsm1.user_valid_reg_0
    SLICE_X1Y125         FDPE                                         f  kr260_min_i/axi_ic_PS_0_S_AXI_HPC0_FPD/s00_couplers/auto_ds/inst/gen_downsizer.gen_simple_downsizer.axi_downsizer_inst/USE_READ.read_addr_inst/cmd_queue/inst/fifo_gen_inst/inst_fifo_gen/gconvfifo.rf/grf.rf/gntv_or_sync_fifo.gl0.rd/gr1.gr1_int.rfwft/aempty_fwft_fb_i_reg/PRE
  -------------------------------------------------------------------    -------------------

                         (clock clk_pl_0 rise edge)
                                                      4.000     4.000 r  
    PS8_X0Y0             PS8                          0.000     4.000 r  kr260_min_i/PS_0/inst/PS8_i/PLCLK[0]
                         net (fo=1, routed)           0.181     4.181    kr260_min_i/PS_0/inst/pl_clk_unbuffered[0]
    BUFG_PS_X0Y80        BUFG_PS (Prop_BUFG_PS_I_O)
                                                      0.035     4.216 r  kr260_min_i/PS_0/inst/buffer_pl_clk_0.PL_CLK_0_BUFG/O
    X0Y1 (CLOCK_ROOT)    net (fo=5670, routed)        2.177     6.393    kr260_min_i/axi_ic_PS_0_S_AXI_HPC0_FPD/s00_couplers/auto_ds/inst/gen_downsizer.gen_simple_downsizer.axi_downsizer_inst/USE_READ.read_addr_inst/cmd_queue/inst/fifo_gen_inst/inst_fifo_gen/gconvfifo.rf/grf.rf/gntv_or_sync_fifo.gl0.rd/gr1.gr1_int.rfwft/clk
    SLICE_X1Y125         FDPE                                         r  kr260_min_i/axi_ic_PS_0_S_AXI_HPC0_FPD/s00_couplers/auto_ds/inst/gen_downsizer.gen_simple_downsizer.axi_downsizer_inst/USE_READ.read_addr_inst/cmd_queue/inst/fifo_gen_inst/inst_fifo_gen/gconvfifo.rf/grf.rf/gntv_or_sync_fifo.gl0.rd/gr1.gr1_int.rfwft/aempty_fwft_fb_i_reg/C
                         clock pessimism              0.195     6.588    
                         clock uncertainty           -0.122     6.466    
    SLICE_X1Y125         FDPE (Recov_EFF_SLICEM_C_PRE)
                                                     -0.093     6.373    kr260_min_i/axi_ic_PS_0_S_AXI_HPC0_FPD/s00_couplers/auto_ds/inst/gen_downsizer.gen_simple_downsizer.axi_downsizer_inst/USE_READ.read_addr_inst/cmd_queue/inst/fifo_gen_inst/inst_fifo_gen/gconvfifo.rf/grf.rf/gntv_or_sync_fifo.gl0.rd/gr1.gr1_int.rfwft/aempty_fwft_fb_i_reg
  -------------------------------------------------------------------
                         required time                          6.373    
                         arrival time                          -4.304    
  -------------------------------------------------------------------
                         slack                                  2.069    

Slack (MET) :             2.069ns  (required time - arrival time)
  Source:                 kr260_min_i/axi_ic_PS_0_S_AXI_HPC0_FPD/s00_couplers/auto_ds/inst/gen_downsizer.gen_simple_downsizer.axi_downsizer_inst/USE_READ.read_addr_inst/cmd_queue/inst/fifo_gen_inst/inst_fifo_gen/gconvfifo.rf/grf.rf/rstblk/ngwrdrst.grst.g7serrst.gnsckt_wrst.gcc_rst.sckt_wr_rst_cc_reg[0]/C
                            (rising edge-triggered cell FDRE clocked by clk_pl_0  {rise@0.000ns fall@2.000ns period=4.000ns})
  Destination:            kr260_min_i/axi_ic_PS_0_S_AXI_HPC0_FPD/s00_couplers/auto_ds/inst/gen_downsizer.gen_simple_downsizer.axi_downsizer_inst/USE_READ.read_addr_inst/cmd_queue/inst/fifo_gen_inst/inst_fifo_gen/gconvfifo.rf/grf.rf/gntv_or_sync_fifo.gl0.rd/gr1.gr1_int.rfwft/aempty_fwft_i_reg/PRE
                            (recovery check against rising-edge clock clk_pl_0  {rise@0.000ns fall@2.000ns period=4.000ns})
  Path Group:             **async_default**
  Path Type:              Recovery (Max at Slow Process Corner)
  Requirement:            4.000ns  (clk_pl_0 rise@4.000ns - clk_pl_0 rise@0.000ns)
  Data Path Delay:        1.597ns  (logic 0.302ns (18.915%)  route 1.295ns (81.085%))
  Logic Levels:           1  (LUT3=1)
  Clock Path Skew:        -0.119ns (DCD - SCD + CPR)
    Destination Clock Delay (DCD):    2.393ns = ( 6.393 - 4.000 ) 
    Source Clock Delay      (SCD):    2.708ns
    Clock Pessimism Removal (CPR):    0.195ns
  Clock Uncertainty:      0.122ns  ((TSJ^2 + DJ^2)^1/2) / 2 + PE
    Total System Jitter     (TSJ):    0.071ns
    Discrete Jitter          (DJ):    0.233ns
    Phase Error              (PE):    0.000ns
  Clock Net Delay (Source):      2.441ns (routing 1.045ns, distribution 1.396ns)
  Clock Net Delay (Destination): 2.177ns (routing 0.955ns, distribution 1.222ns)

    Location             Delay type                Incr(ns)  Path(ns)    Netlist Resource(s)
  -------------------------------------------------------------------    -------------------
                         (clock clk_pl_0 rise edge)
                                                      0.000     0.000 r  
    PS8_X0Y0             PS8                          0.000     0.000 r  kr260_min_i/PS_0/inst/PS8_i/PLCLK[0]
                         net (fo=1, routed)           0.229     0.229    kr260_min_i/PS_0/inst/pl_clk_unbuffered[0]
    BUFG_PS_X0Y80        BUFG_PS (Prop_BUFG_PS_I_O)
                                                      0.038     0.267 r  kr260_min_i/PS_0/inst/buffer_pl_clk_0.PL_CLK_0_BUFG/O
    X0Y1 (CLOCK_ROOT)    net (fo=5670, routed)        2.441     2.708    kr260_min_i/axi_ic_PS_0_S_AXI_HPC0_FPD/s00_couplers/auto_ds/inst/gen_downsizer.gen_simple_downsizer.axi_downsizer_inst/USE_READ.read_addr_inst/cmd_queue/inst/fifo_gen_inst/inst_fifo_gen/gconvfifo.rf/grf.rf/rstblk/clk
    SLICE_X3Y124         FDRE                                         r  kr260_min_i/axi_ic_PS_0_S_AXI_HPC0_FPD/s00_couplers/auto_ds/inst/gen_downsizer.gen_simple_downsizer.axi_downsizer_inst/USE_READ.read_addr_inst/cmd_queue/inst/fifo_gen_inst/inst_fifo_gen/gconvfifo.rf/grf.rf/rstblk/ngwrdrst.grst.g7serrst.gnsckt_wrst.gcc_rst.sckt_wr_rst_cc_reg[0]/C
  -------------------------------------------------------------------    -------------------
    SLICE_X3Y124         FDRE (Prop_HFF2_SLICEL_C_Q)
                                                      0.115     2.823 f  kr260_min_i/axi_ic_PS_0_S_AXI_HPC0_FPD/s00_couplers/auto_ds/inst/gen_downsizer.gen_simple_downsizer.axi_downsizer_inst/USE_READ.read_addr_inst/cmd_queue/inst/fifo_gen_inst/inst_fifo_gen/gconvfifo.rf/grf.rf/rstblk/ngwrdrst.grst.g7serrst.gnsckt_wrst.gcc_rst.sckt_wr_rst_cc_reg[0]/Q
                         net (fo=3, routed)           0.382     3.205    kr260_min_i/axi_ic_PS_0_S_AXI_HPC0_FPD/s00_couplers/auto_ds/inst/gen_downsizer.gen_simple_downsizer.axi_downsizer_inst/USE_READ.read_addr_inst/cmd_queue/inst/fifo_gen_inst/inst_fifo_gen/gconvfifo.rf/grf.rf/rstblk/ngwrdrst.grst.g7serrst.gnsckt_wrst.gcc_rst.sckt_wr_rst_cc[0]
    SLICE_X3Y124         LUT3 (Prop_F6LUT_SLICEL_I1_O)
                                                      0.187     3.392 f  kr260_min_i/axi_ic_PS_0_S_AXI_HPC0_FPD/s00_couplers/auto_ds/inst/gen_downsizer.gen_simple_downsizer.axi_downsizer_inst/USE_READ.read_addr_inst/cmd_queue/inst/fifo_gen_inst/inst_fifo_gen/gconvfifo.rf/grf.rf/rstblk/gpregsm1.curr_fwft_state[1]_i_2/O
                         net (fo=32, routed)          0.912     4.304    kr260_min_i/axi_ic_PS_0_S_AXI_HPC0_FPD/s00_couplers/auto_ds/inst/gen_downsizer.gen_simple_downsizer.axi_downsizer_inst/USE_READ.read_addr_inst/cmd_queue/inst/fifo_gen_inst/inst_fifo_gen/gconvfifo.rf/grf.rf/gntv_or_sync_fifo.gl0.rd/gr1.gr1_int.rfwft/gpregsm1.user_valid_reg_0
    SLICE_X1Y125         FDPE                                         f  kr260_min_i/axi_ic_PS_0_S_AXI_HPC0_FPD/s00_couplers/auto_ds/inst/gen_downsizer.gen_simple_downsizer.axi_downsizer_inst/USE_READ.read_addr_inst/cmd_queue/inst/fifo_gen_inst/inst_fifo_gen/gconvfifo.rf/grf.rf/gntv_or_sync_fifo.gl0.rd/gr1.gr1_int.rfwft/aempty_fwft_i_reg/PRE
  -------------------------------------------------------------------    -------------------

                         (clock clk_pl_0 rise edge)
                                                      4.000     4.000 r  
    PS8_X0Y0             PS8                          0.000     4.000 r  kr260_min_i/PS_0/inst/PS8_i/PLCLK[0]
                         net (fo=1, routed)           0.181     4.181    kr260_min_i/PS_0/inst/pl_clk_unbuffered[0]
    BUFG_PS_X0Y80        BUFG_PS (Prop_BUFG_PS_I_O)
                                                      0.035     4.216 r  kr260_min_i/PS_0/inst/buffer_pl_clk_0.PL_CLK_0_BUFG/O
    X0Y1 (CLOCK_ROOT)    net (fo=5670, routed)        2.177     6.393    kr260_min_i/axi_ic_PS_0_S_AXI_HPC0_FPD/s00_couplers/auto_ds/inst/gen_downsizer.gen_simple_downsizer.axi_downsizer_inst/USE_READ.read_addr_inst/cmd_queue/inst/fifo_gen_inst/inst_fifo_gen/gconvfifo.rf/grf.rf/gntv_or_sync_fifo.gl0.rd/gr1.gr1_int.rfwft/clk
    SLICE_X1Y125         FDPE                                         r  kr260_min_i/axi_ic_PS_0_S_AXI_HPC0_FPD/s00_couplers/auto_ds/inst/gen_downsizer.gen_simple_downsizer.axi_downsizer_inst/USE_READ.read_addr_inst/cmd_queue/inst/fifo_gen_inst/inst_fifo_gen/gconvfifo.rf/grf.rf/gntv_or_sync_fifo.gl0.rd/gr1.gr1_int.rfwft/aempty_fwft_i_reg/C
                         clock pessimism              0.195     6.588    
                         clock uncertainty           -0.122     6.466    
    SLICE_X1Y125         FDPE (Recov_EFF2_SLICEM_C_PRE)
                                                     -0.093     6.373    kr260_min_i/axi_ic_PS_0_S_AXI_HPC0_FPD/s00_couplers/auto_ds/inst/gen_downsizer.gen_simple_downsizer.axi_downsizer_inst/USE_READ.read_addr_inst/cmd_queue/inst/fifo_gen_inst/inst_fifo_gen/gconvfifo.rf/grf.rf/gntv_or_sync_fifo.gl0.rd/gr1.gr1_int.rfwft/aempty_fwft_i_reg
  -------------------------------------------------------------------
                         required time                          6.373    
                         arrival time                          -4.304    
  -------------------------------------------------------------------
                         slack                                  2.069    

Slack (MET) :             2.069ns  (required time - arrival time)
  Source:                 kr260_min_i/axi_ic_PS_0_S_AXI_HPC0_FPD/s00_couplers/auto_ds/inst/gen_downsizer.gen_simple_downsizer.axi_downsizer_inst/USE_READ.read_addr_inst/cmd_queue/inst/fifo_gen_inst/inst_fifo_gen/gconvfifo.rf/grf.rf/rstblk/ngwrdrst.grst.g7serrst.gnsckt_wrst.gcc_rst.sckt_wr_rst_cc_reg[0]/C
                            (rising edge-triggered cell FDRE clocked by clk_pl_0  {rise@0.000ns fall@2.000ns period=4.000ns})
  Destination:            kr260_min_i/axi_ic_PS_0_S_AXI_HPC0_FPD/s00_couplers/auto_ds/inst/gen_downsizer.gen_simple_downsizer.axi_downsizer_inst/USE_READ.read_addr_inst/cmd_queue/inst/fifo_gen_inst/inst_fifo_gen/gconvfifo.rf/grf.rf/gntv_or_sync_fifo.gl0.rd/gr1.gr1_int.rfwft/empty_fwft_fb_o_i_reg/PRE
                            (recovery check against rising-edge clock clk_pl_0  {rise@0.000ns fall@2.000ns period=4.000ns})
  Path Group:             **async_default**
  Path Type:              Recovery (Max at Slow Process Corner)
  Requirement:            4.000ns  (clk_pl_0 rise@4.000ns - clk_pl_0 rise@0.000ns)
  Data Path Delay:        1.597ns  (logic 0.302ns (18.915%)  route 1.295ns (81.085%))
  Logic Levels:           1  (LUT3=1)
  Clock Path Skew:        -0.119ns (DCD - SCD + CPR)
    Destination Clock Delay (DCD):    2.393ns = ( 6.393 - 4.000 ) 
    Source Clock Delay      (SCD):    2.708ns
    Clock Pessimism Removal (CPR):    0.195ns
  Clock Uncertainty:      0.122ns  ((TSJ^2 + DJ^2)^1/2) / 2 + PE
    Total System Jitter     (TSJ):    0.071ns
    Discrete Jitter          (DJ):    0.233ns
    Phase Error              (PE):    0.000ns
  Clock Net Delay (Source):      2.441ns (routing 1.045ns, distribution 1.396ns)
  Clock Net Delay (Destination): 2.177ns (routing 0.955ns, distribution 1.222ns)

    Location             Delay type                Incr(ns)  Path(ns)    Netlist Resource(s)
  -------------------------------------------------------------------    -------------------
                         (clock clk_pl_0 rise edge)
                                                      0.000     0.000 r  
    PS8_X0Y0             PS8                          0.000     0.000 r  kr260_min_i/PS_0/inst/PS8_i/PLCLK[0]
                         net (fo=1, routed)           0.229     0.229    kr260_min_i/PS_0/inst/pl_clk_unbuffered[0]
    BUFG_PS_X0Y80        BUFG_PS (Prop_BUFG_PS_I_O)
                                                      0.038     0.267 r  kr260_min_i/PS_0/inst/buffer_pl_clk_0.PL_CLK_0_BUFG/O
    X0Y1 (CLOCK_ROOT)    net (fo=5670, routed)        2.441     2.708    kr260_min_i/axi_ic_PS_0_S_AXI_HPC0_FPD/s00_couplers/auto_ds/inst/gen_downsizer.gen_simple_downsizer.axi_downsizer_inst/USE_READ.read_addr_inst/cmd_queue/inst/fifo_gen_inst/inst_fifo_gen/gconvfifo.rf/grf.rf/rstblk/clk
    SLICE_X3Y124         FDRE                                         r  kr260_min_i/axi_ic_PS_0_S_AXI_HPC0_FPD/s00_couplers/auto_ds/inst/gen_downsizer.gen_simple_downsizer.axi_downsizer_inst/USE_READ.read_addr_inst/cmd_queue/inst/fifo_gen_inst/inst_fifo_gen/gconvfifo.rf/grf.rf/rstblk/ngwrdrst.grst.g7serrst.gnsckt_wrst.gcc_rst.sckt_wr_rst_cc_reg[0]/C
  -------------------------------------------------------------------    -------------------
    SLICE_X3Y124         FDRE (Prop_HFF2_SLICEL_C_Q)
                                                      0.115     2.823 f  kr260_min_i/axi_ic_PS_0_S_AXI_HPC0_FPD/s00_couplers/auto_ds/inst/gen_downsizer.gen_simple_downsizer.axi_downsizer_inst/USE_READ.read_addr_inst/cmd_queue/inst/fifo_gen_inst/inst_fifo_gen/gconvfifo.rf/grf.rf/rstblk/ngwrdrst.grst.g7serrst.gnsckt_wrst.gcc_rst.sckt_wr_rst_cc_reg[0]/Q
                         net (fo=3, routed)           0.382     3.205    kr260_min_i/axi_ic_PS_0_S_AXI_HPC0_FPD/s00_couplers/auto_ds/inst/gen_downsizer.gen_simple_downsizer.axi_downsizer_inst/USE_READ.read_addr_inst/cmd_queue/inst/fifo_gen_inst/inst_fifo_gen/gconvfifo.rf/grf.rf/rstblk/ngwrdrst.grst.g7serrst.gnsckt_wrst.gcc_rst.sckt_wr_rst_cc[0]
    SLICE_X3Y124         LUT3 (Prop_F6LUT_SLICEL_I1_O)
                                                      0.187     3.392 f  kr260_min_i/axi_ic_PS_0_S_AXI_HPC0_FPD/s00_couplers/auto_ds/inst/gen_downsizer.gen_simple_downsizer.axi_downsizer_inst/USE_READ.read_addr_inst/cmd_queue/inst/fifo_gen_inst/inst_fifo_gen/gconvfifo.rf/grf.rf/rstblk/gpregsm1.curr_fwft_state[1]_i_2/O
                         net (fo=32, routed)          0.912     4.304    kr260_min_i/axi_ic_PS_0_S_AXI_HPC0_FPD/s00_couplers/auto_ds/inst/gen_downsizer.gen_simple_downsizer.axi_downsizer_inst/USE_READ.read_addr_inst/cmd_queue/inst/fifo_gen_inst/inst_fifo_gen/gconvfifo.rf/grf.rf/gntv_or_sync_fifo.gl0.rd/gr1.gr1_int.rfwft/gpregsm1.user_valid_reg_0
    SLICE_X1Y125         FDPE                                         f  kr260_min_i/axi_ic_PS_0_S_AXI_HPC0_FPD/s00_couplers/auto_ds/inst/gen_downsizer.gen_simple_downsizer.axi_downsizer_inst/USE_READ.read_addr_inst/cmd_queue/inst/fifo_gen_inst/inst_fifo_gen/gconvfifo.rf/grf.rf/gntv_or_sync_fifo.gl0.rd/gr1.gr1_int.rfwft/empty_fwft_fb_o_i_reg/PRE
  -------------------------------------------------------------------    -------------------

                         (clock clk_pl_0 rise edge)
                                                      4.000     4.000 r  
    PS8_X0Y0             PS8                          0.000     4.000 r  kr260_min_i/PS_0/inst/PS8_i/PLCLK[0]
                         net (fo=1, routed)           0.181     4.181    kr260_min_i/PS_0/inst/pl_clk_unbuffered[0]
    BUFG_PS_X0Y80        BUFG_PS (Prop_BUFG_PS_I_O)
                                                      0.035     4.216 r  kr260_min_i/PS_0/inst/buffer_pl_clk_0.PL_CLK_0_BUFG/O
    X0Y1 (CLOCK_ROOT)    net (fo=5670, routed)        2.177     6.393    kr260_min_i/axi_ic_PS_0_S_AXI_HPC0_FPD/s00_couplers/auto_ds/inst/gen_downsizer.gen_simple_downsizer.axi_downsizer_inst/USE_READ.read_addr_inst/cmd_queue/inst/fifo_gen_inst/inst_fifo_gen/gconvfifo.rf/grf.rf/gntv_or_sync_fifo.gl0.rd/gr1.gr1_int.rfwft/clk
    SLICE_X1Y125         FDPE                                         r  kr260_min_i/axi_ic_PS_0_S_AXI_HPC0_FPD/s00_couplers/auto_ds/inst/gen_downsizer.gen_simple_downsizer.axi_downsizer_inst/USE_READ.read_addr_inst/cmd_queue/inst/fifo_gen_inst/inst_fifo_gen/gconvfifo.rf/grf.rf/gntv_or_sync_fifo.gl0.rd/gr1.gr1_int.rfwft/empty_fwft_fb_o_i_reg/C
                         clock pessimism              0.195     6.588    
                         clock uncertainty           -0.122     6.466    
    SLICE_X1Y125         FDPE (Recov_HFF2_SLICEM_C_PRE)
                                                     -0.093     6.373    kr260_min_i/axi_ic_PS_0_S_AXI_HPC0_FPD/s00_couplers/auto_ds/inst/gen_downsizer.gen_simple_downsizer.axi_downsizer_inst/USE_READ.read_addr_inst/cmd_queue/inst/fifo_gen_inst/inst_fifo_gen/gconvfifo.rf/grf.rf/gntv_or_sync_fifo.gl0.rd/gr1.gr1_int.rfwft/empty_fwft_fb_o_i_reg
  -------------------------------------------------------------------
                         required time                          6.373    
                         arrival time                          -4.304    
  -------------------------------------------------------------------
                         slack                                  2.069    

Slack (MET) :             2.144ns  (required time - arrival time)
  Source:                 kr260_min_i/axi_ic_PS_0_S_AXI_HPC0_FPD/s00_couplers/auto_ds/inst/gen_downsizer.gen_simple_downsizer.axi_downsizer_inst/USE_READ.read_addr_inst/cmd_queue/inst/fifo_gen_inst/inst_fifo_gen/gconvfifo.rf/grf.rf/rstblk/ngwrdrst.grst.g7serrst.gnsckt_wrst.gcc_rst.sckt_wr_rst_cc_reg[0]/C
                            (rising edge-triggered cell FDRE clocked by clk_pl_0  {rise@0.000ns fall@2.000ns period=4.000ns})
  Destination:            kr260_min_i/axi_ic_PS_0_S_AXI_HPC0_FPD/s00_couplers/auto_ds/inst/gen_downsizer.gen_simple_downsizer.axi_downsizer_inst/USE_READ.read_addr_inst/cmd_queue/inst/fifo_gen_inst/inst_fifo_gen/gconvfifo.rf/grf.rf/gntv_or_sync_fifo.gl0.wr/wpntr/gcc0.gc0.count_reg[0]/PRE
                            (recovery check against rising-edge clock clk_pl_0  {rise@0.000ns fall@2.000ns period=4.000ns})
  Path Group:             **async_default**
  Path Type:              Recovery (Max at Slow Process Corner)
  Requirement:            4.000ns  (clk_pl_0 rise@4.000ns - clk_pl_0 rise@0.000ns)
  Data Path Delay:        1.412ns  (logic 0.302ns (21.390%)  route 1.110ns (78.610%))
  Logic Levels:           1  (LUT3=1)
  Clock Path Skew:        -0.230ns (DCD - SCD + CPR)
    Destination Clock Delay (DCD):    2.337ns = ( 6.337 - 4.000 ) 
    Source Clock Delay      (SCD):    2.708ns
    Clock Pessimism Removal (CPR):    0.141ns
  Clock Uncertainty:      0.122ns  ((TSJ^2 + DJ^2)^1/2) / 2 + PE
    Total System Jitter     (TSJ):    0.071ns
    Discrete Jitter          (DJ):    0.233ns
    Phase Error              (PE):    0.000ns
  Clock Net Delay (Source):      2.441ns (routing 1.045ns, distribution 1.396ns)
  Clock Net Delay (Destination): 2.121ns (routing 0.955ns, distribution 1.166ns)

    Location             Delay type                Incr(ns)  Path(ns)    Netlist Resource(s)
  -------------------------------------------------------------------    -------------------
                         (clock clk_pl_0 rise edge)
                                                      0.000     0.000 r  
    PS8_X0Y0             PS8                          0.000     0.000 r  kr260_min_i/PS_0/inst/PS8_i/PLCLK[0]
                         net (fo=1, routed)           0.229     0.229    kr260_min_i/PS_0/inst/pl_clk_unbuffered[0]
    BUFG_PS_X0Y80        BUFG_PS (Prop_BUFG_PS_I_O)
                                                      0.038     0.267 r  kr260_min_i/PS_0/inst/buffer_pl_clk_0.PL_CLK_0_BUFG/O
    X0Y1 (CLOCK_ROOT)    net (fo=5670, routed)        2.441     2.708    kr260_min_i/axi_ic_PS_0_S_AXI_HPC0_FPD/s00_couplers/auto_ds/inst/gen_downsizer.gen_simple_downsizer.axi_downsizer_inst/USE_READ.read_addr_inst/cmd_queue/inst/fifo_gen_inst/inst_fifo_gen/gconvfifo.rf/grf.rf/rstblk/clk
    SLICE_X3Y124         FDRE                                         r  kr260_min_i/axi_ic_PS_0_S_AXI_HPC0_FPD/s00_couplers/auto_ds/inst/gen_downsizer.gen_simple_downsizer.axi_downsizer_inst/USE_READ.read_addr_inst/cmd_queue/inst/fifo_gen_inst/inst_fifo_gen/gconvfifo.rf/grf.rf/rstblk/ngwrdrst.grst.g7serrst.gnsckt_wrst.gcc_rst.sckt_wr_rst_cc_reg[0]/C
  -------------------------------------------------------------------    -------------------
    SLICE_X3Y124         FDRE (Prop_HFF2_SLICEL_C_Q)
                                                      0.115     2.823 f  kr260_min_i/axi_ic_PS_0_S_AXI_HPC0_FPD/s00_couplers/auto_ds/inst/gen_downsizer.gen_simple_downsizer.axi_downsizer_inst/USE_READ.read_addr_inst/cmd_queue/inst/fifo_gen_inst/inst_fifo_gen/gconvfifo.rf/grf.rf/rstblk/ngwrdrst.grst.g7serrst.gnsckt_wrst.gcc_rst.sckt_wr_rst_cc_reg[0]/Q
                         net (fo=3, routed)           0.382     3.205    kr260_min_i/axi_ic_PS_0_S_AXI_HPC0_FPD/s00_couplers/auto_ds/inst/gen_downsizer.gen_simple_downsizer.axi_downsizer_inst/USE_READ.read_addr_inst/cmd_queue/inst/fifo_gen_inst/inst_fifo_gen/gconvfifo.rf/grf.rf/rstblk/ngwrdrst.grst.g7serrst.gnsckt_wrst.gcc_rst.sckt_wr_rst_cc[0]
    SLICE_X3Y124         LUT3 (Prop_F6LUT_SLICEL_I1_O)
                                                      0.187     3.392 f  kr260_min_i/axi_ic_PS_0_S_AXI_HPC0_FPD/s00_couplers/auto_ds/inst/gen_downsizer.gen_simple_downsizer.axi_downsizer_inst/USE_READ.read_addr_inst/cmd_queue/inst/fifo_gen_inst/inst_fifo_gen/gconvfifo.rf/grf.rf/rstblk/gpregsm1.curr_fwft_state[1]_i_2/O
                         net (fo=32, routed)          0.728     4.119    kr260_min_i/axi_ic_PS_0_S_AXI_HPC0_FPD/s00_couplers/auto_ds/inst/gen_downsizer.gen_simple_downsizer.axi_downsizer_inst/USE_READ.read_addr_inst/cmd_queue/inst/fifo_gen_inst/inst_fifo_gen/gconvfifo.rf/grf.rf/gntv_or_sync_fifo.gl0.wr/wpntr/AR[0]
    SLICE_X0Y117         FDPE                                         f  kr260_min_i/axi_ic_PS_0_S_AXI_HPC0_FPD/s00_couplers/auto_ds/inst/gen_downsizer.gen_simple_downsizer.axi_downsizer_inst/USE_READ.read_addr_inst/cmd_queue/inst/fifo_gen_inst/inst_fifo_gen/gconvfifo.rf/grf.rf/gntv_or_sync_fifo.gl0.wr/wpntr/gcc0.gc0.count_reg[0]/PRE
  -------------------------------------------------------------------    -------------------

                         (clock clk_pl_0 rise edge)
                                                      4.000     4.000 r  
    PS8_X0Y0             PS8                          0.000     4.000 r  kr260_min_i/PS_0/inst/PS8_i/PLCLK[0]
                         net (fo=1, routed)           0.181     4.181    kr260_min_i/PS_0/inst/pl_clk_unbuffered[0]
    BUFG_PS_X0Y80        BUFG_PS (Prop_BUFG_PS_I_O)
                                                      0.035     4.216 r  kr260_min_i/PS_0/inst/buffer_pl_clk_0.PL_CLK_0_BUFG/O
    X0Y1 (CLOCK_ROOT)    net (fo=5670, routed)        2.121     6.337    kr260_min_i/axi_ic_PS_0_S_AXI_HPC0_FPD/s00_couplers/auto_ds/inst/gen_downsizer.gen_simple_downsizer.axi_downsizer_inst/USE_READ.read_addr_inst/cmd_queue/inst/fifo_gen_inst/inst_fifo_gen/gconvfifo.rf/grf.rf/gntv_or_sync_fifo.gl0.wr/wpntr/clk
    SLICE_X0Y117         FDPE                                         r  kr260_min_i/axi_ic_PS_0_S_AXI_HPC0_FPD/s00_couplers/auto_ds/inst/gen_downsizer.gen_simple_downsizer.axi_downsizer_inst/USE_READ.read_addr_inst/cmd_queue/inst/fifo_gen_inst/inst_fifo_gen/gconvfifo.rf/grf.rf/gntv_or_sync_fifo.gl0.wr/wpntr/gcc0.gc0.count_reg[0]/C
                         clock pessimism              0.141     6.478    
                         clock uncertainty           -0.122     6.356    
    SLICE_X0Y117         FDPE (Recov_BFF2_SLICEL_C_PRE)
                                                     -0.093     6.263    kr260_min_i/axi_ic_PS_0_S_AXI_HPC0_FPD/s00_couplers/auto_ds/inst/gen_downsizer.gen_simple_downsizer.axi_downsizer_inst/USE_READ.read_addr_inst/cmd_queue/inst/fifo_gen_inst/inst_fifo_gen/gconvfifo.rf/grf.rf/gntv_or_sync_fifo.gl0.wr/wpntr/gcc0.gc0.count_reg[0]
  -------------------------------------------------------------------
                         required time                          6.263    
                         arrival time                          -4.119    
  -------------------------------------------------------------------
                         slack                                  2.144    

Slack (MET) :             2.144ns  (required time - arrival time)
  Source:                 kr260_min_i/axi_ic_PS_0_S_AXI_HPC0_FPD/s00_couplers/auto_ds/inst/gen_downsizer.gen_simple_downsizer.axi_downsizer_inst/USE_READ.read_addr_inst/cmd_queue/inst/fifo_gen_inst/inst_fifo_gen/gconvfifo.rf/grf.rf/rstblk/ngwrdrst.grst.g7serrst.gnsckt_wrst.gcc_rst.sckt_wr_rst_cc_reg[0]/C
                            (rising edge-triggered cell FDRE clocked by clk_pl_0  {rise@0.000ns fall@2.000ns period=4.000ns})
  Destination:            kr260_min_i/axi_ic_PS_0_S_AXI_HPC0_FPD/s00_couplers/auto_ds/inst/gen_downsizer.gen_simple_downsizer.axi_downsizer_inst/USE_READ.read_addr_inst/cmd_queue/inst/fifo_gen_inst/inst_fifo_gen/gconvfifo.rf/grf.rf/gntv_or_sync_fifo.gl0.wr/wpntr/gcc0.gc0.count_reg[2]/CLR
                            (recovery check against rising-edge clock clk_pl_0  {rise@0.000ns fall@2.000ns period=4.000ns})
  Path Group:             **async_default**
  Path Type:              Recovery (Max at Slow Process Corner)
  Requirement:            4.000ns  (clk_pl_0 rise@4.000ns - clk_pl_0 rise@0.000ns)
  Data Path Delay:        1.412ns  (logic 0.302ns (21.390%)  route 1.110ns (78.610%))
  Logic Levels:           1  (LUT3=1)
  Clock Path Skew:        -0.230ns (DCD - SCD + CPR)
    Destination Clock Delay (DCD):    2.337ns = ( 6.337 - 4.000 ) 
    Source Clock Delay      (SCD):    2.708ns
    Clock Pessimism Removal (CPR):    0.141ns
  Clock Uncertainty:      0.122ns  ((TSJ^2 + DJ^2)^1/2) / 2 + PE
    Total System Jitter     (TSJ):    0.071ns
    Discrete Jitter          (DJ):    0.233ns
    Phase Error              (PE):    0.000ns
  Clock Net Delay (Source):      2.441ns (routing 1.045ns, distribution 1.396ns)
  Clock Net Delay (Destination): 2.121ns (routing 0.955ns, distribution 1.166ns)

    Location             Delay type                Incr(ns)  Path(ns)    Netlist Resource(s)
  -------------------------------------------------------------------    -------------------
                         (clock clk_pl_0 rise edge)
                                                      0.000     0.000 r  
    PS8_X0Y0             PS8                          0.000     0.000 r  kr260_min_i/PS_0/inst/PS8_i/PLCLK[0]
                         net (fo=1, routed)           0.229     0.229    kr260_min_i/PS_0/inst/pl_clk_unbuffered[0]
    BUFG_PS_X0Y80        BUFG_PS (Prop_BUFG_PS_I_O)
                                                      0.038     0.267 r  kr260_min_i/PS_0/inst/buffer_pl_clk_0.PL_CLK_0_BUFG/O
    X0Y1 (CLOCK_ROOT)    net (fo=5670, routed)        2.441     2.708    kr260_min_i/axi_ic_PS_0_S_AXI_HPC0_FPD/s00_couplers/auto_ds/inst/gen_downsizer.gen_simple_downsizer.axi_downsizer_inst/USE_READ.read_addr_inst/cmd_queue/inst/fifo_gen_inst/inst_fifo_gen/gconvfifo.rf/grf.rf/rstblk/clk
    SLICE_X3Y124         FDRE                                         r  kr260_min_i/axi_ic_PS_0_S_AXI_HPC0_FPD/s00_couplers/auto_ds/inst/gen_downsizer.gen_simple_downsizer.axi_downsizer_inst/USE_READ.read_addr_inst/cmd_queue/inst/fifo_gen_inst/inst_fifo_gen/gconvfifo.rf/grf.rf/rstblk/ngwrdrst.grst.g7serrst.gnsckt_wrst.gcc_rst.sckt_wr_rst_cc_reg[0]/C
  -------------------------------------------------------------------    -------------------
    SLICE_X3Y124         FDRE (Prop_HFF2_SLICEL_C_Q)
                                                      0.115     2.823 f  kr260_min_i/axi_ic_PS_0_S_AXI_HPC0_FPD/s00_couplers/auto_ds/inst/gen_downsizer.gen_simple_downsizer.axi_downsizer_inst/USE_READ.read_addr_inst/cmd_queue/inst/fifo_gen_inst/inst_fifo_gen/gconvfifo.rf/grf.rf/rstblk/ngwrdrst.grst.g7serrst.gnsckt_wrst.gcc_rst.sckt_wr_rst_cc_reg[0]/Q
                         net (fo=3, routed)           0.382     3.205    kr260_min_i/axi_ic_PS_0_S_AXI_HPC0_FPD/s00_couplers/auto_ds/inst/gen_downsizer.gen_simple_downsizer.axi_downsizer_inst/USE_READ.read_addr_inst/cmd_queue/inst/fifo_gen_inst/inst_fifo_gen/gconvfifo.rf/grf.rf/rstblk/ngwrdrst.grst.g7serrst.gnsckt_wrst.gcc_rst.sckt_wr_rst_cc[0]
    SLICE_X3Y124         LUT3 (Prop_F6LUT_SLICEL_I1_O)
                                                      0.187     3.392 f  kr260_min_i/axi_ic_PS_0_S_AXI_HPC0_FPD/s00_couplers/auto_ds/inst/gen_downsizer.gen_simple_downsizer.axi_downsizer_inst/USE_READ.read_addr_inst/cmd_queue/inst/fifo_gen_inst/inst_fifo_gen/gconvfifo.rf/grf.rf/rstblk/gpregsm1.curr_fwft_state[1]_i_2/O
                         net (fo=32, routed)          0.728     4.119    kr260_min_i/axi_ic_PS_0_S_AXI_HPC0_FPD/s00_couplers/auto_ds/inst/gen_downsizer.gen_simple_downsizer.axi_downsizer_inst/USE_READ.read_addr_inst/cmd_queue/inst/fifo_gen_inst/inst_fifo_gen/gconvfifo.rf/grf.rf/gntv_or_sync_fifo.gl0.wr/wpntr/AR[0]
    SLICE_X0Y117         FDCE                                         f  kr260_min_i/axi_ic_PS_0_S_AXI_HPC0_FPD/s00_couplers/auto_ds/inst/gen_downsizer.gen_simple_downsizer.axi_downsizer_inst/USE_READ.read_addr_inst/cmd_queue/inst/fifo_gen_inst/inst_fifo_gen/gconvfifo.rf/grf.rf/gntv_or_sync_fifo.gl0.wr/wpntr/gcc0.gc0.count_reg[2]/CLR
  -------------------------------------------------------------------    -------------------

                         (clock clk_pl_0 rise edge)
                                                      4.000     4.000 r  
    PS8_X0Y0             PS8                          0.000     4.000 r  kr260_min_i/PS_0/inst/PS8_i/PLCLK[0]
                         net (fo=1, routed)           0.181     4.181    kr260_min_i/PS_0/inst/pl_clk_unbuffered[0]
    BUFG_PS_X0Y80        BUFG_PS (Prop_BUFG_PS_I_O)
                                                      0.035     4.216 r  kr260_min_i/PS_0/inst/buffer_pl_clk_0.PL_CLK_0_BUFG/O
    X0Y1 (CLOCK_ROOT)    net (fo=5670, routed)        2.121     6.337    kr260_min_i/axi_ic_PS_0_S_AXI_HPC0_FPD/s00_couplers/auto_ds/inst/gen_downsizer.gen_simple_downsizer.axi_downsizer_inst/USE_READ.read_addr_inst/cmd_queue/inst/fifo_gen_inst/inst_fifo_gen/gconvfifo.rf/grf.rf/gntv_or_sync_fifo.gl0.wr/wpntr/clk
    SLICE_X0Y117         FDCE                                         r  kr260_min_i/axi_ic_PS_0_S_AXI_HPC0_FPD/s00_couplers/auto_ds/inst/gen_downsizer.gen_simple_downsizer.axi_downsizer_inst/USE_READ.read_addr_inst/cmd_queue/inst/fifo_gen_inst/inst_fifo_gen/gconvfifo.rf/grf.rf/gntv_or_sync_fifo.gl0.wr/wpntr/gcc0.gc0.count_reg[2]/C
                         clock pessimism              0.141     6.478    
                         clock uncertainty           -0.122     6.356    
    SLICE_X0Y117         FDCE (Recov_AFF2_SLICEL_C_CLR)
                                                     -0.093     6.263    kr260_min_i/axi_ic_PS_0_S_AXI_HPC0_FPD/s00_couplers/auto_ds/inst/gen_downsizer.gen_simple_downsizer.axi_downsizer_inst/USE_READ.read_addr_inst/cmd_queue/inst/fifo_gen_inst/inst_fifo_gen/gconvfifo.rf/grf.rf/gntv_or_sync_fifo.gl0.wr/wpntr/gcc0.gc0.count_reg[2]
  -------------------------------------------------------------------
                         required time                          6.263    
                         arrival time                          -4.119    
  -------------------------------------------------------------------
                         slack                                  2.144    

Slack (MET) :             2.144ns  (required time - arrival time)
  Source:                 kr260_min_i/axi_ic_PS_0_S_AXI_HPC0_FPD/s00_couplers/auto_ds/inst/gen_downsizer.gen_simple_downsizer.axi_downsizer_inst/USE_READ.read_addr_inst/cmd_queue/inst/fifo_gen_inst/inst_fifo_gen/gconvfifo.rf/grf.rf/rstblk/ngwrdrst.grst.g7serrst.gnsckt_wrst.gcc_rst.sckt_wr_rst_cc_reg[0]/C
                            (rising edge-triggered cell FDRE clocked by clk_pl_0  {rise@0.000ns fall@2.000ns period=4.000ns})
  Destination:            kr260_min_i/axi_ic_PS_0_S_AXI_HPC0_FPD/s00_couplers/auto_ds/inst/gen_downsizer.gen_simple_downsizer.axi_downsizer_inst/USE_READ.read_addr_inst/cmd_queue/inst/fifo_gen_inst/inst_fifo_gen/gconvfifo.rf/grf.rf/gntv_or_sync_fifo.gl0.wr/wpntr/gcc0.gc0.count_reg[3]/CLR
                            (recovery check against rising-edge clock clk_pl_0  {rise@0.000ns fall@2.000ns period=4.000ns})
  Path Group:             **async_default**
  Path Type:              Recovery (Max at Slow Process Corner)
  Requirement:            4.000ns  (clk_pl_0 rise@4.000ns - clk_pl_0 rise@0.000ns)
  Data Path Delay:        1.412ns  (logic 0.302ns (21.390%)  route 1.110ns (78.610%))
  Logic Levels:           1  (LUT3=1)
  Clock Path Skew:        -0.230ns (DCD - SCD + CPR)
    Destination Clock Delay (DCD):    2.337ns = ( 6.337 - 4.000 ) 
    Source Clock Delay      (SCD):    2.708ns
    Clock Pessimism Removal (CPR):    0.141ns
  Clock Uncertainty:      0.122ns  ((TSJ^2 + DJ^2)^1/2) / 2 + PE
    Total System Jitter     (TSJ):    0.071ns
    Discrete Jitter          (DJ):    0.233ns
    Phase Error              (PE):    0.000ns
  Clock Net Delay (Source):      2.441ns (routing 1.045ns, distribution 1.396ns)
  Clock Net Delay (Destination): 2.121ns (routing 0.955ns, distribution 1.166ns)

    Location             Delay type                Incr(ns)  Path(ns)    Netlist Resource(s)
  -------------------------------------------------------------------    -------------------
                         (clock clk_pl_0 rise edge)
                                                      0.000     0.000 r  
    PS8_X0Y0             PS8                          0.000     0.000 r  kr260_min_i/PS_0/inst/PS8_i/PLCLK[0]
                         net (fo=1, routed)           0.229     0.229    kr260_min_i/PS_0/inst/pl_clk_unbuffered[0]
    BUFG_PS_X0Y80        BUFG_PS (Prop_BUFG_PS_I_O)
                                                      0.038     0.267 r  kr260_min_i/PS_0/inst/buffer_pl_clk_0.PL_CLK_0_BUFG/O
    X0Y1 (CLOCK_ROOT)    net (fo=5670, routed)        2.441     2.708    kr260_min_i/axi_ic_PS_0_S_AXI_HPC0_FPD/s00_couplers/auto_ds/inst/gen_downsizer.gen_simple_downsizer.axi_downsizer_inst/USE_READ.read_addr_inst/cmd_queue/inst/fifo_gen_inst/inst_fifo_gen/gconvfifo.rf/grf.rf/rstblk/clk
    SLICE_X3Y124         FDRE                                         r  kr260_min_i/axi_ic_PS_0_S_AXI_HPC0_FPD/s00_couplers/auto_ds/inst/gen_downsizer.gen_simple_downsizer.axi_downsizer_inst/USE_READ.read_addr_inst/cmd_queue/inst/fifo_gen_inst/inst_fifo_gen/gconvfifo.rf/grf.rf/rstblk/ngwrdrst.grst.g7serrst.gnsckt_wrst.gcc_rst.sckt_wr_rst_cc_reg[0]/C
  -------------------------------------------------------------------    -------------------
    SLICE_X3Y124         FDRE (Prop_HFF2_SLICEL_C_Q)
                                                      0.115     2.823 f  kr260_min_i/axi_ic_PS_0_S_AXI_HPC0_FPD/s00_couplers/auto_ds/inst/gen_downsizer.gen_simple_downsizer.axi_downsizer_inst/USE_READ.read_addr_inst/cmd_queue/inst/fifo_gen_inst/inst_fifo_gen/gconvfifo.rf/grf.rf/rstblk/ngwrdrst.grst.g7serrst.gnsckt_wrst.gcc_rst.sckt_wr_rst_cc_reg[0]/Q
                         net (fo=3, routed)           0.382     3.205    kr260_min_i/axi_ic_PS_0_S_AXI_HPC0_FPD/s00_couplers/auto_ds/inst/gen_downsizer.gen_simple_downsizer.axi_downsizer_inst/USE_READ.read_addr_inst/cmd_queue/inst/fifo_gen_inst/inst_fifo_gen/gconvfifo.rf/grf.rf/rstblk/ngwrdrst.grst.g7serrst.gnsckt_wrst.gcc_rst.sckt_wr_rst_cc[0]
    SLICE_X3Y124         LUT3 (Prop_F6LUT_SLICEL_I1_O)
                                                      0.187     3.392 f  kr260_min_i/axi_ic_PS_0_S_AXI_HPC0_FPD/s00_couplers/auto_ds/inst/gen_downsizer.gen_simple_downsizer.axi_downsizer_inst/USE_READ.read_addr_inst/cmd_queue/inst/fifo_gen_inst/inst_fifo_gen/gconvfifo.rf/grf.rf/rstblk/gpregsm1.curr_fwft_state[1]_i_2/O
                         net (fo=32, routed)          0.728     4.119    kr260_min_i/axi_ic_PS_0_S_AXI_HPC0_FPD/s00_couplers/auto_ds/inst/gen_downsizer.gen_simple_downsizer.axi_downsizer_inst/USE_READ.read_addr_inst/cmd_queue/inst/fifo_gen_inst/inst_fifo_gen/gconvfifo.rf/grf.rf/gntv_or_sync_fifo.gl0.wr/wpntr/AR[0]
    SLICE_X0Y117         FDCE                                         f  kr260_min_i/axi_ic_PS_0_S_AXI_HPC0_FPD/s00_couplers/auto_ds/inst/gen_downsizer.gen_simple_downsizer.axi_downsizer_inst/USE_READ.read_addr_inst/cmd_queue/inst/fifo_gen_inst/inst_fifo_gen/gconvfifo.rf/grf.rf/gntv_or_sync_fifo.gl0.wr/wpntr/gcc0.gc0.count_reg[3]/CLR
  -------------------------------------------------------------------    -------------------

                         (clock clk_pl_0 rise edge)
                                                      4.000     4.000 r  
    PS8_X0Y0             PS8                          0.000     4.000 r  kr260_min_i/PS_0/inst/PS8_i/PLCLK[0]
                         net (fo=1, routed)           0.181     4.181    kr260_min_i/PS_0/inst/pl_clk_unbuffered[0]
    BUFG_PS_X0Y80        BUFG_PS (Prop_BUFG_PS_I_O)
                                                      0.035     4.216 r  kr260_min_i/PS_0/inst/buffer_pl_clk_0.PL_CLK_0_BUFG/O
    X0Y1 (CLOCK_ROOT)    net (fo=5670, routed)        2.121     6.337    kr260_min_i/axi_ic_PS_0_S_AXI_HPC0_FPD/s00_couplers/auto_ds/inst/gen_downsizer.gen_simple_downsizer.axi_downsizer_inst/USE_READ.read_addr_inst/cmd_queue/inst/fifo_gen_inst/inst_fifo_gen/gconvfifo.rf/grf.rf/gntv_or_sync_fifo.gl0.wr/wpntr/clk
    SLICE_X0Y117         FDCE                                         r  kr260_min_i/axi_ic_PS_0_S_AXI_HPC0_FPD/s00_couplers/auto_ds/inst/gen_downsizer.gen_simple_downsizer.axi_downsizer_inst/USE_READ.read_addr_inst/cmd_queue/inst/fifo_gen_inst/inst_fifo_gen/gconvfifo.rf/grf.rf/gntv_or_sync_fifo.gl0.wr/wpntr/gcc0.gc0.count_reg[3]/C
                         clock pessimism              0.141     6.478    
                         clock uncertainty           -0.122     6.356    
    SLICE_X0Y117         FDCE (Recov_CFF_SLICEL_C_CLR)
                                                     -0.093     6.263    kr260_min_i/axi_ic_PS_0_S_AXI_HPC0_FPD/s00_couplers/auto_ds/inst/gen_downsizer.gen_simple_downsizer.axi_downsizer_inst/USE_READ.read_addr_inst/cmd_queue/inst/fifo_gen_inst/inst_fifo_gen/gconvfifo.rf/grf.rf/gntv_or_sync_fifo.gl0.wr/wpntr/gcc0.gc0.count_reg[3]
  -------------------------------------------------------------------
                         required time                          6.263    
                         arrival time                          -4.119    
  -------------------------------------------------------------------
                         slack                                  2.144    

Slack (MET) :             2.144ns  (required time - arrival time)
  Source:                 kr260_min_i/axi_ic_PS_0_S_AXI_HPC0_FPD/s00_couplers/auto_ds/inst/gen_downsizer.gen_simple_downsizer.axi_downsizer_inst/USE_READ.read_addr_inst/cmd_queue/inst/fifo_gen_inst/inst_fifo_gen/gconvfifo.rf/grf.rf/rstblk/ngwrdrst.grst.g7serrst.gnsckt_wrst.gcc_rst.sckt_wr_rst_cc_reg[0]/C
                            (rising edge-triggered cell FDRE clocked by clk_pl_0  {rise@0.000ns fall@2.000ns period=4.000ns})
  Destination:            kr260_min_i/axi_ic_PS_0_S_AXI_HPC0_FPD/s00_couplers/auto_ds/inst/gen_downsizer.gen_simple_downsizer.axi_downsizer_inst/USE_READ.read_addr_inst/cmd_queue/inst/fifo_gen_inst/inst_fifo_gen/gconvfifo.rf/grf.rf/gntv_or_sync_fifo.gl0.wr/wpntr/gcc0.gc0.count_reg[4]/CLR
                            (recovery check against rising-edge clock clk_pl_0  {rise@0.000ns fall@2.000ns period=4.000ns})
  Path Group:             **async_default**
  Path Type:              Recovery (Max at Slow Process Corner)
  Requirement:            4.000ns  (clk_pl_0 rise@4.000ns - clk_pl_0 rise@0.000ns)
  Data Path Delay:        1.412ns  (logic 0.302ns (21.390%)  route 1.110ns (78.610%))
  Logic Levels:           1  (LUT3=1)
  Clock Path Skew:        -0.230ns (DCD - SCD + CPR)
    Destination Clock Delay (DCD):    2.337ns = ( 6.337 - 4.000 ) 
    Source Clock Delay      (SCD):    2.708ns
    Clock Pessimism Removal (CPR):    0.141ns
  Clock Uncertainty:      0.122ns  ((TSJ^2 + DJ^2)^1/2) / 2 + PE
    Total System Jitter     (TSJ):    0.071ns
    Discrete Jitter          (DJ):    0.233ns
    Phase Error              (PE):    0.000ns
  Clock Net Delay (Source):      2.441ns (routing 1.045ns, distribution 1.396ns)
  Clock Net Delay (Destination): 2.121ns (routing 0.955ns, distribution 1.166ns)

    Location             Delay type                Incr(ns)  Path(ns)    Netlist Resource(s)
  -------------------------------------------------------------------    -------------------
                         (clock clk_pl_0 rise edge)
                                                      0.000     0.000 r  
    PS8_X0Y0             PS8                          0.000     0.000 r  kr260_min_i/PS_0/inst/PS8_i/PLCLK[0]
                         net (fo=1, routed)           0.229     0.229    kr260_min_i/PS_0/inst/pl_clk_unbuffered[0]
    BUFG_PS_X0Y80        BUFG_PS (Prop_BUFG_PS_I_O)
                                                      0.038     0.267 r  kr260_min_i/PS_0/inst/buffer_pl_clk_0.PL_CLK_0_BUFG/O
    X0Y1 (CLOCK_ROOT)    net (fo=5670, routed)        2.441     2.708    kr260_min_i/axi_ic_PS_0_S_AXI_HPC0_FPD/s00_couplers/auto_ds/inst/gen_downsizer.gen_simple_downsizer.axi_downsizer_inst/USE_READ.read_addr_inst/cmd_queue/inst/fifo_gen_inst/inst_fifo_gen/gconvfifo.rf/grf.rf/rstblk/clk
    SLICE_X3Y124         FDRE                                         r  kr260_min_i/axi_ic_PS_0_S_AXI_HPC0_FPD/s00_couplers/auto_ds/inst/gen_downsizer.gen_simple_downsizer.axi_downsizer_inst/USE_READ.read_addr_inst/cmd_queue/inst/fifo_gen_inst/inst_fifo_gen/gconvfifo.rf/grf.rf/rstblk/ngwrdrst.grst.g7serrst.gnsckt_wrst.gcc_rst.sckt_wr_rst_cc_reg[0]/C
  -------------------------------------------------------------------    -------------------
    SLICE_X3Y124         FDRE (Prop_HFF2_SLICEL_C_Q)
                                                      0.115     2.823 f  kr260_min_i/axi_ic_PS_0_S_AXI_HPC0_FPD/s00_couplers/auto_ds/inst/gen_downsizer.gen_simple_downsizer.axi_downsizer_inst/USE_READ.read_addr_inst/cmd_queue/inst/fifo_gen_inst/inst_fifo_gen/gconvfifo.rf/grf.rf/rstblk/ngwrdrst.grst.g7serrst.gnsckt_wrst.gcc_rst.sckt_wr_rst_cc_reg[0]/Q
                         net (fo=3, routed)           0.382     3.205    kr260_min_i/axi_ic_PS_0_S_AXI_HPC0_FPD/s00_couplers/auto_ds/inst/gen_downsizer.gen_simple_downsizer.axi_downsizer_inst/USE_READ.read_addr_inst/cmd_queue/inst/fifo_gen_inst/inst_fifo_gen/gconvfifo.rf/grf.rf/rstblk/ngwrdrst.grst.g7serrst.gnsckt_wrst.gcc_rst.sckt_wr_rst_cc[0]
    SLICE_X3Y124         LUT3 (Prop_F6LUT_SLICEL_I1_O)
                                                      0.187     3.392 f  kr260_min_i/axi_ic_PS_0_S_AXI_HPC0_FPD/s00_couplers/auto_ds/inst/gen_downsizer.gen_simple_downsizer.axi_downsizer_inst/USE_READ.read_addr_inst/cmd_queue/inst/fifo_gen_inst/inst_fifo_gen/gconvfifo.rf/grf.rf/rstblk/gpregsm1.curr_fwft_state[1]_i_2/O
                         net (fo=32, routed)          0.728     4.119    kr260_min_i/axi_ic_PS_0_S_AXI_HPC0_FPD/s00_couplers/auto_ds/inst/gen_downsizer.gen_simple_downsizer.axi_downsizer_inst/USE_READ.read_addr_inst/cmd_queue/inst/fifo_gen_inst/inst_fifo_gen/gconvfifo.rf/grf.rf/gntv_or_sync_fifo.gl0.wr/wpntr/AR[0]
    SLICE_X0Y117         FDCE                                         f  kr260_min_i/axi_ic_PS_0_S_AXI_HPC0_FPD/s00_couplers/auto_ds/inst/gen_downsizer.gen_simple_downsizer.axi_downsizer_inst/USE_READ.read_addr_inst/cmd_queue/inst/fifo_gen_inst/inst_fifo_gen/gconvfifo.rf/grf.rf/gntv_or_sync_fifo.gl0.wr/wpntr/gcc0.gc0.count_reg[4]/CLR
  -------------------------------------------------------------------    -------------------

                         (clock clk_pl_0 rise edge)
                                                      4.000     4.000 r  
    PS8_X0Y0             PS8                          0.000     4.000 r  kr260_min_i/PS_0/inst/PS8_i/PLCLK[0]
                         net (fo=1, routed)           0.181     4.181    kr260_min_i/PS_0/inst/pl_clk_unbuffered[0]
    BUFG_PS_X0Y80        BUFG_PS (Prop_BUFG_PS_I_O)
                                                      0.035     4.216 r  kr260_min_i/PS_0/inst/buffer_pl_clk_0.PL_CLK_0_BUFG/O
    X0Y1 (CLOCK_ROOT)    net (fo=5670, routed)        2.121     6.337    kr260_min_i/axi_ic_PS_0_S_AXI_HPC0_FPD/s00_couplers/auto_ds/inst/gen_downsizer.gen_simple_downsizer.axi_downsizer_inst/USE_READ.read_addr_inst/cmd_queue/inst/fifo_gen_inst/inst_fifo_gen/gconvfifo.rf/grf.rf/gntv_or_sync_fifo.gl0.wr/wpntr/clk
    SLICE_X0Y117         FDCE                                         r  kr260_min_i/axi_ic_PS_0_S_AXI_HPC0_FPD/s00_couplers/auto_ds/inst/gen_downsizer.gen_simple_downsizer.axi_downsizer_inst/USE_READ.read_addr_inst/cmd_queue/inst/fifo_gen_inst/inst_fifo_gen/gconvfifo.rf/grf.rf/gntv_or_sync_fifo.gl0.wr/wpntr/gcc0.gc0.count_reg[4]/C
                         clock pessimism              0.141     6.478    
                         clock uncertainty           -0.122     6.356    
    SLICE_X0Y117         FDCE (Recov_CFF2_SLICEL_C_CLR)
                                                     -0.093     6.263    kr260_min_i/axi_ic_PS_0_S_AXI_HPC0_FPD/s00_couplers/auto_ds/inst/gen_downsizer.gen_simple_downsizer.axi_downsizer_inst/USE_READ.read_addr_inst/cmd_queue/inst/fifo_gen_inst/inst_fifo_gen/gconvfifo.rf/grf.rf/gntv_or_sync_fifo.gl0.wr/wpntr/gcc0.gc0.count_reg[4]
  -------------------------------------------------------------------
                         required time                          6.263    
                         arrival time                          -4.119    
  -------------------------------------------------------------------
                         slack                                  2.144    





Min Delay Paths
--------------------------------------------------------------------------------------
Slack (MET) :             0.144ns  (arrival time - required time)
  Source:                 kr260_min_i/axi_ic_PS_0_S_AXI_HP0_FPD/s00_couplers/auto_cc/inst/gen_clock_conv.gen_async_conv.asyncfifo_axi/inst_fifo_gen/gaxi_full_lite.gread_ch.grach2.axi_rach/grf.rf/rstblk/ngwrdrst.grst.g7serrst.gnsckt_wrst.gic_rst.rst_rd_reg2_inst/arststages_ff_reg[1]/C
                            (rising edge-triggered cell FDPE clocked by clk_pl_0  {rise@0.000ns fall@2.000ns period=4.000ns})
  Destination:            kr260_min_i/axi_ic_PS_0_S_AXI_HP0_FPD/s00_couplers/auto_cc/inst/gen_clock_conv.gen_async_conv.asyncfifo_axi/inst_fifo_gen/gaxi_full_lite.gread_ch.grach2.axi_rach/grf.rf/rstblk/ngwrdrst.grst.g7serrst.gnsckt_wrst.gic_rst.sckt_rd_rst_ic_reg/PRE
                            (removal check against rising-edge clock clk_pl_0  {rise@0.000ns fall@2.000ns period=4.000ns})
  Path Group:             **async_default**
  Path Type:              Removal (Min at Fast Process Corner)
  Requirement:            0.000ns  (clk_pl_0 rise@0.000ns - clk_pl_0 rise@0.000ns)
  Data Path Delay:        0.187ns  (logic 0.084ns (45.011%)  route 0.103ns (54.989%))
  Logic Levels:           0  
  Clock Path Skew:        0.060ns (DCD - SCD - CPR)
    Destination Clock Delay (DCD):    1.603ns
    Source Clock Delay      (SCD):    1.436ns
    Clock Pessimism Removal (CPR):    0.106ns
  Clock Net Delay (Source):      1.285ns (routing 0.572ns, distribution 0.713ns)
  Clock Net Delay (Destination): 1.416ns (routing 0.623ns, distribution 0.793ns)

    Location             Delay type                Incr(ns)  Path(ns)    Netlist Resource(s)
  -------------------------------------------------------------------    -------------------
                         (clock clk_pl_0 rise edge)
                                                      0.000     0.000 r  
    PS8_X0Y0             PS8                          0.000     0.000 r  kr260_min_i/PS_0/inst/PS8_i/PLCLK[0]
                         net (fo=1, routed)           0.129     0.129    kr260_min_i/PS_0/inst/pl_clk_unbuffered[0]
    BUFG_PS_X0Y80        BUFG_PS (Prop_BUFG_PS_I_O)
                                                      0.022     0.151 r  kr260_min_i/PS_0/inst/buffer_pl_clk_0.PL_CLK_0_BUFG/O
    X0Y1 (CLOCK_ROOT)    net (fo=5670, routed)        1.285     1.436    kr260_min_i/axi_ic_PS_0_S_AXI_HP0_FPD/s00_couplers/auto_cc/inst/gen_clock_conv.gen_async_conv.asyncfifo_axi/inst_fifo_gen/gaxi_full_lite.gread_ch.grach2.axi_rach/grf.rf/rstblk/ngwrdrst.grst.g7serrst.gnsckt_wrst.gic_rst.rst_rd_reg2_inst/dest_clk
    SLICE_X1Y23          FDPE                                         r  kr260_min_i/axi_ic_PS_0_S_AXI_HP0_FPD/s00_couplers/auto_cc/inst/gen_clock_conv.gen_async_conv.asyncfifo_axi/inst_fifo_gen/gaxi_full_lite.gread_ch.grach2.axi_rach/grf.rf/rstblk/ngwrdrst.grst.g7serrst.gnsckt_wrst.gic_rst.rst_rd_reg2_inst/arststages_ff_reg[1]/C
  -------------------------------------------------------------------    -------------------
    SLICE_X1Y23          FDPE (Prop_EFF2_SLICEM_C_Q)
                                                      0.084     1.520 f  kr260_min_i/axi_ic_PS_0_S_AXI_HP0_FPD/s00_couplers/auto_cc/inst/gen_clock_conv.gen_async_conv.asyncfifo_axi/inst_fifo_gen/gaxi_full_lite.gread_ch.grach2.axi_rach/grf.rf/rstblk/ngwrdrst.grst.g7serrst.gnsckt_wrst.gic_rst.rst_rd_reg2_inst/arststages_ff_reg[1]/Q
                         net (fo=3, routed)           0.103     1.623    kr260_min_i/axi_ic_PS_0_S_AXI_HP0_FPD/s00_couplers/auto_cc/inst/gen_clock_conv.gen_async_conv.asyncfifo_axi/inst_fifo_gen/gaxi_full_lite.gread_ch.grach2.axi_rach/grf.rf/rstblk/ngwrdrst.grst.rst_rd_reg2
    SLICE_X2Y23          FDPE                                         f  kr260_min_i/axi_ic_PS_0_S_AXI_HP0_FPD/s00_couplers/auto_cc/inst/gen_clock_conv.gen_async_conv.asyncfifo_axi/inst_fifo_gen/gaxi_full_lite.gread_ch.grach2.axi_rach/grf.rf/rstblk/ngwrdrst.grst.g7serrst.gnsckt_wrst.gic_rst.sckt_rd_rst_ic_reg/PRE
  -------------------------------------------------------------------    -------------------

                         (clock clk_pl_0 rise edge)
                                                      0.000     0.000 r  
    PS8_X0Y0             PS8                          0.000     0.000 r  kr260_min_i/PS_0/inst/PS8_i/PLCLK[0]
                         net (fo=1, routed)           0.164     0.164    kr260_min_i/PS_0/inst/pl_clk_unbuffered[0]
    BUFG_PS_X0Y80        BUFG_PS (Prop_BUFG_PS_I_O)
                                                      0.023     0.187 r  kr260_min_i/PS_0/inst/buffer_pl_clk_0.PL_CLK_0_BUFG/O
    X0Y1 (CLOCK_ROOT)    net (fo=5670, routed)        1.416     1.603    kr260_min_i/axi_ic_PS_0_S_AXI_HP0_FPD/s00_couplers/auto_cc/inst/gen_clock_conv.gen_async_conv.asyncfifo_axi/inst_fifo_gen/gaxi_full_lite.gread_ch.grach2.axi_rach/grf.rf/rstblk/m_aclk
    SLICE_X2Y23          FDPE                                         r  kr260_min_i/axi_ic_PS_0_S_AXI_HP0_FPD/s00_couplers/auto_cc/inst/gen_clock_conv.gen_async_conv.asyncfifo_axi/inst_fifo_gen/gaxi_full_lite.gread_ch.grach2.axi_rach/grf.rf/rstblk/ngwrdrst.grst.g7serrst.gnsckt_wrst.gic_rst.sckt_rd_rst_ic_reg/C
                         clock pessimism             -0.106     1.496    
    SLICE_X2Y23          FDPE (Remov_DFF2_SLICEM_C_PRE)
                                                     -0.018     1.478    kr260_min_i/axi_ic_PS_0_S_AXI_HP0_FPD/s00_couplers/auto_cc/inst/gen_clock_conv.gen_async_conv.asyncfifo_axi/inst_fifo_gen/gaxi_full_lite.gread_ch.grach2.axi_rach/grf.rf/rstblk/ngwrdrst.grst.g7serrst.gnsckt_wrst.gic_rst.sckt_rd_rst_ic_reg
  -------------------------------------------------------------------
                         required time                         -1.478    
                         arrival time                           1.623    
  -------------------------------------------------------------------
                         slack                                  0.144    

Slack (MET) :             0.144ns  (arrival time - required time)
  Source:                 kr260_min_i/axi_ic_PS_0_S_AXI_HP0_FPD/s00_couplers/auto_cc/inst/gen_clock_conv.gen_async_conv.asyncfifo_axi/inst_fifo_gen/gaxi_full_lite.gread_ch.grach2.axi_rach/grf.rf/rstblk/ngwrdrst.grst.g7serrst.gnsckt_wrst.gic_rst.rst_rd_reg2_inst/arststages_ff_reg[1]/C
                            (rising edge-triggered cell FDPE clocked by clk_pl_0  {rise@0.000ns fall@2.000ns period=4.000ns})
  Destination:            kr260_min_i/axi_ic_PS_0_S_AXI_HP0_FPD/s00_couplers/auto_cc/inst/gen_clock_conv.gen_async_conv.asyncfifo_axi/inst_fifo_gen/gaxi_full_lite.gread_ch.grach2.axi_rach/grf.rf/rstblk/ngwrdrst.grst.g7serrst.gnsckt_wrst.gic_rst.wr_rst_rd_ext_reg[0]/CLR
                            (removal check against rising-edge clock clk_pl_0  {rise@0.000ns fall@2.000ns period=4.000ns})
  Path Group:             **async_default**
  Path Type:              Removal (Min at Fast Process Corner)
  Requirement:            0.000ns  (clk_pl_0 rise@0.000ns - clk_pl_0 rise@0.000ns)
  Data Path Delay:        0.186ns  (logic 0.084ns (45.254%)  route 0.102ns (54.746%))
  Logic Levels:           0  
  Clock Path Skew:        0.059ns (DCD - SCD - CPR)
    Destination Clock Delay (DCD):    1.602ns
    Source Clock Delay      (SCD):    1.436ns
    Clock Pessimism Removal (CPR):    0.106ns
  Clock Net Delay (Source):      1.285ns (routing 0.572ns, distribution 0.713ns)
  Clock Net Delay (Destination): 1.415ns (routing 0.623ns, distribution 0.792ns)

    Location             Delay type                Incr(ns)  Path(ns)    Netlist Resource(s)
  -------------------------------------------------------------------    -------------------
                         (clock clk_pl_0 rise edge)
                                                      0.000     0.000 r  
    PS8_X0Y0             PS8                          0.000     0.000 r  kr260_min_i/PS_0/inst/PS8_i/PLCLK[0]
                         net (fo=1, routed)           0.129     0.129    kr260_min_i/PS_0/inst/pl_clk_unbuffered[0]
    BUFG_PS_X0Y80        BUFG_PS (Prop_BUFG_PS_I_O)
                                                      0.022     0.151 r  kr260_min_i/PS_0/inst/buffer_pl_clk_0.PL_CLK_0_BUFG/O
    X0Y1 (CLOCK_ROOT)    net (fo=5670, routed)        1.285     1.436    kr260_min_i/axi_ic_PS_0_S_AXI_HP0_FPD/s00_couplers/auto_cc/inst/gen_clock_conv.gen_async_conv.asyncfifo_axi/inst_fifo_gen/gaxi_full_lite.gread_ch.grach2.axi_rach/grf.rf/rstblk/ngwrdrst.grst.g7serrst.gnsckt_wrst.gic_rst.rst_rd_reg2_inst/dest_clk
    SLICE_X1Y23          FDPE                                         r  kr260_min_i/axi_ic_PS_0_S_AXI_HP0_FPD/s00_couplers/auto_cc/inst/gen_clock_conv.gen_async_conv.asyncfifo_axi/inst_fifo_gen/gaxi_full_lite.gread_ch.grach2.axi_rach/grf.rf/rstblk/ngwrdrst.grst.g7serrst.gnsckt_wrst.gic_rst.rst_rd_reg2_inst/arststages_ff_reg[1]/C
  -------------------------------------------------------------------    -------------------
    SLICE_X1Y23          FDPE (Prop_EFF2_SLICEM_C_Q)
                                                      0.084     1.520 f  kr260_min_i/axi_ic_PS_0_S_AXI_HP0_FPD/s00_couplers/auto_cc/inst/gen_clock_conv.gen_async_conv.asyncfifo_axi/inst_fifo_gen/gaxi_full_lite.gread_ch.grach2.axi_rach/grf.rf/rstblk/ngwrdrst.grst.g7serrst.gnsckt_wrst.gic_rst.rst_rd_reg2_inst/arststages_ff_reg[1]/Q
                         net (fo=3, routed)           0.102     1.622    kr260_min_i/axi_ic_PS_0_S_AXI_HP0_FPD/s00_couplers/auto_cc/inst/gen_clock_conv.gen_async_conv.asyncfifo_axi/inst_fifo_gen/gaxi_full_lite.gread_ch.grach2.axi_rach/grf.rf/rstblk/ngwrdrst.grst.rst_rd_reg2
    SLICE_X2Y23          FDCE                                         f  kr260_min_i/axi_ic_PS_0_S_AXI_HP0_FPD/s00_couplers/auto_cc/inst/gen_clock_conv.gen_async_conv.asyncfifo_axi/inst_fifo_gen/gaxi_full_lite.gread_ch.grach2.axi_rach/grf.rf/rstblk/ngwrdrst.grst.g7serrst.gnsckt_wrst.gic_rst.wr_rst_rd_ext_reg[0]/CLR
  -------------------------------------------------------------------    -------------------

                         (clock clk_pl_0 rise edge)
                                                      0.000     0.000 r  
    PS8_X0Y0             PS8                          0.000     0.000 r  kr260_min_i/PS_0/inst/PS8_i/PLCLK[0]
                         net (fo=1, routed)           0.164     0.164    kr260_min_i/PS_0/inst/pl_clk_unbuffered[0]
    BUFG_PS_X0Y80        BUFG_PS (Prop_BUFG_PS_I_O)
                                                      0.023     0.187 r  kr260_min_i/PS_0/inst/buffer_pl_clk_0.PL_CLK_0_BUFG/O
    X0Y1 (CLOCK_ROOT)    net (fo=5670, routed)        1.415     1.602    kr260_min_i/axi_ic_PS_0_S_AXI_HP0_FPD/s00_couplers/auto_cc/inst/gen_clock_conv.gen_async_conv.asyncfifo_axi/inst_fifo_gen/gaxi_full_lite.gread_ch.grach2.axi_rach/grf.rf/rstblk/m_aclk
    SLICE_X2Y23          FDCE                                         r  kr260_min_i/axi_ic_PS_0_S_AXI_HP0_FPD/s00_couplers/auto_cc/inst/gen_clock_conv.gen_async_conv.asyncfifo_axi/inst_fifo_gen/gaxi_full_lite.gread_ch.grach2.axi_rach/grf.rf/rstblk/ngwrdrst.grst.g7serrst.gnsckt_wrst.gic_rst.wr_rst_rd_ext_reg[0]/C
                         clock pessimism             -0.106     1.495    
    SLICE_X2Y23          FDCE (Remov_EFF_SLICEM_C_CLR)
                                                     -0.018     1.477    kr260_min_i/axi_ic_PS_0_S_AXI_HP0_FPD/s00_couplers/auto_cc/inst/gen_clock_conv.gen_async_conv.asyncfifo_axi/inst_fifo_gen/gaxi_full_lite.gread_ch.grach2.axi_rach/grf.rf/rstblk/ngwrdrst.grst.g7serrst.gnsckt_wrst.gic_rst.wr_rst_rd_ext_reg[0]
  -------------------------------------------------------------------
                         required time                         -1.477    
                         arrival time                           1.622    
  -------------------------------------------------------------------
                         slack                                  0.144    

Slack (MET) :             0.144ns  (arrival time - required time)
  Source:                 kr260_min_i/axi_ic_PS_0_S_AXI_HP0_FPD/s00_couplers/auto_cc/inst/gen_clock_conv.gen_async_conv.asyncfifo_axi/inst_fifo_gen/gaxi_full_lite.gread_ch.grach2.axi_rach/grf.rf/rstblk/ngwrdrst.grst.g7serrst.gnsckt_wrst.gic_rst.rst_rd_reg2_inst/arststages_ff_reg[1]/C
                            (rising edge-triggered cell FDPE clocked by clk_pl_0  {rise@0.000ns fall@2.000ns period=4.000ns})
  Destination:            kr260_min_i/axi_ic_PS_0_S_AXI_HP0_FPD/s00_couplers/auto_cc/inst/gen_clock_conv.gen_async_conv.asyncfifo_axi/inst_fifo_gen/gaxi_full_lite.gread_ch.grach2.axi_rach/grf.rf/rstblk/ngwrdrst.grst.g7serrst.gnsckt_wrst.gic_rst.wr_rst_rd_ext_reg[1]/CLR
                            (removal check against rising-edge clock clk_pl_0  {rise@0.000ns fall@2.000ns period=4.000ns})
  Path Group:             **async_default**
  Path Type:              Removal (Min at Fast Process Corner)
  Requirement:            0.000ns  (clk_pl_0 rise@0.000ns - clk_pl_0 rise@0.000ns)
  Data Path Delay:        0.186ns  (logic 0.084ns (45.254%)  route 0.102ns (54.746%))
  Logic Levels:           0  
  Clock Path Skew:        0.059ns (DCD - SCD - CPR)
    Destination Clock Delay (DCD):    1.602ns
    Source Clock Delay      (SCD):    1.436ns
    Clock Pessimism Removal (CPR):    0.106ns
  Clock Net Delay (Source):      1.285ns (routing 0.572ns, distribution 0.713ns)
  Clock Net Delay (Destination): 1.415ns (routing 0.623ns, distribution 0.792ns)

    Location             Delay type                Incr(ns)  Path(ns)    Netlist Resource(s)
  -------------------------------------------------------------------    -------------------
                         (clock clk_pl_0 rise edge)
                                                      0.000     0.000 r  
    PS8_X0Y0             PS8                          0.000     0.000 r  kr260_min_i/PS_0/inst/PS8_i/PLCLK[0]
                         net (fo=1, routed)           0.129     0.129    kr260_min_i/PS_0/inst/pl_clk_unbuffered[0]
    BUFG_PS_X0Y80        BUFG_PS (Prop_BUFG_PS_I_O)
                                                      0.022     0.151 r  kr260_min_i/PS_0/inst/buffer_pl_clk_0.PL_CLK_0_BUFG/O
    X0Y1 (CLOCK_ROOT)    net (fo=5670, routed)        1.285     1.436    kr260_min_i/axi_ic_PS_0_S_AXI_HP0_FPD/s00_couplers/auto_cc/inst/gen_clock_conv.gen_async_conv.asyncfifo_axi/inst_fifo_gen/gaxi_full_lite.gread_ch.grach2.axi_rach/grf.rf/rstblk/ngwrdrst.grst.g7serrst.gnsckt_wrst.gic_rst.rst_rd_reg2_inst/dest_clk
    SLICE_X1Y23          FDPE                                         r  kr260_min_i/axi_ic_PS_0_S_AXI_HP0_FPD/s00_couplers/auto_cc/inst/gen_clock_conv.gen_async_conv.asyncfifo_axi/inst_fifo_gen/gaxi_full_lite.gread_ch.grach2.axi_rach/grf.rf/rstblk/ngwrdrst.grst.g7serrst.gnsckt_wrst.gic_rst.rst_rd_reg2_inst/arststages_ff_reg[1]/C
  -------------------------------------------------------------------    -------------------
    SLICE_X1Y23          FDPE (Prop_EFF2_SLICEM_C_Q)
                                                      0.084     1.520 f  kr260_min_i/axi_ic_PS_0_S_AXI_HP0_FPD/s00_couplers/auto_cc/inst/gen_clock_conv.gen_async_conv.asyncfifo_axi/inst_fifo_gen/gaxi_full_lite.gread_ch.grach2.axi_rach/grf.rf/rstblk/ngwrdrst.grst.g7serrst.gnsckt_wrst.gic_rst.rst_rd_reg2_inst/arststages_ff_reg[1]/Q
                         net (fo=3, routed)           0.102     1.622    kr260_min_i/axi_ic_PS_0_S_AXI_HP0_FPD/s00_couplers/auto_cc/inst/gen_clock_conv.gen_async_conv.asyncfifo_axi/inst_fifo_gen/gaxi_full_lite.gread_ch.grach2.axi_rach/grf.rf/rstblk/ngwrdrst.grst.rst_rd_reg2
    SLICE_X2Y23          FDCE                                         f  kr260_min_i/axi_ic_PS_0_S_AXI_HP0_FPD/s00_couplers/auto_cc/inst/gen_clock_conv.gen_async_conv.asyncfifo_axi/inst_fifo_gen/gaxi_full_lite.gread_ch.grach2.axi_rach/grf.rf/rstblk/ngwrdrst.grst.g7serrst.gnsckt_wrst.gic_rst.wr_rst_rd_ext_reg[1]/CLR
  -------------------------------------------------------------------    -------------------

                         (clock clk_pl_0 rise edge)
                                                      0.000     0.000 r  
    PS8_X0Y0             PS8                          0.000     0.000 r  kr260_min_i/PS_0/inst/PS8_i/PLCLK[0]
                         net (fo=1, routed)           0.164     0.164    kr260_min_i/PS_0/inst/pl_clk_unbuffered[0]
    BUFG_PS_X0Y80        BUFG_PS (Prop_BUFG_PS_I_O)
                                                      0.023     0.187 r  kr260_min_i/PS_0/inst/buffer_pl_clk_0.PL_CLK_0_BUFG/O
    X0Y1 (CLOCK_ROOT)    net (fo=5670, routed)        1.415     1.602    kr260_min_i/axi_ic_PS_0_S_AXI_HP0_FPD/s00_couplers/auto_cc/inst/gen_clock_conv.gen_async_conv.asyncfifo_axi/inst_fifo_gen/gaxi_full_lite.gread_ch.grach2.axi_rach/grf.rf/rstblk/m_aclk
    SLICE_X2Y23          FDCE                                         r  kr260_min_i/axi_ic_PS_0_S_AXI_HP0_FPD/s00_couplers/auto_cc/inst/gen_clock_conv.gen_async_conv.asyncfifo_axi/inst_fifo_gen/gaxi_full_lite.gread_ch.grach2.axi_rach/grf.rf/rstblk/ngwrdrst.grst.g7serrst.gnsckt_wrst.gic_rst.wr_rst_rd_ext_reg[1]/C
                         clock pessimism             -0.106     1.495    
    SLICE_X2Y23          FDCE (Remov_EFF2_SLICEM_C_CLR)
                                                     -0.018     1.477    kr260_min_i/axi_ic_PS_0_S_AXI_HP0_FPD/s00_couplers/auto_cc/inst/gen_clock_conv.gen_async_conv.asyncfifo_axi/inst_fifo_gen/gaxi_full_lite.gread_ch.grach2.axi_rach/grf.rf/rstblk/ngwrdrst.grst.g7serrst.gnsckt_wrst.gic_rst.wr_rst_rd_ext_reg[1]
  -------------------------------------------------------------------
                         required time                         -1.477    
                         arrival time                           1.622    
  -------------------------------------------------------------------
                         slack                                  0.144    

Slack (MET) :             0.149ns  (arrival time - required time)
  Source:                 kr260_min_i/axi_ic_PS_0_S_AXI_HP0_FPD/s00_couplers/auto_cc/inst/gen_clock_conv.gen_async_conv.asyncfifo_axi/inst_fifo_gen/gaxi_full_lite.gread_ch.grdch2.axi_rdch/grf.rf/rstblk/ngwrdrst.grst.g7serrst.gnsckt_wrst.rst_wr_reg2_inst/arststages_ff_reg[1]/C
                            (rising edge-triggered cell FDPE clocked by clk_pl_0  {rise@0.000ns fall@2.000ns period=4.000ns})
  Destination:            kr260_min_i/axi_ic_PS_0_S_AXI_HP0_FPD/s00_couplers/auto_cc/inst/gen_clock_conv.gen_async_conv.asyncfifo_axi/inst_fifo_gen/gaxi_full_lite.gread_ch.grdch2.axi_rdch/grf.rf/rstblk/grstd1.grst_full.grst_f.rst_d3_reg/PRE
                            (removal check against rising-edge clock clk_pl_0  {rise@0.000ns fall@2.000ns period=4.000ns})
  Path Group:             **async_default**
  Path Type:              Removal (Min at Fast Process Corner)
  Requirement:            0.000ns  (clk_pl_0 rise@0.000ns - clk_pl_0 rise@0.000ns)
  Data Path Delay:        0.173ns  (logic 0.084ns (48.657%)  route 0.089ns (51.343%))
  Logic Levels:           0  
  Clock Path Skew:        0.042ns (DCD - SCD - CPR)
    Destination Clock Delay (DCD):    1.584ns
    Source Clock Delay      (SCD):    1.436ns
    Clock Pessimism Removal (CPR):    0.107ns
  Clock Net Delay (Source):      1.285ns (routing 0.572ns, distribution 0.713ns)
  Clock Net Delay (Destination): 1.397ns (routing 0.623ns, distribution 0.774ns)

    Location             Delay type                Incr(ns)  Path(ns)    Netlist Resource(s)
  -------------------------------------------------------------------    -------------------
                         (clock clk_pl_0 rise edge)
                                                      0.000     0.000 r  
    PS8_X0Y0             PS8                          0.000     0.000 r  kr260_min_i/PS_0/inst/PS8_i/PLCLK[0]
                         net (fo=1, routed)           0.129     0.129    kr260_min_i/PS_0/inst/pl_clk_unbuffered[0]
    BUFG_PS_X0Y80        BUFG_PS (Prop_BUFG_PS_I_O)
                                                      0.022     0.151 r  kr260_min_i/PS_0/inst/buffer_pl_clk_0.PL_CLK_0_BUFG/O
    X0Y1 (CLOCK_ROOT)    net (fo=5670, routed)        1.285     1.436    kr260_min_i/axi_ic_PS_0_S_AXI_HP0_FPD/s00_couplers/auto_cc/inst/gen_clock_conv.gen_async_conv.asyncfifo_axi/inst_fifo_gen/gaxi_full_lite.gread_ch.grdch2.axi_rdch/grf.rf/rstblk/ngwrdrst.grst.g7serrst.gnsckt_wrst.rst_wr_reg2_inst/dest_clk
    SLICE_X1Y23          FDPE                                         r  kr260_min_i/axi_ic_PS_0_S_AXI_HP0_FPD/s00_couplers/auto_cc/inst/gen_clock_conv.gen_async_conv.asyncfifo_axi/inst_fifo_gen/gaxi_full_lite.gread_ch.grdch2.axi_rdch/grf.rf/rstblk/ngwrdrst.grst.g7serrst.gnsckt_wrst.rst_wr_reg2_inst/arststages_ff_reg[1]/C
  -------------------------------------------------------------------    -------------------
    SLICE_X1Y23          FDPE (Prop_FFF2_SLICEM_C_Q)
                                                      0.084     1.520 f  kr260_min_i/axi_ic_PS_0_S_AXI_HP0_FPD/s00_couplers/auto_cc/inst/gen_clock_conv.gen_async_conv.asyncfifo_axi/inst_fifo_gen/gaxi_full_lite.gread_ch.grdch2.axi_rdch/grf.rf/rstblk/ngwrdrst.grst.g7serrst.gnsckt_wrst.rst_wr_reg2_inst/arststages_ff_reg[1]/Q
                         net (fo=9, routed)           0.089     1.609    kr260_min_i/axi_ic_PS_0_S_AXI_HP0_FPD/s00_couplers/auto_cc/inst/gen_clock_conv.gen_async_conv.asyncfifo_axi/inst_fifo_gen/gaxi_full_lite.gread_ch.grdch2.axi_rdch/grf.rf/rstblk/ngwrdrst.rst_wr_reg2
    SLICE_X0Y23          FDPE                                         f  kr260_min_i/axi_ic_PS_0_S_AXI_HP0_FPD/s00_couplers/auto_cc/inst/gen_clock_conv.gen_async_conv.asyncfifo_axi/inst_fifo_gen/gaxi_full_lite.gread_ch.grdch2.axi_rdch/grf.rf/rstblk/grstd1.grst_full.grst_f.rst_d3_reg/PRE
  -------------------------------------------------------------------    -------------------

                         (clock clk_pl_0 rise edge)
                                                      0.000     0.000 r  
    PS8_X0Y0             PS8                          0.000     0.000 r  kr260_min_i/PS_0/inst/PS8_i/PLCLK[0]
                         net (fo=1, routed)           0.164     0.164    kr260_min_i/PS_0/inst/pl_clk_unbuffered[0]
    BUFG_PS_X0Y80        BUFG_PS (Prop_BUFG_PS_I_O)
                                                      0.023     0.187 r  kr260_min_i/PS_0/inst/buffer_pl_clk_0.PL_CLK_0_BUFG/O
    X0Y1 (CLOCK_ROOT)    net (fo=5670, routed)        1.397     1.584    kr260_min_i/axi_ic_PS_0_S_AXI_HP0_FPD/s00_couplers/auto_cc/inst/gen_clock_conv.gen_async_conv.asyncfifo_axi/inst_fifo_gen/gaxi_full_lite.gread_ch.grdch2.axi_rdch/grf.rf/rstblk/m_aclk
    SLICE_X0Y23          FDPE                                         r  kr260_min_i/axi_ic_PS_0_S_AXI_HP0_FPD/s00_couplers/auto_cc/inst/gen_clock_conv.gen_async_conv.asyncfifo_axi/inst_fifo_gen/gaxi_full_lite.gread_ch.grdch2.axi_rdch/grf.rf/rstblk/grstd1.grst_full.grst_f.rst_d3_reg/C
                         clock pessimism             -0.107     1.478    
    SLICE_X0Y23          FDPE (Remov_DFF2_SLICEL_C_PRE)
                                                     -0.018     1.460    kr260_min_i/axi_ic_PS_0_S_AXI_HP0_FPD/s00_couplers/auto_cc/inst/gen_clock_conv.gen_async_conv.asyncfifo_axi/inst_fifo_gen/gaxi_full_lite.gread_ch.grdch2.axi_rdch/grf.rf/rstblk/grstd1.grst_full.grst_f.rst_d3_reg
  -------------------------------------------------------------------
                         required time                         -1.460    
                         arrival time                           1.609    
  -------------------------------------------------------------------
                         slack                                  0.149    

Slack (MET) :             0.152ns  (arrival time - required time)
  Source:                 kr260_min_i/axi_ic_PS_0_M_AXI_HPM0_FPD/s00_couplers/auto_cc/inst/gen_clock_conv.gen_async_conv.asyncfifo_axi/inst_fifo_gen/gaxi_full_lite.gread_ch.grdch2.axi_rdch/grf.rf/rstblk/ngwrdrst.grst.g7serrst.gnsckt_wrst.gic_rst.rst_rd_reg2_inst/arststages_ff_reg[1]/C
                            (rising edge-triggered cell FDPE clocked by clk_pl_0  {rise@0.000ns fall@2.000ns period=4.000ns})
  Destination:            kr260_min_i/axi_ic_PS_0_M_AXI_HPM0_FPD/s00_couplers/auto_cc/inst/gen_clock_conv.gen_async_conv.asyncfifo_axi/inst_fifo_gen/gaxi_full_lite.gread_ch.grdch2.axi_rdch/grf.rf/rstblk/ngwrdrst.grst.g7serrst.gnsckt_wrst.gic_rst.sckt_rd_rst_ic_reg/PRE
                            (removal check against rising-edge clock clk_pl_0  {rise@0.000ns fall@2.000ns period=4.000ns})
  Path Group:             **async_default**
  Path Type:              Removal (Min at Fast Process Corner)
  Requirement:            0.000ns  (clk_pl_0 rise@0.000ns - clk_pl_0 rise@0.000ns)
  Data Path Delay:        0.175ns  (logic 0.085ns (48.571%)  route 0.090ns (51.429%))
  Logic Levels:           0  
  Clock Path Skew:        0.041ns (DCD - SCD - CPR)
    Destination Clock Delay (DCD):    1.579ns
    Source Clock Delay      (SCD):    1.424ns
    Clock Pessimism Removal (CPR):    0.114ns
  Clock Net Delay (Source):      1.273ns (routing 0.572ns, distribution 0.701ns)
  Clock Net Delay (Destination): 1.392ns (routing 0.623ns, distribution 0.769ns)

    Location             Delay type                Incr(ns)  Path(ns)    Netlist Resource(s)
  -------------------------------------------------------------------    -------------------
                         (clock clk_pl_0 rise edge)
                                                      0.000     0.000 r  
    PS8_X0Y0             PS8                          0.000     0.000 r  kr260_min_i/PS_0/inst/PS8_i/PLCLK[0]
                         net (fo=1, routed)           0.129     0.129    kr260_min_i/PS_0/inst/pl_clk_unbuffered[0]
    BUFG_PS_X0Y80        BUFG_PS (Prop_BUFG_PS_I_O)
                                                      0.022     0.151 r  kr260_min_i/PS_0/inst/buffer_pl_clk_0.PL_CLK_0_BUFG/O
    X0Y1 (CLOCK_ROOT)    net (fo=5670, routed)        1.273     1.424    kr260_min_i/axi_ic_PS_0_M_AXI_HPM0_FPD/s00_couplers/auto_cc/inst/gen_clock_conv.gen_async_conv.asyncfifo_axi/inst_fifo_gen/gaxi_full_lite.gread_ch.grdch2.axi_rdch/grf.rf/rstblk/ngwrdrst.grst.g7serrst.gnsckt_wrst.gic_rst.rst_rd_reg2_inst/dest_clk
    SLICE_X6Y84          FDPE                                         r  kr260_min_i/axi_ic_PS_0_M_AXI_HPM0_FPD/s00_couplers/auto_cc/inst/gen_clock_conv.gen_async_conv.asyncfifo_axi/inst_fifo_gen/gaxi_full_lite.gread_ch.grdch2.axi_rdch/grf.rf/rstblk/ngwrdrst.grst.g7serrst.gnsckt_wrst.gic_rst.rst_rd_reg2_inst/arststages_ff_reg[1]/C
  -------------------------------------------------------------------    -------------------
    SLICE_X6Y84          FDPE (Prop_AFF2_SLICEL_C_Q)
                                                      0.085     1.509 f  kr260_min_i/axi_ic_PS_0_M_AXI_HPM0_FPD/s00_couplers/auto_cc/inst/gen_clock_conv.gen_async_conv.asyncfifo_axi/inst_fifo_gen/gaxi_full_lite.gread_ch.grdch2.axi_rdch/grf.rf/rstblk/ngwrdrst.grst.g7serrst.gnsckt_wrst.gic_rst.rst_rd_reg2_inst/arststages_ff_reg[1]/Q
                         net (fo=3, routed)           0.090     1.599    kr260_min_i/axi_ic_PS_0_M_AXI_HPM0_FPD/s00_couplers/auto_cc/inst/gen_clock_conv.gen_async_conv.asyncfifo_axi/inst_fifo_gen/gaxi_full_lite.gread_ch.grdch2.axi_rdch/grf.rf/rstblk/ngwrdrst.grst.rst_rd_reg2
    SLICE_X3Y84          FDPE                                         f  kr260_min_i/axi_ic_PS_0_M_AXI_HPM0_FPD/s00_couplers/auto_cc/inst/gen_clock_conv.gen_async_conv.asyncfifo_axi/inst_fifo_gen/gaxi_full_lite.gread_ch.grdch2.axi_rdch/grf.rf/rstblk/ngwrdrst.grst.g7serrst.gnsckt_wrst.gic_rst.sckt_rd_rst_ic_reg/PRE
  -------------------------------------------------------------------    -------------------

                         (clock clk_pl_0 rise edge)
                                                      0.000     0.000 r  
    PS8_X0Y0             PS8                          0.000     0.000 r  kr260_min_i/PS_0/inst/PS8_i/PLCLK[0]
                         net (fo=1, routed)           0.164     0.164    kr260_min_i/PS_0/inst/pl_clk_unbuffered[0]
    BUFG_PS_X0Y80        BUFG_PS (Prop_BUFG_PS_I_O)
                                                      0.023     0.187 r  kr260_min_i/PS_0/inst/buffer_pl_clk_0.PL_CLK_0_BUFG/O
    X0Y1 (CLOCK_ROOT)    net (fo=5670, routed)        1.392     1.579    kr260_min_i/axi_ic_PS_0_M_AXI_HPM0_FPD/s00_couplers/auto_cc/inst/gen_clock_conv.gen_async_conv.asyncfifo_axi/inst_fifo_gen/gaxi_full_lite.gread_ch.grdch2.axi_rdch/grf.rf/rstblk/s_aclk
    SLICE_X3Y84          FDPE                                         r  kr260_min_i/axi_ic_PS_0_M_AXI_HPM0_FPD/s00_couplers/auto_cc/inst/gen_clock_conv.gen_async_conv.asyncfifo_axi/inst_fifo_gen/gaxi_full_lite.gread_ch.grdch2.axi_rdch/grf.rf/rstblk/ngwrdrst.grst.g7serrst.gnsckt_wrst.gic_rst.sckt_rd_rst_ic_reg/C
                         clock pessimism             -0.114     1.465    
    SLICE_X3Y84          FDPE (Remov_HFF2_SLICEL_C_PRE)
                                                     -0.018     1.447    kr260_min_i/axi_ic_PS_0_M_AXI_HPM0_FPD/s00_couplers/auto_cc/inst/gen_clock_conv.gen_async_conv.asyncfifo_axi/inst_fifo_gen/gaxi_full_lite.gread_ch.grdch2.axi_rdch/grf.rf/rstblk/ngwrdrst.grst.g7serrst.gnsckt_wrst.gic_rst.sckt_rd_rst_ic_reg
  -------------------------------------------------------------------
                         required time                         -1.447    
                         arrival time                           1.599    
  -------------------------------------------------------------------
                         slack                                  0.152    

Slack (MET) :             0.152ns  (arrival time - required time)
  Source:                 kr260_min_i/axi_ic_PS_0_M_AXI_HPM0_FPD/s00_couplers/auto_cc/inst/gen_clock_conv.gen_async_conv.asyncfifo_axi/inst_fifo_gen/gaxi_full_lite.gread_ch.grdch2.axi_rdch/grf.rf/rstblk/ngwrdrst.grst.g7serrst.gnsckt_wrst.gic_rst.rst_rd_reg2_inst/arststages_ff_reg[1]/C
                            (rising edge-triggered cell FDPE clocked by clk_pl_0  {rise@0.000ns fall@2.000ns period=4.000ns})
  Destination:            kr260_min_i/axi_ic_PS_0_M_AXI_HPM0_FPD/s00_couplers/auto_cc/inst/gen_clock_conv.gen_async_conv.asyncfifo_axi/inst_fifo_gen/gaxi_full_lite.gread_ch.grdch2.axi_rdch/grf.rf/rstblk/ngwrdrst.grst.g7serrst.gnsckt_wrst.gic_rst.wr_rst_rd_ext_reg[0]/CLR
                            (removal check against rising-edge clock clk_pl_0  {rise@0.000ns fall@2.000ns period=4.000ns})
  Path Group:             **async_default**
  Path Type:              Removal (Min at Fast Process Corner)
  Requirement:            0.000ns  (clk_pl_0 rise@0.000ns - clk_pl_0 rise@0.000ns)
  Data Path Delay:        0.175ns  (logic 0.085ns (48.571%)  route 0.090ns (51.429%))
  Logic Levels:           0  
  Clock Path Skew:        0.041ns (DCD - SCD - CPR)
    Destination Clock Delay (DCD):    1.579ns
    Source Clock Delay      (SCD):    1.424ns
    Clock Pessimism Removal (CPR):    0.114ns
  Clock Net Delay (Source):      1.273ns (routing 0.572ns, distribution 0.701ns)
  Clock Net Delay (Destination): 1.392ns (routing 0.623ns, distribution 0.769ns)

    Location             Delay type                Incr(ns)  Path(ns)    Netlist Resource(s)
  -------------------------------------------------------------------    -------------------
                         (clock clk_pl_0 rise edge)
                                                      0.000     0.000 r  
    PS8_X0Y0             PS8                          0.000     0.000 r  kr260_min_i/PS_0/inst/PS8_i/PLCLK[0]
                         net (fo=1, routed)           0.129     0.129    kr260_min_i/PS_0/inst/pl_clk_unbuffered[0]
    BUFG_PS_X0Y80        BUFG_PS (Prop_BUFG_PS_I_O)
                                                      0.022     0.151 r  kr260_min_i/PS_0/inst/buffer_pl_clk_0.PL_CLK_0_BUFG/O
    X0Y1 (CLOCK_ROOT)    net (fo=5670, routed)        1.273     1.424    kr260_min_i/axi_ic_PS_0_M_AXI_HPM0_FPD/s00_couplers/auto_cc/inst/gen_clock_conv.gen_async_conv.asyncfifo_axi/inst_fifo_gen/gaxi_full_lite.gread_ch.grdch2.axi_rdch/grf.rf/rstblk/ngwrdrst.grst.g7serrst.gnsckt_wrst.gic_rst.rst_rd_reg2_inst/dest_clk
    SLICE_X6Y84          FDPE                                         r  kr260_min_i/axi_ic_PS_0_M_AXI_HPM0_FPD/s00_couplers/auto_cc/inst/gen_clock_conv.gen_async_conv.asyncfifo_axi/inst_fifo_gen/gaxi_full_lite.gread_ch.grdch2.axi_rdch/grf.rf/rstblk/ngwrdrst.grst.g7serrst.gnsckt_wrst.gic_rst.rst_rd_reg2_inst/arststages_ff_reg[1]/C
  -------------------------------------------------------------------    -------------------
    SLICE_X6Y84          FDPE (Prop_AFF2_SLICEL_C_Q)
                                                      0.085     1.509 f  kr260_min_i/axi_ic_PS_0_M_AXI_HPM0_FPD/s00_couplers/auto_cc/inst/gen_clock_conv.gen_async_conv.asyncfifo_axi/inst_fifo_gen/gaxi_full_lite.gread_ch.grdch2.axi_rdch/grf.rf/rstblk/ngwrdrst.grst.g7serrst.gnsckt_wrst.gic_rst.rst_rd_reg2_inst/arststages_ff_reg[1]/Q
                         net (fo=3, routed)           0.090     1.599    kr260_min_i/axi_ic_PS_0_M_AXI_HPM0_FPD/s00_couplers/auto_cc/inst/gen_clock_conv.gen_async_conv.asyncfifo_axi/inst_fifo_gen/gaxi_full_lite.gread_ch.grdch2.axi_rdch/grf.rf/rstblk/ngwrdrst.grst.rst_rd_reg2
    SLICE_X3Y84          FDCE                                         f  kr260_min_i/axi_ic_PS_0_M_AXI_HPM0_FPD/s00_couplers/auto_cc/inst/gen_clock_conv.gen_async_conv.asyncfifo_axi/inst_fifo_gen/gaxi_full_lite.gread_ch.grdch2.axi_rdch/grf.rf/rstblk/ngwrdrst.grst.g7serrst.gnsckt_wrst.gic_rst.wr_rst_rd_ext_reg[0]/CLR
  -------------------------------------------------------------------    -------------------

                         (clock clk_pl_0 rise edge)
                                                      0.000     0.000 r  
    PS8_X0Y0             PS8                          0.000     0.000 r  kr260_min_i/PS_0/inst/PS8_i/PLCLK[0]
                         net (fo=1, routed)           0.164     0.164    kr260_min_i/PS_0/inst/pl_clk_unbuffered[0]
    BUFG_PS_X0Y80        BUFG_PS (Prop_BUFG_PS_I_O)
                                                      0.023     0.187 r  kr260_min_i/PS_0/inst/buffer_pl_clk_0.PL_CLK_0_BUFG/O
    X0Y1 (CLOCK_ROOT)    net (fo=5670, routed)        1.392     1.579    kr260_min_i/axi_ic_PS_0_M_AXI_HPM0_FPD/s00_couplers/auto_cc/inst/gen_clock_conv.gen_async_conv.asyncfifo_axi/inst_fifo_gen/gaxi_full_lite.gread_ch.grdch2.axi_rdch/grf.rf/rstblk/s_aclk
    SLICE_X3Y84          FDCE                                         r  kr260_min_i/axi_ic_PS_0_M_AXI_HPM0_FPD/s00_couplers/auto_cc/inst/gen_clock_conv.gen_async_conv.asyncfifo_axi/inst_fifo_gen/gaxi_full_lite.gread_ch.grdch2.axi_rdch/grf.rf/rstblk/ngwrdrst.grst.g7serrst.gnsckt_wrst.gic_rst.wr_rst_rd_ext_reg[0]/C
                         clock pessimism             -0.114     1.465    
    SLICE_X3Y84          FDCE (Remov_EFF_SLICEL_C_CLR)
                                                     -0.018     1.447    kr260_min_i/axi_ic_PS_0_M_AXI_HPM0_FPD/s00_couplers/auto_cc/inst/gen_clock_conv.gen_async_conv.asyncfifo_axi/inst_fifo_gen/gaxi_full_lite.gread_ch.grdch2.axi_rdch/grf.rf/rstblk/ngwrdrst.grst.g7serrst.gnsckt_wrst.gic_rst.wr_rst_rd_ext_reg[0]
  -------------------------------------------------------------------
                         required time                         -1.447    
                         arrival time                           1.599    
  -------------------------------------------------------------------
                         slack                                  0.152    

Slack (MET) :             0.152ns  (arrival time - required time)
  Source:                 kr260_min_i/axi_ic_PS_0_M_AXI_HPM0_FPD/s00_couplers/auto_cc/inst/gen_clock_conv.gen_async_conv.asyncfifo_axi/inst_fifo_gen/gaxi_full_lite.gread_ch.grdch2.axi_rdch/grf.rf/rstblk/ngwrdrst.grst.g7serrst.gnsckt_wrst.gic_rst.rst_rd_reg2_inst/arststages_ff_reg[1]/C
                            (rising edge-triggered cell FDPE clocked by clk_pl_0  {rise@0.000ns fall@2.000ns period=4.000ns})
  Destination:            kr260_min_i/axi_ic_PS_0_M_AXI_HPM0_FPD/s00_couplers/auto_cc/inst/gen_clock_conv.gen_async_conv.asyncfifo_axi/inst_fifo_gen/gaxi_full_lite.gread_ch.grdch2.axi_rdch/grf.rf/rstblk/ngwrdrst.grst.g7serrst.gnsckt_wrst.gic_rst.wr_rst_rd_ext_reg[1]/CLR
                            (removal check against rising-edge clock clk_pl_0  {rise@0.000ns fall@2.000ns period=4.000ns})
  Path Group:             **async_default**
  Path Type:              Removal (Min at Fast Process Corner)
  Requirement:            0.000ns  (clk_pl_0 rise@0.000ns - clk_pl_0 rise@0.000ns)
  Data Path Delay:        0.175ns  (logic 0.085ns (48.571%)  route 0.090ns (51.429%))
  Logic Levels:           0  
  Clock Path Skew:        0.041ns (DCD - SCD - CPR)
    Destination Clock Delay (DCD):    1.579ns
    Source Clock Delay      (SCD):    1.424ns
    Clock Pessimism Removal (CPR):    0.114ns
  Clock Net Delay (Source):      1.273ns (routing 0.572ns, distribution 0.701ns)
  Clock Net Delay (Destination): 1.392ns (routing 0.623ns, distribution 0.769ns)

    Location             Delay type                Incr(ns)  Path(ns)    Netlist Resource(s)
  -------------------------------------------------------------------    -------------------
                         (clock clk_pl_0 rise edge)
                                                      0.000     0.000 r  
    PS8_X0Y0             PS8                          0.000     0.000 r  kr260_min_i/PS_0/inst/PS8_i/PLCLK[0]
                         net (fo=1, routed)           0.129     0.129    kr260_min_i/PS_0/inst/pl_clk_unbuffered[0]
    BUFG_PS_X0Y80        BUFG_PS (Prop_BUFG_PS_I_O)
                                                      0.022     0.151 r  kr260_min_i/PS_0/inst/buffer_pl_clk_0.PL_CLK_0_BUFG/O
    X0Y1 (CLOCK_ROOT)    net (fo=5670, routed)        1.273     1.424    kr260_min_i/axi_ic_PS_0_M_AXI_HPM0_FPD/s00_couplers/auto_cc/inst/gen_clock_conv.gen_async_conv.asyncfifo_axi/inst_fifo_gen/gaxi_full_lite.gread_ch.grdch2.axi_rdch/grf.rf/rstblk/ngwrdrst.grst.g7serrst.gnsckt_wrst.gic_rst.rst_rd_reg2_inst/dest_clk
    SLICE_X6Y84          FDPE                                         r  kr260_min_i/axi_ic_PS_0_M_AXI_HPM0_FPD/s00_couplers/auto_cc/inst/gen_clock_conv.gen_async_conv.asyncfifo_axi/inst_fifo_gen/gaxi_full_lite.gread_ch.grdch2.axi_rdch/grf.rf/rstblk/ngwrdrst.grst.g7serrst.gnsckt_wrst.gic_rst.rst_rd_reg2_inst/arststages_ff_reg[1]/C
  -------------------------------------------------------------------    -------------------
    SLICE_X6Y84          FDPE (Prop_AFF2_SLICEL_C_Q)
                                                      0.085     1.509 f  kr260_min_i/axi_ic_PS_0_M_AXI_HPM0_FPD/s00_couplers/auto_cc/inst/gen_clock_conv.gen_async_conv.asyncfifo_axi/inst_fifo_gen/gaxi_full_lite.gread_ch.grdch2.axi_rdch/grf.rf/rstblk/ngwrdrst.grst.g7serrst.gnsckt_wrst.gic_rst.rst_rd_reg2_inst/arststages_ff_reg[1]/Q
                         net (fo=3, routed)           0.090     1.599    kr260_min_i/axi_ic_PS_0_M_AXI_HPM0_FPD/s00_couplers/auto_cc/inst/gen_clock_conv.gen_async_conv.asyncfifo_axi/inst_fifo_gen/gaxi_full_lite.gread_ch.grdch2.axi_rdch/grf.rf/rstblk/ngwrdrst.grst.rst_rd_reg2
    SLICE_X3Y84          FDCE                                         f  kr260_min_i/axi_ic_PS_0_M_AXI_HPM0_FPD/s00_couplers/auto_cc/inst/gen_clock_conv.gen_async_conv.asyncfifo_axi/inst_fifo_gen/gaxi_full_lite.gread_ch.grdch2.axi_rdch/grf.rf/rstblk/ngwrdrst.grst.g7serrst.gnsckt_wrst.gic_rst.wr_rst_rd_ext_reg[1]/CLR
  -------------------------------------------------------------------    -------------------

                         (clock clk_pl_0 rise edge)
                                                      0.000     0.000 r  
    PS8_X0Y0             PS8                          0.000     0.000 r  kr260_min_i/PS_0/inst/PS8_i/PLCLK[0]
                         net (fo=1, routed)           0.164     0.164    kr260_min_i/PS_0/inst/pl_clk_unbuffered[0]
    BUFG_PS_X0Y80        BUFG_PS (Prop_BUFG_PS_I_O)
                                                      0.023     0.187 r  kr260_min_i/PS_0/inst/buffer_pl_clk_0.PL_CLK_0_BUFG/O
    X0Y1 (CLOCK_ROOT)    net (fo=5670, routed)        1.392     1.579    kr260_min_i/axi_ic_PS_0_M_AXI_HPM0_FPD/s00_couplers/auto_cc/inst/gen_clock_conv.gen_async_conv.asyncfifo_axi/inst_fifo_gen/gaxi_full_lite.gread_ch.grdch2.axi_rdch/grf.rf/rstblk/s_aclk
    SLICE_X3Y84          FDCE                                         r  kr260_min_i/axi_ic_PS_0_M_AXI_HPM0_FPD/s00_couplers/auto_cc/inst/gen_clock_conv.gen_async_conv.asyncfifo_axi/inst_fifo_gen/gaxi_full_lite.gread_ch.grdch2.axi_rdch/grf.rf/rstblk/ngwrdrst.grst.g7serrst.gnsckt_wrst.gic_rst.wr_rst_rd_ext_reg[1]/C
                         clock pessimism             -0.114     1.465    
    SLICE_X3Y84          FDCE (Remov_EFF2_SLICEL_C_CLR)
                                                     -0.018     1.447    kr260_min_i/axi_ic_PS_0_M_AXI_HPM0_FPD/s00_couplers/auto_cc/inst/gen_clock_conv.gen_async_conv.asyncfifo_axi/inst_fifo_gen/gaxi_full_lite.gread_ch.grdch2.axi_rdch/grf.rf/rstblk/ngwrdrst.grst.g7serrst.gnsckt_wrst.gic_rst.wr_rst_rd_ext_reg[1]
  -------------------------------------------------------------------
                         required time                         -1.447    
                         arrival time                           1.599    
  -------------------------------------------------------------------
                         slack                                  0.152    

Slack (MET) :             0.153ns  (arrival time - required time)
  Source:                 kr260_min_i/axi_ic_PS_0_S_AXI_HP1_FPD/s00_couplers/auto_cc/inst/gen_clock_conv.gen_async_conv.asyncfifo_axi/inst_fifo_gen/gaxi_full_lite.gwrite_ch.gwdch2.axi_wdch/grf.rf/rstblk/ngwrdrst.grst.g7serrst.gnsckt_wrst.gic_rst.rst_rd_reg2_inst/arststages_ff_reg[1]/C
                            (rising edge-triggered cell FDPE clocked by clk_pl_0  {rise@0.000ns fall@2.000ns period=4.000ns})
  Destination:            kr260_min_i/axi_ic_PS_0_S_AXI_HP1_FPD/s00_couplers/auto_cc/inst/gen_clock_conv.gen_async_conv.asyncfifo_axi/inst_fifo_gen/gaxi_full_lite.gwrite_ch.gwdch2.axi_wdch/grf.rf/rstblk/ngwrdrst.grst.g7serrst.gnsckt_wrst.gic_rst.sckt_rd_rst_ic_reg/PRE
                            (removal check against rising-edge clock clk_pl_0  {rise@0.000ns fall@2.000ns period=4.000ns})
  Path Group:             **async_default**
  Path Type:              Removal (Min at Fast Process Corner)
  Requirement:            0.000ns  (clk_pl_0 rise@0.000ns - clk_pl_0 rise@0.000ns)
  Data Path Delay:        0.173ns  (logic 0.084ns (48.657%)  route 0.089ns (51.343%))
  Logic Levels:           0  
  Clock Path Skew:        0.038ns (DCD - SCD - CPR)
    Destination Clock Delay (DCD):    1.622ns
    Source Clock Delay      (SCD):    1.476ns
    Clock Pessimism Removal (CPR):    0.108ns
  Clock Net Delay (Source):      1.325ns (routing 0.572ns, distribution 0.753ns)
  Clock Net Delay (Destination): 1.435ns (routing 0.623ns, distribution 0.812ns)

    Location             Delay type                Incr(ns)  Path(ns)    Netlist Resource(s)
  -------------------------------------------------------------------    -------------------
                         (clock clk_pl_0 rise edge)
                                                      0.000     0.000 r  
    PS8_X0Y0             PS8                          0.000     0.000 r  kr260_min_i/PS_0/inst/PS8_i/PLCLK[0]
                         net (fo=1, routed)           0.129     0.129    kr260_min_i/PS_0/inst/pl_clk_unbuffered[0]
    BUFG_PS_X0Y80        BUFG_PS (Prop_BUFG_PS_I_O)
                                                      0.022     0.151 r  kr260_min_i/PS_0/inst/buffer_pl_clk_0.PL_CLK_0_BUFG/O
    X0Y1 (CLOCK_ROOT)    net (fo=5670, routed)        1.325     1.476    kr260_min_i/axi_ic_PS_0_S_AXI_HP1_FPD/s00_couplers/auto_cc/inst/gen_clock_conv.gen_async_conv.asyncfifo_axi/inst_fifo_gen/gaxi_full_lite.gwrite_ch.gwdch2.axi_wdch/grf.rf/rstblk/ngwrdrst.grst.g7serrst.gnsckt_wrst.gic_rst.rst_rd_reg2_inst/dest_clk
    SLICE_X1Y181         FDPE                                         r  kr260_min_i/axi_ic_PS_0_S_AXI_HP1_FPD/s00_couplers/auto_cc/inst/gen_clock_conv.gen_async_conv.asyncfifo_axi/inst_fifo_gen/gaxi_full_lite.gwrite_ch.gwdch2.axi_wdch/grf.rf/rstblk/ngwrdrst.grst.g7serrst.gnsckt_wrst.gic_rst.rst_rd_reg2_inst/arststages_ff_reg[1]/C
  -------------------------------------------------------------------    -------------------
    SLICE_X1Y181         FDPE (Prop_EFF2_SLICEM_C_Q)
                                                      0.084     1.560 f  kr260_min_i/axi_ic_PS_0_S_AXI_HP1_FPD/s00_couplers/auto_cc/inst/gen_clock_conv.gen_async_conv.asyncfifo_axi/inst_fifo_gen/gaxi_full_lite.gwrite_ch.gwdch2.axi_wdch/grf.rf/rstblk/ngwrdrst.grst.g7serrst.gnsckt_wrst.gic_rst.rst_rd_reg2_inst/arststages_ff_reg[1]/Q
                         net (fo=3, routed)           0.089     1.649    kr260_min_i/axi_ic_PS_0_S_AXI_HP1_FPD/s00_couplers/auto_cc/inst/gen_clock_conv.gen_async_conv.asyncfifo_axi/inst_fifo_gen/gaxi_full_lite.gwrite_ch.gwdch2.axi_wdch/grf.rf/rstblk/ngwrdrst.grst.rst_rd_reg2
    SLICE_X0Y181         FDPE                                         f  kr260_min_i/axi_ic_PS_0_S_AXI_HP1_FPD/s00_couplers/auto_cc/inst/gen_clock_conv.gen_async_conv.asyncfifo_axi/inst_fifo_gen/gaxi_full_lite.gwrite_ch.gwdch2.axi_wdch/grf.rf/rstblk/ngwrdrst.grst.g7serrst.gnsckt_wrst.gic_rst.sckt_rd_rst_ic_reg/PRE
  -------------------------------------------------------------------    -------------------

                         (clock clk_pl_0 rise edge)
                                                      0.000     0.000 r  
    PS8_X0Y0             PS8                          0.000     0.000 r  kr260_min_i/PS_0/inst/PS8_i/PLCLK[0]
                         net (fo=1, routed)           0.164     0.164    kr260_min_i/PS_0/inst/pl_clk_unbuffered[0]
    BUFG_PS_X0Y80        BUFG_PS (Prop_BUFG_PS_I_O)
                                                      0.023     0.187 r  kr260_min_i/PS_0/inst/buffer_pl_clk_0.PL_CLK_0_BUFG/O
    X0Y1 (CLOCK_ROOT)    net (fo=5670, routed)        1.435     1.622    kr260_min_i/axi_ic_PS_0_S_AXI_HP1_FPD/s00_couplers/auto_cc/inst/gen_clock_conv.gen_async_conv.asyncfifo_axi/inst_fifo_gen/gaxi_full_lite.gwrite_ch.gwdch2.axi_wdch/grf.rf/rstblk/m_aclk
    SLICE_X0Y181         FDPE                                         r  kr260_min_i/axi_ic_PS_0_S_AXI_HP1_FPD/s00_couplers/auto_cc/inst/gen_clock_conv.gen_async_conv.asyncfifo_axi/inst_fifo_gen/gaxi_full_lite.gwrite_ch.gwdch2.axi_wdch/grf.rf/rstblk/ngwrdrst.grst.g7serrst.gnsckt_wrst.gic_rst.sckt_rd_rst_ic_reg/C
                         clock pessimism             -0.108     1.514    
    SLICE_X0Y181         FDPE (Remov_DFF2_SLICEL_C_PRE)
                                                     -0.018     1.496    kr260_min_i/axi_ic_PS_0_S_AXI_HP1_FPD/s00_couplers/auto_cc/inst/gen_clock_conv.gen_async_conv.asyncfifo_axi/inst_fifo_gen/gaxi_full_lite.gwrite_ch.gwdch2.axi_wdch/grf.rf/rstblk/ngwrdrst.grst.g7serrst.gnsckt_wrst.gic_rst.sckt_rd_rst_ic_reg
  -------------------------------------------------------------------
                         required time                         -1.496    
                         arrival time                           1.649    
  -------------------------------------------------------------------
                         slack                                  0.153    

Slack (MET) :             0.160ns  (arrival time - required time)
  Source:                 kr260_min_i/axi_ic_PS_0_S_AXI_HPC0_FPD/s00_couplers/auto_cc/inst/gen_clock_conv.gen_async_conv.asyncfifo_axi/inst_fifo_gen/gaxi_full_lite.gwrite_ch.gwrch2.axi_wrch/grf.rf/rstblk/ngwrdrst.grst.g7serrst.gnsckt_wrst.rst_wr_reg2_inst/arststages_ff_reg[1]/C
                            (rising edge-triggered cell FDPE clocked by clk_pl_0  {rise@0.000ns fall@2.000ns period=4.000ns})
  Destination:            kr260_min_i/axi_ic_PS_0_S_AXI_HPC0_FPD/s00_couplers/auto_cc/inst/gen_clock_conv.gen_async_conv.asyncfifo_axi/inst_fifo_gen/gaxi_full_lite.gwrite_ch.gwrch2.axi_wrch/grf.rf/rstblk/grstd1.grst_full.grst_f.rst_d3_reg/PRE
                            (removal check against rising-edge clock clk_pl_0  {rise@0.000ns fall@2.000ns period=4.000ns})
  Path Group:             **async_default**
  Path Type:              Removal (Min at Fast Process Corner)
  Requirement:            0.000ns  (clk_pl_0 rise@0.000ns - clk_pl_0 rise@0.000ns)
  Data Path Delay:        0.158ns  (logic 0.085ns (53.922%)  route 0.073ns (46.078%))
  Logic Levels:           0  
  Clock Path Skew:        0.016ns (DCD - SCD - CPR)
    Destination Clock Delay (DCD):    1.627ns
    Source Clock Delay      (SCD):    1.473ns
    Clock Pessimism Removal (CPR):    0.139ns
  Clock Net Delay (Source):      1.322ns (routing 0.572ns, distribution 0.750ns)
  Clock Net Delay (Destination): 1.440ns (routing 0.623ns, distribution 0.817ns)

    Location             Delay type                Incr(ns)  Path(ns)    Netlist Resource(s)
  -------------------------------------------------------------------    -------------------
                         (clock clk_pl_0 rise edge)
                                                      0.000     0.000 r  
    PS8_X0Y0             PS8                          0.000     0.000 r  kr260_min_i/PS_0/inst/PS8_i/PLCLK[0]
                         net (fo=1, routed)           0.129     0.129    kr260_min_i/PS_0/inst/pl_clk_unbuffered[0]
    BUFG_PS_X0Y80        BUFG_PS (Prop_BUFG_PS_I_O)
                                                      0.022     0.151 r  kr260_min_i/PS_0/inst/buffer_pl_clk_0.PL_CLK_0_BUFG/O
    X0Y1 (CLOCK_ROOT)    net (fo=5670, routed)        1.322     1.473    kr260_min_i/axi_ic_PS_0_S_AXI_HPC0_FPD/s00_couplers/auto_cc/inst/gen_clock_conv.gen_async_conv.asyncfifo_axi/inst_fifo_gen/gaxi_full_lite.gwrite_ch.gwrch2.axi_wrch/grf.rf/rstblk/ngwrdrst.grst.g7serrst.gnsckt_wrst.rst_wr_reg2_inst/dest_clk
    SLICE_X14Y0          FDPE                                         r  kr260_min_i/axi_ic_PS_0_S_AXI_HPC0_FPD/s00_couplers/auto_cc/inst/gen_clock_conv.gen_async_conv.asyncfifo_axi/inst_fifo_gen/gaxi_full_lite.gwrite_ch.gwrch2.axi_wrch/grf.rf/rstblk/ngwrdrst.grst.g7serrst.gnsckt_wrst.rst_wr_reg2_inst/arststages_ff_reg[1]/C
  -------------------------------------------------------------------    -------------------
    SLICE_X14Y0          FDPE (Prop_AFF2_SLICEL_C_Q)
                                                      0.085     1.558 f  kr260_min_i/axi_ic_PS_0_S_AXI_HPC0_FPD/s00_couplers/auto_cc/inst/gen_clock_conv.gen_async_conv.asyncfifo_axi/inst_fifo_gen/gaxi_full_lite.gwrite_ch.gwrch2.axi_wrch/grf.rf/rstblk/ngwrdrst.grst.g7serrst.gnsckt_wrst.rst_wr_reg2_inst/arststages_ff_reg[1]/Q
                         net (fo=9, routed)           0.073     1.631    kr260_min_i/axi_ic_PS_0_S_AXI_HPC0_FPD/s00_couplers/auto_cc/inst/gen_clock_conv.gen_async_conv.asyncfifo_axi/inst_fifo_gen/gaxi_full_lite.gwrite_ch.gwrch2.axi_wrch/grf.rf/rstblk/ngwrdrst.rst_wr_reg2
    SLICE_X14Y0          FDPE                                         f  kr260_min_i/axi_ic_PS_0_S_AXI_HPC0_FPD/s00_couplers/auto_cc/inst/gen_clock_conv.gen_async_conv.asyncfifo_axi/inst_fifo_gen/gaxi_full_lite.gwrite_ch.gwrch2.axi_wrch/grf.rf/rstblk/grstd1.grst_full.grst_f.rst_d3_reg/PRE
  -------------------------------------------------------------------    -------------------

                         (clock clk_pl_0 rise edge)
                                                      0.000     0.000 r  
    PS8_X0Y0             PS8                          0.000     0.000 r  kr260_min_i/PS_0/inst/PS8_i/PLCLK[0]
                         net (fo=1, routed)           0.164     0.164    kr260_min_i/PS_0/inst/pl_clk_unbuffered[0]
    BUFG_PS_X0Y80        BUFG_PS (Prop_BUFG_PS_I_O)
                                                      0.023     0.187 r  kr260_min_i/PS_0/inst/buffer_pl_clk_0.PL_CLK_0_BUFG/O
    X0Y1 (CLOCK_ROOT)    net (fo=5670, routed)        1.440     1.627    kr260_min_i/axi_ic_PS_0_S_AXI_HPC0_FPD/s00_couplers/auto_cc/inst/gen_clock_conv.gen_async_conv.asyncfifo_axi/inst_fifo_gen/gaxi_full_lite.gwrite_ch.gwrch2.axi_wrch/grf.rf/rstblk/m_aclk
    SLICE_X14Y0          FDPE                                         r  kr260_min_i/axi_ic_PS_0_S_AXI_HPC0_FPD/s00_couplers/auto_cc/inst/gen_clock_conv.gen_async_conv.asyncfifo_axi/inst_fifo_gen/gaxi_full_lite.gwrite_ch.gwrch2.axi_wrch/grf.rf/rstblk/grstd1.grst_full.grst_f.rst_d3_reg/C
                         clock pessimism             -0.139     1.489    
    SLICE_X14Y0          FDPE (Remov_HFF2_SLICEL_C_PRE)
                                                     -0.018     1.471    kr260_min_i/axi_ic_PS_0_S_AXI_HPC0_FPD/s00_couplers/auto_cc/inst/gen_clock_conv.gen_async_conv.asyncfifo_axi/inst_fifo_gen/gaxi_full_lite.gwrite_ch.gwrch2.axi_wrch/grf.rf/rstblk/grstd1.grst_full.grst_f.rst_d3_reg
  -------------------------------------------------------------------
                         required time                         -1.471    
                         arrival time                           1.631    
  -------------------------------------------------------------------
                         slack                                  0.160    

Slack (MET) :             0.162ns  (arrival time - required time)
  Source:                 kr260_min_i/axi_ic_PS_0_S_AXI_HPC0_FPD/s00_couplers/auto_cc/inst/gen_clock_conv.gen_async_conv.asyncfifo_axi/inst_fifo_gen/gaxi_full_lite.gwrite_ch.gwach2.axi_wach/grf.rf/rstblk/ngwrdrst.grst.g7serrst.gnsckt_wrst.gic_rst.rst_rd_reg2_inst/arststages_ff_reg[1]/C
                            (rising edge-triggered cell FDPE clocked by clk_pl_0  {rise@0.000ns fall@2.000ns period=4.000ns})
  Destination:            kr260_min_i/axi_ic_PS_0_S_AXI_HPC0_FPD/s00_couplers/auto_cc/inst/gen_clock_conv.gen_async_conv.asyncfifo_axi/inst_fifo_gen/gaxi_full_lite.gwrite_ch.gwach2.axi_wach/grf.rf/rstblk/ngwrdrst.grst.g7serrst.gnsckt_wrst.gic_rst.sckt_rd_rst_ic_reg/PRE
                            (removal check against rising-edge clock clk_pl_0  {rise@0.000ns fall@2.000ns period=4.000ns})
  Path Group:             **async_default**
  Path Type:              Removal (Min at Fast Process Corner)
  Requirement:            0.000ns  (clk_pl_0 rise@0.000ns - clk_pl_0 rise@0.000ns)
  Data Path Delay:        0.165ns  (logic 0.085ns (51.634%)  route 0.080ns (48.366%))
  Logic Levels:           0  
  Clock Path Skew:        0.021ns (DCD - SCD - CPR)
    Destination Clock Delay (DCD):    1.606ns
    Source Clock Delay      (SCD):    1.449ns
    Clock Pessimism Removal (CPR):    0.137ns
  Clock Net Delay (Source):      1.298ns (routing 0.572ns, distribution 0.726ns)
  Clock Net Delay (Destination): 1.419ns (routing 0.623ns, distribution 0.796ns)

    Location             Delay type                Incr(ns)  Path(ns)    Netlist Resource(s)
  -------------------------------------------------------------------    -------------------
                         (clock clk_pl_0 rise edge)
                                                      0.000     0.000 r  
    PS8_X0Y0             PS8                          0.000     0.000 r  kr260_min_i/PS_0/inst/PS8_i/PLCLK[0]
                         net (fo=1, routed)           0.129     0.129    kr260_min_i/PS_0/inst/pl_clk_unbuffered[0]
    BUFG_PS_X0Y80        BUFG_PS (Prop_BUFG_PS_I_O)
                                                      0.022     0.151 r  kr260_min_i/PS_0/inst/buffer_pl_clk_0.PL_CLK_0_BUFG/O
    X0Y1 (CLOCK_ROOT)    net (fo=5670, routed)        1.298     1.449    kr260_min_i/axi_ic_PS_0_S_AXI_HPC0_FPD/s00_couplers/auto_cc/inst/gen_clock_conv.gen_async_conv.asyncfifo_axi/inst_fifo_gen/gaxi_full_lite.gwrite_ch.gwach2.axi_wach/grf.rf/rstblk/ngwrdrst.grst.g7serrst.gnsckt_wrst.gic_rst.rst_rd_reg2_inst/dest_clk
    SLICE_X3Y1           FDPE                                         r  kr260_min_i/axi_ic_PS_0_S_AXI_HPC0_FPD/s00_couplers/auto_cc/inst/gen_clock_conv.gen_async_conv.asyncfifo_axi/inst_fifo_gen/gaxi_full_lite.gwrite_ch.gwach2.axi_wach/grf.rf/rstblk/ngwrdrst.grst.g7serrst.gnsckt_wrst.gic_rst.rst_rd_reg2_inst/arststages_ff_reg[1]/C
  -------------------------------------------------------------------    -------------------
    SLICE_X3Y1           FDPE (Prop_AFF2_SLICEL_C_Q)
                                                      0.085     1.534 f  kr260_min_i/axi_ic_PS_0_S_AXI_HPC0_FPD/s00_couplers/auto_cc/inst/gen_clock_conv.gen_async_conv.asyncfifo_axi/inst_fifo_gen/gaxi_full_lite.gwrite_ch.gwach2.axi_wach/grf.rf/rstblk/ngwrdrst.grst.g7serrst.gnsckt_wrst.gic_rst.rst_rd_reg2_inst/arststages_ff_reg[1]/Q
                         net (fo=3, routed)           0.080     1.614    kr260_min_i/axi_ic_PS_0_S_AXI_HPC0_FPD/s00_couplers/auto_cc/inst/gen_clock_conv.gen_async_conv.asyncfifo_axi/inst_fifo_gen/gaxi_full_lite.gwrite_ch.gwach2.axi_wach/grf.rf/rstblk/ngwrdrst.grst.rst_rd_reg2
    SLICE_X2Y1           FDPE                                         f  kr260_min_i/axi_ic_PS_0_S_AXI_HPC0_FPD/s00_couplers/auto_cc/inst/gen_clock_conv.gen_async_conv.asyncfifo_axi/inst_fifo_gen/gaxi_full_lite.gwrite_ch.gwach2.axi_wach/grf.rf/rstblk/ngwrdrst.grst.g7serrst.gnsckt_wrst.gic_rst.sckt_rd_rst_ic_reg/PRE
  -------------------------------------------------------------------    -------------------

                         (clock clk_pl_0 rise edge)
                                                      0.000     0.000 r  
    PS8_X0Y0             PS8                          0.000     0.000 r  kr260_min_i/PS_0/inst/PS8_i/PLCLK[0]
                         net (fo=1, routed)           0.164     0.164    kr260_min_i/PS_0/inst/pl_clk_unbuffered[0]
    BUFG_PS_X0Y80        BUFG_PS (Prop_BUFG_PS_I_O)
                                                      0.023     0.187 r  kr260_min_i/PS_0/inst/buffer_pl_clk_0.PL_CLK_0_BUFG/O
    X0Y1 (CLOCK_ROOT)    net (fo=5670, routed)        1.419     1.606    kr260_min_i/axi_ic_PS_0_S_AXI_HPC0_FPD/s00_couplers/auto_cc/inst/gen_clock_conv.gen_async_conv.asyncfifo_axi/inst_fifo_gen/gaxi_full_lite.gwrite_ch.gwach2.axi_wach/grf.rf/rstblk/m_aclk
    SLICE_X2Y1           FDPE                                         r  kr260_min_i/axi_ic_PS_0_S_AXI_HPC0_FPD/s00_couplers/auto_cc/inst/gen_clock_conv.gen_async_conv.asyncfifo_axi/inst_fifo_gen/gaxi_full_lite.gwrite_ch.gwach2.axi_wach/grf.rf/rstblk/ngwrdrst.grst.g7serrst.gnsckt_wrst.gic_rst.sckt_rd_rst_ic_reg/C
                         clock pessimism             -0.137     1.470    
    SLICE_X2Y1           FDPE (Remov_DFF2_SLICEM_C_PRE)
                                                     -0.018     1.452    kr260_min_i/axi_ic_PS_0_S_AXI_HPC0_FPD/s00_couplers/auto_cc/inst/gen_clock_conv.gen_async_conv.asyncfifo_axi/inst_fifo_gen/gaxi_full_lite.gwrite_ch.gwach2.axi_wach/grf.rf/rstblk/ngwrdrst.grst.g7serrst.gnsckt_wrst.gic_rst.sckt_rd_rst_ic_reg
  -------------------------------------------------------------------
                         required time                         -1.452    
                         arrival time                           1.614    
  -------------------------------------------------------------------
                         slack                                  0.162    





